id,source_id,error_start,normal_start,length,observed_tokens,method,aggregation,error_score,normal_score,gap,paired_win
12045,14323,91,48,15,1,full,current,-1.3103959799500178,-2.5519634500271726,1.2415674700771548,1.0
12045,14323,91,48,15,1,full,prefix_mean,-1.3103959799500178,-2.5519634500271726,1.2415674700771548,1.0
12045,14323,91,48,15,1,history_mean,current,-2.7818568946625533,-3.80589748054914,1.0240405858865866,1.0
12045,14323,91,48,15,1,history_mean,prefix_mean,-2.7818568946625533,-3.80589748054914,1.0240405858865866,1.0
12045,14323,91,48,15,1,current_increment,current,1.4714609147125357,1.2539340305219675,0.2175268841905682,1.0
12045,14323,91,48,15,1,current_increment,prefix_mean,1.4714609147125357,1.2539340305219675,0.2175268841905682,1.0
12045,14323,91,48,15,1,prompt_only,current,-3.699002241350135,-4.599494073348169,0.9004918319980342,1.0
12045,14323,91,48,15,1,prompt_only,prefix_mean,-3.699002241350135,-4.599494073348169,0.9004918319980342,1.0
12045,14323,91,48,15,2,full,current,-1.0406369534737874,-4.089928116253391,3.049291162779604,1.0
12045,14323,91,48,15,2,full,prefix_mean,-1.1755164667119025,-3.320945783140282,2.1454293164283795,1.0
12045,14323,91,48,15,2,history_mean,current,-2.5733282195346363,-3.4603754365912094,0.8870472170565731,1.0
12045,14323,91,48,15,2,history_mean,prefix_mean,-2.6775925570985946,-3.6331364585701746,0.9555439014715801,1.0
12045,14323,91,48,15,2,current_increment,current,1.532691266060849,-0.629552679662182,2.1622439457230307,1.0
12045,14323,91,48,15,2,current_increment,prefix_mean,1.5020760903866923,0.31219067542989276,1.1898854149567994,1.0
12045,14323,91,48,15,2,prompt_only,current,-0.5315129859442036,-4.028117194632342,3.4966042086881384,1.0
12045,14323,91,48,15,2,prompt_only,prefix_mean,-2.1152576136471692,-4.313805633990256,2.198548020343087,1.0
12045,14323,91,48,15,4,full,current,0.6801079350118202,-4.388136770040879,5.0682447050527,1.0
12045,14323,91,48,15,4,full,prefix_mean,-0.06667098370628693,-3.6324260308045453,3.5657550470982584,1.0
12045,14323,91,48,15,4,history_mean,current,-2.091553515251212,-3.4643744343231333,1.3728209190719212,1.0
12045,14323,91,48,15,4,history_mean,prefix_mean,-2.4900788291028575,-3.564669126729012,1.0745902976261545,1.0
12045,14323,91,48,15,4,current_increment,current,2.771661450263032,-0.923762335717746,3.695423785980778,1.0
12045,14323,91,48,15,4,current_increment,prefix_mean,2.4234078453965706,-0.06775690407553286,2.4911647494721034,1.0
12045,14323,91,48,15,4,prompt_only,current,0.5294959612766241,-4.798164117005968,5.327660078282593,1.0
12045,14323,91,48,15,4,prompt_only,prefix_mean,-0.29433331145850467,-4.274500071042627,3.980166759584122,1.0
12045,14323,91,48,15,8,full,current,3.440098653500117,-4.5724834002496895,8.012582053749806,1.0
12045,14323,91,48,15,8,full,prefix_mean,-0.09916168013324,-4.231470265903086,4.132308585769846,1.0
12045,14323,91,48,15,8,history_mean,current,-1.028597312512352,-3.76259529599663,2.733997983484278,1.0
12045,14323,91,48,15,8,history_mean,prefix_mean,-1.9286777831903792,-3.5994843069237676,1.6708065237333884,1.0
12045,14323,91,48,15,8,current_increment,current,4.4686959660124685,-0.8098881042530595,5.278584070265528,1.0
12045,14323,91,48,15,8,current_increment,prefix_mean,1.829516103057139,-0.6319859589793189,2.461502062036458,1.0
12045,14323,91,48,15,8,prompt_only,current,3.801629817860662,-4.27855253867031,8.080182356530972,1.0
12045,14323,91,48,15,8,prompt_only,prefix_mean,-0.12578312022933513,-4.3909608781797935,4.265177757950458,1.0
12219,14353,218,197,13,1,full,current,-3.378915541604838,-3.983896768230621,0.604981226625783,1.0
12219,14353,218,197,13,1,full,prefix_mean,-3.378915541604838,-3.983896768230621,0.604981226625783,1.0
12219,14353,218,197,13,1,history_mean,current,-3.2246251526026755,-3.35264966127678,0.12802450867410453,1.0
12219,14353,218,197,13,1,history_mean,prefix_mean,-3.2246251526026755,-3.35264966127678,0.12802450867410453,1.0
12219,14353,218,197,13,1,current_increment,current,-0.1542903890021625,-0.631247106953841,0.4769567179516785,1.0
12219,14353,218,197,13,1,current_increment,prefix_mean,-0.1542903890021625,-0.631247106953841,0.4769567179516785,1.0
12219,14353,218,197,13,1,prompt_only,current,-4.918733929277322,-1.886361308552416,-3.032372620724906,0.0
12219,14353,218,197,13,1,prompt_only,prefix_mean,-4.918733929277322,-1.886361308552416,-3.032372620724906,0.0
12219,14353,218,197,13,2,full,current,-3.1229798493345844,-3.609810663911557,0.4868308145769724,1.0
12219,14353,218,197,13,2,full,prefix_mean,-3.250947695469711,-3.796853716071089,0.5459060206013779,1.0
12219,14353,218,197,13,2,history_mean,current,-3.2746781360630166,-3.40231818030569,0.1276400442426735,1.0
12219,14353,218,197,13,2,history_mean,prefix_mean,-3.249651644332846,-3.377483920791235,0.12783227645838924,1.0
12219,14353,218,197,13,2,current_increment,current,0.1516982867284322,-0.2074924836058667,0.3591907703342989,1.0
12219,14353,218,197,13,2,current_increment,prefix_mean,-0.0012960511368651506,-0.41936979527985385,0.4180737441429887,1.0
12219,14353,218,197,13,2,prompt_only,current,-4.790611451530008,-2.4828935290902745,-2.3077179224397337,0.0
12219,14353,218,197,13,2,prompt_only,prefix_mean,-4.854672690403666,-2.1846274188213455,-2.67004527158232,0.0
12219,14353,218,197,13,4,full,current,-2.0852485348038288,-1.817302274359004,-0.26794626044482484,0.0
12219,14353,218,197,13,4,full,prefix_mean,-2.615876584333879,-2.89702781881748,0.2811512344836009,1.0
12219,14353,218,197,13,4,history_mean,current,-3.290459439470203,-3.237369331432285,-0.05309010803791825,0.0
12219,14353,218,197,13,4,history_mean,prefix_mean,-3.2616616713813387,-3.343734330699775,0.08207265931843644,1.0
12219,14353,218,197,13,4,current_increment,current,1.2052109046663744,1.4200670570732812,-0.2148561524069068,0.0
12219,14353,218,197,13,4,current_increment,prefix_mean,0.64578508704746,0.4467065118822948,0.19907857516516514,1.0
12219,14353,218,197,13,4,prompt_only,current,-3.664856382387288,-3.6628257825184978,-0.0020305998687901727,0.0
12219,14353,218,197,13,4,prompt_only,prefix_mean,-4.696629700917318,-3.033369360961172,-1.6632603399561456,0.0
12219,14353,218,197,13,8,full,current,-4.500566929497847,-3.0406802676679203,-1.4598866618299264,0.0
12219,14353,218,197,13,8,full,prefix_mean,-3.2222528387522633,-2.9114847759734976,-0.3107680627787657,0.0
12219,14353,218,197,13,8,history_mean,current,-3.002042678178623,-3.153151151643942,0.1511084734653192,1.0
12219,14353,218,197,13,8,history_mean,prefix_mean,-3.1577514245625053,-3.269661284194085,0.11190985963157951,1.0
12219,14353,218,197,13,8,current_increment,current,-1.4985242513192238,0.1124708839760217,-1.6109951352952456,0.0
12219,14353,218,197,13,8,current_increment,prefix_mean,-0.06450141418975797,0.3581765082205872,-0.4226779224103452,0.0
12219,14353,218,197,13,8,prompt_only,current,-3.9660053469335335,-4.441181618693138,0.4751762717596044,1.0
12219,14353,218,197,13,8,prompt_only,prefix_mean,-4.022551263691912,-3.9323275947988288,-0.09022366889308309,0.0
12261,14360,241,208,30,1,full,current,0.3148461243037975,-2.984048448176113,3.298894572479911,1.0
12261,14360,241,208,30,1,full,prefix_mean,0.3148461243037975,-2.984048448176113,3.298894572479911,1.0
12261,14360,241,208,30,1,history_mean,current,-3.876473340166024,-3.6454197310761622,-0.23105360908986183,0.0
12261,14360,241,208,30,1,history_mean,prefix_mean,-3.876473340166024,-3.6454197310761622,-0.23105360908986183,0.0
12261,14360,241,208,30,1,current_increment,current,4.191319464469821,0.6613712829000495,3.5299481815697713,1.0
12261,14360,241,208,30,1,current_increment,prefix_mean,4.191319464469821,0.6613712829000495,3.5299481815697713,1.0
12261,14360,241,208,30,1,prompt_only,current,1.1222519396015558,-4.079297957899123,5.201549897500679,1.0
12261,14360,241,208,30,1,prompt_only,prefix_mean,1.1222519396015558,-4.079297957899123,5.201549897500679,1.0
12261,14360,241,208,30,2,full,current,-0.3709659580717767,-3.97691657932506,3.6059506212532835,1.0
12261,14360,241,208,30,2,full,prefix_mean,-0.028059916883989594,-3.4804825137505864,3.452422596866597,1.0
12261,14360,241,208,30,2,history_mean,current,-3.642736468394787,-3.3963906134068798,-0.2463458549879074,0.0
12261,14360,241,208,30,2,history_mean,prefix_mean,-3.7596049042804056,-3.520905172241521,-0.23869973203888462,0.0
12261,14360,241,208,30,2,current_increment,current,3.2717705103230106,-0.5805259659181807,3.8522964762411913,1.0
12261,14360,241,208,30,2,current_increment,prefix_mean,3.7315449873964157,0.040422658490934404,3.6911223289054815,1.0
12261,14360,241,208,30,2,prompt_only,current,1.0764004461088634,-5.429778014253107,6.50617846036197,1.0
12261,14360,241,208,30,2,prompt_only,prefix_mean,1.0993261928552096,-4.754537986076115,5.853864178931325,1.0
12261,14360,241,208,30,4,full,current,-0.3492000236217692,-4.208878019477696,3.859677995855927,1.0
12261,14360,241,208,30,4,full,prefix_mean,0.021387674705483042,-3.6703846662323385,3.6917723409378214,1.0
12261,14360,241,208,30,4,history_mean,current,-2.88607514139826,-3.246443698564053,0.36036855716579286,1.0
12261,14360,241,208,30,4,history_mean,prefix_mean,-3.422536024141104,-3.422992308991309,0.000456284850204991,1.0
12261,14360,241,208,30,4,current_increment,current,2.5368751177764906,-0.9624343209136432,3.4993094386901338,1.0
12261,14360,241,208,30,4,current_increment,prefix_mean,3.443923698846587,-0.2473923572410297,3.691316056087617,1.0
12261,14360,241,208,30,4,prompt_only,current,1.9251329335648677,-5.247811564484547,7.172944498049414,1.0
12261,14360,241,208,30,4,prompt_only,prefix_mean,1.3869677119112422,-4.85810183595937,6.245069547870612,1.0
12261,14360,241,208,30,8,full,current,-0.4966441233772358,-3.7905639473541854,3.2939198239769496,1.0
12261,14360,241,208,30,8,full,prefix_mean,0.6936590531804596,-3.727708042516022,4.421367095696482,1.0
12261,14360,241,208,30,8,history_mean,current,-0.3357217805843902,-3.172586464169046,2.836864683584656,1.0
12261,14360,241,208,30,8,history_mean,prefix_mean,-2.395398105733662,-3.329313402000577,0.9339152962669148,1.0
12261,14360,241,208,30,8,current_increment,current,-0.1609223427928456,-0.6179774831851401,0.45705514039229456,1.0
12261,14360,241,208,30,8,current_increment,prefix_mean,3.0890571589141214,-0.3983946405154456,3.487451799429567,1.0
12261,14360,241,208,30,8,prompt_only,current,2.004660639707464,-3.634674301929088,5.639334941636552,1.0
12261,14360,241,208,30,8,prompt_only,prefix_mean,2.277842077862001,-4.398224006057671,6.676066083919672,1.0
12345,14375,286,226,45,1,full,current,-4.35741375944622,-4.08461505444554,-0.27279870500067993,0.0
12345,14375,286,226,45,1,full,prefix_mean,-4.35741375944622,-4.08461505444554,-0.27279870500067993,0.0
12345,14375,286,226,45,1,history_mean,current,-2.0550925361562578,-4.018979728741067,1.9638871925848096,1.0
12345,14375,286,226,45,1,history_mean,prefix_mean,-2.0550925361562578,-4.018979728741067,1.9638871925848096,1.0
12345,14375,286,226,45,1,current_increment,current,-2.302321223289962,-0.0656353257044726,-2.2366858975854895,0.0
12345,14375,286,226,45,1,current_increment,prefix_mean,-2.302321223289962,-0.0656353257044726,-2.2366858975854895,0.0
12345,14375,286,226,45,1,prompt_only,current,-4.202609486750072,-4.005914352400631,-0.19669513434944097,0.0
12345,14375,286,226,45,1,prompt_only,prefix_mean,-4.202609486750072,-4.005914352400631,-0.19669513434944097,0.0
12345,14375,286,226,45,2,full,current,-2.5139282548407547,-2.886924086568215,0.3729958317274602,1.0
12345,14375,286,226,45,2,full,prefix_mean,-3.4356710071434873,-3.4857695705068776,0.05009856336339036,1.0
12345,14375,286,226,45,2,history_mean,current,-2.2140957534443486,-3.818391399454299,1.6042956460099504,1.0
12345,14375,286,226,45,2,history_mean,prefix_mean,-2.134594144800303,-3.918685564097683,1.78409141929738,1.0
12345,14375,286,226,45,2,current_increment,current,-0.299832501396406,0.9314673128860842,-1.2312998142824902,0.0
12345,14375,286,226,45,2,current_increment,prefix_mean,-1.301076862343184,0.4329159935908058,-1.7339928559339899,0.0
12345,14375,286,226,45,2,prompt_only,current,-3.678730886646149,-3.817771405631194,0.13904051898504521,1.0
12345,14375,286,226,45,2,prompt_only,prefix_mean,-3.94067018669811,-3.9118428790159125,-0.028827307682197656,0.0
12345,14375,286,226,45,4,full,current,-4.057027108667484,-2.38538659482417,-1.6716405138433137,0.0
12345,14375,286,226,45,4,full,prefix_mean,-3.585029145234103,-3.3131849566796125,-0.27184418855449044,0.0
12345,14375,286,226,45,4,history_mean,current,-2.2929405016713416,-3.5628422788298053,1.2699017771584638,1.0
12345,14375,286,226,45,4,history_mean,prefix_mean,-2.213757203952758,-3.7651350233945866,1.5513778194418286,1.0
12345,14375,286,226,45,4,current_increment,current,-1.764086606996142,1.1774556840056354,-2.9415422910017774,0.0
12345,14375,286,226,45,4,current_increment,prefix_mean,-1.3712719412813446,0.45195006671497384,-1.8232220079963184,0.0
12345,14375,286,226,45,4,prompt_only,current,-3.723634466962372,-3.500781502509306,-0.2228529644530659,0.0
12345,14375,286,226,45,4,prompt_only,prefix_mean,-3.7743292774022232,-4.341005447276823,0.5666761698745995,1.0
12345,14375,286,226,45,8,full,current,-3.385090902446449,-5.822721416689221,2.4376305142427723,1.0
12345,14375,286,226,45,8,full,prefix_mean,-3.426985860106266,-3.9983353135473356,0.5713494534410697,1.0
12345,14375,286,226,45,8,history_mean,current,-3.0649422649271174,-3.845042537469908,0.7801002725427906,1.0
12345,14375,286,226,45,8,history_mean,prefix_mean,-2.4072704951355064,-3.624019164869776,1.2167486697342698,1.0
12345,14375,286,226,45,8,current_increment,current,-0.3201486375193316,-1.9776788792193132,1.6575302416999815,1.0
12345,14375,286,226,45,8,current_increment,prefix_mean,-1.0197153649707598,-0.3743161486775596,-0.6453992162932002,0.0
12345,14375,286,226,45,8,prompt_only,current,-4.340627744305646,-5.179722884206192,0.8390951399005457,1.0
12345,14375,286,226,45,8,prompt_only,prefix_mean,-4.079070437743247,-4.06261171578536,-0.016458721957886446,0.0
12459,14394,50,30,10,1,full,current,-1.8663851588533675,-3.3226843944339217,1.4562992355805542,1.0
12459,14394,50,30,10,1,full,prefix_mean,-1.8663851588533675,-3.3226843944339217,1.4562992355805542,1.0
12459,14394,50,30,10,1,history_mean,current,-3.586233946895328,-4.49193866833888,0.9057047214435516,1.0
12459,14394,50,30,10,1,history_mean,prefix_mean,-3.586233946895328,-4.49193866833888,0.9057047214435516,1.0
12459,14394,50,30,10,1,current_increment,current,1.7198487880419606,1.1692542739049587,0.5505945141370019,1.0
12459,14394,50,30,10,1,current_increment,prefix_mean,1.7198487880419606,1.1692542739049587,0.5505945141370019,1.0
12459,14394,50,30,10,1,prompt_only,current,-5.110992429279799,-5.183228002872501,0.07223557359270227,1.0
12459,14394,50,30,10,1,prompt_only,prefix_mean,-5.110992429279799,-5.183228002872501,0.07223557359270227,1.0
12459,14394,50,30,10,2,full,current,-0.6057430589971087,-4.986726037652957,4.380982978655848,1.0
12459,14394,50,30,10,2,full,prefix_mean,-1.236064108925238,-4.154705216043439,2.918641107118201,1.0
12459,14394,50,30,10,2,history_mean,current,-3.477836322746518,-4.467345052132671,0.9895087293861535,1.0
12459,14394,50,30,10,2,history_mean,prefix_mean,-3.532035134820923,-4.479641860235775,0.9476067254148521,1.0
12459,14394,50,30,10,2,current_increment,current,2.872093263749409,-0.5193809855202858,3.3914742492696948,1.0
12459,14394,50,30,10,2,current_increment,prefix_mean,2.295971025895685,0.3249366441923365,1.9710343817033484,1.0
12459,14394,50,30,10,2,prompt_only,current,-3.7136411859751286,-4.148164919554596,0.43452373357946783,1.0
12459,14394,50,30,10,2,prompt_only,prefix_mean,-4.412316807627464,-4.665696461213549,0.2533796535860846,1.0
12459,14394,50,30,10,4,full,current,-2.771767266126899,-5.150122233740517,2.3783549676136184,1.0
12459,14394,50,30,10,4,full,prefix_mean,-2.142811072548989,-4.616091481098402,2.473280408549413,1.0
12459,14394,50,30,10,4,history_mean,current,-3.0041247544166767,-4.403914501936052,1.3997897475193755,1.0
12459,14394,50,30,10,4,history_mean,prefix_mean,-3.2781416544790165,-4.423156780674303,1.1450151261952861,1.0
12459,14394,50,30,10,4,current_increment,current,0.2323574882897778,-0.7462077318044651,0.978565220094243,1.0
12459,14394,50,30,10,4,current_increment,prefix_mean,1.1353305819300268,-0.19293470042409888,1.3282652823541257,1.0
12459,14394,50,30,10,4,prompt_only,current,-2.448395931553513,-5.314423170961609,2.866027239408096,1.0
12459,14394,50,30,10,4,prompt_only,prefix_mean,-3.5967109931246934,-5.228594524418,1.6318835312933064,1.0
12459,14394,50,30,10,8,full,current,10.032069352565872,-3.1344578290217155,13.166527181587586,1.0
12459,14394,50,30,10,8,full,prefix_mean,1.8794342409359173,-3.894470918073359,5.773905159009276,1.0
12459,14394,50,30,10,8,history_mean,current,-0.5323716295049223,-4.467736432121784,3.9353648026168617,1.0
12459,14394,50,30,10,8,history_mean,prefix_mean,-2.5941530371358263,-4.567573964254422,1.973420927118596,1.0
12459,14394,50,30,10,8,current_increment,current,10.564440982070796,1.3332786031000683,9.231162378970728,1.0
12459,14394,50,30,10,8,current_increment,prefix_mean,4.473587278071744,0.6731030461810632,3.8004842318906804,1.0
12459,14394,50,30,10,8,prompt_only,current,3.4905010362129705,-2.0281694912431387,5.518670527456109,1.0
12459,14394,50,30,10,8,prompt_only,prefix_mean,-1.2659366333271658,-4.2770569805507925,3.0111203472236268,1.0
12459,14394,81,90,4,1,full,current,-1.8744919287572064,-3.8959025956876334,2.021410666930427,1.0
12459,14394,81,90,4,1,full,prefix_mean,-1.8744919287572064,-3.8959025956876334,2.021410666930427,1.0
12459,14394,81,90,4,1,history_mean,current,-3.699567406574573,-1.6168297375721692,-2.082737669002404,0.0
12459,14394,81,90,4,1,history_mean,prefix_mean,-3.699567406574573,-1.6168297375721692,-2.082737669002404,0.0
12459,14394,81,90,4,1,current_increment,current,1.8250754778173668,-2.279072858115465,4.104148335932832,1.0
12459,14394,81,90,4,1,current_increment,prefix_mean,1.8250754778173668,-2.279072858115465,4.104148335932832,1.0
12459,14394,81,90,4,1,prompt_only,current,-1.8973819045678744,-2.665719700258757,0.7683377956908826,1.0
12459,14394,81,90,4,1,prompt_only,prefix_mean,-1.8973819045678744,-2.665719700258757,0.7683377956908826,1.0
12459,14394,81,90,4,2,full,current,2.496712562409217,-2.7441747341845786,5.240887296593796,1.0
12459,14394,81,90,4,2,full,prefix_mean,0.3111103168260053,-3.320038664936106,3.631148981762111,1.0
12459,14394,81,90,4,2,history_mean,current,-3.500353533204611,-1.6715853917935903,-1.8287681414110208,0.0
12459,14394,81,90,4,2,history_mean,prefix_mean,-3.5999604698895924,-1.6442075646828798,-1.9557529052067126,0.0
12459,14394,81,90,4,2,current_increment,current,5.997066095613828,-1.0725893423909882,7.069655438004816,1.0
12459,14394,81,90,4,2,current_increment,prefix_mean,3.9110707867155976,-1.6758311002532267,5.586901886968825,1.0
12459,14394,81,90,4,2,prompt_only,current,-0.2290439706324167,-4.889205633899876,4.660161663267459,1.0
12459,14394,81,90,4,2,prompt_only,prefix_mean,-1.0632129376001456,-3.7774626670793165,2.714249729479171,1.0
12459,14394,81,90,4,4,full,current,-0.159927229477135,-3.9959592646844126,3.8360320352072774,1.0
12459,14394,81,90,4,4,full,prefix_mean,0.2678696356949729,-3.478550050319268,3.746419686014241,1.0
12459,14394,81,90,4,4,history_mean,current,-2.2242509429975854,-2.3360412892492946,0.11179034625170914,1.0
12459,14394,81,90,4,4,history_mean,prefix_mean,-3.0362812001334567,-1.8457525227378455,-1.1905286773956112,0.0
12459,14394,81,90,4,4,current_increment,current,2.06432371352045,-1.659917975435118,3.7242416889555683,1.0
12459,14394,81,90,4,4,current_increment,prefix_mean,3.3041508358284295,-1.632797527581423,4.9369483634098525,1.0
12459,14394,81,90,4,4,prompt_only,current,0.3653419807986606,-2.843567658804175,3.2089096396028354,1.0
12459,14394,81,90,4,4,prompt_only,prefix_mean,-0.09624749276795143,-3.6444952680754454,3.548247775307494,1.0
12471,14396,27,14,11,1,full,current,-3.8871678794244495,-4.394444924986804,0.5072770455623541,1.0
12471,14396,27,14,11,1,full,prefix_mean,-3.8871678794244495,-4.394444924986804,0.5072770455623541,1.0
12471,14396,27,14,11,1,history_mean,current,-4.244397695767165,-4.988597653614272,0.7441999578471075,1.0
12471,14396,27,14,11,1,history_mean,prefix_mean,-4.244397695767165,-4.988597653614272,0.7441999578471075,1.0
12471,14396,27,14,11,1,current_increment,current,0.3572298163427154,0.5941527286274688,-0.23692291228475343,0.0
12471,14396,27,14,11,1,current_increment,prefix_mean,0.3572298163427154,0.5941527286274688,-0.23692291228475343,0.0
12471,14396,27,14,11,1,prompt_only,current,-3.703487372955884,-4.903756229124433,1.2002688561685488,1.0
12471,14396,27,14,11,1,prompt_only,prefix_mean,-3.703487372955884,-4.903756229124433,1.2002688561685488,1.0
12471,14396,27,14,11,2,full,current,-3.0140096006217667,-3.14573056202881,0.13172096140704337,1.0
12471,14396,27,14,11,2,full,prefix_mean,-3.4505887400231083,-3.7700877435078066,0.3194990034846983,1.0
12471,14396,27,14,11,2,history_mean,current,-4.312373039057161,-4.947494867830018,0.6351218287728573,1.0
12471,14396,27,14,11,2,history_mean,prefix_mean,-4.278385367412163,-4.968046260722145,0.6896608933099824,1.0
12471,14396,27,14,11,2,current_increment,current,1.2983634384353944,1.8017643058012085,-0.5034008673658141,0.0
12471,14396,27,14,11,2,current_increment,prefix_mean,0.8277966273890549,1.1979585172143388,-0.37016188982528386,0.0
12471,14396,27,14,11,2,prompt_only,current,-3.2822447173325457,-5.336158917203602,2.0539141998710564,1.0
12471,14396,27,14,11,2,prompt_only,prefix_mean,-3.492866045144215,-5.119957573164017,1.6270915280198022,1.0
12471,14396,27,14,11,4,full,current,-3.928205256338112,-3.2074144465245027,-0.7207908098136091,0.0
12471,14396,27,14,11,4,full,prefix_mean,-3.6770339049627996,-3.5050018117798096,-0.17203209318298995,0.0
12471,14396,27,14,11,4,history_mean,current,-4.074746732888937,-4.58592972695371,0.5111829940647725,1.0
12471,14396,27,14,11,4,history_mean,prefix_mean,-4.2091649701796,-4.8237222824335095,0.6145573122539094,1.0
12471,14396,27,14,11,4,current_increment,current,0.146541476550825,1.3785152804292071,-1.231973803878382,0.0
12471,14396,27,14,11,4,current_increment,prefix_mean,0.5321310652168009,1.3187204706536997,-0.7865894054368988,0.0
12471,14396,27,14,11,4,prompt_only,current,-1.1667390069042176,-5.769727986014453,4.602988979110235,1.0
12471,14396,27,14,11,4,prompt_only,prefix_mean,-3.0500146313666643,-5.644700364210561,2.5946857328438964,1.0
12471,14396,27,14,11,8,full,current,-2.528434084064876,-2.6222183456056323,0.09378426154075648,1.0
12471,14396,27,14,11,8,full,prefix_mean,-2.967445639901066,-3.596492876781254,0.6290472368801878,1.0
12471,14396,27,14,11,8,history_mean,current,-3.748635474360208,-4.038032406450604,0.28939693209039596,1.0
12471,14396,27,14,11,8,history_mean,prefix_mean,-4.117628204822217,-4.564329367818086,0.44670116299586926,1.0
12471,14396,27,14,11,8,current_increment,current,1.2202013902953317,1.415814060844972,-0.19561267054964038,0.0
12471,14396,27,14,11,8,current_increment,prefix_mean,1.1501825649211503,0.9678364910368316,0.18234607388431878,1.0
12471,14396,27,14,11,8,prompt_only,current,-0.6550921458201613,-5.022198746458337,4.367106600638176,1.0
12471,14396,27,14,11,8,prompt_only,prefix_mean,-2.310328963803358,-5.359130515435989,3.0488015516326312,1.0
12471,14396,78,176,13,1,full,current,-1.7847468418202186,-3.292052841898539,1.5073060000783203,1.0
12471,14396,78,176,13,1,full,prefix_mean,-1.7847468418202186,-3.292052841898539,1.5073060000783203,1.0
12471,14396,78,176,13,1,history_mean,current,-3.064355987852053,-3.952748342993175,0.8883923551411219,1.0
12471,14396,78,176,13,1,history_mean,prefix_mean,-3.064355987852053,-3.952748342993175,0.8883923551411219,1.0
12471,14396,78,176,13,1,current_increment,current,1.2796091460318348,0.660695501094636,0.6189136449371988,1.0
12471,14396,78,176,13,1,current_increment,prefix_mean,1.2796091460318348,0.660695501094636,0.6189136449371988,1.0
12471,14396,78,176,13,1,prompt_only,current,0.7961256602016469,-2.69929274500364,3.495418405205287,1.0
12471,14396,78,176,13,1,prompt_only,prefix_mean,0.7961256602016469,-2.69929274500364,3.495418405205287,1.0
12471,14396,78,176,13,2,full,current,-1.916482808823383,-4.789667643159386,2.873184834336003,1.0
12471,14396,78,176,13,2,full,prefix_mean,-1.8506148253218009,-4.040860242528963,2.1902454172071617,1.0
12471,14396,78,176,13,2,history_mean,current,-2.863974448689146,-3.9334682154500458,1.0694937667608997,1.0
12471,14396,78,176,13,2,history_mean,prefix_mean,-2.9641652182705993,-3.9431082792216103,0.978943060951011,1.0
12471,14396,78,176,13,2,current_increment,current,0.9474916398657632,-0.8561994277093401,1.8036910675751034,1.0
12471,14396,78,176,13,2,current_increment,prefix_mean,1.113550392948799,-0.09775196330735203,1.2113023562561511,1.0
12471,14396,78,176,13,2,prompt_only,current,-1.8164399036678407,-6.7349380587410765,4.918498155073236,1.0
12471,14396,78,176,13,2,prompt_only,prefix_mean,-0.5101571217330969,-4.717115401872358,4.206958280139261,1.0
12471,14396,78,176,13,4,full,current,-2.617901284804148,-5.151270294335862,2.5333690095317136,1.0
12471,14396,78,176,13,4,full,prefix_mean,-2.239093557024388,-4.236371543369123,1.9972779863447352,1.0
12471,14396,78,176,13,4,history_mean,current,-2.7124209581844183,-3.995614889062813,1.2831939308783946,1.0
12471,14396,78,176,13,4,history_mean,prefix_mean,-2.8779766506325455,-3.9873066464226583,1.1093299957901128,1.0
12471,14396,78,176,13,4,current_increment,current,0.0945196733802702,-1.1556554052730488,1.250175078653319,1.0
12471,14396,78,176,13,4,current_increment,prefix_mean,0.638883093608158,-0.2490648969464645,0.8879479905546225,1.0
12471,14396,78,176,13,4,prompt_only,current,-0.8478720985587065,-4.187015532339903,3.3391434337811967,1.0
12471,14396,78,176,13,4,prompt_only,prefix_mean,-1.029887628059913,-4.574625044058769,3.5447374159988563,1.0
12471,14396,78,176,13,8,full,current,-4.3575471552321865,-2.1604610222684446,-2.197086132963742,0.0
12471,14396,78,176,13,8,full,prefix_mean,-2.5074586261437584,-3.7770108496072683,1.26955222346351,1.0
12471,14396,78,176,13,8,history_mean,current,-2.153089709314577,-3.691425018644736,1.5383353093301593,1.0
12471,14396,78,176,13,8,history_mean,prefix_mean,-2.615775632766578,-3.9554136002811715,1.3396379675145935,1.0
12471,14396,78,176,13,8,current_increment,current,-2.2044574459176096,1.5309639963762915,-3.735421442293901,0.0
12471,14396,78,176,13,8,current_increment,prefix_mean,0.1083170066228197,0.17840275067390327,-0.07008574405108356,0.0
12471,14396,78,176,13,8,prompt_only,current,-2.3091873488464465,-5.761918676678678,3.4527313278322316,1.0
12471,14396,78,176,13,8,prompt_only,prefix_mean,-1.5834160928462981,-5.0731212617027985,3.4897051688565,1.0
12693,14433,111,99,8,1,full,current,-1.6687142674388695,-1.857177532442449,0.18846326500357957,1.0
12693,14433,111,99,8,1,full,prefix_mean,-1.6687142674388695,-1.857177532442449,0.18846326500357957,1.0
12693,14433,111,99,8,1,history_mean,current,-2.809841274124324,-2.059159374944426,-0.7506818991798982,0.0
12693,14433,111,99,8,1,history_mean,prefix_mean,-2.809841274124324,-2.059159374944426,-0.7506818991798982,0.0
12693,14433,111,99,8,1,current_increment,current,1.141127006685454,0.2019818425019763,0.9391451641834777,1.0
12693,14433,111,99,8,1,current_increment,prefix_mean,1.141127006685454,0.2019818425019763,0.9391451641834777,1.0
12693,14433,111,99,8,1,prompt_only,current,-3.8441882813386776,-3.342331856462564,-0.5018564248761135,0.0
12693,14433,111,99,8,1,prompt_only,prefix_mean,-3.8441882813386776,-3.342331856462564,-0.5018564248761135,0.0
12693,14433,111,99,8,2,full,current,-0.4572588243343547,-2.8309271208009417,2.3736682964665867,1.0
12693,14433,111,99,8,2,full,prefix_mean,-1.0629865458866121,-2.3440523266216955,1.2810657807350834,1.0
12693,14433,111,99,8,2,history_mean,current,-2.6377763349460905,-2.036939371401388,-0.6008369635447024,0.0
12693,14433,111,99,8,2,history_mean,prefix_mean,-2.7238088045352074,-2.048049373172907,-0.6757594313623003,0.0
12693,14433,111,99,8,2,current_increment,current,2.180517510611736,-0.7939877493995535,2.9745052600112896,1.0
12693,14433,111,99,8,2,current_increment,prefix_mean,1.660822258648595,-0.29600295344878863,1.9568252120973837,1.0
12693,14433,111,99,8,2,prompt_only,current,-2.2690355179327524,-5.5067360297378185,3.237700511805066,1.0
12693,14433,111,99,8,2,prompt_only,prefix_mean,-3.056611899635715,-4.424533943100191,1.367922043464476,1.0
12693,14433,111,99,8,4,full,current,-2.3766239584992275,-1.171895349253292,-1.2047286092459355,0.0
12693,14433,111,99,8,4,full,prefix_mean,-0.5890923998813398,-2.3123409154294725,1.7232485155481327,1.0
12693,14433,111,99,8,4,history_mean,current,-2.136412078318267,-2.4326582046233454,0.2962461263050784,1.0
12693,14433,111,99,8,4,history_mean,prefix_mean,-2.5375855924607196,-2.1884276077732494,-0.34915798468747017,0.0
12693,14433,111,99,8,4,current_increment,current,-0.2402118801809605,1.2607628553700534,-1.500974735551014,0.0
12693,14433,111,99,8,4,current_increment,prefix_mean,1.9484931925793794,-0.12391330765622305,2.0724065002356022,1.0
12693,14433,111,99,8,4,prompt_only,current,-1.639191777753987,-1.3270826522752497,-0.31210912547873737,0.0
12693,14433,111,99,8,4,prompt_only,prefix_mean,-2.1532278727756506,-3.187636155171709,1.0344082823960585,1.0
12693,14433,111,99,8,8,full,current,-1.939747982194336,-2.622713564779178,0.6829655825848422,1.0
12693,14433,111,99,8,8,full,prefix_mean,-1.011643883311402,-2.5233158309738033,1.5116719476624012,1.0
12693,14433,111,99,8,8,history_mean,current,-1.5986019282353652,-2.3788012520946777,0.7801993238593126,1.0
12693,14433,111,99,8,8,history_mean,prefix_mean,-2.1430081194325354,-2.2343572524866646,0.09134913305412917,1.0
12693,14433,111,99,8,8,current_increment,current,-0.341146053958971,-0.2439123126845004,-0.09723374127447063,0.0
12693,14433,111,99,8,8,current_increment,prefix_mean,1.1313642361211331,-0.28895857848713863,1.4203228146082718,1.0
12693,14433,111,99,8,8,prompt_only,current,-2.406400195573503,-4.519360225414552,2.112960029841049,1.0
12693,14433,111,99,8,8,prompt_only,prefix_mean,-1.822646237648326,-3.766916335708365,1.944270098060039,1.0
12765,14445,175,138,11,1,full,current,-1.1799088551771677,-3.473023315840758,2.29311446066359,1.0
12765,14445,175,138,11,1,full,prefix_mean,-1.1799088551771677,-3.473023315840758,2.29311446066359,1.0
12765,14445,175,138,11,1,history_mean,current,-2.391788316295788,-3.777763742055606,1.3859754257598182,1.0
12765,14445,175,138,11,1,history_mean,prefix_mean,-2.391788316295788,-3.777763742055606,1.3859754257598182,1.0
12765,14445,175,138,11,1,current_increment,current,1.2118794611186203,0.3047404262148481,0.9071390349037722,1.0
12765,14445,175,138,11,1,current_increment,prefix_mean,1.2118794611186203,0.3047404262148481,0.9071390349037722,1.0
12765,14445,175,138,11,1,prompt_only,current,0.5735755558510192,-4.790105870101608,5.3636814259526275,1.0
12765,14445,175,138,11,1,prompt_only,prefix_mean,0.5735755558510192,-4.790105870101608,5.3636814259526275,1.0
12765,14445,175,138,11,2,full,current,5.322927508131812,-4.131923932702305,9.454851440834117,1.0
12765,14445,175,138,11,2,full,prefix_mean,2.0715093264773223,-3.8024736242715313,5.873982950748854,1.0
12765,14445,175,138,11,2,history_mean,current,-2.1948930931856467,-3.5122530255604945,1.3173599323748477,1.0
12765,14445,175,138,11,2,history_mean,prefix_mean,-2.293340704740717,-3.64500838380805,1.351667679067333,1.0
12765,14445,175,138,11,2,current_increment,current,7.517820601317458,-0.6196709071418107,8.13749150845927,1.0
12765,14445,175,138,11,2,current_increment,prefix_mean,4.364850031218039,-0.15746524046348132,4.522315271681521,1.0
12765,14445,175,138,11,2,prompt_only,current,0.6136354965729749,-4.901410478122635,5.51504597469561,1.0
12765,14445,175,138,11,2,prompt_only,prefix_mean,0.593605526211997,-4.845758174112122,5.439363700324119,1.0
12765,14445,175,138,11,4,full,current,1.742345093844335,-4.464213636358452,6.206558730202787,1.0
12765,14445,175,138,11,4,full,prefix_mean,3.0492416928634185,-4.020729916599598,7.069971609463017,1.0
12765,14445,175,138,11,4,history_mean,current,-0.5148157792572305,-3.509671970191971,2.9948561909347404,1.0
12765,14445,175,138,11,4,history_mean,prefix_mean,-1.6141817988116798,-3.5873549811890424,1.9731731823773626,1.0
12765,14445,175,138,11,4,current_increment,current,2.257160873101565,-0.954541666166481,3.211702539268046,1.0
12765,14445,175,138,11,4,current_increment,prefix_mean,4.663423491675098,-0.43337493541055594,5.096798427085654,1.0
12765,14445,175,138,11,4,prompt_only,current,3.799756260445617,-6.032918348095594,9.832674608541211,1.0
12765,14445,175,138,11,4,prompt_only,prefix_mean,2.4317743202763986,-5.1212528843117955,7.553027204588194,1.0
12765,14445,175,138,11,8,full,current,-1.126125726815543,-5.524183618966554,4.398057892151011,1.0
12765,14445,175,138,11,8,full,prefix_mean,2.2240867539837104,-3.7988383155319623,6.022925069515672,1.0
12765,14445,175,138,11,8,history_mean,current,1.4228998616953732,-3.4099453438661387,4.832845205561512,1.0
12765,14445,175,138,11,8,history_mean,prefix_mean,-0.4860506984164103,-3.5601355732353923,3.074084874818982,1.0
12765,14445,175,138,11,8,current_increment,current,-2.549025588510916,-2.114238275100416,-0.4347873134104998,0.0
12765,14445,175,138,11,8,current_increment,prefix_mean,2.710137452400121,-0.23870274229656946,2.9488401946966905,1.0
12765,14445,175,138,11,8,prompt_only,current,2.3874408567396044,-5.0059210442204085,7.393361900960013,1.0
12765,14445,175,138,11,8,prompt_only,prefix_mean,3.046205456906149,-5.011298867333947,8.057504324240096,1.0
12903,14468,302,199,88,1,full,current,-4.77753546568646,-2.206903864516445,-2.570631601170015,0.0
12903,14468,302,199,88,1,full,prefix_mean,-4.77753546568646,-2.206903864516445,-2.570631601170015,0.0
12903,14468,302,199,88,1,history_mean,current,-3.059474653611119,-3.363963379006964,0.30448872539584526,1.0
12903,14468,302,199,88,1,history_mean,prefix_mean,-3.059474653611119,-3.363963379006964,0.30448872539584526,1.0
12903,14468,302,199,88,1,current_increment,current,-1.718060812075341,1.1570595144905185,-2.8751203265658596,0.0
12903,14468,302,199,88,1,current_increment,prefix_mean,-1.718060812075341,1.1570595144905185,-2.8751203265658596,0.0
12903,14468,302,199,88,1,prompt_only,current,-5.624644938222036,-4.11476886798994,-1.509876070232096,0.0
12903,14468,302,199,88,1,prompt_only,prefix_mean,-5.624644938222036,-4.11476886798994,-1.509876070232096,0.0
12903,14468,302,199,88,2,full,current,-2.4651234646175872,-3.1254916530092576,0.6603681883916703,1.0
12903,14468,302,199,88,2,full,prefix_mean,-3.621329465152024,-2.666197758762851,-0.9551317063891727,0.0
12903,14468,302,199,88,2,history_mean,current,-3.3082909907488327,-3.2359077136019776,-0.07238327714685511,0.0
12903,14468,302,199,88,2,history_mean,prefix_mean,-3.1838828221799758,-3.2999355463044706,0.11605272412449485,1.0
12903,14468,302,199,88,2,current_increment,current,0.8431675261312455,0.11041606059272,0.7327514655385254,1.0
12903,14468,302,199,88,2,current_increment,prefix_mean,-0.4374466429720477,0.6337377875416192,-1.071184430513667,0.0
12903,14468,302,199,88,2,prompt_only,current,-6.102378621367603,-4.650265065811131,-1.4521135555564717,0.0
12903,14468,302,199,88,2,prompt_only,prefix_mean,-5.86351177979482,-4.3825169669005355,-1.4809948128942843,0.0
12903,14468,302,199,88,4,full,current,-3.694331447002358,-1.3535639370139585,-2.3407675099883996,0.0
12903,14468,302,199,88,4,full,prefix_mean,-3.635107430183746,-2.2961549488079704,-1.3389524813757756,0.0
12903,14468,302,199,88,4,history_mean,current,-3.204936371660483,-3.5357606921086697,0.3308243204481869,1.0
12903,14468,302,199,88,4,history_mean,prefix_mean,-3.177355106689845,-3.361350158509751,0.18399505181990605,1.0
12903,14468,302,199,88,4,current_increment,current,-0.489395075341875,2.1821967550947114,-2.6715918304365864,0.0
12903,14468,302,199,88,4,current_increment,prefix_mean,-0.4577523234939012,1.0651952097017805,-1.5229475331956817,0.0
12903,14468,302,199,88,4,prompt_only,current,-4.290210173406523,-4.874979595125939,0.5847694217194164,1.0
12903,14468,302,199,88,4,prompt_only,prefix_mean,-4.8533283815753325,-4.475622083133274,-0.3777062984420585,0.0
12903,14468,302,199,88,8,full,current,-4.198118652683135,-3.087424628146658,-1.110694024536477,0.0
12903,14468,302,199,88,8,full,prefix_mean,-4.061504378117329,-2.6871021749201915,-1.3744022031971372,0.0
12903,14468,302,199,88,8,history_mean,current,-3.5990638522202745,-2.940055382891092,-0.6590084693291827,0.0
12903,14468,302,199,88,8,history_mean,prefix_mean,-3.2676452307304147,-3.2253636697553705,-0.04228156097504421,0.0
12903,14468,302,199,88,8,current_increment,current,-0.5990548004628606,-0.1473692452555672,-0.4516855552072935,0.0
12903,14468,302,199,88,8,current_increment,prefix_mean,-0.7938591473869145,0.5382614948351786,-1.332120642222093,0.0
12903,14468,302,199,88,8,prompt_only,current,-7.35905950091755,-4.410626641456887,-2.948432859460663,0.0
12903,14468,302,199,88,8,prompt_only,prefix_mean,-5.243017853536127,-4.398801754316074,-0.8442160992200529,0.0
13107,15103,260,226,11,1,full,current,1.795355478948557,-0.0166552481622453,1.8120107271108024,1.0
13107,15103,260,226,11,1,full,prefix_mean,1.795355478948557,-0.0166552481622453,1.8120107271108024,1.0
13107,15103,260,226,11,1,history_mean,current,-2.241438306856117,-1.344791661492718,-0.896646645363399,0.0
13107,15103,260,226,11,1,history_mean,prefix_mean,-2.241438306856117,-1.344791661492718,-0.896646645363399,0.0
13107,15103,260,226,11,1,current_increment,current,4.036793785804674,1.3281364133304727,2.7086573724742014,1.0
13107,15103,260,226,11,1,current_increment,prefix_mean,4.036793785804674,1.3281364133304727,2.7086573724742014,1.0
13107,15103,260,226,11,1,prompt_only,current,0.1621307940127747,-2.4382697897259904,2.600400583738765,1.0
13107,15103,260,226,11,1,prompt_only,prefix_mean,0.1621307940127747,-2.4382697897259904,2.600400583738765,1.0
13107,15103,260,226,11,2,full,current,-1.9989794586610408,-1.463702552203895,-0.5352769064571459,0.0
13107,15103,260,226,11,2,full,prefix_mean,-0.10181198985624185,-0.7401789001830701,0.6383669103268282,1.0
13107,15103,260,226,11,2,history_mean,current,-1.681889807058201,-1.1324435223425895,-0.5494462847156114,0.0
13107,15103,260,226,11,2,history_mean,prefix_mean,-1.9616640569571588,-1.2386175919176536,-0.7230464650395052,0.0
13107,15103,260,226,11,2,current_increment,current,-0.3170896516028403,-0.3312590298613054,0.014169378258465093,1.0
13107,15103,260,226,11,2,current_increment,prefix_mean,1.8598520671009169,0.49843869173458366,1.3614133753663333,1.0
13107,15103,260,226,11,2,prompt_only,current,-1.8326706044885088,0.0193525838883703,-1.8520231883768792,0.0
13107,15103,260,226,11,2,prompt_only,prefix_mean,-0.835269905237867,-1.2094586029188101,0.3741886976809431,1.0
13107,15103,260,226,11,4,full,current,-0.0165889338299802,0.1754624604910424,-0.19205139432102258,0.0
13107,15103,260,226,11,4,full,prefix_mean,0.5837518149452365,0.10339470544323337,0.48035710950200317,1.0
13107,15103,260,226,11,4,history_mean,current,-1.191482300739915,-0.730646045280048,-0.46083625545986695,0.0
13107,15103,260,226,11,4,history_mean,prefix_mean,-1.6747688719102656,-1.056255498096857,-0.6185133738134085,0.0
13107,15103,260,226,11,4,current_increment,current,1.1748933669099346,0.9061085057710904,0.26878486113884426,1.0
13107,15103,260,226,11,4,current_increment,prefix_mean,2.258520686855502,1.1596502035400904,1.0988704833154117,1.0
13107,15103,260,226,11,4,prompt_only,current,-1.41362098501351,-1.2847563311782813,-0.12886465383522872,0.0
13107,15103,260,226,11,4,prompt_only,prefix_mean,-0.8955584772476697,-0.904016796000189,0.008458318752519345,1.0
13107,15103,260,226,11,8,full,current,-2.669763905350109,-3.721694692457525,1.0519307871074157,1.0
13107,15103,260,226,11,8,full,prefix_mean,-0.26516581206302936,-1.147798978866858,0.8826331668038288,1.0
13107,15103,260,226,11,8,history_mean,current,-0.6007602253716413,-0.7239895943265424,0.12322936895490111,1.0
13107,15103,260,226,11,8,history_mean,prefix_mean,-1.2261676061231512,-0.8500453912013868,-0.37612221492176445,0.0
13107,15103,260,226,11,8,current_increment,current,-2.069003679978468,-2.9977050981309823,0.9287014181525142,1.0
13107,15103,260,226,11,8,current_increment,prefix_mean,0.9610017940601219,-0.2977535876654712,1.2587553817255932,1.0
13107,15103,260,226,11,8,prompt_only,current,-3.2826362618935203,-2.807792247447554,-0.47484401444596624,0.0
13107,15103,260,226,11,8,prompt_only,prefix_mean,-1.2296253774170207,-1.9985538523622495,0.7689284749452288,1.0
13137,15108,277,333,43,1,full,current,-2.2551444803372807,-3.531321859984597,1.2761773796473164,1.0
13137,15108,277,333,43,1,full,prefix_mean,-2.2551444803372807,-3.531321859984597,1.2761773796473164,1.0
13137,15108,277,333,43,1,history_mean,current,-2.884136338972098,-4.370586727294904,1.4864503883228055,1.0
13137,15108,277,333,43,1,history_mean,prefix_mean,-2.884136338972098,-4.370586727294904,1.4864503883228055,1.0
13137,15108,277,333,43,1,current_increment,current,0.6289918586348175,0.8392648673103063,-0.2102730086754887,0.0
13137,15108,277,333,43,1,current_increment,prefix_mean,0.6289918586348175,0.8392648673103063,-0.2102730086754887,0.0
13137,15108,277,333,43,1,prompt_only,current,-0.9820573017985164,-5.349441177082488,4.367383875283972,1.0
13137,15108,277,333,43,1,prompt_only,prefix_mean,-0.9820573017985164,-5.349441177082488,4.367383875283972,1.0
13137,15108,277,333,43,2,full,current,-1.9689501476932525,-4.117638077480706,2.148687929787453,1.0
13137,15108,277,333,43,2,full,prefix_mean,-2.1120473140152667,-3.8244799687326516,1.712432654717385,1.0
13137,15108,277,333,43,2,history_mean,current,-2.7595530130536305,-4.3712881324884965,1.611735119434866,1.0
13137,15108,277,333,43,2,history_mean,prefix_mean,-2.8218446760128644,-4.3709374298917005,1.5490927538788362,1.0
13137,15108,277,333,43,2,current_increment,current,0.790602865360378,0.2536500550077907,0.5369528103525874,1.0
13137,15108,277,333,43,2,current_increment,prefix_mean,0.7097973619975978,0.5464574611590485,0.16333990083854932,1.0
13137,15108,277,333,43,2,prompt_only,current,-0.7165768815586502,-2.8359484966822475,2.1193716151235975,1.0
13137,15108,277,333,43,2,prompt_only,prefix_mean,-0.8493170916785833,-4.092694836882368,3.2433777452037846,1.0
13137,15108,277,333,43,4,full,current,-0.52039575807569,-3.7041272778713528,3.183731519795663,1.0
13137,15108,277,333,43,4,full,prefix_mean,-0.8423362154237576,-3.880842825168396,3.0385066097446387,1.0
13137,15108,277,333,43,4,history_mean,current,-2.158240696032556,-4.141002288282436,1.9827615922498802,1.0
13137,15108,277,333,43,4,history_mean,prefix_mean,-2.614071173223005,-4.306326650864165,1.6922554776411598,1.0
13137,15108,277,333,43,4,current_increment,current,1.6378449379568658,0.4368750104110837,1.2009699275457821,1.0
13137,15108,277,333,43,4,current_increment,prefix_mean,1.771734957799247,0.4254838256957686,1.3462511321034785,1.0
13137,15108,277,333,43,4,prompt_only,current,-1.2604477193699382,-4.951083866969305,3.690636147599367,1.0
13137,15108,277,333,43,4,prompt_only,prefix_mean,-0.6076779679334128,-4.584911322024705,3.977233354091292,1.0
13137,15108,277,333,43,8,full,current,1.4498862437088356,-2.312723999668219,3.7626102433770545,1.0
13137,15108,277,333,43,8,full,prefix_mean,-0.23915881260823182,-3.1011698831135375,2.8620110705053055,1.0
13137,15108,277,333,43,8,history_mean,current,-1.0233124528152755,-3.3787930879220998,2.355480635106824,1.0
13137,15108,277,333,43,8,history_mean,prefix_mean,-2.100957674148194,-3.988358861193764,1.8874011870455702,1.0
13137,15108,277,333,43,8,current_increment,current,2.4731986965241117,1.0660690882538804,1.4071296082702314,1.0
13137,15108,277,333,43,8,current_increment,prefix_mean,1.8617988615399619,0.8871889780802262,0.9746098834597356,1.0
13137,15108,277,333,43,8,prompt_only,current,3.634597865267172,-4.626786175532964,8.261384040800136,1.0
13137,15108,277,333,43,8,prompt_only,prefix_mean,0.7739306175991871,-4.219459400255094,4.9933900178542805,1.0
13155,15111,123,79,4,1,full,current,-1.2913420040139112,-1.5636529345403816,0.2723109305264704,1.0
13155,15111,123,79,4,1,full,prefix_mean,-1.2913420040139112,-1.5636529345403816,0.2723109305264704,1.0
13155,15111,123,79,4,1,history_mean,current,-3.423186373875853,-2.183974494517622,-1.2392118793582307,0.0
13155,15111,123,79,4,1,history_mean,prefix_mean,-3.423186373875853,-2.183974494517622,-1.2392118793582307,0.0
13155,15111,123,79,4,1,current_increment,current,2.131844369861942,0.6203215599772405,1.5115228098847016,1.0
13155,15111,123,79,4,1,current_increment,prefix_mean,2.131844369861942,0.6203215599772405,1.5115228098847016,1.0
13155,15111,123,79,4,1,prompt_only,current,-2.005162304780828,-2.2894299938251645,0.2842676890443365,1.0
13155,15111,123,79,4,1,prompt_only,prefix_mean,-2.005162304780828,-2.2894299938251645,0.2842676890443365,1.0
13155,15111,123,79,4,2,full,current,-3.501814157964076,-1.2048728966258446,-2.2969412613382314,0.0
13155,15111,123,79,4,2,full,prefix_mean,-2.3965780809889936,-1.384262915583113,-1.0123151654058806,0.0
13155,15111,123,79,4,2,history_mean,current,-3.0652087980985754,-2.0157675486138005,-1.049441249484775,0.0
13155,15111,123,79,4,2,history_mean,prefix_mean,-3.244197585987214,-2.0998710215657113,-1.1443265644215028,0.0
13155,15111,123,79,4,2,current_increment,current,-0.4366053598655002,0.8108946519879559,-1.247500011853456,0.0
13155,15111,123,79,4,2,current_increment,prefix_mean,0.8476195049982209,0.7156081059825982,0.13201139901562275,1.0
13155,15111,123,79,4,2,prompt_only,current,-4.828686825401143,-2.633152669314245,-2.1955341560868984,0.0
13155,15111,123,79,4,2,prompt_only,prefix_mean,-3.4169245650909854,-2.4612913315697047,-0.9556332335212807,0.0
13155,15111,123,79,4,4,full,current,-1.6309096877016762,-1.1180678520351923,-0.5128418356664839,0.0
13155,15111,123,79,4,4,full,prefix_mean,-2.158017553620765,-1.2181134143380512,-0.9399041392827137,0.0
13155,15111,123,79,4,4,history_mean,current,-2.8844996365329623,-1.7361068812178502,-1.148392755315112,0.0
13155,15111,123,79,4,4,history_mean,prefix_mean,-3.1195199602617976,-1.9547378564722926,-1.164782103789505,0.0
13155,15111,123,79,4,4,current_increment,current,1.253589948831286,0.6180390291826576,0.6355509196486284,1.0
13155,15111,123,79,4,4,current_increment,prefix_mean,0.9615024066410329,0.7366244421342413,0.22487796450679165,1.0
13155,15111,123,79,4,4,prompt_only,current,0.8660385672386093,-1.058614885487866,1.9246534527264754,1.0
13155,15111,123,79,4,4,prompt_only,prefix_mean,-2.2174199994793713,-1.9613388844973514,-0.2560811149820199,0.0
13161,15112,327,317,5,1,full,current,3.2520356763570337,-3.275198952174394,6.527234628531428,1.0
13161,15112,327,317,5,1,full,prefix_mean,3.2520356763570337,-3.275198952174394,6.527234628531428,1.0
13161,15112,327,317,5,1,history_mean,current,-2.3639206065099643,-1.8891447505932544,-0.4747758559167099,0.0
13161,15112,327,317,5,1,history_mean,prefix_mean,-2.3639206065099643,-1.8891447505932544,-0.4747758559167099,0.0
13161,15112,327,317,5,1,current_increment,current,5.615956282866998,-1.3860542015811397,7.002010484448138,1.0
13161,15112,327,317,5,1,current_increment,prefix_mean,5.615956282866998,-1.3860542015811397,7.002010484448138,1.0
13161,15112,327,317,5,1,prompt_only,current,1.317549454567741,-4.28778445435954,5.605333908927281,1.0
13161,15112,327,317,5,1,prompt_only,prefix_mean,1.317549454567741,-4.28778445435954,5.605333908927281,1.0
13161,15112,327,317,5,2,full,current,1.209044358454234,-4.054826522232753,5.263870880686987,1.0
13161,15112,327,317,5,2,full,prefix_mean,2.230540017405634,-3.6650127372035737,5.8955527546092075,1.0
13161,15112,327,317,5,2,history_mean,current,-1.7111971436568183,-2.31237790066474,0.6011807570079215,1.0
13161,15112,327,317,5,2,history_mean,prefix_mean,-2.0375588750833913,-2.100761325628997,0.06320245054560569,1.0
13161,15112,327,317,5,2,current_increment,current,2.920241502111052,-1.7424486215680135,4.662690123679066,1.0
13161,15112,327,317,5,2,current_increment,prefix_mean,4.268098892489025,-1.5642514115745767,5.832350304063602,1.0
13161,15112,327,317,5,2,prompt_only,current,-0.0058467955624272,-5.53426999966369,5.528423204101262,1.0
13161,15112,327,317,5,2,prompt_only,prefix_mean,0.6558513295026569,-4.911027227011615,5.566878556514272,1.0
13161,15112,327,317,5,4,full,current,-0.5254663691577228,-2.822761169587687,2.297294800429964,1.0
13161,15112,327,317,5,4,full,prefix_mean,0.877219975104504,-3.354060136842034,4.231280111946538,1.0
13161,15112,327,317,5,4,history_mean,current,-0.9011380417743566,-2.927571164044582,2.026433122270225,1.0
13161,15112,327,317,5,4,history_mean,prefix_mean,-1.5402664618823168,-2.438412527456117,0.8981460655738003,1.0
13161,15112,327,317,5,4,current_increment,current,0.3756716726166338,0.1048099944568949,0.27086167815973894,1.0
13161,15112,327,317,5,4,current_increment,prefix_mean,2.4174864369868208,-0.9156476093859172,3.333134046372738,1.0
13161,15112,327,317,5,4,prompt_only,current,0.8447677564421212,-2.532988676830977,3.377756433273098,1.0
13161,15112,327,317,5,4,prompt_only,prefix_mean,0.4366797512608108,-4.31918752337246,4.755867274633271,1.0
13161,15112,179,144,32,1,full,current,2.954796119674236,-2.6407363515399025,5.595532471214138,1.0
13161,15112,179,144,32,1,full,prefix_mean,2.954796119674236,-2.6407363515399025,5.595532471214138,1.0
13161,15112,179,144,32,1,history_mean,current,-3.4214280954548486,-3.432369076152304,0.010940980697455416,1.0
13161,15112,179,144,32,1,history_mean,prefix_mean,-3.4214280954548486,-3.432369076152304,0.010940980697455416,1.0
13161,15112,179,144,32,1,current_increment,current,6.376224215129085,0.7916327246124015,5.584591490516683,1.0
13161,15112,179,144,32,1,current_increment,prefix_mean,6.376224215129085,0.7916327246124015,5.584591490516683,1.0
13161,15112,179,144,32,1,prompt_only,current,1.7911188292696645,-5.713162290555247,7.5042811198249115,1.0
13161,15112,179,144,32,1,prompt_only,prefix_mean,1.7911188292696645,-5.713162290555247,7.5042811198249115,1.0
13161,15112,179,144,32,2,full,current,-2.1081701502420134,-4.02060795860903,1.912437808367017,1.0
13161,15112,179,144,32,2,full,prefix_mean,0.42331298471611123,-3.3306721550744665,3.7539851397905775,1.0
13161,15112,179,144,32,2,history_mean,current,-2.872420388052785,-3.329340736518452,0.4569203484656672,1.0
13161,15112,179,144,32,2,history_mean,prefix_mean,-3.146924241753817,-3.380854906335378,0.2339306645815613,1.0
13161,15112,179,144,32,2,current_increment,current,0.7642502378107721,-0.6912672220905782,1.4555174599013503,1.0
13161,15112,179,144,32,2,current_increment,prefix_mean,3.5702372264699287,0.05018275126091165,3.520054475209017,1.0
13161,15112,179,144,32,2,prompt_only,current,0.5485438992583631,-4.524129562317785,5.072673461576148,1.0
13161,15112,179,144,32,2,prompt_only,prefix_mean,1.169831364264014,-5.118645926436516,6.28847729070053,1.0
13161,15112,179,144,32,4,full,current,-2.615452955960764,-3.6080196267653672,0.992566670804603,1.0
13161,15112,179,144,32,4,full,prefix_mean,-0.8111640849028896,-3.7361495885204836,2.9249855036175942,1.0
13161,15112,179,144,32,4,history_mean,current,-2.455025626311624,-3.318893712196996,0.8638680858853722,1.0
13161,15112,179,144,32,4,history_mean,prefix_mean,-2.859312270491904,-3.327806321075701,0.4684940505837969,1.0
13161,15112,179,144,32,4,current_increment,current,-0.1604273296491398,-0.2891259145683715,0.1286985849192317,1.0
13161,15112,179,144,32,4,current_increment,prefix_mean,2.0481481855890147,-0.4083432674447822,2.456491453033797,1.0
13161,15112,179,144,32,4,prompt_only,current,0.1852962466316536,-4.37694677724207,4.562243023873724,1.0
13161,15112,179,144,32,4,prompt_only,prefix_mean,0.7849702790945537,-5.3281292772275926,6.113099556322147,1.0
13161,15112,179,144,32,8,full,current,1.5826685605645523,-2.4192766865680624,4.001945247132615,1.0
13161,15112,179,144,32,8,full,prefix_mean,-0.4686083560694357,-3.072170858222841,2.6035625021534052,1.0
13161,15112,179,144,32,8,history_mean,current,-1.1382738769394791,-3.049892517735941,1.911618640796462,1.0
13161,15112,179,144,32,8,history_mean,prefix_mean,-2.2199016386158927,-3.2893233590177973,1.0694217204019045,1.0
13161,15112,179,144,32,8,current_increment,current,2.720942437504032,0.6306158311678787,2.0903266063361534,1.0
13161,15112,179,144,32,8,current_increment,prefix_mean,1.7512932825464578,0.21715250079495568,1.534140781751502,1.0
13161,15112,179,144,32,8,prompt_only,current,0.5898313667616939,-5.272987075441051,5.862818442202745,1.0
13161,15112,179,144,32,8,prompt_only,prefix_mean,0.724826906509052,-4.860093685302565,5.584920591811617,1.0
13263,15130,93,76,17,1,full,current,-1.5064834710790131,-2.198047766682026,0.691564295603013,1.0
13263,15130,93,76,17,1,full,prefix_mean,-1.5064834710790131,-2.198047766682026,0.691564295603013,1.0
13263,15130,93,76,17,1,history_mean,current,-1.613912323279817,-4.0023733098935,2.3884609866136826,1.0
13263,15130,93,76,17,1,history_mean,prefix_mean,-1.613912323279817,-4.0023733098935,2.3884609866136826,1.0
13263,15130,93,76,17,1,current_increment,current,0.1074288522008037,1.804325543211473,-1.6968966910106693,0.0
13263,15130,93,76,17,1,current_increment,prefix_mean,0.1074288522008037,1.804325543211473,-1.6968966910106693,0.0
13263,15130,93,76,17,1,prompt_only,current,-4.27921174733205,-6.565477813961139,2.2862660666290893,1.0
13263,15130,93,76,17,1,prompt_only,prefix_mean,-4.27921174733205,-6.565477813961139,2.2862660666290893,1.0
13263,15130,93,76,17,2,full,current,-2.245047576322853,-3.722852365145542,1.4778047888226888,1.0
13263,15130,93,76,17,2,full,prefix_mean,-1.8757655237009332,-2.960450065913784,1.0846845422128508,1.0
13263,15130,93,76,17,2,history_mean,current,-1.589509207406138,-3.875681874949168,2.28617266754303,1.0
13263,15130,93,76,17,2,history_mean,prefix_mean,-1.6017107653429776,-3.9390275924213336,2.337316827078356,1.0
13263,15130,93,76,17,2,current_increment,current,-0.6555383689167145,0.1528295098036265,-0.808367878720341,0.0
13263,15130,93,76,17,2,current_increment,prefix_mean,-0.2740547583579554,0.9785775265075498,-1.2526322848655052,0.0
13263,15130,93,76,17,2,prompt_only,current,-1.3424686374958583,-5.665014921155102,4.322546283659244,1.0
13263,15130,93,76,17,2,prompt_only,prefix_mean,-2.810840192413954,-6.11524636755812,3.304406175144166,1.0
13263,15130,93,76,17,4,full,current,-1.0735402192871852,-2.7864150030146155,1.7128747837274303,1.0
13263,15130,93,76,17,4,full,prefix_mean,-1.526259590063225,-2.9463928238247927,1.4201332337615677,1.0
13263,15130,93,76,17,4,history_mean,current,-1.3562833510339147,-3.731599796350872,2.3753164453169573,1.0
13263,15130,93,76,17,4,history_mean,prefix_mean,-1.4988481581156137,-3.862308571201232,2.3634604130856185,1.0
13263,15130,93,76,17,4,current_increment,current,0.2827431317467295,0.9451847933362564,-0.6624416615895269,0.0
13263,15130,93,76,17,4,current_increment,prefix_mean,-0.02741143194761113,0.9159157473764398,-0.9433271793240509,0.0
13263,15130,93,76,17,4,prompt_only,current,-0.5161446161623175,-4.947519517771844,4.4313749016095265,1.0
13263,15130,93,76,17,4,prompt_only,prefix_mean,-2.0578313465694498,-5.4894555315625455,3.4316241849930957,1.0
13263,15130,93,76,17,8,full,current,0.0120425306094711,-1.7505146298158425,1.7625571604253136,1.0
13263,15130,93,76,17,8,full,prefix_mean,-1.1738648550028774,-2.9705098779621846,1.7966450229593072,1.0
13263,15130,93,76,17,8,history_mean,current,-1.520980940787524,-3.410655683847506,1.8896747430599818,1.0
13263,15130,93,76,17,8,history_mean,prefix_mean,-1.516682891139412,-3.6902162992093235,2.1735334080699116,1.0
13263,15130,93,76,17,8,current_increment,current,1.5330234713969952,1.6601410540316637,-0.12711758263466844,0.0
13263,15130,93,76,17,8,current_increment,prefix_mean,0.3428180361365346,0.7197064212471391,-0.3768883851106045,0.0
13263,15130,93,76,17,8,prompt_only,current,-0.5307161102090625,-3.8225716863489687,3.2918555761399064,1.0
13263,15130,93,76,17,8,prompt_only,prefix_mean,-1.8382466872722936,-5.143245442326522,3.304998755054229,1.0
13293,15135,59,44,9,1,full,current,-3.3690277836551803,-3.640456523626503,0.27142873997132266,1.0
13293,15135,59,44,9,1,full,prefix_mean,-3.3690277836551803,-3.640456523626503,0.27142873997132266,1.0
13293,15135,59,44,9,1,history_mean,current,-3.6459435820788086,-3.338743007723289,-0.3072005743555195,0.0
13293,15135,59,44,9,1,history_mean,prefix_mean,-3.6459435820788086,-3.338743007723289,-0.3072005743555195,0.0
13293,15135,59,44,9,1,current_increment,current,0.2769157984236283,-0.3017135159032138,0.5786293143268422,1.0
13293,15135,59,44,9,1,current_increment,prefix_mean,0.2769157984236283,-0.3017135159032138,0.5786293143268422,1.0
13293,15135,59,44,9,1,prompt_only,current,-3.742963788652892,-4.690011428457032,0.9470476398041399,1.0
13293,15135,59,44,9,1,prompt_only,prefix_mean,-3.742963788652892,-4.690011428457032,0.9470476398041399,1.0
13293,15135,59,44,9,2,full,current,-3.432223779525045,-3.459131166829738,0.02690738730469322,1.0
13293,15135,59,44,9,2,full,prefix_mean,-3.4006257815901124,-3.5497938452281206,0.14916806363800816,1.0
13293,15135,59,44,9,2,history_mean,current,-3.6657688094511967,-3.345083571633097,-0.32068523781809954,0.0
13293,15135,59,44,9,2,history_mean,prefix_mean,-3.6558561957650024,-3.3419132896781933,-0.3139429060868091,0.0
13293,15135,59,44,9,2,current_increment,current,0.2335450299261512,-0.1140475951966415,0.3475926251227927,1.0
13293,15135,59,44,9,2,current_increment,prefix_mean,0.25523041417488973,-0.20788055554992765,0.46311096972481736,1.0
13293,15135,59,44,9,2,prompt_only,current,-3.6211747302703614,-5.639448763970618,2.0182740337002567,1.0
13293,15135,59,44,9,2,prompt_only,prefix_mean,-3.6820692594616267,-5.164730096213825,1.4826608367521983,1.0
13293,15135,59,44,9,4,full,current,12.857094322945144,-3.1663937917518274,16.02348811469697,1.0
13293,15135,59,44,9,4,full,prefix_mean,1.3879851218594332,-3.6391425968779267,5.0271277187373595,1.0
13293,15135,59,44,9,4,history_mean,current,-3.317794134309307,-3.4399798443698244,0.12218571006051748,1.0
13293,15135,59,44,9,4,history_mean,prefix_mean,-3.5770755419616425,-3.3660886539913046,-0.21098688797033782,0.0
13293,15135,59,44,9,4,current_increment,current,16.17488845725445,0.2735860526179969,15.901302404636454,1.0
13293,15135,59,44,9,4,current_increment,prefix_mean,4.965060663821076,-0.27305394288662266,5.238114606707699,1.0
13293,15135,59,44,9,4,prompt_only,current,1.418346920242591,-6.207499864927246,7.625846785169837,1.0
13293,15135,59,44,9,4,prompt_only,prefix_mean,-1.7580077777081522,-5.151653520274433,3.3936457425662807,1.0
13293,15135,59,44,9,8,full,current,-3.465954096127093,-4.113917349306725,0.6479632531796318,1.0
13293,15135,59,44,9,8,full,prefix_mean,1.0022248413660546,-3.26940762804019,4.271632469406244,1.0
13293,15135,59,44,9,8,history_mean,current,0.0426737851285452,-3.4554731490333976,3.4981469341619427,1.0
13293,15135,59,44,9,8,history_mean,prefix_mean,-2.0879252146691094,-3.3786342874975888,1.2907090728284794,1.0
13293,15135,59,44,9,8,current_increment,current,-3.508627881255638,-0.6584442002733271,-2.850183680982311,0.0
13293,15135,59,44,9,8,current_increment,prefix_mean,3.090150056035164,0.10922665945739862,2.9809233965777655,1.0
13293,15135,59,44,9,8,prompt_only,current,-2.670539159143506,-3.83076030801464,1.160221148871134,1.0
13293,15135,59,44,9,8,prompt_only,prefix_mean,-1.3302108544873312,-4.937432211471294,3.607221356983963,1.0
13917,15239,25,15,10,1,full,current,-2.7170030946671595,-1.9869728186548123,-0.7300302760123472,0.0
13917,15239,25,15,10,1,full,prefix_mean,-2.7170030946671595,-1.9869728186548123,-0.7300302760123472,0.0
13917,15239,25,15,10,1,history_mean,current,-3.017467492483408,-4.986907872650393,1.969440380166985,1.0
13917,15239,25,15,10,1,history_mean,prefix_mean,-3.017467492483408,-4.986907872650393,1.969440380166985,1.0
13917,15239,25,15,10,1,current_increment,current,0.3004643978162482,2.999935053995581,-2.699470656179333,0.0
13917,15239,25,15,10,1,current_increment,prefix_mean,0.3004643978162482,2.999935053995581,-2.699470656179333,0.0
13917,15239,25,15,10,1,prompt_only,current,-5.423016473091474,-3.913156426872625,-1.509860046218849,0.0
13917,15239,25,15,10,1,prompt_only,prefix_mean,-5.423016473091474,-3.913156426872625,-1.509860046218849,0.0
13917,15239,25,15,10,2,full,current,-3.1647533611877425,-3.597011134575969,0.4322577733882267,1.0
13917,15239,25,15,10,2,full,prefix_mean,-2.940878227927451,-2.7919919766153907,-0.14888625131206012,0.0
13917,15239,25,15,10,2,history_mean,current,-3.090470520084644,-4.628242948977116,1.5377724288924717,1.0
13917,15239,25,15,10,2,history_mean,prefix_mean,-3.053969006284026,-4.8075754108137545,1.7536064045297284,1.0
13917,15239,25,15,10,2,current_increment,current,-0.0742828411030989,1.0312318144011463,-1.1055146555042452,0.0
13917,15239,25,15,10,2,current_increment,prefix_mean,0.11309077835657463,2.015583434198364,-1.9024926558417892,0.0
13917,15239,25,15,10,2,prompt_only,current,-4.287196203088271,-5.153703252200374,0.8665070491121023,1.0
13917,15239,25,15,10,2,prompt_only,prefix_mean,-4.855106338089873,-4.533429839536499,-0.32167649855337377,0.0
13917,15239,25,15,10,4,full,current,-4.418420459930673,-2.859159713423689,-1.5592607465069843,0.0
13917,15239,25,15,10,4,full,prefix_mean,-4.079754017290494,-3.723388986984933,-0.356365030305561,0.0
13917,15239,25,15,10,4,history_mean,current,-3.004087429954937,-4.397348102393988,1.3932606724390513,1.0
13917,15239,25,15,10,4,history_mean,prefix_mean,-3.039817546317203,-4.583155551183096,1.5433380048658933,1.0
13917,15239,25,15,10,4,current_increment,current,-1.4143330299757362,1.538188388970299,-2.952521418946035,0.0
13917,15239,25,15,10,4,current_increment,prefix_mean,-1.0399364709732908,0.8597665641981632,-1.899703035171454,0.0
13917,15239,25,15,10,4,prompt_only,current,-6.426874173916501,-3.965905032103404,-2.4609691418130972,0.0
13917,15239,25,15,10,4,prompt_only,prefix_mean,-5.619279238162912,-4.365026471073999,-1.2542527670889134,0.0
13917,15239,25,15,10,8,full,current,-2.168151681899053,-3.172500312748044,1.0043486308489906,1.0
13917,15239,25,15,10,8,full,prefix_mean,-3.8127389339780393,-3.1749444228630628,-0.6377945111149765,0.0
13917,15239,25,15,10,8,history_mean,current,-3.628137964460292,-3.759564110487903,0.13142614602761116,1.0
13917,15239,25,15,10,8,history_mean,prefix_mean,-3.229287965608548,-4.247811733952482,1.0185237683439343,1.0
13917,15239,25,15,10,8,current_increment,current,1.459986282561239,0.5870637977398596,0.8729224848213795,1.0
13917,15239,25,15,10,8,current_increment,prefix_mean,-0.5834509683694907,1.0728673110894196,-1.6563182794589104,0.0
13917,15239,25,15,10,8,prompt_only,current,-3.16551905166446,-4.4723193521170375,1.3068003004525774,1.0
13917,15239,25,15,10,8,prompt_only,prefix_mean,-4.922175087092296,-4.2169904059215035,-0.7051846811707927,0.0
13917,15239,95,70,23,1,full,current,-4.620328120386369,-1.9384655389984295,-2.6818625813879393,0.0
13917,15239,95,70,23,1,full,prefix_mean,-4.620328120386369,-1.9384655389984295,-2.6818625813879393,0.0
13917,15239,95,70,23,1,history_mean,current,-2.3841378809138063,-3.126491958663027,0.7423540777492206,1.0
13917,15239,95,70,23,1,history_mean,prefix_mean,-2.3841378809138063,-3.126491958663027,0.7423540777492206,1.0
13917,15239,95,70,23,1,current_increment,current,-2.236190239472563,1.188026419664597,-3.42421665913716,0.0
13917,15239,95,70,23,1,current_increment,prefix_mean,-2.236190239472563,1.188026419664597,-3.42421665913716,0.0
13917,15239,95,70,23,1,prompt_only,current,-3.6684134977196994,-4.500958520695504,0.8325450229758049,1.0
13917,15239,95,70,23,1,prompt_only,prefix_mean,-3.6684134977196994,-4.500958520695504,0.8325450229758049,1.0
13917,15239,95,70,23,2,full,current,-2.287832421723737,-2.289783537811104,0.0019511160873668665,1.0
13917,15239,95,70,23,2,full,prefix_mean,-3.4540802710550533,-2.114124538404767,-1.3399557326502864,0.0
13917,15239,95,70,23,2,history_mean,current,-2.7000711456729336,-2.8833126398020794,0.1832414941291458,1.0
13917,15239,95,70,23,2,history_mean,prefix_mean,-2.5421045132933697,-3.004902299232553,0.4627977859391832,1.0
13917,15239,95,70,23,2,current_increment,current,0.4122387239491965,0.5935291019909754,-0.18129037804177894,0.0
13917,15239,95,70,23,2,current_increment,prefix_mean,-0.9119757577616832,0.8907777608277863,-1.8027535185894694,0.0
13917,15239,95,70,23,2,prompt_only,current,-5.3895598588649545,-1.2043067445872169,-4.185253114277738,0.0
13917,15239,95,70,23,2,prompt_only,prefix_mean,-4.528986678292327,-2.8526326326413605,-1.6763540456509665,0.0
13917,15239,95,70,23,4,full,current,-3.5454143754121303,-1.7761096232463454,-1.769304752165785,0.0
13917,15239,95,70,23,4,full,prefix_mean,-2.992358835085182,-2.1028436446352385,-0.8895151904499436,0.0
13917,15239,95,70,23,4,history_mean,current,-2.833121961093906,-2.666707760673771,-0.16641420042013522,0.0
13917,15239,95,70,23,4,history_mean,prefix_mean,-2.7235418994492315,-2.8671180537676433,0.14357615431841175,1.0
13917,15239,95,70,23,4,current_increment,current,-0.7122924143182243,0.8905981374274254,-1.6028905517456498,0.0
13917,15239,95,70,23,4,current_increment,prefix_mean,-0.26881693563594994,0.764274409132405,-1.033091344768355,0.0
13917,15239,95,70,23,4,prompt_only,current,-2.4919416925269875,-2.7011522338540974,0.20921054132710992,1.0
13917,15239,95,70,23,4,prompt_only,prefix_mean,-3.7463869888719334,-2.771033099859917,-0.9753538890120166,0.0
13917,15239,95,70,23,8,full,current,-6.027447461940035,-2.748092715394993,-3.2793547465450423,0.0
13917,15239,95,70,23,8,full,prefix_mean,-3.1175078177077413,-2.2800240562404297,-0.8374837614673116,0.0
13917,15239,95,70,23,8,history_mean,current,-2.766309203408861,-2.552205379139818,-0.21410382426904295,0.0
13917,15239,95,70,23,8,history_mean,prefix_mean,-2.7519164802401805,-2.77546016547928,0.023543685239099332,1.0
13917,15239,95,70,23,8,current_increment,current,-3.2611382585311746,-0.1958873362551747,-3.065250922276,0.0
13917,15239,95,70,23,8,current_increment,prefix_mean,-0.3655913374675611,0.4954361092388503,-0.8610274467064114,0.0
13917,15239,95,70,23,8,prompt_only,current,-6.71640168391315,-4.765687410495408,-1.9507142734177423,0.0
13917,15239,95,70,23,8,prompt_only,prefix_mean,-4.363022038256206,-3.4777990994590455,-0.8852229387971606,0.0
14097,15269,59,41,13,1,full,current,-0.2741796757348783,-6.236851785205172,5.962672109470294,1.0
14097,15269,59,41,13,1,full,prefix_mean,-0.2741796757348783,-6.236851785205172,5.962672109470294,1.0
14097,15269,59,41,13,1,history_mean,current,-4.638864302373063,-4.537403472511889,-0.10146082986117477,0.0
14097,15269,59,41,13,1,history_mean,prefix_mean,-4.638864302373063,-4.537403472511889,-0.10146082986117477,0.0
14097,15269,59,41,13,1,current_increment,current,4.3646846266381845,-1.6994483126932831,6.064132939331468,1.0
14097,15269,59,41,13,1,current_increment,prefix_mean,4.3646846266381845,-1.6994483126932831,6.064132939331468,1.0
14097,15269,59,41,13,1,prompt_only,current,-1.4212023355968342,-7.147303559751818,5.726101224154984,1.0
14097,15269,59,41,13,1,prompt_only,prefix_mean,-1.4212023355968342,-7.147303559751818,5.726101224154984,1.0
14097,15269,59,41,13,2,full,current,3.754630774054164,-3.4071337323049766,7.161764506359141,1.0
14097,15269,59,41,13,2,full,prefix_mean,1.7402255491596428,-4.821992758755075,6.562218307914717,1.0
14097,15269,59,41,13,2,history_mean,current,-4.143351726231808,-4.630006643180238,0.48665491694842977,1.0
14097,15269,59,41,13,2,history_mean,prefix_mean,-4.391108014302436,-4.583705057846063,0.1925970435436275,1.0
14097,15269,59,41,13,2,current_increment,current,7.897982500285972,1.2228729108752612,6.67510958941071,1.0
14097,15269,59,41,13,2,current_increment,prefix_mean,6.1313335634620785,-0.23828770090901097,6.369621264371089,1.0
14097,15269,59,41,13,2,prompt_only,current,1.1736408055791736,-3.0857158487831478,4.259356654362321,1.0
14097,15269,59,41,13,2,prompt_only,prefix_mean,-0.12378076500883028,-5.116509704267483,4.992728939258653,1.0
14097,15269,59,41,13,4,full,current,-3.117585070088982,-3.215393128792804,0.09780805870382236,1.0
14097,15269,59,41,13,4,full,prefix_mean,0.7014095112943175,-4.079442716119257,4.780852227413574,1.0
14097,15269,59,41,13,4,history_mean,current,-2.534380113068252,-4.373658661918876,1.8392785488506238,1.0
14097,15269,59,41,13,4,history_mean,prefix_mean,-3.6219339276984353,-4.5176834516492015,0.8957495239507662,1.0
14097,15269,59,41,13,4,current_increment,current,-0.5832049570207296,1.1582655331260725,-1.741470490146802,0.0
14097,15269,59,41,13,4,current_increment,prefix_mean,4.323343438992753,0.4382407355299455,3.8851027034628074,1.0
14097,15269,59,41,13,4,prompt_only,current,-3.6879154845074016,-5.745671322598283,2.0577558380908814,1.0
14097,15269,59,41,13,4,prompt_only,prefix_mean,-0.11047116054000339,-5.056323272667881,4.945852112127878,1.0
14097,15269,59,41,13,8,full,current,-3.5928838991686645,-4.232682433049303,0.6397985338806382,1.0
14097,15269,59,41,13,8,full,prefix_mean,-0.14481966720199352,-4.039983095517066,3.895163428315072,1.0
14097,15269,59,41,13,8,history_mean,current,-0.965798183787524,-4.118416013536441,3.152617829748917,1.0
14097,15269,59,41,13,8,history_mean,prefix_mean,-2.58160458021868,-4.399674552153984,1.8180699719353042,1.0
14097,15269,59,41,13,8,current_increment,current,-2.62708571538114,-0.1142664195128615,-2.5128192958682787,0.0
14097,15269,59,41,13,8,current_increment,prefix_mean,2.4367849130166865,0.3596914566369183,2.0770934563797683,1.0
14097,15269,59,41,13,8,prompt_only,current,-4.477673169202408,-5.388730914413213,0.9110577452108055,1.0
14097,15269,59,41,13,8,prompt_only,prefix_mean,-0.7609897765461413,-4.968283338127023,4.207293561580881,1.0
14133,15275,45,72,23,1,full,current,-1.6558383986443594,-1.7647066532993223,0.10886825465496286,1.0
14133,15275,45,72,23,1,full,prefix_mean,-1.6558383986443594,-1.7647066532993223,0.10886825465496286,1.0
14133,15275,45,72,23,1,history_mean,current,-1.738437281779025,-2.3199180373872847,0.5814807556082597,1.0
14133,15275,45,72,23,1,history_mean,prefix_mean,-1.738437281779025,-2.3199180373872847,0.5814807556082597,1.0
14133,15275,45,72,23,1,current_increment,current,0.0825988831346655,0.5552113840879622,-0.4726125009532967,0.0
14133,15275,45,72,23,1,current_increment,prefix_mean,0.0825988831346655,0.5552113840879622,-0.4726125009532967,0.0
14133,15275,45,72,23,1,prompt_only,current,-1.6703763021447875,-2.6067236537537646,0.9363473516089771,1.0
14133,15275,45,72,23,1,prompt_only,prefix_mean,-1.6703763021447875,-2.6067236537537646,0.9363473516089771,1.0
14133,15275,45,72,23,2,full,current,-1.165700317428206,-4.999364308318424,3.8336639908902184,1.0
14133,15275,45,72,23,2,full,prefix_mean,-1.4107693580362826,-3.3820354808088733,1.9712661227725907,1.0
14133,15275,45,72,23,2,history_mean,current,-1.669957105793162,-2.7818318803016338,1.1118747745084718,1.0
14133,15275,45,72,23,2,history_mean,prefix_mean,-1.7041971937860936,-2.5508749588444593,0.8466777650583657,1.0
14133,15275,45,72,23,2,current_increment,current,0.504256788364956,-2.2175324280167903,2.7217892163817465,1.0
14133,15275,45,72,23,2,current_increment,prefix_mean,0.29342783574981074,-0.831160521964414,1.1245883577142248,1.0
14133,15275,45,72,23,2,prompt_only,current,-0.7499915785154097,-3.0388734053058872,2.288881826790478,1.0
14133,15275,45,72,23,2,prompt_only,prefix_mean,-1.2101839403300985,-2.822798529529826,1.6126145891997274,1.0
14133,15275,45,72,23,4,full,current,-0.5342720808821402,-3.5717360746306754,3.0374639937485353,1.0
14133,15275,45,72,23,4,full,prefix_mean,-1.138215470017626,-3.2705843947493403,2.1323689247317144,1.0
14133,15275,45,72,23,4,history_mean,current,-1.4183599533777569,-3.092995289139297,1.6746353357615402,1.0
14133,15275,45,72,23,4,history_mean,prefix_mean,-1.6067575300107173,-2.802127157670904,1.1953696276601866,1.0
14133,15275,45,72,23,4,current_increment,current,0.8840878724956165,-0.4787407854913783,1.3628286579869948,1.0
14133,15275,45,72,23,4,current_increment,prefix_mean,0.46854205999309106,-0.46845723707843645,0.9369992970715275,1.0
14133,15275,45,72,23,4,prompt_only,current,1.2818058275891622,-4.265882995625611,5.547688823214773,1.0
14133,15275,45,72,23,4,prompt_only,prefix_mean,-0.410483291665862,-3.5127899280325314,3.1023066363666696,1.0
14133,15275,45,72,23,8,full,current,5.518970782747507,-2.5589966627724303,8.077967445519938,1.0
14133,15275,45,72,23,8,full,prefix_mean,1.8269345907623455,-2.7571180816538967,4.5840526724162425,1.0
14133,15275,45,72,23,8,history_mean,current,0.5318678049088049,-2.88563480969445,3.417502614603255,1.0
14133,15275,45,72,23,8,history_mean,prefix_mean,-1.1247380854411309,-2.97159155038898,1.846853464947849,1.0
14133,15275,45,72,23,8,current_increment,current,4.987102977838703,0.3266381469220198,4.660464830916683,1.0
14133,15275,45,72,23,8,current_increment,prefix_mean,2.9516726762034766,0.2144734687350831,2.7371992074683935,1.0
14133,15275,45,72,23,8,prompt_only,current,4.504684567772132,-3.178853367859402,7.683537935631534,1.0
14133,15275,45,72,23,8,prompt_only,prefix_mean,1.4435378034287503,-3.855788833024883,5.2993266364536336,1.0
14133,15275,145,181,12,1,full,current,-1.8847443851040415,-0.0189383227675543,-1.8658060623364872,0.0
14133,15275,145,181,12,1,full,prefix_mean,-1.8847443851040415,-0.0189383227675543,-1.8658060623364872,0.0
14133,15275,145,181,12,1,history_mean,current,-2.241984981970404,-1.373862235235947,-0.868122746734457,0.0
14133,15275,145,181,12,1,history_mean,prefix_mean,-2.241984981970404,-1.373862235235947,-0.868122746734457,0.0
14133,15275,145,181,12,1,current_increment,current,0.3572405968663623,1.3549239124683927,-0.9976833156020304,0.0
14133,15275,145,181,12,1,current_increment,prefix_mean,0.3572405968663623,1.3549239124683927,-0.9976833156020304,0.0
14133,15275,145,181,12,1,prompt_only,current,-5.4543966780893305,0.6421911967101581,-6.096587874799488,0.0
14133,15275,145,181,12,1,prompt_only,prefix_mean,-5.4543966780893305,0.6421911967101581,-6.096587874799488,0.0
14133,15275,145,181,12,2,full,current,-0.381449643701708,-0.6555767217049705,0.2741270780032625,1.0
14133,15275,145,181,12,2,full,prefix_mean,-1.1330970144028747,-0.3372575222362624,-0.7958394921666123,0.0
14133,15275,145,181,12,2,history_mean,current,-2.204563075237735,-1.1214463421793197,-1.0831167330584153,0.0
14133,15275,145,181,12,2,history_mean,prefix_mean,-2.2232740286040693,-1.2476542887076334,-0.9756197398964359,0.0
14133,15275,145,181,12,2,current_increment,current,1.8231134315360271,0.4658696204743492,1.3572438110616778,1.0
14133,15275,145,181,12,2,current_increment,prefix_mean,1.0901770142011946,0.910396766471371,0.1797802477298236,1.0
14133,15275,145,181,12,2,prompt_only,current,-0.1144460762041428,-0.8861299704356009,0.7716838942314581,1.0
14133,15275,145,181,12,2,prompt_only,prefix_mean,-2.7844213771467365,-0.12196938686272141,-2.662451990284015,0.0
14133,15275,145,181,12,4,full,current,-1.4266617489018183,0.3105374235088577,-1.737199172410676,0.0
14133,15275,145,181,12,4,full,prefix_mean,-1.2709292000526466,0.24499570206799962,-1.5159249021206462,0.0
14133,15275,145,181,12,4,history_mean,current,-1.796907630734728,-0.6622964587092725,-1.1346111720254557,0.0
14133,15275,145,181,12,4,history_mean,prefix_mean,-2.0240103991905625,-1.0487237146833692,-0.9752866845071932,0.0
14133,15275,145,181,12,4,current_increment,current,0.3702458818329095,0.9728338822181302,-0.6025880003852206,0.0
14133,15275,145,181,12,4,current_increment,prefix_mean,0.7530811991379158,1.293719416751369,-0.5406382176134532,0.0
14133,15275,145,181,12,4,prompt_only,current,-1.0679146254283725,-0.2513535771967377,-0.8165610482316348,0.0
14133,15275,145,181,12,4,prompt_only,prefix_mean,-1.6001134520659468,-0.11104663858497722,-1.4890668134809695,0.0
14133,15275,145,181,12,8,full,current,-3.098003285211939,1.1531859225857728,-4.251189207797712,0.0
14133,15275,145,181,12,8,full,prefix_mean,-1.094453924695678,0.3876226118644391,-1.482076536560117,0.0
14133,15275,145,181,12,8,history_mean,current,-0.7972550476569893,0.4391005948097586,-1.236355642466748,0.0
14133,15275,145,181,12,8,history_mean,prefix_mean,-1.6926448996348058,-0.5782552712174244,-1.1143896284173813,0.0
14133,15275,145,181,12,8,current_increment,current,-2.300748237554949,0.7140853277760142,-3.0148335653309632,0.0
14133,15275,145,181,12,8,current_increment,prefix_mean,0.5981909749391278,0.9658778830818635,-0.36768690814273575,0.0
14133,15275,145,181,12,8,prompt_only,current,-3.4165045449396345,0.3214487983605514,-3.7379533433001857,0.0
14133,15275,145,181,12,8,prompt_only,prefix_mean,-1.3411277504117567,-0.2536333174809288,-1.0874944329308278,0.0
14133,15275,126,161,12,1,full,current,-1.7714424705809892,-0.9677199509011928,-0.8037225196797965,0.0
14133,15275,126,161,12,1,full,prefix_mean,-1.7714424705809892,-0.9677199509011928,-0.8037225196797965,0.0
14133,15275,126,161,12,1,history_mean,current,-1.6051521568965823,-2.210018326597736,0.6048661697011535,1.0
14133,15275,126,161,12,1,history_mean,prefix_mean,-1.6051521568965823,-2.210018326597736,0.6048661697011535,1.0
14133,15275,126,161,12,1,current_increment,current,-0.1662903136844067,1.2422983756965436,-1.4085886893809503,0.0
14133,15275,126,161,12,1,current_increment,prefix_mean,-0.1662903136844067,1.2422983756965436,-1.4085886893809503,0.0
14133,15275,126,161,12,1,prompt_only,current,-4.1069783070596255,-2.947772315110204,-1.1592059919494213,0.0
14133,15275,126,161,12,1,prompt_only,prefix_mean,-4.1069783070596255,-2.947772315110204,-1.1592059919494213,0.0
14133,15275,126,161,12,2,full,current,-1.2859620612502132,-1.0199509588283264,-0.26601110242188675,0.0
14133,15275,126,161,12,2,full,prefix_mean,-1.528702265915601,-0.9938354548647597,-0.5348668110508414,0.0
14133,15275,126,161,12,2,history_mean,current,-1.636140087266614,-2.211692304909275,0.5755522176426608,1.0
14133,15275,126,161,12,2,history_mean,prefix_mean,-1.6206461220815982,-2.2108553157535056,0.5902091936719074,1.0
14133,15275,126,161,12,2,current_increment,current,0.3501780260164007,1.1917413460809485,-0.8415633200645478,0.0
14133,15275,126,161,12,2,current_increment,prefix_mean,0.091943856165997,1.2170198608887461,-1.125076004722749,0.0
14133,15275,126,161,12,2,prompt_only,current,-1.4920457992419915,-2.8441536795889064,1.3521078803469149,1.0
14133,15275,126,161,12,2,prompt_only,prefix_mean,-2.7995120531508086,-2.8959629973495553,0.09645094419874667,1.0
14133,15275,126,161,12,4,full,current,1.0596900645553244,-1.4171186009370789,2.4768086654924035,1.0
14133,15275,126,161,12,4,full,prefix_mean,-0.7093345030386369,-1.1603921787726883,0.4510576757340514,1.0
14133,15275,126,161,12,4,history_mean,current,-1.357872090123027,-1.7674404983913008,0.4095684082682738,1.0
14133,15275,126,161,12,4,history_mean,prefix_mean,-1.5217630269475377,-2.0482595505423062,0.5264965235947685,1.0
14133,15275,126,161,12,4,current_increment,current,2.4175621546783512,0.3503218974542219,2.0672402572241295,1.0
14133,15275,126,161,12,4,current_increment,prefix_mean,0.8124285239089009,0.887867371769618,-0.0754388478607172,0.0
14133,15275,126,161,12,4,prompt_only,current,-2.7440481999698765,-5.112140987482523,2.368092787512647,1.0
14133,15275,126,161,12,4,prompt_only,prefix_mean,-2.301370402929547,-3.102784281030065,0.8014138781005182,1.0
14133,15275,126,161,12,8,full,current,-3.4591015058386256,-3.1782270263346,-0.28087447950402566,0.0
14133,15275,126,161,12,8,full,prefix_mean,-1.56246719589778,-1.2552154778711375,-0.30725171802664253,0.0
14133,15275,126,161,12,8,history_mean,current,-1.383123911637125,-1.5692700643219497,0.1861461526848247,1.0
14133,15275,126,161,12,8,history_mean,prefix_mean,-1.358346951560113,-1.805430762539256,0.44708381097914307,1.0
14133,15275,126,161,12,8,current_increment,current,-2.0759775942015004,-1.6089569620126505,-0.4670206321888499,0.0
14133,15275,126,161,12,8,current_increment,prefix_mean,-0.20412024433766723,0.5502152846681188,-0.754335529005786,0.0
14133,15275,126,161,12,8,prompt_only,current,-4.561188788564414,-2.8175672757793926,-1.7436215127850216,0.0
14133,15275,126,161,12,8,prompt_only,prefix_mean,-2.731407686958174,-3.0706402591282425,0.33923257217006864,1.0
14283,15300,147,96,19,1,full,current,-1.178691281408133,-4.573245219455957,3.3945539380478245,1.0
14283,15300,147,96,19,1,full,prefix_mean,-1.178691281408133,-4.573245219455957,3.3945539380478245,1.0
14283,15300,147,96,19,1,history_mean,current,-2.998379646026882,-3.6907061545007367,0.6923265084738546,1.0
14283,15300,147,96,19,1,history_mean,prefix_mean,-2.998379646026882,-3.6907061545007367,0.6923265084738546,1.0
14283,15300,147,96,19,1,current_increment,current,1.8196883646187487,-0.8825390649552207,2.7022274295739694,1.0
14283,15300,147,96,19,1,current_increment,prefix_mean,1.8196883646187487,-0.8825390649552207,2.7022274295739694,1.0
14283,15300,147,96,19,1,prompt_only,current,-2.850778293482464,-3.1648101549708816,0.31403186148841744,1.0
14283,15300,147,96,19,1,prompt_only,prefix_mean,-2.850778293482464,-3.1648101549708816,0.31403186148841744,1.0
14283,15300,147,96,19,2,full,current,-2.1536769895742967,-3.266294292723845,1.1126173031495483,1.0
14283,15300,147,96,19,2,full,prefix_mean,-1.6661841354912148,-3.9197697560899014,2.2535856205986864,1.0
14283,15300,147,96,19,2,history_mean,current,-2.9252961525476224,-3.7015313031306447,0.7762351505830223,1.0
14283,15300,147,96,19,2,history_mean,prefix_mean,-2.9618378992872523,-3.6961187288156907,0.7342808295284384,1.0
14283,15300,147,96,19,2,current_increment,current,0.7716191629733258,0.4352370104067997,0.3363821525665261,1.0
14283,15300,147,96,19,2,current_increment,prefix_mean,1.2956537637960372,-0.22365102727421052,1.5193047910702477,1.0
14283,15300,147,96,19,2,prompt_only,current,-1.5655330921743478,-4.874037142796764,3.3085040506224166,1.0
14283,15300,147,96,19,2,prompt_only,prefix_mean,-2.208155692828406,-4.019423648883823,1.811267956055417,1.0
14283,15300,147,96,19,4,full,current,-2.4967029426516074,-3.403616214361608,0.9069132717100006,1.0
14283,15300,147,96,19,4,full,prefix_mean,-1.8629902483019036,-3.5173914467806435,1.65440119847874,1.0
14283,15300,147,96,19,4,history_mean,current,-2.6628051647792232,-3.7237928879510775,1.0609877231718543,1.0
14283,15300,147,96,19,4,history_mean,prefix_mean,-2.8585051569733553,-3.737580402938272,0.8790752459649167,1.0
14283,15300,147,96,19,4,current_increment,current,0.1661022221276158,0.3201766735894695,-0.1540744514618537,0.0
14283,15300,147,96,19,4,current_increment,prefix_mean,0.9955149086714514,0.22018895615762907,0.7753259525138223,1.0
14283,15300,147,96,19,4,prompt_only,current,-1.4773590652173498,-4.068440545317379,2.591081480100029,1.0
14283,15300,147,96,19,4,prompt_only,prefix_mean,-1.698237979106803,-4.215765875023805,2.5175278959170018,1.0
14283,15300,147,96,19,8,full,current,0.919342066926632,-4.29341068118296,5.212752748109592,1.0
14283,15300,147,96,19,8,full,prefix_mean,-1.0942078977195777,-3.2991580128927955,2.204950115173218,1.0
14283,15300,147,96,19,8,history_mean,current,-1.8271561848414308,-3.1917246909825394,1.3645685061411086,1.0
14283,15300,147,96,19,8,history_mean,prefix_mean,-2.5381976939348116,-3.5777830777445323,1.0395853838097207,1.0
14283,15300,147,96,19,8,current_increment,current,2.7464982517680627,-1.101685990200421,3.8481842419684837,1.0
14283,15300,147,96,19,8,current_increment,prefix_mean,1.4439897962152337,0.27862506485173655,1.1653647313634972,1.0
14283,15300,147,96,19,8,prompt_only,current,-0.8160039431824628,-2.7233288747393534,1.9073249315568905,1.0
14283,15300,147,96,19,8,prompt_only,prefix_mean,-1.449810389845687,-3.5095572293480832,2.059746839502396,1.0
14283,15300,218,185,17,1,full,current,-1.356008215410649,-4.996181499038846,3.640173283628197,1.0
14283,15300,218,185,17,1,full,prefix_mean,-1.356008215410649,-4.996181499038846,3.640173283628197,1.0
14283,15300,218,185,17,1,history_mean,current,-1.6999299183528478,-3.262336332341988,1.5624064139891403,1.0
14283,15300,218,185,17,1,history_mean,prefix_mean,-1.6999299183528478,-3.262336332341988,1.5624064139891403,1.0
14283,15300,218,185,17,1,current_increment,current,0.3439217029421988,-1.7338451666968575,2.0777668696390563,1.0
14283,15300,218,185,17,1,current_increment,prefix_mean,0.3439217029421988,-1.7338451666968575,2.0777668696390563,1.0
14283,15300,218,185,17,1,prompt_only,current,-1.300826176561403,-4.415088315114993,3.1142621385535896,1.0
14283,15300,218,185,17,1,prompt_only,prefix_mean,-1.300826176561403,-4.415088315114993,3.1142621385535896,1.0
14283,15300,218,185,17,2,full,current,-2.06774985307308,-2.604003392480018,0.5362535394069381,1.0
14283,15300,218,185,17,2,full,prefix_mean,-1.7118790342418644,-3.800092445759432,2.0882134115175672,1.0
14283,15300,218,185,17,2,history_mean,current,-1.6783750918010585,-3.5202240147543646,1.8418489229533062,1.0
14283,15300,218,185,17,2,history_mean,prefix_mean,-1.6891525050769531,-3.3912801735481763,1.7021276684712232,1.0
14283,15300,218,185,17,2,current_increment,current,-0.389374761272022,0.9162206222743468,-1.3055953835463687,0.0
14283,15300,218,185,17,2,current_increment,prefix_mean,-0.02272652916491158,-0.4088122722112554,0.3860857430463438,1.0
14283,15300,218,185,17,2,prompt_only,current,-1.3400138432350797,-4.465512476955396,3.1254986337203166,1.0
14283,15300,218,185,17,2,prompt_only,prefix_mean,-1.3204200098982413,-4.4403003960351946,3.1198803861369533,1.0
14283,15300,218,185,17,4,full,current,-0.6655048075036811,-0.9856459730723844,0.3201411655687033,1.0
14283,15300,218,185,17,4,full,prefix_mean,-1.4615093243066521,-2.5576977441062847,1.0961884197996326,1.0
14283,15300,218,185,17,4,history_mean,current,-1.8002435038465023,-3.371969483839917,1.5717259799934147,1.0
14283,15300,218,185,17,4,history_mean,prefix_mean,-1.7491975572741154,-3.4082258415506064,1.659028284276491,1.0
14283,15300,218,185,17,4,current_increment,current,1.1347386963428212,2.386323510767532,-1.2515848144247106,0.0
14283,15300,218,185,17,4,current_increment,prefix_mean,0.28768823296746315,0.8505280974443213,-0.5628398644768582,0.0
14283,15300,218,185,17,4,prompt_only,current,-0.985474987736054,0.2594293337063311,-1.2449043214423852,0.0
14283,15300,218,185,17,4,prompt_only,prefix_mean,-1.1635690232857039,-2.851115517253359,1.687546493967655,1.0
14283,15300,218,185,17,8,full,current,-0.7954589135716097,-1.6742332500646393,0.8787743364930296,1.0
14283,15300,218,185,17,8,full,prefix_mean,-0.9172579515548305,-2.071496311051524,1.1542383594966934,1.0
14283,15300,218,185,17,8,history_mean,current,-1.362035210717727,-2.345395932441284,0.9833607217235572,1.0
14283,15300,218,185,17,8,history_mean,prefix_mean,-1.7325444769579506,-3.0352004542289537,1.3026559772710031,1.0
14283,15300,218,185,17,8,current_increment,current,0.5665762971461172,0.6711626823766443,-0.1045863852305271,0.0
14283,15300,218,185,17,8,current_increment,prefix_mean,0.8152865254031199,0.9637041431774296,-0.14841761777430973,0.0
14283,15300,218,185,17,8,prompt_only,current,-1.1605979798908328,-1.597634435057078,0.4370364551662451,1.0
14283,15300,218,185,17,8,prompt_only,prefix_mean,-1.1166261321870954,-2.0700872041570757,0.9534610719699803,1.0
14295,15302,151,123,16,1,full,current,-2.5673439794746096,-4.080028637477442,1.5126846580028324,1.0
14295,15302,151,123,16,1,full,prefix_mean,-2.5673439794746096,-4.080028637477442,1.5126846580028324,1.0
14295,15302,151,123,16,1,history_mean,current,-3.2569563443694505,-3.022202138404396,-0.23475420596505447,0.0
14295,15302,151,123,16,1,history_mean,prefix_mean,-3.2569563443694505,-3.022202138404396,-0.23475420596505447,0.0
14295,15302,151,123,16,1,current_increment,current,0.6896123648948409,-1.0578264990730464,1.7474388639678873,1.0
14295,15302,151,123,16,1,current_increment,prefix_mean,0.6896123648948409,-1.0578264990730464,1.7474388639678873,1.0
14295,15302,151,123,16,1,prompt_only,current,-3.5929931088229496,-4.30909749677422,0.7161043879512707,1.0
14295,15302,151,123,16,1,prompt_only,prefix_mean,-3.5929931088229496,-4.30909749677422,0.7161043879512707,1.0
14295,15302,151,123,16,2,full,current,-2.4388370364008742,-2.7325131072153117,0.2936760708144375,1.0
14295,15302,151,123,16,2,full,prefix_mean,-2.503090507937742,-3.4062708723463766,0.9031803644086347,1.0
14295,15302,151,123,16,2,history_mean,current,-3.145122992734218,-3.15987335124234,0.014750358508121675,1.0
14295,15302,151,123,16,2,history_mean,prefix_mean,-3.201039668551834,-3.091037744823368,-0.11000192372846618,0.0
14295,15302,151,123,16,2,current_increment,current,0.7062859563333439,0.4273602440270281,0.2789257123063158,1.0
14295,15302,151,123,16,2,current_increment,prefix_mean,0.6979491606140924,-0.31523312752300914,1.0131822881371015,1.0
14295,15302,151,123,16,2,prompt_only,current,-3.552570848143734,-3.4197256940184277,-0.1328451541253064,0.0
14295,15302,151,123,16,2,prompt_only,prefix_mean,-3.572781978483342,-3.864411595396324,0.29162961691298195,1.0
14295,15302,151,123,16,4,full,current,1.49942099703074,-2.6913320586198486,4.190753055650589,1.0
14295,15302,151,123,16,4,full,prefix_mean,-1.4090478297992401,-3.3575080698631625,1.9484602400639224,1.0
14295,15302,151,123,16,4,history_mean,current,-3.039061847761252,-3.3630473265630654,0.3239854788018133,1.0
14295,15302,151,123,16,4,history_mean,prefix_mean,-3.136601749312262,-3.2121260298691743,0.07552428055691207,1.0
14295,15302,151,123,16,4,current_increment,current,4.538482844791992,0.6717152679432168,3.8667675768487753,1.0
14295,15302,151,123,16,4,current_increment,prefix_mean,1.7275539195130225,-0.1453820399939889,1.8729359595070114,1.0
14295,15302,151,123,16,4,prompt_only,current,-1.4656072130150852,-5.1370234448187775,3.6714162318036925,1.0
14295,15302,151,123,16,4,prompt_only,prefix_mean,-3.1177157191572427,-4.25197511015435,1.1342593909971077,1.0
14295,15302,151,123,16,8,full,current,0.3549748291276616,-2.202469280400007,2.5574441095276685,1.0
14295,15302,151,123,16,8,full,prefix_mean,-0.8045441280025333,-3.4507252460927234,2.64618111809019,1.0
14295,15302,151,123,16,8,history_mean,current,-1.5402037475523005,-3.3645411271675982,1.8243373796152977,1.0
14295,15302,151,123,16,8,history_mean,prefix_mean,-2.5786862225773417,-3.2857738073789857,0.707087584801644,1.0
14295,15302,151,123,16,8,current_increment,current,1.895178576679962,1.1620718467675912,0.7331067299123708,1.0
14295,15302,151,123,16,8,current_increment,prefix_mean,1.7741420945748088,-0.16495143871373785,1.9390935332885466,1.0
14295,15302,151,123,16,8,prompt_only,current,1.4608352177177812,-3.80491707314851,5.265752290866291,1.0
14295,15302,151,123,16,8,prompt_only,prefix_mean,-1.8135666316671308,-4.648518640432831,2.8349520087657005,1.0
14397,15320,91,63,6,1,full,current,-2.650730889386596,-2.5473010112362453,-0.10342987815035087,0.0
14397,15320,91,63,6,1,full,prefix_mean,-2.650730889386596,-2.5473010112362453,-0.10342987815035087,0.0
14397,15320,91,63,6,1,history_mean,current,-4.605364579329188,-3.908512788718008,-0.6968517906111802,0.0
14397,15320,91,63,6,1,history_mean,prefix_mean,-4.605364579329188,-3.908512788718008,-0.6968517906111802,0.0
14397,15320,91,63,6,1,current_increment,current,1.954633689942592,1.3612117774817625,0.5934219124608295,1.0
14397,15320,91,63,6,1,current_increment,prefix_mean,1.954633689942592,1.3612117774817625,0.5934219124608295,1.0
14397,15320,91,63,6,1,prompt_only,current,-7.214257075056007,-6.222854751978921,-0.9914023230770859,0.0
14397,15320,91,63,6,1,prompt_only,prefix_mean,-7.214257075056007,-6.222854751978921,-0.9914023230770859,0.0
14397,15320,91,63,6,2,full,current,-0.0340425049799939,-4.7682776826743325,4.734235177694338,1.0
14397,15320,91,63,6,2,full,prefix_mean,-1.342386697183295,-3.6577893469552887,2.3154026497719937,1.0
14397,15320,91,63,6,2,history_mean,current,-4.520748953285823,-3.725711433614708,-0.7950375196711148,0.0
14397,15320,91,63,6,2,history_mean,prefix_mean,-4.563056766307506,-3.8171121111663577,-0.7459446551411482,0.0
14397,15320,91,63,6,2,current_increment,current,4.486706448305829,-1.0425662490596244,5.529272697365453,1.0
14397,15320,91,63,6,2,current_increment,prefix_mean,3.2206700691242105,0.15932276421106906,3.0613473049131414,1.0
14397,15320,91,63,6,2,prompt_only,current,-3.883174405080453,-4.952665074981547,1.0694906699010938,1.0
14397,15320,91,63,6,2,prompt_only,prefix_mean,-5.54871574006823,-5.587759913480234,0.0390441734120035,1.0
14397,15320,91,63,6,4,full,current,-0.1208325243112475,-4.956836854579715,4.836004330268467,1.0
14397,15320,91,63,6,4,full,prefix_mean,-0.9118436032260356,-3.928181456314359,3.0163378530883236,1.0
14397,15320,91,63,6,4,history_mean,current,-3.79082389360836,-4.070915864163854,0.28009197055549384,1.0
14397,15320,91,63,6,4,history_mean,prefix_mean,-4.236779393116696,-3.860334958639437,-0.37644443447725884,0.0
14397,15320,91,63,6,4,current_increment,current,3.669991369297112,-0.8859209904158609,4.555912359712973,1.0
14397,15320,91,63,6,4,current_increment,prefix_mean,3.32493578989066,-0.0678464976749219,3.392782287565582,1.0
14397,15320,91,63,6,4,prompt_only,current,-1.0778720616704478,-4.6253266464227005,3.547454584752253,1.0
14397,15320,91,63,6,4,prompt_only,prefix_mean,-3.782217860910519,-5.932977884176088,2.150760023265569,1.0
14469,15332,77,39,27,1,full,current,-1.4121869016517374,-3.5686318259131653,2.156444924261428,1.0
14469,15332,77,39,27,1,full,prefix_mean,-1.4121869016517374,-3.5686318259131653,2.156444924261428,1.0
14469,15332,77,39,27,1,history_mean,current,-3.3299123989583337,-3.0053503068852523,-0.3245620920730814,0.0
14469,15332,77,39,27,1,history_mean,prefix_mean,-3.3299123989583337,-3.0053503068852523,-0.3245620920730814,0.0
14469,15332,77,39,27,1,current_increment,current,1.917725497306596,-0.563281519027913,2.481007016334509,1.0
14469,15332,77,39,27,1,current_increment,prefix_mean,1.917725497306596,-0.563281519027913,2.481007016334509,1.0
14469,15332,77,39,27,1,prompt_only,current,-2.853480235271734,-3.3986991363145167,0.5452189010427828,1.0
14469,15332,77,39,27,1,prompt_only,prefix_mean,-2.853480235271734,-3.3986991363145167,0.5452189010427828,1.0
14469,15332,77,39,27,2,full,current,-3.3030638893125173,-2.7945181969542845,-0.5085456923582328,0.0
14469,15332,77,39,27,2,full,prefix_mean,-2.3576253954821276,-3.1815750114337247,0.8239496159515971,1.0
14469,15332,77,39,27,2,history_mean,current,-3.09668306142745,-3.032089622488698,-0.06459343893875191,0.0
14469,15332,77,39,27,2,history_mean,prefix_mean,-3.2132977301928918,-3.018719964686975,-0.19457776550591666,0.0
14469,15332,77,39,27,2,current_increment,current,-0.2063808278850674,0.2375714255344134,-0.4439522534194808,0.0
14469,15332,77,39,27,2,current_increment,prefix_mean,0.8556723347107643,-0.1628550467467498,1.0185273814575142,1.0
14469,15332,77,39,27,2,prompt_only,current,-1.8760315913515413,-3.3881326687423394,1.5121010773907981,1.0
14469,15332,77,39,27,2,prompt_only,prefix_mean,-2.3647559133116376,-3.393415902528428,1.0286599892167905,1.0
14469,15332,77,39,27,4,full,current,-4.612415652173261,-3.390603765411064,-1.2218118867621968,0.0
14469,15332,77,39,27,4,full,prefix_mean,-3.424658366301893,-3.4478614533567358,0.023203087054842975,1.0
14469,15332,77,39,27,4,history_mean,current,-3.1896255686989887,-3.285670312213256,0.09604474351426706,1.0
14469,15332,77,39,27,4,history_mean,prefix_mean,-3.1562122779900097,-3.0879204948512737,-0.06829178313873596,0.0
14469,15332,77,39,27,4,current_increment,current,-1.422790083474272,-0.1049334531978081,-1.3178566302764638,0.0
14469,15332,77,39,27,4,current_increment,prefix_mean,-0.2684460883118827,-0.35994095850546237,0.09149487019357966,1.0
14469,15332,77,39,27,4,prompt_only,current,-4.298242545157833,-4.126592011820758,-0.17165053333707458,0.0
14469,15332,77,39,27,4,prompt_only,prefix_mean,-3.199953776952025,-3.8538184628233783,0.653864685871353,1.0
14469,15332,77,39,27,8,full,current,-1.7596274793901037,-2.6361716374802744,0.8765441580901707,1.0
14469,15332,77,39,27,8,full,prefix_mean,-2.5969478452358787,-2.957287399035566,0.3603395537996872,1.0
14469,15332,77,39,27,8,history_mean,current,-2.947693396754372,-3.017810387165582,0.07011699041121,1.0
14469,15332,77,39,27,8,history_mean,prefix_mean,-3.1957444130010004,-3.140016970360012,-0.05572744264098839,0.0
14469,15332,77,39,27,8,current_increment,current,1.188065917364268,0.3816387496853077,0.8064271676789603,1.0
14469,15332,77,39,27,8,current_increment,prefix_mean,0.5987965677651217,0.18272957132444617,0.4160669964406755,1.0
14469,15332,77,39,27,8,prompt_only,current,-2.9169783439581183,-1.9356142131499283,-0.98136413080819,0.0
14469,15332,77,39,27,8,prompt_only,prefix_mean,-3.360382349667714,-3.076184885178828,-0.28419746448888583,0.0
14511,15339,63,43,15,1,full,current,-2.2086917844584395,-4.238869638198792,2.0301778537403523,1.0
14511,15339,63,43,15,1,full,prefix_mean,-2.2086917844584395,-4.238869638198792,2.0301778537403523,1.0
14511,15339,63,43,15,1,history_mean,current,-3.310976836822127,-4.002355316054138,0.6913784792320112,1.0
14511,15339,63,43,15,1,history_mean,prefix_mean,-3.310976836822127,-4.002355316054138,0.6913784792320112,1.0
14511,15339,63,43,15,1,current_increment,current,1.1022850523636871,-0.2365143221446537,1.3387993745083409,1.0
14511,15339,63,43,15,1,current_increment,prefix_mean,1.1022850523636871,-0.2365143221446537,1.3387993745083409,1.0
14511,15339,63,43,15,1,prompt_only,current,-1.7436419031121162,-3.0276800657088607,1.2840381625967445,1.0
14511,15339,63,43,15,1,prompt_only,prefix_mean,-1.7436419031121162,-3.0276800657088607,1.2840381625967445,1.0
14511,15339,63,43,15,2,full,current,-3.505893396029684,-4.953677059497099,1.4477836634674146,1.0
14511,15339,63,43,15,2,full,prefix_mean,-2.857292590244062,-4.596273348847945,1.7389807586038835,1.0
14511,15339,63,43,15,2,history_mean,current,-3.174539344495181,-4.040928692485403,0.8663893479902223,1.0
14511,15339,63,43,15,2,history_mean,prefix_mean,-3.242758090658654,-4.02164200426977,0.7788839136111161,1.0
14511,15339,63,43,15,2,current_increment,current,-0.3313540515345026,-0.9127483670116954,0.5813943154771928,1.0
14511,15339,63,43,15,2,current_increment,prefix_mean,0.38546550041459227,-0.5746313445781746,0.9600968449927668,1.0
14511,15339,63,43,15,2,prompt_only,current,-3.826802730935249,-2.9155113784522824,-0.9112913524829667,0.0
14511,15339,63,43,15,2,prompt_only,prefix_mean,-2.7852223170236825,-2.9715957220805715,0.18637340505688904,1.0
14511,15339,63,43,15,4,full,current,-2.29297932216433,-4.34650246901104,2.0535231468467097,1.0
14511,15339,63,43,15,4,full,prefix_mean,-2.967096156047948,-4.678225027591567,1.7111288715436186,1.0
14511,15339,63,43,15,4,history_mean,current,-3.263346010658381,-4.206768400051066,0.9434223893926852,1.0
14511,15339,63,43,15,4,history_mean,prefix_mean,-3.216967863792623,-4.087306950613932,0.8703390868213092,1.0
14511,15339,63,43,15,4,current_increment,current,0.9703666884940508,-0.1397340689599735,1.1101007574540243,1.0
14511,15339,63,43,15,4,current_increment,prefix_mean,0.24987170774467474,-0.5909180769776341,0.8407897847223088,1.0
14511,15339,63,43,15,4,prompt_only,current,-0.3252488482079976,-4.75120512075944,4.425956272551443,1.0
14511,15339,63,43,15,4,prompt_only,prefix_mean,-1.808708485208066,-3.619750328113386,1.81104184290532,1.0
14511,15339,63,43,15,8,full,current,-0.6454151906840546,-3.134018312525852,2.4886031218417974,1.0
14511,15339,63,43,15,8,full,prefix_mean,-2.0431297700020212,-4.360533086704185,2.317403316702164,1.0
14511,15339,63,43,15,8,history_mean,current,-2.7782675657654607,-4.424763142446073,1.6464955766806124,1.0
14511,15339,63,43,15,8,history_mean,prefix_mean,-3.124328697486827,-4.217480626549534,1.093151929062707,1.0
14511,15339,63,43,15,8,current_increment,current,2.132852375081406,1.2907448299202215,0.8421075451611846,1.0
14511,15339,63,43,15,8,current_increment,prefix_mean,1.0811989274848062,-0.14305246015465184,1.224251387639458,1.0
14511,15339,63,43,15,8,prompt_only,current,-3.394309106715492,-3.3859627174904814,-0.008346389225010409,0.0
14511,15339,63,43,15,8,prompt_only,prefix_mean,-2.1575274858132083,-3.785760116001164,1.6282326301879557,1.0
14715,15373,138,194,10,1,full,current,0.0541203445398084,-4.543483085755114,4.597603430294923,1.0
14715,15373,138,194,10,1,full,prefix_mean,0.0541203445398084,-4.543483085755114,4.597603430294923,1.0
14715,15373,138,194,10,1,history_mean,current,-2.092674769068279,-3.457882650457259,1.3652078813889799,1.0
14715,15373,138,194,10,1,history_mean,prefix_mean,-2.092674769068279,-3.457882650457259,1.3652078813889799,1.0
14715,15373,138,194,10,1,current_increment,current,2.1467951136080874,-1.0856004352978554,3.232395548905943,1.0
14715,15373,138,194,10,1,current_increment,prefix_mean,2.1467951136080874,-1.0856004352978554,3.232395548905943,1.0
14715,15373,138,194,10,1,prompt_only,current,2.6366562945636423,-3.231482404480981,5.868138699044623,1.0
14715,15373,138,194,10,1,prompt_only,prefix_mean,2.6366562945636423,-3.231482404480981,5.868138699044623,1.0
14715,15373,138,194,10,2,full,current,0.8945323703152255,-3.3400071223173065,4.234539492632532,1.0
14715,15373,138,194,10,2,full,prefix_mean,0.47432635742751694,-3.9417451040362104,4.416071461463727,1.0
14715,15373,138,194,10,2,history_mean,current,-1.9233592398420651,-3.583186133050873,1.6598268932088078,1.0
14715,15373,138,194,10,2,history_mean,prefix_mean,-2.008017004455172,-3.520534391754066,1.5125173872988942,1.0
14715,15373,138,194,10,2,current_increment,current,2.817891610157291,0.2431790107335665,2.5747125994237243,1.0
14715,15373,138,194,10,2,current_increment,prefix_mean,2.4823433618826893,-0.42121071228214446,2.903554074164834,1.0
14715,15373,138,194,10,2,prompt_only,current,1.6697057026925164,-3.817700985133204,5.487406687825721,1.0
14715,15373,138,194,10,2,prompt_only,prefix_mean,2.153180998628079,-3.524591694807093,5.6777726934351715,1.0
14715,15373,138,194,10,4,full,current,3.2755259251219857,-3.721447493732191,6.996973418854177,1.0
14715,15373,138,194,10,4,full,prefix_mean,1.0789030010242087,-3.513829677090447,4.592732678114656,1.0
14715,15373,138,194,10,4,history_mean,current,-1.358944174122297,-3.484159067153553,2.1252148930312558,1.0
14715,15373,138,194,10,4,history_mean,prefix_mean,-1.7749878055823942,-3.5134570885099112,1.738469282927517,1.0
14715,15373,138,194,10,4,current_increment,current,4.634470099244282,-0.2372884265786377,4.87175852582292,1.0
14715,15373,138,194,10,4,current_increment,prefix_mean,2.8538908066066027,-0.0003725885805361262,2.8542633951871386,1.0
14715,15373,138,194,10,4,prompt_only,current,6.146174779825931,-1.7177770898561973,7.863951869682128,1.0
14715,15373,138,194,10,4,prompt_only,prefix_mean,3.4709493886890765,-3.1235142044640325,6.594463593153109,1.0
14715,15373,138,194,10,8,full,current,-0.0214517915846539,-3.544125213789766,3.5226734222051124,1.0
14715,15373,138,194,10,8,full,prefix_mean,0.7215176968917429,-3.623048080875692,4.344565777767436,1.0
14715,15373,138,194,10,8,history_mean,current,-0.333668901381543,-3.825244094895987,3.491575193514444,1.0
14715,15373,138,194,10,8,history_mean,prefix_mean,-1.2132494615674334,-3.576779040538531,2.3635295789710975,1.0
14715,15373,138,194,10,8,current_increment,current,0.3122171097968891,0.2811188811062211,0.03109822869066803,1.0
14715,15373,138,194,10,8,current_increment,prefix_mean,1.9347671584591766,-0.04626904033716156,1.981036198796338,1.0
14715,15373,138,194,10,8,prompt_only,current,2.718989172174248,-3.022810326381037,5.7417994985552845,1.0
14715,15373,138,194,10,8,prompt_only,prefix_mean,2.8109533297353284,-3.6497775536283226,6.4607308833636505,1.0
14715,15373,125,131,4,1,full,current,-2.181919502161658,-0.4084610895573419,-1.7734584126043162,0.0
14715,15373,125,131,4,1,full,prefix_mean,-2.181919502161658,-0.4084610895573419,-1.7734584126043162,0.0
14715,15373,125,131,4,1,history_mean,current,-2.987802611094139,-1.4949026336178093,-1.4928999774763299,0.0
14715,15373,125,131,4,1,history_mean,prefix_mean,-2.987802611094139,-1.4949026336178093,-1.4928999774763299,0.0
14715,15373,125,131,4,1,current_increment,current,0.8058831089324805,1.0864415440604671,-0.2805584351279866,0.0
14715,15373,125,131,4,1,current_increment,prefix_mean,0.8058831089324805,1.0864415440604671,-0.2805584351279866,0.0
14715,15373,125,131,4,1,prompt_only,current,2.414512357429854,3.450589423814959,-1.036077066385105,0.0
14715,15373,125,131,4,1,prompt_only,prefix_mean,2.414512357429854,3.450589423814959,-1.036077066385105,0.0
14715,15373,125,131,4,2,full,current,2.017381423505028,-1.937369014529729,3.9547504380347567,1.0
14715,15373,125,131,4,2,full,prefix_mean,-0.0822690393283152,-1.1729150520435354,1.0906460127152202,1.0
14715,15373,125,131,4,2,history_mean,current,-2.890145405306595,-1.0404134849075546,-1.8497319203990403,0.0
14715,15373,125,131,4,2,history_mean,prefix_mean,-2.938974008200367,-1.2676580592626818,-1.6713159489376852,0.0
14715,15373,125,131,4,2,current_increment,current,4.907526828811623,-0.8969555296221747,5.8044823584337975,1.0
14715,15373,125,131,4,2,current_increment,prefix_mean,2.8567049688720516,0.09474300721914619,2.761961961652905,1.0
14715,15373,125,131,4,2,prompt_only,current,1.3424938029573923,-1.3999320141476763,2.742425817105069,1.0
14715,15373,125,131,4,2,prompt_only,prefix_mean,1.878503080193623,1.0253287048336412,0.8531743753599819,1.0
14715,15373,125,131,4,4,full,current,-1.6390349477223227,-1.6099575921920235,-0.02907735553029922,0.0
14715,15373,125,131,4,4,full,prefix_mean,0.2314681951091037,-1.3748113599159475,1.6062795550250513,1.0
14715,15373,125,131,4,4,history_mean,current,-1.979963246761972,-0.9380413146097965,-1.0419219321521758,0.0
14715,15373,125,131,4,4,history_mean,prefix_mean,-2.5174831832861395,-1.123297391154744,-1.3941857921313956,0.0
14715,15373,125,131,4,4,current_increment,current,0.3409282990396489,-0.671916277582227,1.0128445766218759,1.0
14715,15373,125,131,4,4,current_increment,prefix_mean,2.7489513783952426,-0.2515139687612036,3.000465347156446,1.0
14715,15373,125,131,4,4,prompt_only,current,4.0168759441940765,0.5784414754255633,3.438434468768513,1.0
14715,15373,125,131,4,4,prompt_only,prefix_mean,2.7257672834195197,0.10889197417161339,2.6168753092479062,1.0
14859,15397,61,75,14,1,full,current,-2.481091338005116,-2.4821604255405485,0.0010690875354324447,1.0
14859,15397,61,75,14,1,full,prefix_mean,-2.481091338005116,-2.4821604255405485,0.0010690875354324447,1.0
14859,15397,61,75,14,1,history_mean,current,1.7743768249542655,-2.980055870719562,4.754432695673827,1.0
14859,15397,61,75,14,1,history_mean,prefix_mean,1.7743768249542655,-2.980055870719562,4.754432695673827,1.0
14859,15397,61,75,14,1,current_increment,current,-4.255468162959382,0.4978954451790134,-4.753363608138395,0.0
14859,15397,61,75,14,1,current_increment,prefix_mean,-4.255468162959382,0.4978954451790134,-4.753363608138395,0.0
14859,15397,61,75,14,1,prompt_only,current,-4.682982019696063,-4.971573788618834,0.28859176892277016,1.0
14859,15397,61,75,14,1,prompt_only,prefix_mean,-4.682982019696063,-4.971573788618834,0.28859176892277016,1.0
14859,15397,61,75,14,2,full,current,-3.173303540812604,-3.086206283502876,-0.08709725730972773,0.0
14859,15397,61,75,14,2,full,prefix_mean,-2.82719743940886,-2.784183354521712,-0.04301408488714786,0.0
14859,15397,61,75,14,2,history_mean,current,1.287135704564892,-3.002808885313724,4.2899445898786155,1.0
14859,15397,61,75,14,2,history_mean,prefix_mean,1.5307562647595787,-2.991432378016643,4.5221886427762215,1.0
14859,15397,61,75,14,2,current_increment,current,-4.460439245377496,-0.083397398189152,-4.3770418471883445,0.0
14859,15397,61,75,14,2,current_increment,prefix_mean,-4.357953704168439,0.2072490234949307,-4.56520272766337,0.0
14859,15397,61,75,14,2,prompt_only,current,-2.3971253891999997,-3.954593582684854,1.5574681934848544,1.0
14859,15397,61,75,14,2,prompt_only,prefix_mean,-3.540053704448032,-4.463083685651844,0.9230299812038121,1.0
14859,15397,61,75,14,4,full,current,-3.535982308666477,-3.1202542251893157,-0.4157280834771613,0.0
14859,15397,61,75,14,4,full,prefix_mean,-3.2585756980556333,-3.5226299257091243,0.26405422765349096,1.0
14859,15397,61,75,14,4,history_mean,current,0.0461813462078282,-2.923350498943233,2.969531845151061,1.0
14859,15397,61,75,14,4,history_mean,prefix_mean,0.9408227670739634,-2.925172034504569,3.865994801578532,1.0
14859,15397,61,75,14,4,current_increment,current,-3.582163654874305,-0.1969037262460817,-3.3852599286282232,0.0
14859,15397,61,75,14,4,current_increment,prefix_mean,-4.1993984651295975,-0.597457891204555,-3.6019405739250425,0.0
14859,15397,61,75,14,4,prompt_only,current,-3.950565031441215,-4.045755910182588,0.09519087874137266,1.0
14859,15397,61,75,14,4,prompt_only,prefix_mean,-3.4371113806342413,-4.239315945119478,0.8022045644852369,1.0
14859,15397,61,75,14,8,full,current,-3.4161301228065355,-4.368258927716894,0.9521288049103589,1.0
14859,15397,61,75,14,8,full,prefix_mean,-3.498469013804944,-3.8748186174531707,0.3763496036482268,1.0
14859,15397,61,75,14,8,history_mean,current,-2.3621704760715545,-3.6269089958194143,1.2647385197478598,1.0
14859,15397,61,75,14,8,history_mean,prefix_mean,-0.3206078167119855,-3.1255394658444,2.8049316491324143,1.0
14859,15397,61,75,14,8,current_increment,current,-1.053959646734981,-0.7413499318974801,-0.3126097148375009,0.0
14859,15397,61,75,14,8,current_increment,prefix_mean,-3.177861197092959,-0.7492791516087711,-2.4285820454841875,0.0
14859,15397,61,75,14,8,prompt_only,current,-4.054225554049576,-5.263036954761928,1.208811400712352,1.0
14859,15397,61,75,14,8,prompt_only,prefix_mean,-3.3337662089518996,-4.1071343232087045,0.773368114256805,1.0
15195,15453,211,235,13,1,full,current,-4.161936127062939,-3.644439858838157,-0.5174962682247819,0.0
15195,15453,211,235,13,1,full,prefix_mean,-4.161936127062939,-3.644439858838157,-0.5174962682247819,0.0
15195,15453,211,235,13,1,history_mean,current,-3.576604071485201,-3.3978732506752407,-0.17873082080996028,0.0
15195,15453,211,235,13,1,history_mean,prefix_mean,-3.576604071485201,-3.3978732506752407,-0.17873082080996028,0.0
15195,15453,211,235,13,1,current_increment,current,-0.5853320555777377,-0.2465666081629161,-0.3387654474148216,0.0
15195,15453,211,235,13,1,current_increment,prefix_mean,-0.5853320555777377,-0.2465666081629161,-0.3387654474148216,0.0
15195,15453,211,235,13,1,prompt_only,current,-2.124886607244713,-2.6862342159703934,0.5613476087256806,1.0
15195,15453,211,235,13,1,prompt_only,prefix_mean,-2.124886607244713,-2.6862342159703934,0.5613476087256806,1.0
15195,15453,211,235,13,2,full,current,-2.486675400993918,-4.680492379454861,2.1938169784609434,1.0
15195,15453,211,235,13,2,full,prefix_mean,-3.3243057640284284,-4.162466119146509,0.8381603551180805,1.0
15195,15453,211,235,13,2,history_mean,current,-3.675194188798207,-3.490484731035724,-0.18470945776248326,0.0
15195,15453,211,235,13,2,history_mean,prefix_mean,-3.625899130141704,-3.444178990855482,-0.181720139286222,0.0
15195,15453,211,235,13,2,current_increment,current,1.188518787804289,-1.1900076484191375,2.3785264362234266,1.0
15195,15453,211,235,13,2,current_increment,prefix_mean,0.3015933661132757,-0.7182871282910268,1.0198804944043025,1.0
15195,15453,211,235,13,2,prompt_only,current,-1.826101991699916,-3.136206658071812,1.3101046663718963,1.0
15195,15453,211,235,13,2,prompt_only,prefix_mean,-1.9754942994723144,-2.911220437021103,0.9357261375487886,1.0
15195,15453,211,235,13,4,full,current,-3.7889624174469465,-2.464539339500861,-1.3244230779460855,0.0
15195,15453,211,235,13,4,full,prefix_mean,-3.289365017944661,-3.2476001670472994,-0.041764850897361594,0.0
15195,15453,211,235,13,4,history_mean,current,-3.364077312918846,-3.525367747675671,0.16129043475682492,1.0
15195,15453,211,235,13,4,history_mean,prefix_mean,-3.551783235233208,-3.4873117284189386,-0.06447150681426939,0.0
15195,15453,211,235,13,4,current_increment,current,-0.4248851045281006,1.0608284081748098,-1.4857135127029104,0.0
15195,15453,211,235,13,4,current_increment,prefix_mean,0.26241821728854686,0.23971156137163974,0.022706655916907126,1.0
15195,15453,211,235,13,4,prompt_only,current,-3.60825760437572,-1.863876594602513,-1.744381009773207,0.0
15195,15453,211,235,13,4,prompt_only,prefix_mean,-2.8649598314937323,-2.7630099771749705,-0.1019498543187618,0.0
15195,15453,211,235,13,8,full,current,1.3628562672347138,-2.448141881871234,3.8109981491059477,1.0
15195,15453,211,235,13,8,full,prefix_mean,-2.950936375041307,-2.9111630966401263,-0.03977327840118061,0.0
15195,15453,211,235,13,8,history_mean,current,-3.5389398063402497,-3.2267570917420243,-0.31218271459822544,0.0
15195,15453,211,235,13,8,history_mean,prefix_mean,-3.4667235165559944,-3.4769247872001627,0.010201270644168314,1.0
15195,15453,211,235,13,8,current_increment,current,4.901796073574964,0.7786152098707904,4.123180863704174,1.0
15195,15453,211,235,13,8,current_increment,prefix_mean,0.5157871415146877,0.5657616905600367,-0.049974549045348926,0.0
15195,15453,211,235,13,8,prompt_only,current,0.364479004471977,-5.12599844095392,5.490477445425896,1.0
15195,15453,211,235,13,8,prompt_only,prefix_mean,-2.532250233064801,-3.552136807755919,1.0198865746911179,1.0
15201,15454,73,44,29,1,full,current,-3.352593062224188,-2.5682679393097256,-0.7843251229144625,0.0
15201,15454,73,44,29,1,full,prefix_mean,-3.352593062224188,-2.5682679393097256,-0.7843251229144625,0.0
15201,15454,73,44,29,1,history_mean,current,-3.3452854339044165,-3.933093861713374,0.5878084278089575,1.0
15201,15454,73,44,29,1,history_mean,prefix_mean,-3.3452854339044165,-3.933093861713374,0.5878084278089575,1.0
15201,15454,73,44,29,1,current_increment,current,-0.0073076283197717,1.3648259224036483,-1.37213355072342,0.0
15201,15454,73,44,29,1,current_increment,prefix_mean,-0.0073076283197717,1.3648259224036483,-1.37213355072342,0.0
15201,15454,73,44,29,1,prompt_only,current,-3.3936437739575487,-6.414006213341909,3.0203624393843604,1.0
15201,15454,73,44,29,1,prompt_only,prefix_mean,-3.3936437739575487,-6.414006213341909,3.0203624393843604,1.0
15201,15454,73,44,29,2,full,current,-3.160175419044961,-5.297937711767247,2.137762292722286,1.0
15201,15454,73,44,29,2,full,prefix_mean,-3.2563842406345747,-3.9331028255384863,0.6767185849039117,1.0
15201,15454,73,44,29,2,history_mean,current,-3.3954829564206137,-3.7221172402139815,0.3266342837933678,1.0
15201,15454,73,44,29,2,history_mean,prefix_mean,-3.370384195162515,-3.8276055509636775,0.4572213558011624,1.0
15201,15454,73,44,29,2,current_increment,current,0.2353075373756525,-1.5758204715532655,1.8111280089289181,1.0
15201,15454,73,44,29,2,current_increment,prefix_mean,0.1139999545279404,-0.10549727457480862,0.21949722910274902,1.0
15201,15454,73,44,29,2,prompt_only,current,-3.010784706864305,-6.270775850766598,3.259991143902293,1.0
15201,15454,73,44,29,2,prompt_only,prefix_mean,-3.202214240410927,-6.342391032054254,3.1401767916433267,1.0
15201,15454,73,44,29,4,full,current,-2.54220931314487,-4.061605503905659,1.5193961907607885,1.0
15201,15454,73,44,29,4,full,prefix_mean,-2.528504655689069,-3.6115879273234124,1.0830832716343433,1.0
15201,15454,73,44,29,4,history_mean,current,-3.103135769263008,-3.81786084736095,0.714725078097942,1.0
15201,15454,73,44,29,4,history_mean,prefix_mean,-3.2959715208253044,-3.8492201363473484,0.553248615522044,1.0
15201,15454,73,44,29,4,current_increment,current,0.5609264561181373,-0.2437446565447087,0.804671112662846,1.0
15201,15454,73,44,29,4,current_increment,prefix_mean,0.7674668651362351,0.2376322090239358,0.5298346561122993,1.0
15201,15454,73,44,29,4,prompt_only,current,-1.6239425434916088,-6.906823161789878,5.282880618298269,1.0
15201,15454,73,44,29,4,prompt_only,prefix_mean,-2.771315380827456,-6.15257693819131,3.381261557363854,1.0
15201,15454,73,44,29,8,full,current,-5.495373398744762,-3.923949141959919,-1.5714242567848435,0.0
15201,15454,73,44,29,8,full,prefix_mean,-3.0898861198845538,-3.686412145160581,0.5965260252760274,1.0
15201,15454,73,44,29,8,history_mean,current,-2.8532159276090683,-3.800616593445688,0.9474006658366196,1.0
15201,15454,73,44,29,8,history_mean,prefix_mean,-3.15412221023797,-3.856941023407953,0.7028188131699831,1.0
15201,15454,73,44,29,8,current_increment,current,-2.642157471135694,-0.1233325485142313,-2.5188249226214627,0.0
15201,15454,73,44,29,8,current_increment,prefix_mean,0.06423609035341615,0.170528878247372,-0.10629278789395585,0.0
15201,15454,73,44,29,8,prompt_only,current,-3.939074084764616,-5.511735446539655,1.572661361775039,1.0
15201,15454,73,44,29,8,prompt_only,prefix_mean,-2.6059496833419007,-5.209122016137497,2.6031723327955967,1.0
15201,15454,117,137,20,1,full,current,-0.1874754998898908,-4.019688005599839,3.8322125057099483,1.0
15201,15454,117,137,20,1,full,prefix_mean,-0.1874754998898908,-4.019688005599839,3.8322125057099483,1.0
15201,15454,117,137,20,1,history_mean,current,-2.6450272295195645,1.3381435284618532,-3.9831707579814175,0.0
15201,15454,117,137,20,1,history_mean,prefix_mean,-2.6450272295195645,1.3381435284618532,-3.9831707579814175,0.0
15201,15454,117,137,20,1,current_increment,current,2.4575517296296736,-5.357831534061693,7.815383263691366,1.0
15201,15454,117,137,20,1,current_increment,prefix_mean,2.4575517296296736,-5.357831534061693,7.815383263691366,1.0
15201,15454,117,137,20,1,prompt_only,current,-0.5409733336909908,-4.035310783365303,3.4943374496743127,1.0
15201,15454,117,137,20,1,prompt_only,prefix_mean,-0.5409733336909908,-4.035310783365303,3.4943374496743127,1.0
15201,15454,117,137,20,2,full,current,-2.451345254051093,-3.521611162988337,1.0702659089372442,1.0
15201,15454,117,137,20,2,full,prefix_mean,-1.319410376970492,-3.7706495842940884,2.4512392073235967,1.0
15201,15454,117,137,20,2,history_mean,current,-2.4588705310186185,0.8734614745308307,-3.332332005549449,0.0
15201,15454,117,137,20,2,history_mean,prefix_mean,-2.5519488802690917,1.105802501496342,-3.6577513817654337,0.0
15201,15454,117,137,20,2,current_increment,current,0.0075252769675255,-4.395072637519168,4.402597914486694,1.0
15201,15454,117,137,20,2,current_increment,prefix_mean,1.2325385032985996,-4.87645208579043,6.10899058908903,1.0
15201,15454,117,137,20,2,prompt_only,current,-2.8771363068904705,-3.4577860890588195,0.580649782168349,1.0
15201,15454,117,137,20,2,prompt_only,prefix_mean,-1.7090548202907305,-3.7465484362120614,2.037493615921331,1.0
15201,15454,117,137,20,4,full,current,-0.0905723625851828,-1.8789489130971184,1.7883765505119356,1.0
15201,15454,117,137,20,4,full,prefix_mean,-1.1888430588367058,-3.3668490788422067,2.178006020005501,1.0
15201,15454,117,137,20,4,history_mean,current,-2.4805671260900795,-0.6367096306093913,-1.8438574954806881,0.0
15201,15454,117,137,20,4,history_mean,prefix_mean,-2.505560836730203,0.41752870201274844,-2.923089538742951,0.0
15201,15454,117,137,20,4,current_increment,current,2.389994763504897,-1.2422392824877273,3.6322340459926243,1.0
15201,15454,117,137,20,4,current_increment,prefix_mean,1.316717777893497,-3.784377780854955,5.101095558748452,1.0
15201,15454,117,137,20,4,prompt_only,current,1.4187710269494465,-4.130213221950492,5.548984248899939,1.0
15201,15454,117,137,20,4,prompt_only,prefix_mean,-0.7101735692947202,-3.976035849331505,3.265862280036785,1.0
15201,15454,117,137,20,8,full,current,1.6394281988601869,-4.577588291086461,6.217016489946648,1.0
15201,15454,117,137,20,8,full,prefix_mean,-0.12194051290025054,-3.768986871639117,3.647046358738866,1.0
15201,15454,117,137,20,8,history_mean,current,-0.7227809276611594,-2.5006965471926548,1.7779156195314954,1.0
15201,15454,117,137,20,8,history_mean,prefix_mean,-2.040861179652913,-0.5635994148601626,-1.4772617647927504,0.0
15201,15454,117,137,20,8,current_increment,current,2.3622091265213463,-2.0768917438938064,4.439100870415153,1.0
15201,15454,117,137,20,8,current_increment,prefix_mean,1.9189206667526624,-3.205387456778954,5.124308123531616,1.0
15201,15454,117,137,20,8,prompt_only,current,1.7584828973615474,-3.999467219198716,5.757950116560264,1.0
15201,15454,117,137,20,8,prompt_only,prefix_mean,-0.04438976503637487,-4.174021302017801,4.129631536981426,1.0
15273,15466,138,107,29,1,full,current,-0.7393696511841965,-1.180787394184949,0.4414177430007524,1.0
15273,15466,138,107,29,1,full,prefix_mean,-0.7393696511841965,-1.180787394184949,0.4414177430007524,1.0
15273,15466,138,107,29,1,history_mean,current,-3.506734391052692,-3.2100858108982946,-0.2966485801543972,0.0
15273,15466,138,107,29,1,history_mean,prefix_mean,-3.506734391052692,-3.2100858108982946,-0.2966485801543972,0.0
15273,15466,138,107,29,1,current_increment,current,2.767364739868495,2.029298416713345,0.7380663231551501,1.0
15273,15466,138,107,29,1,current_increment,prefix_mean,2.767364739868495,2.029298416713345,0.7380663231551501,1.0
15273,15466,138,107,29,1,prompt_only,current,-1.4626819643429914,-0.6770057649052419,-0.7856761994377495,0.0
15273,15466,138,107,29,1,prompt_only,prefix_mean,-1.4626819643429914,-0.6770057649052419,-0.7856761994377495,0.0
15273,15466,138,107,29,2,full,current,-1.669984718089199,-3.4334933792838545,1.7635086611946555,1.0
15273,15466,138,107,29,2,full,prefix_mean,-1.2046771846366977,-2.307140386734402,1.102463202097704,1.0
15273,15466,138,107,29,2,history_mean,current,-3.1451141837756325,-3.034841016316977,-0.11027316745865567,0.0
15273,15466,138,107,29,2,history_mean,prefix_mean,-3.3259242874141624,-3.122463413607636,-0.20346087380652644,0.0
15273,15466,138,107,29,2,current_increment,current,1.4751294656864338,-0.3986523629668772,1.873781828653311,1.0
15273,15466,138,107,29,2,current_increment,prefix_mean,2.121247102777464,0.8153230268732339,1.3059240759042303,1.0
15273,15466,138,107,29,2,prompt_only,current,-3.608765452944696,-3.8743945496539993,0.26562909670930335,1.0
15273,15466,138,107,29,2,prompt_only,prefix_mean,-2.5357237086438436,-2.2757001572796205,-0.26002355136422306,0.0
15273,15466,138,107,29,4,full,current,-0.2901473443500261,-2.838478948597255,2.548331604247229,1.0
15273,15466,138,107,29,4,full,prefix_mean,-1.538942079641881,-2.847207602439078,1.3082655227971969,1.0
15273,15466,138,107,29,4,history_mean,current,-2.771205546084502,-3.0580589432778598,0.28685339719335756,1.0
15273,15466,138,107,29,4,history_mean,prefix_mean,-3.0748410214943718,-3.079867613385815,0.005026591891443388,1.0
15273,15466,138,107,29,4,current_increment,current,2.481058201734476,0.2195799946806045,2.2614782070538717,1.0
15273,15466,138,107,29,4,current_increment,prefix_mean,1.5358989418524909,0.23266001094673716,1.3032389309057537,1.0
15273,15466,138,107,29,4,prompt_only,current,-0.4812626249670606,-4.810756495795973,4.329493870828912,1.0
15273,15466,138,107,29,4,prompt_only,prefix_mean,-1.5716615184281013,-3.408550866945229,1.8368893485171276,1.0
15273,15466,138,107,29,8,full,current,-2.323560579271498,-3.789268623230819,1.4657080439593209,1.0
15273,15466,138,107,29,8,full,prefix_mean,-1.4378640164754941,-3.105300183646154,1.66743616717066,1.0
15273,15466,138,107,29,8,history_mean,current,-1.7030508883730533,-3.018266029042883,1.3152151406698296,1.0
15273,15466,138,107,29,8,history_mean,prefix_mean,-2.587333174277676,-3.044080940777803,0.45674776650012694,1.0
15273,15466,138,107,29,8,current_increment,current,-0.6205096908984447,-0.7710025941879359,0.15049290328949128,1.0
15273,15466,138,107,29,8,current_increment,prefix_mean,1.1494691578021814,-0.06121924286835162,1.210688400670533,1.0
15273,15466,138,107,29,8,prompt_only,current,-1.8303181654299856,-3.6270777942756895,1.796759628845704,1.0
15273,15466,138,107,29,8,prompt_only,prefix_mean,-1.9592939794600488,-3.5623760437674505,1.6030820643074017,1.0
15345,15478,168,112,33,1,full,current,-1.9620696267379985,-4.717623201633614,2.755553574895616,1.0
15345,15478,168,112,33,1,full,prefix_mean,-1.9620696267379985,-4.717623201633614,2.755553574895616,1.0
15345,15478,168,112,33,1,history_mean,current,-3.3721423435998417,-3.934500806559328,0.5623584629594864,1.0
15345,15478,168,112,33,1,history_mean,prefix_mean,-3.3721423435998417,-3.934500806559328,0.5623584629594864,1.0
15345,15478,168,112,33,1,current_increment,current,1.4100727168618434,-0.7831223950742867,2.19319511193613,1.0
15345,15478,168,112,33,1,current_increment,prefix_mean,1.4100727168618434,-0.7831223950742867,2.19319511193613,1.0
15345,15478,168,112,33,1,prompt_only,current,-1.8422854214650648,-3.691114695525969,1.8488292740609042,1.0
15345,15478,168,112,33,1,prompt_only,prefix_mean,-1.8422854214650648,-3.691114695525969,1.8488292740609042,1.0
15345,15478,168,112,33,2,full,current,1.0411070322033864,-3.797307090743277,4.838414122946663,1.0
15345,15478,168,112,33,2,full,prefix_mean,-0.460481297267306,-4.257465146188446,3.79698384892114,1.0
15345,15478,168,112,33,2,history_mean,current,-3.14925225063152,-4.037557348436661,0.8883050978051412,1.0
15345,15478,168,112,33,2,history_mean,prefix_mean,-3.260697297115681,-3.986029077497995,0.725331780382314,1.0
15345,15478,168,112,33,2,current_increment,current,4.1903592828349066,0.2402502576933849,3.9501090251415216,1.0
15345,15478,168,112,33,2,current_increment,prefix_mean,2.800215999848375,-0.2714360686904509,3.0716520685388256,1.0
15345,15478,168,112,33,2,prompt_only,current,-1.945408856368066,-3.435450878984917,1.4900420226168511,1.0
15345,15478,168,112,33,2,prompt_only,prefix_mean,-1.8938471389165654,-3.563282787255443,1.6694356483388777,1.0
15345,15478,168,112,33,4,full,current,1.7508570054172456,-4.35762731801673,6.108484323433975,1.0
15345,15478,168,112,33,4,full,prefix_mean,1.0628217697398197,-4.477577422522758,5.540399192262578,1.0
15345,15478,168,112,33,4,history_mean,current,-1.7876688398977307,-4.123922942100347,2.3362541022026164,1.0
15345,15478,168,112,33,4,history_mean,prefix_mean,-2.7235663482614,-4.026317877859582,1.302751529598182,1.0
15345,15478,168,112,33,4,current_increment,current,3.538525845314976,-0.2337043759163828,3.772230221231359,1.0
15345,15478,168,112,33,4,current_increment,prefix_mean,3.78638811800122,-0.45125954466317586,4.237647662664396,1.0
15345,15478,168,112,33,4,prompt_only,current,4.890988379013948,-4.984109278467916,9.875097657481865,1.0
15345,15478,168,112,33,4,prompt_only,prefix_mean,0.8749337779671209,-3.9837664073050005,4.858700185272122,1.0
15345,15478,168,112,33,8,full,current,3.870660508332645,-2.6389943206815394,6.509654829014185,1.0
15345,15478,168,112,33,8,full,prefix_mean,1.087083874910094,-3.659571942225405,4.746655817135499,1.0
15345,15478,168,112,33,8,history_mean,current,-0.7227207038149913,-3.859568897757555,3.1368481939425634,1.0
15345,15478,168,112,33,8,history_mean,prefix_mean,-1.850139481487212,-4.001531038537452,2.15139155705024,1.0
15345,15478,168,112,33,8,current_increment,current,4.593381212147635,1.2205745770760157,3.37280663507162,1.0
15345,15478,168,112,33,8,current_increment,prefix_mean,2.9372233563973063,0.34195909631204785,2.5952642600852585,1.0
15345,15478,168,112,33,8,prompt_only,current,2.8465409644866515,-4.551716025851113,7.398256990337765,1.0
15345,15478,168,112,33,8,prompt_only,prefix_mean,1.3253105081881427,-3.557734247531224,4.883044755719366,1.0
15465,15498,191,137,32,1,full,current,-1.9273790717716808,-3.888824343894646,1.9614452721229654,1.0
15465,15498,191,137,32,1,full,prefix_mean,-1.9273790717716808,-3.888824343894646,1.9614452721229654,1.0
15465,15498,191,137,32,1,history_mean,current,-1.7161660692555984,-2.77636065807402,1.0601945888184217,1.0
15465,15498,191,137,32,1,history_mean,prefix_mean,-1.7161660692555984,-2.77636065807402,1.0601945888184217,1.0
15465,15498,191,137,32,1,current_increment,current,-0.2112130025160827,-1.112463685820626,0.9012506833045434,1.0
15465,15498,191,137,32,1,current_increment,prefix_mean,-0.2112130025160827,-1.112463685820626,0.9012506833045434,1.0
15465,15498,191,137,32,1,prompt_only,current,-2.805809353623796,-3.29728263965948,0.4914732860356841,1.0
15465,15498,191,137,32,1,prompt_only,prefix_mean,-2.805809353623796,-3.29728263965948,0.4914732860356841,1.0
15465,15498,191,137,32,2,full,current,-3.382297319646705,-1.870465388581808,-1.5118319310648969,0.0
15465,15498,191,137,32,2,full,prefix_mean,-2.6548381957091927,-2.8796448662382272,0.22480667052903458,1.0
15465,15498,191,137,32,2,history_mean,current,-1.4667200496664918,-3.2197392574405628,1.753019207774071,1.0
15465,15498,191,137,32,2,history_mean,prefix_mean,-1.5914430594610451,-2.998049957757291,1.406606898296246,1.0
15465,15498,191,137,32,2,current_increment,current,-1.9155772699802136,1.349273868858755,-3.264851138838969,0.0
15465,15498,191,137,32,2,current_increment,prefix_mean,-1.0633951362481482,0.11840509151906453,-1.1818002277672126,0.0
15465,15498,191,137,32,2,prompt_only,current,-2.15095457410874,3.309912274636921,-5.4608668487456615,0.0
15465,15498,191,137,32,2,prompt_only,prefix_mean,-2.4783819638662683,0.006314817488720426,-2.4846967813549887,0.0
15465,15498,191,137,32,4,full,current,-3.85788672029525,-0.6041568869460856,-3.253729833349164,0.0
15465,15498,191,137,32,4,full,prefix_mean,-2.7983300402034432,-2.2693367115284904,-0.5289933286749529,0.0
15465,15498,191,137,32,4,history_mean,current,-1.985505771902785,-3.473931469169963,1.488425697267178,1.0
15465,15498,191,137,32,4,history_mean,prefix_mean,-1.7032250723813305,-3.1794376420540447,1.4762125696727142,1.0
15465,15498,191,137,32,4,current_increment,current,-1.8723809483924645,2.8697745822238776,-4.742155530616342,0.0
15465,15498,191,137,32,4,current_increment,prefix_mean,-1.095104967822113,0.9101009305255545,-2.0052058983476675,0.0
15465,15498,191,137,32,4,prompt_only,current,-2.6705606857386748,-1.934018431748216,-0.7365422539904587,0.0
15465,15498,191,137,32,4,prompt_only,prefix_mean,-2.440427615288228,-0.5218640728422358,-1.9185635424459924,0.0
15465,15498,191,137,32,8,full,current,-0.829911115117363,-2.6357884943140286,1.8058773791966656,1.0
15465,15498,191,137,32,8,full,prefix_mean,-2.357068327364809,-2.6987964919357736,0.34172816457096467,1.0
15465,15498,191,137,32,8,history_mean,current,-2.6091913859934324,-3.1523063357216925,0.5431149497282601,1.0
15465,15498,191,137,32,8,history_mean,prefix_mean,-2.046504703069939,-3.2041430902631682,1.1576383871932294,1.0
15465,15498,191,137,32,8,current_increment,current,1.779280270876069,0.5165178414076639,1.2627624294684052,1.0
15465,15498,191,137,32,8,current_increment,prefix_mean,-0.3105636242948703,0.5053465983273947,-0.815910222622265,0.0
15465,15498,191,137,32,8,prompt_only,current,-0.7999169488714699,-1.9739514275525407,1.1740344786810708,1.0
15465,15498,191,137,32,8,prompt_only,prefix_mean,-1.7479328246713188,-1.6829699464901913,-0.06496287818112756,0.0
15465,15498,52,26,10,1,full,current,-2.091181743746221,-3.798912972650518,1.7077312289042972,1.0
15465,15498,52,26,10,1,full,prefix_mean,-2.091181743746221,-3.798912972650518,1.7077312289042972,1.0
15465,15498,52,26,10,1,history_mean,current,-1.7766181900282674,-4.558417756847216,2.781799566818949,1.0
15465,15498,52,26,10,1,history_mean,prefix_mean,-1.7766181900282674,-4.558417756847216,2.781799566818949,1.0
15465,15498,52,26,10,1,current_increment,current,-0.3145635537179534,0.7595047841966984,-1.0740683379146518,0.0
15465,15498,52,26,10,1,current_increment,prefix_mean,-0.3145635537179534,0.7595047841966984,-1.0740683379146518,0.0
15465,15498,52,26,10,1,prompt_only,current,-3.185065824195558,-6.641330457778382,3.4562646335828244,1.0
15465,15498,52,26,10,1,prompt_only,prefix_mean,-3.185065824195558,-6.641330457778382,3.4562646335828244,1.0
15465,15498,52,26,10,2,full,current,-1.538943195913525,-4.100495636241679,2.561552440328154,1.0
15465,15498,52,26,10,2,full,prefix_mean,-1.815062469829873,-3.9497043044460987,2.1346418346162257,1.0
15465,15498,52,26,10,2,history_mean,current,-1.6642063985839628,-4.51329213824784,2.849085739663877,1.0
15465,15498,52,26,10,2,history_mean,prefix_mean,-1.720412294306115,-4.535854947547528,2.815442653241413,1.0
15465,15498,52,26,10,2,current_increment,current,0.1252632026704381,0.4127965020061603,-0.2875332993357222,0.0
15465,15498,52,26,10,2,current_increment,prefix_mean,-0.09465017552375765,0.5861506431014294,-0.680800818625187,0.0
15465,15498,52,26,10,2,prompt_only,current,-1.5359366297653916,-5.46086681897122,3.9249301892058286,1.0
15465,15498,52,26,10,2,prompt_only,prefix_mean,-2.3605012269804746,-6.0510986383748016,3.690597411394327,1.0
15465,15498,52,26,10,4,full,current,-1.194478922474883,-5.645448686561679,4.450969764086795,1.0
15465,15498,52,26,10,4,full,prefix_mean,-1.5506287778508085,-4.920909060732988,3.37028028288218,1.0
15465,15498,52,26,10,4,history_mean,current,-1.3731649390959206,-4.660620728678185,3.2874557895822645,1.0
15465,15498,52,26,10,4,history_mean,prefix_mean,-1.6097480153182153,-4.548105595122645,2.9383575798044297,1.0
15465,15498,52,26,10,4,current_increment,current,0.1786860166210375,-0.9848279578834936,1.163513974504531,1.0
15465,15498,52,26,10,4,current_increment,prefix_mean,0.059119237467406924,-0.3728034656103443,0.4319227030777512,1.0
15465,15498,52,26,10,4,prompt_only,current,-1.1100258221708483,-5.183783673006915,4.073757850836067,1.0
15465,15498,52,26,10,4,prompt_only,prefix_mean,-1.8857407353005333,-5.7556083064298855,3.869867571129352,1.0
15465,15498,52,26,10,8,full,current,-1.712760648944943,-4.7908781103982605,3.0781174614533175,1.0
15465,15498,52,26,10,8,full,prefix_mean,-0.9740905634776086,-4.929843773221743,3.955753209744134,1.0
15465,15498,52,26,10,8,history_mean,current,-0.7426928109878617,-4.922717448803022,4.18002463781516,1.0
15465,15498,52,26,10,8,history_mean,prefix_mean,-1.2766930002298131,-4.746362314344689,3.469669314114876,1.0
15465,15498,52,26,10,8,current_increment,current,-0.9700678379570812,0.1318393384047613,-1.1019071763618424,0.0
15465,15498,52,26,10,8,current_increment,prefix_mean,0.3026024367522047,-0.18348145887705236,0.4860838956292571,1.0
15465,15498,52,26,10,8,prompt_only,current,1.424227228935674,-6.047945592469774,7.472172821405448,1.0
15465,15498,52,26,10,8,prompt_only,prefix_mean,-1.4139311423407874,-5.323573725543063,3.909642583202275,1.0
15555,15513,186,121,30,1,full,current,-0.4388785679736224,-4.688313984922685,4.249435416949062,1.0
15555,15513,186,121,30,1,full,prefix_mean,-0.4388785679736224,-4.688313984922685,4.249435416949062,1.0
15555,15513,186,121,30,1,history_mean,current,-2.256582714711692,-2.998031168433374,0.7414484537216821,1.0
15555,15513,186,121,30,1,history_mean,prefix_mean,-2.256582714711692,-2.998031168433374,0.7414484537216821,1.0
15555,15513,186,121,30,1,current_increment,current,1.8177041467380692,-1.690282816489311,3.5079869632273804,1.0
15555,15513,186,121,30,1,current_increment,prefix_mean,1.8177041467380692,-1.690282816489311,3.5079869632273804,1.0
15555,15513,186,121,30,1,prompt_only,current,0.84928748864234,-4.236483993054327,5.085771481696668,1.0
15555,15513,186,121,30,1,prompt_only,prefix_mean,0.84928748864234,-4.236483993054327,5.085771481696668,1.0
15555,15513,186,121,30,2,full,current,-0.2455266485194056,-1.613894139777752,1.3683674912583463,1.0
15555,15513,186,121,30,2,full,prefix_mean,-0.342202608246514,-3.1511040623502184,2.8089014541037045,1.0
15555,15513,186,121,30,2,history_mean,current,-2.1457563328460707,-3.284258214980849,1.1385018821347783,1.0
15555,15513,186,121,30,2,history_mean,prefix_mean,-2.2011695237788813,-3.1411446917071117,0.9399751679282304,1.0
15555,15513,186,121,30,2,current_increment,current,1.900229684326665,1.6703640752030977,0.22986560912356735,1.0
15555,15513,186,121,30,2,current_increment,prefix_mean,1.8589669155323671,-0.009959370643106591,1.8689262861754736,1.0
15555,15513,186,121,30,2,prompt_only,current,0.400674168465789,0.0309916871728883,0.3696824812929007,1.0
15555,15513,186,121,30,2,prompt_only,prefix_mean,0.6249808285540646,-2.1027461529407194,2.7277269814947838,1.0
15555,15513,186,121,30,4,full,current,2.0922006939671025,-1.3392396836912617,3.4314403776583644,1.0
15555,15513,186,121,30,4,full,prefix_mean,1.6861013971972159,-2.294245329621359,3.980346726818575,1.0
15555,15513,186,121,30,4,history_mean,current,-1.3874190469490828,-2.784788242937526,1.3973691959884431,1.0
15555,15513,186,121,30,4,history_mean,prefix_mean,-1.96655731764056,-3.0394914920316394,1.0729341743910794,1.0
15555,15513,186,121,30,4,current_increment,current,3.4796197409161853,1.4455485592462645,2.034071181669921,1.0
15555,15513,186,121,30,4,current_increment,prefix_mean,3.652658714837776,0.7452461624102804,2.9074125524274956,1.0
15555,15513,186,121,30,4,prompt_only,current,0.8467512439078362,-1.628437079938723,2.4751883238465595,1.0
15555,15513,186,121,30,4,prompt_only,prefix_mean,1.0890432646749468,-1.6569147080226392,2.7459579726975862,1.0
15555,15513,186,121,30,8,full,current,0.6085064620536517,0.4130557511715891,0.19545071088206256,1.0
15555,15513,186,121,30,8,full,prefix_mean,1.445071977918779,-1.633709224703983,3.0787812026227623,1.0
15555,15513,186,121,30,8,history_mean,current,0.3704019944163576,-2.465813095040988,2.8362150894573452,1.0
15555,15513,186,121,30,8,history_mean,prefix_mean,-1.1016880749671862,-2.8210781749744402,1.719390100007254,1.0
15555,15513,186,121,30,8,current_increment,current,0.238104467637294,2.878868846212577,-2.640764378575283,0.0
15555,15513,186,121,30,8,current_increment,prefix_mean,2.5467600528859653,1.1873689502704576,1.3593911026155077,1.0
15555,15513,186,121,30,8,prompt_only,current,1.2280654080353557,-1.6147520252761045,2.84281743331146,1.0
15555,15513,186,121,30,8,prompt_only,prefix_mean,1.3489148091002485,-1.9069476539099675,3.255862463010216,1.0
15687,15535,140,100,4,1,full,current,0.8166405442083567,-1.732926293790585,2.549566837998942,1.0
15687,15535,140,100,4,1,full,prefix_mean,0.8166405442083567,-1.732926293790585,2.549566837998942,1.0
15687,15535,140,100,4,1,history_mean,current,-1.88232728466416,-2.338300273035867,0.45597298837170697,1.0
15687,15535,140,100,4,1,history_mean,prefix_mean,-1.88232728466416,-2.338300273035867,0.45597298837170697,1.0
15687,15535,140,100,4,1,current_increment,current,2.698967828872517,0.6053739792452821,2.0935938496272346,1.0
15687,15535,140,100,4,1,current_increment,prefix_mean,2.698967828872517,0.6053739792452821,2.0935938496272346,1.0
15687,15535,140,100,4,1,prompt_only,current,-1.9551978017432987,-3.535619865470373,1.5804220637270745,1.0
15687,15535,140,100,4,1,prompt_only,prefix_mean,-1.9551978017432987,-3.535619865470373,1.5804220637270745,1.0
15687,15535,140,100,4,2,full,current,-0.8461816745238275,-1.7337042877395572,0.8875226132157297,1.0
15687,15535,140,100,4,2,full,prefix_mean,-0.014770565157735394,-1.733315290765071,1.7185447256073356,1.0
15687,15535,140,100,4,2,history_mean,current,-1.5962537192035824,-2.392993431690792,0.7967397124872098,1.0
15687,15535,140,100,4,2,history_mean,prefix_mean,-1.7392905019338714,-2.3656468523633296,0.6263563504294583,1.0
15687,15535,140,100,4,2,current_increment,current,0.7500720446797549,0.6592891439512345,0.09078290072852035,1.0
15687,15535,140,100,4,2,current_increment,prefix_mean,1.724519936776136,0.6323315615982583,1.0921883751778776,1.0
15687,15535,140,100,4,2,prompt_only,current,-0.9070138114235032,-4.4690978182119006,3.5620840067883974,1.0
15687,15535,140,100,4,2,prompt_only,prefix_mean,-1.431105806583401,-4.002358841841136,2.5712530352577354,1.0
15687,15535,140,100,4,4,full,current,-0.8867937872087478,-2.6303794044106543,1.7435856172019064,1.0
15687,15535,140,100,4,4,full,prefix_mean,-0.2357271811045985,-2.2441863176865815,2.008459136581983,1.0
15687,15535,140,100,4,4,history_mean,current,-1.0962348946637632,-2.540409199583757,1.4441743049199938,1.0
15687,15535,140,100,4,4,history_mean,prefix_mean,-1.4951839499503194,-2.398574536845077,0.9033905868947574,1.0
15687,15535,140,100,4,4,current_increment,current,0.2094411074550154,-0.0899702048268968,0.2994113122819122,1.0
15687,15535,140,100,4,4,current_increment,prefix_mean,1.259456768845721,0.15438821915849502,1.105068549687226,1.0
15687,15535,140,100,4,4,prompt_only,current,-3.877653931541495,-2.549830670229418,-1.3278232613120773,0.0
15687,15535,140,100,4,4,prompt_only,prefix_mean,-2.3369753874008277,-3.5596172446178054,1.2226418572169777,1.0
15753,15546,100,50,23,1,full,current,-2.224796568920569,-4.1525228716540505,1.9277263027334817,1.0
15753,15546,100,50,23,1,full,prefix_mean,-2.224796568920569,-4.1525228716540505,1.9277263027334817,1.0
15753,15546,100,50,23,1,history_mean,current,-2.616408245028123,-4.595730923232051,1.9793226782039284,1.0
15753,15546,100,50,23,1,history_mean,prefix_mean,-2.616408245028123,-4.595730923232051,1.9793226782039284,1.0
15753,15546,100,50,23,1,current_increment,current,0.3916116761075541,0.4432080515780008,-0.05159637547044671,0.0
15753,15546,100,50,23,1,current_increment,prefix_mean,0.3916116761075541,0.4432080515780008,-0.05159637547044671,0.0
15753,15546,100,50,23,1,prompt_only,current,-2.6361605908865355,-6.65349178695089,4.0173311960643545,1.0
15753,15546,100,50,23,1,prompt_only,prefix_mean,-2.6361605908865355,-6.65349178695089,4.0173311960643545,1.0
15753,15546,100,50,23,2,full,current,-0.3055831518756254,-4.586315771588885,4.28073261971326,1.0
15753,15546,100,50,23,2,full,prefix_mean,-1.265189860398097,-4.369419321621468,3.1042294612233707,1.0
15753,15546,100,50,23,2,history_mean,current,-2.5878412863933704,-4.706831241730353,2.118989955336983,1.0
15753,15546,100,50,23,2,history_mean,prefix_mean,-2.6021247657107467,-4.651281082481202,2.0491563167704556,1.0
15753,15546,100,50,23,2,current_increment,current,2.282258134517745,0.1205154701414681,2.161742664376277,1.0
15753,15546,100,50,23,2,current_increment,prefix_mean,1.3369349053126496,0.28186176085973447,1.0550731444529151,1.0
15753,15546,100,50,23,2,prompt_only,current,-2.3610961508672705,-7.846449054220053,5.485352903352783,1.0
15753,15546,100,50,23,2,prompt_only,prefix_mean,-2.498628370876903,-7.249970420585472,4.751342049708569,1.0
15753,15546,100,50,23,4,full,current,0.4591056327661487,-3.294922415465063,3.754028048231212,1.0
15753,15546,100,50,23,4,full,prefix_mean,0.04230653200448459,-3.93536281764201,3.9776693496464945,1.0
15753,15546,100,50,23,4,history_mean,current,-1.7078294768055289,-4.569180266700696,2.861350789895168,1.0
15753,15546,100,50,23,4,history_mean,prefix_mean,-2.296406782052337,-4.659965210803321,2.3635584287509843,1.0
15753,15546,100,50,23,4,current_increment,current,2.1669351095716776,1.2742578512356326,0.8926772583360449,1.0
15753,15546,100,50,23,4,current_increment,prefix_mean,2.3387133140568217,0.7246023931613104,1.6141109208955113,1.0
15753,15546,100,50,23,4,prompt_only,current,0.0009589261960971,-3.89379420420594,3.894753130402037,1.0
15753,15546,100,50,23,4,prompt_only,prefix_mean,-1.3944741538247885,-6.213747006147572,4.819272852322784,1.0
15753,15546,100,50,23,8,full,current,-0.6064726576131064,-2.7912699767142537,2.1847973191011474,1.0
15753,15546,100,50,23,8,full,prefix_mean,-1.0206870612352743,-3.617837244701586,2.5971501834663115,1.0
15753,15546,100,50,23,8,history_mean,current,-1.588698277988391,-3.8176474163776986,2.2289491383893076,1.0
15753,15546,100,50,23,8,history_mean,prefix_mean,-1.846574945817175,-4.354252420119187,2.507677474302012,1.0
15753,15546,100,50,23,8,current_increment,current,0.9822256203752844,1.0263774396634449,-0.044151819288160477,0.0
15753,15546,100,50,23,8,current_increment,prefix_mean,0.8258878845819007,0.7364151754176005,0.08947270916430017,1.0
15753,15546,100,50,23,8,prompt_only,current,1.147284462156198,-4.595961878970039,5.743246341126237,1.0
15753,15546,100,50,23,8,prompt_only,prefix_mean,-0.7600601465069557,-5.555263796452463,4.795203649945507,1.0
16467,12236,109,82,9,1,full,current,-2.0840121229104334,-4.486503548203709,2.4024914252932756,1.0
16467,12236,109,82,9,1,full,prefix_mean,-2.0840121229104334,-4.486503548203709,2.4024914252932756,1.0
16467,12236,109,82,9,1,history_mean,current,-2.612122628966972,-2.0064929361986827,-0.6056296927682894,0.0
16467,12236,109,82,9,1,history_mean,prefix_mean,-2.612122628966972,-2.0064929361986827,-0.6056296927682894,0.0
16467,12236,109,82,9,1,current_increment,current,0.5281105060565388,-2.4800106120050263,3.008121118061565,1.0
16467,12236,109,82,9,1,current_increment,prefix_mean,0.5281105060565388,-2.4800106120050263,3.008121118061565,1.0
16467,12236,109,82,9,1,prompt_only,current,-4.438685161412519,-4.843100356209528,0.40441519479700894,1.0
16467,12236,109,82,9,1,prompt_only,prefix_mean,-4.438685161412519,-4.843100356209528,0.40441519479700894,1.0
16467,12236,109,82,9,2,full,current,-0.0535650664662829,-2.749452214419043,2.69588714795276,1.0
16467,12236,109,82,9,2,full,prefix_mean,-1.0687885946883582,-3.617977881311376,2.549189286623018,1.0
16467,12236,109,82,9,2,history_mean,current,-2.4550693628993883,-2.058802714557024,-0.39626664834236447,0.0
16467,12236,109,82,9,2,history_mean,prefix_mean,-2.5335959959331804,-2.032647825377853,-0.5009481705553274,0.0
16467,12236,109,82,9,2,current_increment,current,2.4015042964331053,-0.6906494998620194,3.0921537962951247,1.0
16467,12236,109,82,9,2,current_increment,prefix_mean,1.464807401244822,-1.5853300559335228,3.050137457178345,1.0
16467,12236,109,82,9,2,prompt_only,current,-2.864512049215219,-3.719523730418639,0.8550116812034201,1.0
16467,12236,109,82,9,2,prompt_only,prefix_mean,-3.651598605313869,-4.281312043314084,0.6297134380002145,1.0
16467,12236,109,82,9,4,full,current,-0.6718577659431496,-2.784683081786953,2.1128253158438035,1.0
16467,12236,109,82,9,4,full,prefix_mean,-1.0776466617905844,-3.805108689990968,2.7274620282003834,1.0
16467,12236,109,82,9,4,history_mean,current,-2.1828374151422,-2.4550000193610173,0.27216260421881744,1.0
16467,12236,109,82,9,4,history_mean,prefix_mean,-2.3780457880601205,-2.1252573888166992,-0.2527883992434212,0.0
16467,12236,109,82,9,4,current_increment,current,1.5109796491990504,-0.3296830624259357,1.840662711624986,1.0
16467,12236,109,82,9,4,current_increment,prefix_mean,1.3003991262695362,-1.6798513011742688,2.980250427443805,1.0
16467,12236,109,82,9,4,prompt_only,current,-2.773009104597434,-6.29624403604886,3.5232349314514257,1.0
16467,12236,109,82,9,4,prompt_only,prefix_mean,-3.3881885839943138,-5.065153416102788,1.6769648321084745,1.0
16467,12236,109,82,9,8,full,current,-1.1343434043716074,-3.137427860273934,2.003084455902327,1.0
16467,12236,109,82,9,8,full,prefix_mean,-0.9467696528804006,-4.256939738144005,3.310170085263604,1.0
16467,12236,109,82,9,8,history_mean,current,-1.671360564134045,-3.9273481110805695,2.2559875469465247,1.0
16467,12236,109,82,9,8,history_mean,prefix_mean,-2.185902955615982,-2.6013943138735134,0.4154913582575315,1.0
16467,12236,109,82,9,8,current_increment,current,0.5370171597624376,0.7899202508066363,-0.2529030910441987,0.0
16467,12236,109,82,9,8,current_increment,prefix_mean,1.2391333027355813,-1.6555454242704912,2.8946787270060725,1.0
16467,12236,109,82,9,8,prompt_only,current,-1.0620474429209,-4.210835422379266,3.1487879794583664,1.0
16467,12236,109,82,9,8,prompt_only,prefix_mean,-1.9319456672912785,-4.775425790290837,2.843480122999558,1.0
16509,12243,99,64,10,1,full,current,-2.588991322332998,-2.133642868153041,-0.45534845417995706,0.0
16509,12243,99,64,10,1,full,prefix_mean,-2.588991322332998,-2.133642868153041,-0.45534845417995706,0.0
16509,12243,99,64,10,1,history_mean,current,-2.746284899265072,-2.4398233507655136,-0.3064615484995583,0.0
16509,12243,99,64,10,1,history_mean,prefix_mean,-2.746284899265072,-2.4398233507655136,-0.3064615484995583,0.0
16509,12243,99,64,10,1,current_increment,current,0.1572935769320738,0.3061804826124725,-0.1488869056803987,0.0
16509,12243,99,64,10,1,current_increment,prefix_mean,0.1572935769320738,0.3061804826124725,-0.1488869056803987,0.0
16509,12243,99,64,10,1,prompt_only,current,-3.734817270820016,-3.5046268424189533,-0.23019042840106252,0.0
16509,12243,99,64,10,1,prompt_only,prefix_mean,-3.734817270820016,-3.5046268424189533,-0.23019042840106252,0.0
16509,12243,99,64,10,2,full,current,-3.793093135878451,-2.7128926164959712,-1.0802005193824797,0.0
16509,12243,99,64,10,2,full,prefix_mean,-3.1910422291057245,-2.423267742324506,-0.7677744867812186,0.0
16509,12243,99,64,10,2,history_mean,current,-2.745818585137016,-2.4486485163644973,-0.2971700687725187,0.0
16509,12243,99,64,10,2,history_mean,prefix_mean,-2.746051742201044,-2.4442359335650057,-0.3018158086360385,0.0
16509,12243,99,64,10,2,current_increment,current,-1.047274550741435,-0.2642441001314739,-0.783030450609961,0.0
16509,12243,99,64,10,2,current_increment,prefix_mean,-0.44499048690468057,0.020968191240499284,-0.4659586781451799,0.0
16509,12243,99,64,10,2,prompt_only,current,-2.870587345196993,-5.375269499831867,2.5046821546348736,1.0
16509,12243,99,64,10,2,prompt_only,prefix_mean,-3.3027023080085045,-4.43994817112541,1.1372458631169056,1.0
16509,12243,99,64,10,4,full,current,-3.2057939944084595,-1.910426999248038,-1.2953669951604214,0.0
16509,12243,99,64,10,4,full,prefix_mean,-3.038378629580099,-2.180037690283421,-0.8583409392966779,0.0
16509,12243,99,64,10,4,history_mean,current,-2.6259393838040976,-2.82419451134939,0.19825512754529218,1.0
16509,12243,99,64,10,4,history_mean,prefix_mean,-2.7369790415920336,-2.5494499625202387,-0.18752907907179495,0.0
16509,12243,99,64,10,4,current_increment,current,-0.5798546106043618,0.9137675121013518,-1.4936221227057136,0.0
16509,12243,99,64,10,4,current_increment,prefix_mean,-0.3013995879880653,0.36941227223681744,-0.6708118602248827,0.0
16509,12243,99,64,10,4,prompt_only,current,-1.2446011457130448,-2.8585244215373,1.613923275824255,1.0
16509,12243,99,64,10,4,prompt_only,prefix_mean,-2.230721522496047,-4.11896871554628,1.888247193050233,1.0
16509,12243,99,64,10,8,full,current,-1.1452407130209816,-2.431603823417694,1.2863631103967124,1.0
16509,12243,99,64,10,8,full,prefix_mean,-1.9922041804216382,-2.287552203926071,0.2953480235044328,1.0
16509,12243,99,64,10,8,history_mean,current,-2.089107664213793,-2.352859901234564,0.2637522370207708,1.0
16509,12243,99,64,10,8,history_mean,prefix_mean,-2.5295362535135184,-2.5354139543524816,0.005877700838963218,1.0
16509,12243,99,64,10,8,current_increment,current,0.9438669511928116,-0.07874392218313,1.0226108733759416,1.0
16509,12243,99,64,10,8,current_increment,prefix_mean,0.5373320730918802,0.2478617504264107,0.28947032266546957,1.0
16509,12243,99,64,10,8,prompt_only,current,-0.0596099600665038,-5.097538315478982,5.037928355412478,1.0
16509,12243,99,64,10,8,prompt_only,prefix_mean,-1.0824128915640123,-3.715960035517742,2.63354714395373,1.0
16797,12291,66,40,13,1,full,current,1.632278558625611,-0.6312103782511941,2.263488936876805,1.0
16797,12291,66,40,13,1,full,prefix_mean,1.632278558625611,-0.6312103782511941,2.263488936876805,1.0
16797,12291,66,40,13,1,history_mean,current,-1.423860967753339,-1.839994621358494,0.416133653605155,1.0
16797,12291,66,40,13,1,history_mean,prefix_mean,-1.423860967753339,-1.839994621358494,0.416133653605155,1.0
16797,12291,66,40,13,1,current_increment,current,3.05613952637895,1.2087842431072997,1.8473552832716504,1.0
16797,12291,66,40,13,1,current_increment,prefix_mean,3.05613952637895,1.2087842431072997,1.8473552832716504,1.0
16797,12291,66,40,13,1,prompt_only,current,0.8382216002444387,-1.6654372995049702,2.503658899749409,1.0
16797,12291,66,40,13,1,prompt_only,prefix_mean,0.8382216002444387,-1.6654372995049702,2.503658899749409,1.0
16797,12291,66,40,13,2,full,current,1.2077487748179256,-2.6249053280430155,3.832654102860941,1.0
16797,12291,66,40,13,2,full,prefix_mean,1.4200136667217684,-1.6280578531471048,3.0480715198688735,1.0
16797,12291,66,40,13,2,history_mean,current,-0.9487566303642352,-1.5745377509346867,0.6257811205704515,1.0
16797,12291,66,40,13,2,history_mean,prefix_mean,-1.186308799058787,-1.7072661861465903,0.5209573870878033,1.0
16797,12291,66,40,13,2,current_increment,current,2.156505405182161,-1.0503675771083287,3.2068729822904896,1.0
16797,12291,66,40,13,2,current_increment,prefix_mean,2.6063224657805555,0.07920833299948549,2.5271141327810698,1.0
16797,12291,66,40,13,2,prompt_only,current,0.832526432804787,-1.889395877276421,2.721922310081208,1.0
16797,12291,66,40,13,2,prompt_only,prefix_mean,0.8353740165246129,-1.7774165883906956,2.6127906049153085,1.0
16797,12291,66,40,13,4,full,current,2.0548267345259434,-4.40503122921221,6.459857963738154,1.0
16797,12291,66,40,13,4,full,prefix_mean,1.4400585178189589,-2.537386993576809,3.977445511395768,1.0
16797,12291,66,40,13,4,history_mean,current,-0.378980688068529,-1.4802067422205312,1.101226054152002,1.0
16797,12291,66,40,13,4,history_mean,prefix_mean,-0.8439249565573156,-1.583115967918085,0.7391910113607695,1.0
16797,12291,66,40,13,4,current_increment,current,2.4338074225944726,-2.924824486991679,5.358631909586151,1.0
16797,12291,66,40,13,4,current_increment,prefix_mean,2.2839834743762744,-0.9542710256587238,3.2382545000349983,1.0
16797,12291,66,40,13,4,prompt_only,current,1.0920568553785015,-3.7236168030106582,4.8156736583891595,1.0
16797,12291,66,40,13,4,prompt_only,prefix_mean,1.23724290327689,-2.340412552726098,3.577655456002988,1.0
16797,12291,66,40,13,8,full,current,-2.200521112880669,-3.736081562601489,1.53556044972082,1.0
16797,12291,66,40,13,8,full,prefix_mean,0.9065163037837722,-2.6105587174158567,3.517075021199629,1.0
16797,12291,66,40,13,8,history_mean,current,0.9019245820534736,-1.8499168521519465,2.75184143420542,1.0
16797,12291,66,40,13,8,history_mean,prefix_mean,-0.1807631046053753,-1.7353385964504677,1.5545754918450925,1.0
16797,12291,66,40,13,8,current_increment,current,-3.1024456949341426,-1.8861647104495425,-1.2162809844846,0.0
16797,12291,66,40,13,8,current_increment,prefix_mean,1.0872794083891475,-0.8752201209653887,1.9624995293545362,1.0
16797,12291,66,40,13,8,prompt_only,current,-2.3747692023222555,-4.169602726784079,1.7948335244618239,1.0
16797,12291,66,40,13,8,prompt_only,prefix_mean,1.3727309672740855,-2.8797754094213266,4.252506376695412,1.0
16851,12300,128,116,8,1,full,current,2.5536060035411903,-2.970906536038629,5.524512539579819,1.0
16851,12300,128,116,8,1,full,prefix_mean,2.5536060035411903,-2.970906536038629,5.524512539579819,1.0
16851,12300,128,116,8,1,history_mean,current,-0.4892307067400224,-0.1755032640832354,-0.313727442656787,0.0
16851,12300,128,116,8,1,history_mean,prefix_mean,-0.4892307067400224,-0.1755032640832354,-0.313727442656787,0.0
16851,12300,128,116,8,1,current_increment,current,3.042836710281213,-2.7954032719553936,5.8382399822366065,1.0
16851,12300,128,116,8,1,current_increment,prefix_mean,3.042836710281213,-2.7954032719553936,5.8382399822366065,1.0
16851,12300,128,116,8,1,prompt_only,current,3.387198903697599,-0.2878082498980883,3.675007153595687,1.0
16851,12300,128,116,8,1,prompt_only,prefix_mean,3.387198903697599,-0.2878082498980883,3.675007153595687,1.0
16851,12300,128,116,8,2,full,current,2.206432162135563,-0.9744469178239832,3.1808790799595466,1.0
16851,12300,128,116,8,2,full,prefix_mean,2.380019082838377,-1.9726767269313061,4.352695809769683,1.0
16851,12300,128,116,8,2,history_mean,current,-0.2533832032643346,-0.3951712625850774,0.1417880593207428,1.0
16851,12300,128,116,8,2,history_mean,prefix_mean,-0.3713069550021785,-0.28533726333415643,-0.08596969166802204,0.0
16851,12300,128,116,8,2,current_increment,current,2.4598153653998978,-0.5792756552389058,3.0390910206388035,1.0
16851,12300,128,116,8,2,current_increment,prefix_mean,2.7513260378405553,-1.6873394635971497,4.438665501437705,1.0
16851,12300,128,116,8,2,prompt_only,current,4.196326699244064,2.9443690049997384,1.251957694244326,1.0
16851,12300,128,116,8,2,prompt_only,prefix_mean,3.791762801470832,1.3282803775508252,2.4634824239200066,1.0
16851,12300,128,116,8,4,full,current,1.196315715451178,0.958342340240248,0.2379733752109301,1.0
16851,12300,128,116,8,4,full,prefix_mean,1.8082201086373688,-0.6979700362095133,2.506190144846882,1.0
16851,12300,128,116,8,4,history_mean,current,0.2219433991163356,-0.2683314276629914,0.490274826779327,1.0
16851,12300,128,116,8,4,history_mean,prefix_mean,-0.16231118299070602,-0.2924715490591467,0.13016036606844067,1.0
16851,12300,128,116,8,4,current_increment,current,0.9743723163348424,1.2266737679032396,-0.2523014515683971,0.0
16851,12300,128,116,8,4,current_increment,prefix_mean,1.970531291628075,-0.4054984871503665,2.3760297787784417,1.0
16851,12300,128,116,8,4,prompt_only,current,5.658941722093742,4.452413231903922,1.20652849018982,1.0
16851,12300,128,116,8,4,prompt_only,prefix_mean,4.267551440732861,2.467277129955334,1.8002743107775268,1.0
16851,12300,128,116,8,8,full,current,0.927890083964636,0.9373077863021966,-0.009417702337560563,0.0
16851,12300,128,116,8,8,full,prefix_mean,0.4180660689125434,-0.5408405655894046,0.958906634501948,1.0
16851,12300,128,116,8,8,history_mean,current,-0.0755712230973529,-0.5367343260887196,0.46116310299136676,1.0
16851,12300,128,116,8,8,history_mean,prefix_mean,0.025387234676424356,-0.5027118891753769,0.5280991238518012,1.0
16851,12300,128,116,8,8,current_increment,current,1.0034613070619889,1.4740421123909162,-0.4705808053289273,0.0
16851,12300,128,116,8,8,current_increment,prefix_mean,0.39267883423611893,-0.038128676414027673,0.4308075106501466,1.0
16851,12300,128,116,8,8,prompt_only,current,4.328680698992659,2.1325202445397338,2.196160454452925,1.0
16851,12300,128,116,8,8,prompt_only,prefix_mean,3.6137803956505024,2.065618725977661,1.5481616696728415,1.0
16881,12305,77,55,21,1,full,current,-1.5874048088506694,-4.066469633922127,2.4790648250714575,1.0
16881,12305,77,55,21,1,full,prefix_mean,-1.5874048088506694,-4.066469633922127,2.4790648250714575,1.0
16881,12305,77,55,21,1,history_mean,current,-3.631133395211208,-4.516008076231534,0.8848746810203263,1.0
16881,12305,77,55,21,1,history_mean,prefix_mean,-3.631133395211208,-4.516008076231534,0.8848746810203263,1.0
16881,12305,77,55,21,1,current_increment,current,2.0437285863605386,0.4495384423094073,1.5941901440511312,1.0
16881,12305,77,55,21,1,current_increment,prefix_mean,2.0437285863605386,0.4495384423094073,1.5941901440511312,1.0
16881,12305,77,55,21,1,prompt_only,current,-5.28053597244956,-4.441416759564708,-0.8391192128848521,0.0
16881,12305,77,55,21,1,prompt_only,prefix_mean,-5.28053597244956,-4.441416759564708,-0.8391192128848521,0.0
16881,12305,77,55,21,2,full,current,-2.004657286980887,-4.664030348875947,2.65937306189506,1.0
16881,12305,77,55,21,2,full,prefix_mean,-1.7960310479157782,-4.365249991399037,2.569218943483259,1.0
16881,12305,77,55,21,2,history_mean,current,-3.41452759404321,-4.36816308049643,0.9536354864532202,1.0
16881,12305,77,55,21,2,history_mean,prefix_mean,-3.522830494627209,-4.442085578363982,0.9192550837367732,1.0
16881,12305,77,55,21,2,current_increment,current,1.4098703070623229,-0.2958672683795171,1.70573757544184,1.0
16881,12305,77,55,21,2,current_increment,prefix_mean,1.7267994467114307,0.07683558696494511,1.6499638597464856,1.0
16881,12305,77,55,21,2,prompt_only,current,-3.5868962822701578,-5.376034111806089,1.7891378295359308,1.0
16881,12305,77,55,21,2,prompt_only,prefix_mean,-4.433716127359859,-4.908725435685398,0.47500930832553934,1.0
16881,12305,77,55,21,4,full,current,-2.6054362655081262,-4.956023028696959,2.3505867631888324,1.0
16881,12305,77,55,21,4,full,prefix_mean,-2.171702114130011,-4.445965542782724,2.274263428652713,1.0
16881,12305,77,55,21,4,history_mean,current,-3.1803657108042045,-4.151210584613571,0.9708448738093662,1.0
16881,12305,77,55,21,4,history_mean,prefix_mean,-3.3465553745343644,-4.346960862118971,1.0004054875846067,1.0
16881,12305,77,55,21,4,current_increment,current,0.5749294452960783,-0.8048124440833879,1.3797418893794662,1.0
16881,12305,77,55,21,4,current_increment,prefix_mean,1.1748532604043533,-0.09900468066375277,1.2738579410681061,1.0
16881,12305,77,55,21,4,prompt_only,current,-2.610238662954637,-5.02681202178908,2.4165733588344436,1.0
16881,12305,77,55,21,4,prompt_only,prefix_mean,-3.7372432896108974,-4.9187579395260554,1.181514649915158,1.0
16881,12305,77,55,21,8,full,current,5.204346282521739,-2.842506632819852,8.04685291534159,1.0
16881,12305,77,55,21,8,full,prefix_mean,-0.6945271570174034,-4.158378715818863,3.4638515588014593,1.0
16881,12305,77,55,21,8,history_mean,current,-1.9965292936324943,-4.286281742521695,2.2897524488892005,1.0
16881,12305,77,55,21,8,history_mean,prefix_mean,-2.9578847610364143,-4.315540923361327,1.357656162324913,1.0
16881,12305,77,55,21,8,current_increment,current,7.200875576154233,1.4437751097018428,5.75710046645239,1.0
16881,12305,77,55,21,8,current_increment,prefix_mean,2.263357604019011,0.1571622075424649,2.106195396476546,1.0
16881,12305,77,55,21,8,prompt_only,current,1.7271390219415508,-5.2827937917010015,7.0099328136425525,1.0
16881,12305,77,55,21,8,prompt_only,prefix_mean,-2.7148556588493573,-5.033979565425665,2.3191239065763076,1.0
17199,12358,117,89,28,1,full,current,-2.708204893114136,-2.3277565941392484,-0.3804482989748874,0.0
17199,12358,117,89,28,1,full,prefix_mean,-2.708204893114136,-2.3277565941392484,-0.3804482989748874,0.0
17199,12358,117,89,28,1,history_mean,current,-3.2111041773487328,-3.514490339040276,0.3033861616915434,1.0
17199,12358,117,89,28,1,history_mean,prefix_mean,-3.2111041773487328,-3.514490339040276,0.3033861616915434,1.0
17199,12358,117,89,28,1,current_increment,current,0.502899284234597,1.1867337449010278,-0.6838344606664308,0.0
17199,12358,117,89,28,1,current_increment,prefix_mean,0.502899284234597,1.1867337449010278,-0.6838344606664308,0.0
17199,12358,117,89,28,1,prompt_only,current,-3.882727894618249,-4.014175489682159,0.1314475950639098,1.0
17199,12358,117,89,28,1,prompt_only,prefix_mean,-3.882727894618249,-4.014175489682159,0.1314475950639098,1.0
17199,12358,117,89,28,2,full,current,-2.8460698107813864,-1.9900130443344628,-0.8560567664469236,0.0
17199,12358,117,89,28,2,full,prefix_mean,-2.7771373519477613,-2.1588848192368557,-0.6182525327109056,0.0
17199,12358,117,89,28,2,history_mean,current,-3.336580705274571,-3.2353920927442688,-0.10118861253030209,0.0
17199,12358,117,89,28,2,history_mean,prefix_mean,-3.273842441311652,-3.3749412158922727,0.10109877458062089,1.0
17199,12358,117,89,28,2,current_increment,current,0.4905108944931844,1.245379048409806,-0.7548681539166215,0.0
17199,12358,117,89,28,2,current_increment,prefix_mean,0.4967050893638907,1.216056396655417,-0.7193513072915263,0.0
17199,12358,117,89,28,2,prompt_only,current,-4.718402372352873,-2.67081111903834,-2.047591253314533,0.0
17199,12358,117,89,28,2,prompt_only,prefix_mean,-4.300565133485561,-3.342493304360249,-0.9580718291253119,0.0
17199,12358,117,89,28,4,full,current,-2.793155549859624,-3.811928885022758,1.018773335163134,1.0
17199,12358,117,89,28,4,full,prefix_mean,-2.7538562654070553,-2.6634255629123507,-0.09043070249470464,0.0
17199,12358,117,89,28,4,history_mean,current,-3.2302803464429872,-2.8275160221025715,-0.40276432434041576,0.0
17199,12358,117,89,28,4,history_mean,prefix_mean,-3.2611741075184866,-3.149441989630252,-0.11173211788823467,0.0
17199,12358,117,89,28,4,current_increment,current,0.4371247965833635,-0.9844128629201868,1.4215376595035503,1.0
17199,12358,117,89,28,4,current_increment,prefix_mean,0.5073178421114316,0.486016426717901,0.021301415393530587,1.0
17199,12358,117,89,28,4,prompt_only,current,-3.474539779122421,-3.927375436562948,0.45283565744052723,1.0
17199,12358,117,89,28,4,prompt_only,prefix_mean,-4.285969901513305,-3.5964917539437273,-0.6894781475695773,0.0
17199,12358,117,89,28,8,full,current,-3.8853387109557858,-1.8859118834158464,-1.9994268275399394,0.0
17199,12358,117,89,28,8,full,prefix_mean,-3.12921452773971,-2.418108889844434,-0.711105637895276,0.0
17199,12358,117,89,28,8,history_mean,current,-3.0680526723269224,-2.7072042891237005,-0.3608483832032219,0.0
17199,12358,117,89,28,8,history_mean,prefix_mean,-3.18417302310576,-2.9419027202390504,-0.24227030286670947,0.0
17199,12358,117,89,28,8,current_increment,current,-0.8172860386288634,0.8212924057078541,-1.6385784443367175,0.0
17199,12358,117,89,28,8,current_increment,prefix_mean,0.054958495366050186,0.5237938303946164,-0.46883533502856617,0.0
17199,12358,117,89,28,8,prompt_only,current,-6.851534401624128,-4.579458827101532,-2.272075574522596,0.0
17199,12358,117,89,28,8,prompt_only,prefix_mean,-4.98012103370961,-4.110396314306795,-0.8697247194028144,0.0
17283,12372,21,14,2,1,full,current,-4.223578771132706,-5.078785475519405,0.8552067043866991,1.0
17283,12372,21,14,2,1,full,prefix_mean,-4.223578771132706,-5.078785475519405,0.8552067043866991,1.0
17283,12372,21,14,2,1,history_mean,current,-5.187001684407559,-5.292480596292033,0.10547891188447434,1.0
17283,12372,21,14,2,1,history_mean,prefix_mean,-5.187001684407559,-5.292480596292033,0.10547891188447434,1.0
17283,12372,21,14,2,1,current_increment,current,0.9634229132748526,0.2136951207726278,0.7497277925022248,1.0
17283,12372,21,14,2,1,current_increment,prefix_mean,0.9634229132748526,0.2136951207726278,0.7497277925022248,1.0
17283,12372,21,14,2,1,prompt_only,current,-5.155090183279845,-5.976050993143184,0.8209608098633394,1.0
17283,12372,21,14,2,1,prompt_only,prefix_mean,-5.155090183279845,-5.976050993143184,0.8209608098633394,1.0
17283,12372,21,14,2,2,full,current,-0.8475896111421777,-6.4020098669348044,5.5544202557926265,1.0
17283,12372,21,14,2,2,full,prefix_mean,-2.535584191137442,-5.740397671227105,3.204813480089663,1.0
17283,12372,21,14,2,2,history_mean,current,-5.010980809709366,-5.277785072745695,0.2668042630363292,1.0
17283,12372,21,14,2,2,history_mean,prefix_mean,-5.098991247058462,-5.285132834518864,0.18614158746040133,1.0
17283,12372,21,14,2,2,current_increment,current,4.163391198567188,-1.124224794189109,5.287615992756297,1.0
17283,12372,21,14,2,2,current_increment,prefix_mean,2.5634070559210205,-0.4552648367082406,3.018671892629261,1.0
17283,12372,21,14,2,2,prompt_only,current,-2.1236659623535976,-5.60624461279364,3.4825786504400424,1.0
17283,12372,21,14,2,2,prompt_only,prefix_mean,-3.6393780728167213,-5.791147802968412,2.151769730151691,1.0
