case_id,source_id,side,world,next_top1_changed,sequence_margin,next_margin,tail_margin,mean_margin
14315_headwear_scope,14315,supported,event_2_value_source_0.25_restore_relay,False,7.6439883084705915,6.411663055419922,1.2323252530506696,0.6663754242791164
14315_headwear_scope,14315,supported,event_0_value_source_0.25_restore_state_blocked,False,7.544966396849496,6.312641143798828,1.2323252530506679,0.6572792366758884
14315_headwear_scope,14315,supported,event_2_scope_and_value_1_restore_relay,False,7.6400887190811835,6.405534744262695,1.2345539748184882,0.6660134177587184
14315_headwear_scope,14315,supported,event_2_value_source_1_cut_both,False,7.524055752931412,6.299465179443359,1.2245905734880527,0.6553050782117205
14315_headwear_scope,14315,supported,event_1_scope_0.25_restore_state,False,7.6439883084705915,6.411663055419922,1.2323252530506696,0.6663754242791164
14315_headwear_scope,14315,supported,event_1_supported_value_0.25_restore_relay,False,7.639650245453405,6.404865264892578,1.2347849805608266,0.6659572211562421
14315_headwear_scope,14315,supported,event_2_selected_edge_0.25_restore_state,False,7.6439883084705915,6.411663055419922,1.2323252530506696,0.6663754242791164
14315_headwear_scope,14315,supported,event_0_supported_value_1_cut_both,False,7.563517887765282,6.320764541625977,1.2427533461393052,0.6589249361523823
14315_headwear_scope,14315,supported,event_1_selected_edge_joint_sham,False,7.6439883084705915,6.411663055419922,1.2323252530506696,0.6663754242791164
14315_headwear_scope,14315,supported,event_1_scope_and_value_0.25_restore_state_blocked,False,7.631159481566293,6.398834228515625,1.2323252530506679,0.6652059276514456
14315_headwear_scope,14315,supported,event_0_selected_edge_random_1,False,7.612998134392481,6.3897705078125,1.2232276265799813,0.6634209298724751
14315_headwear_scope,14315,supported,event_0_scope_0.25_cut_both,False,7.544966396849496,6.312641143798828,1.2323252530506679,0.6572792366758884
14315_headwear_scope,14315,supported,event_0_scope_and_value_1,False,7.627045893986284,6.392333984375,1.234711909611284,0.6647821527489748
14315_headwear_scope,14315,supported,event_0_scope_and_value_0.25_cut_both,False,7.548267641181967,6.317235946655273,1.2310316945266937,0.6575138469844347
14315_headwear_scope,14315,supported,event_1_scope_and_value_sham,False,7.6439883084705915,6.411663055419922,1.2323252530506696,0.6663754242791164
14315_headwear_scope,14315,supported,event_0_supported_value_sham,False,7.6439883084705915,6.411663055419922,1.2323252530506696,0.6663754242791164
14315_headwear_scope,14315,supported,event_2_selected_edge_state_sham,False,7.6439883084705915,6.411663055419922,1.2323252530506696,0.6663754242791164
14315_headwear_scope,14315,supported,event_1_selected_edge_state_sham,False,7.6439883084705915,6.411663055419922,1.2323252530506696,0.6663754242791164
14315_headwear_scope,14315,supported,event_0_scope_0.25_restore_state,False,7.6439883084705915,6.411663055419922,1.2323252530506696,0.6663754242791164
14315_headwear_scope,14315,supported,event_3_supported_value_0.25,False,7.642832455199106,6.4105072021484375,1.2323252530506688,0.6662704925754392
14315_headwear_scope,14315,supported,event_2_supported_value_0.25_cut_both,False,7.544966396849496,6.312641143798828,1.2323252530506679,0.6572792366758884
14315_headwear_scope,14315,supported,event_3_selected_edge_random_1,False,7.609459576170787,6.377134323120117,1.2323252530506696,0.6632126414734174
14315_headwear_scope,14315,supported,event_0_supported_value_1_restore_relay,False,7.622727711373681,6.379974365234375,1.242753346139306,0.6643657883530665
14315_headwear_scope,14315,supported,event_0_value_source_joint_sham,False,7.6439883084705915,6.411663055419922,1.2323252530506696,0.6663754242791164
14315_headwear_scope,14315,supported,event_0_supported_value_joint_sham,False,7.6439883084705915,6.411663055419922,1.2323252530506696,0.6663754242791164
14315_headwear_scope,14315,supported,event_1_selected_edge_1,False,7.646520005418051,6.403512954711914,1.2430070507061366,0.6665644407729903
14315_headwear_scope,14315,supported,event_1_scope_1_restore_state,False,7.6439883084705915,6.411663055419922,1.2323252530506696,0.6663754242791164
14315_headwear_scope,14315,supported,event_0_selected_edge_cut_relay,False,7.544966396849496,6.312641143798828,1.2323252530506679,0.6572792366758884
14315_headwear_scope,14315,supported,event_1_value_source_0.25_restore_state_blocked,False,7.631159481566293,6.398834228515625,1.2323252530506679,0.6652059276514456
14315_headwear_scope,14315,supported,event_1_value_source_0.25_cut_both,False,7.631159481566293,6.398834228515625,1.2323252530506679,0.6652059276514456
14315_headwear_scope,14315,supported,event_2_selected_edge_0.25_restore_state_blocked,False,7.544966396849496,6.312641143798828,1.2323252530506679,0.6572792366758884
14315_headwear_scope,14315,supported,event_2_value_source_1_restore_relay,False,7.612802777467546,6.388212203979492,1.2245905734880536,0.6634527147792335
14315_headwear_scope,14315,supported,event_2_supported_value_1_restore_state_blocked,False,7.544966396849496,6.312641143798828,1.2323252530506679,0.6572792366758884
14315_headwear_scope,14315,supported,event_1_scope_and_value_1,False,7.630039911954398,6.401338577270508,1.2287013346838904,0.6650495610654711
14315_headwear_scope,14315,supported,event_1_supported_value_0.25_restore_state_blocked,False,7.631159481566293,6.398834228515625,1.2323252530506679,0.6652059276514456
14315_headwear_scope,14315,supported,event_0_scope_1_restore_state_blocked,False,7.544966396849496,6.312641143798828,1.2323252530506679,0.6572792366758884
14315_headwear_scope,14315,supported,event_0_supported_value_0.25_restore_relay,False,7.6434637446279465,6.411663055419922,1.2318006892080247,0.6662596894608308
14315_headwear_scope,14315,supported,event_2_value_source_1,False,7.603454861818132,6.378864288330078,1.2245905734880536,0.6625973129587128
14315_headwear_scope,14315,supported,event_1_scope_0.25_restore_relay,False,7.6439883084705915,6.411663055419922,1.2323252530506696,0.6663754242791164
14315_headwear_scope,14315,supported,event_0_value_source_1_restore_relay,False,7.6495033954045315,6.406881332397461,1.2426220630070706,0.6668135369914667
14315_headwear_scope,14315,supported,event_3_supported_value_1,False,7.6259600491932495,6.393634796142578,1.2323252530506714,0.6647243427550977
14315_headwear_scope,14315,supported,event_0_selected_edge_relay_sham,False,7.6439883084705915,6.411663055419922,1.2323252530506696,0.6663754242791164
14315_headwear_scope,14315,supported,event_2_selected_edge_joint_sham,False,7.6439883084705915,6.411663055419922,1.2323252530506696,0.6663754242791164
14315_headwear_scope,14315,supported,event_1_scope_0.25,False,7.6439883084705915,6.411663055419922,1.2323252530506696,0.6663754242791164
14315_headwear_scope,14315,supported,event_1_value_source_0.25_restore_state,False,7.6439883084705915,6.411663055419922,1.2323252530506696,0.6663754242791164
14315_headwear_scope,14315,supported,event_1_supported_value_joint_sham,False,7.6439883084705915,6.411663055419922,1.2323252530506696,0.6663754242791164
14315_headwear_scope,14315,supported,event_0_supported_value_0.25_restore_state_blocked,False,7.544966396849496,6.312641143798828,1.2323252530506679,0.6572792366758884
14315_headwear_scope,14315,supported,event_3_selected_edge_sham,False,7.6439883084705915,6.411663055419922,1.2323252530506696,0.6663754242791164
14315_headwear_scope,14315,supported,event_2_selected_edge_0.25,False,7.6321211573853205,6.402463912963867,1.2296572444214533,0.6652345684165863
14315_headwear_scope,14315,supported,event_3_selected_edge_random_0,False,7.621958431761605,6.3896331787109375,1.2323252530506679,0.6643393266876585
14315_headwear_scope,14315,supported,event_2_selected_edge_1_cut_both,False,7.53389152860874,6.313261032104492,1.2206304965042474,0.6561218775494257
14315_headwear_scope,14315,supported,event_0_selected_edge_random_0,False,7.644301383461883,6.400413513183594,1.2438878702782894,0.6663549770857642
14315_headwear_scope,14315,supported,event_0_scope_and_value_1_restore_state,False,7.6439883084705915,6.411663055419922,1.2323252530506696,0.6663754242791164
14315_headwear_scope,14315,supported,event_1_selected_edge_1_restore_state,False,7.6439883084705915,6.411663055419922,1.2323252530506696,0.6663754242791164
14315_headwear_scope,14315,supported,event_0_scope_1,False,7.6303687371068545,6.395610809326172,1.2347579277806826,0.6650709622656567
14315_headwear_scope,14315,supported,event_2_scope_and_value_1_restore_state_blocked,False,7.544966396849496,6.312641143798828,1.2323252530506679,0.6572792366758884
14315_headwear_scope,14315,supported,event_1_value_source_sham,False,7.6439883084705915,6.411663055419922,1.2323252530506696,0.6663754242791164
14315_headwear_scope,14315,supported,event_1_value_source_1,False,7.6410144139513,6.403804779052734,1.2372096348985657,0.6661028842950704
14315_headwear_scope,14315,supported,event_2_selected_edge_1_restore_state_blocked,False,7.544966396849496,6.312641143798828,1.2323252530506679,0.6572792366758884
14315_headwear_scope,14315,supported,event_0_supported_value_1,False,7.629266102486962,6.386512756347656,1.242753346139306,0.6649660552372566
14315_headwear_scope,14315,supported,event_2_scope_1_cut_both,False,7.537632344985811,6.312641143798828,1.2249912011869828,0.6565458314895198
14315_headwear_scope,14315,supported,event_2_scope_and_value_0.25_cut_both,False,7.525034036104823,6.299465179443359,1.2255688566614635,0.6554029065290615
14315_headwear_scope,14315,supported,event_1_supported_value_0.25,False,7.639650245453405,6.404865264892578,1.2347849805608266,0.6659572211562421
14315_headwear_scope,14315,supported,event_0_scope_joint_sham,False,7.6439883084705915,6.411663055419922,1.2323252530506696,0.6663754242791164
14315_headwear_scope,14315,supported,event_2_scope_joint_sham,False,7.6439883084705915,6.411663055419922,1.2323252530506696,0.6663754242791164
14315_headwear_scope,14315,supported,event_3_scope_and_value_1,False,7.633324322264538,6.400999069213867,1.2323252530506705,0.6653974794166055
14315_headwear_scope,14315,supported,event_1_value_source_0.25_restore_relay,False,7.6439883084705915,6.411663055419922,1.2323252530506696,0.6663754242791164
14315_headwear_scope,14315,supported,event_2_scope_and_value_1_cut_both,False,7.539418858241339,6.304864883422852,1.2345539748184873,0.6567583512586357
14315_headwear_scope,14315,supported,event_0_scope_0.25_restore_relay,False,7.6439883084705915,6.411663055419922,1.2323252530506696,0.6663754242791164
14315_headwear_scope,14315,supported,event_0_selected_edge_1_restore_relay,False,7.638887670574667,6.408203125,1.2306845455746673,0.6659260172629087
14315_headwear_scope,14315,supported,event_0_selected_edge_joint_sham,False,7.6439883084705915,6.411663055419922,1.2323252530506696,0.6663754242791164
14315_headwear_scope,14315,supported,event_0_supported_value_0.25,False,7.6434637446279465,6.411663055419922,1.2318006892080247,0.6662596894608308
14315_headwear_scope,14315,supported,event_2_scope_sham,False,7.6439883084705915,6.411663055419922,1.2323252530506696,0.6663754242791164
14315_headwear_scope,14315,supported,event_0_selected_edge_sham,False,7.6439883084705915,6.411663055419922,1.2323252530506696,0.6663754242791164
14315_headwear_scope,14315,supported,event_0_selected_edge_state_sham,False,7.6439883084705915,6.411663055419922,1.2323252530506696,0.6663754242791164
14315_headwear_scope,14315,supported,event_0_supported_value_0.25_cut_both,False,7.544441833006852,6.312641143798828,1.2318006892080238,0.6571635018576027
14315_headwear_scope,14315,supported,event_2_value_source_0.25_restore_state,False,7.6439883084705915,6.411663055419922,1.2323252530506696,0.6663754242791164
14315_headwear_scope,14315,supported,event_3_scope_and_value_0.25,False,7.642622646849498,6.410297393798828,1.2323252530506696,0.6662509206887399
14315_headwear_scope,14315,supported,event_2_supported_value_joint_sham,False,7.6439883084705915,6.411663055419922,1.2323252530506696,0.6663754242791164
14315_headwear_scope,14315,supported,event_2_selected_edge_relay_sham,False,7.6439883084705915,6.411663055419922,1.2323252530506696,0.6663754242791164
14315_headwear_scope,14315,supported,event_1_selected_edge_cut_relay,False,7.631159481566293,6.398834228515625,1.2323252530506679,0.6652059276514456
14315_headwear_scope,14315,supported,event_0_value_source_0.25_cut_both,False,7.541026427728365,6.312641143798828,1.228385283929537,0.6568530104686494
14315_headwear_scope,14315,supported,event_1_scope_and_value_0.25,False,7.6368597944036,6.402074813842773,1.2347849805608266,0.6656986132767593
14315_headwear_scope,14315,supported,event_0_scope_1_cut_both,False,7.556062249069743,6.3213043212890625,1.2347579277806808,0.6582303885028009
14315_headwear_scope,14315,supported,event_1_selected_edge_0.25,False,7.632366372463548,6.4045867919921875,1.2277795804713607,0.66530117677243
14315_headwear_scope,14315,supported,event_2_scope_and_value_1_restore_state,False,7.6439883084705915,6.411663055419922,1.2323252530506696,0.6663754242791164
14315_headwear_scope,14315,supported,event_2_value_source_sham,False,7.6439883084705915,6.411663055419922,1.2323252530506696,0.6663754242791164
14315_headwear_scope,14315,supported,event_1_scope_and_value_joint_sham,False,7.6439883084705915,6.411663055419922,1.2323252530506696,0.6663754242791164
14315_headwear_scope,14315,supported,event_2_scope_0.25_restore_state_blocked,False,7.544966396849496,6.312641143798828,1.2323252530506679,0.6572792366758884
14315_headwear_scope,14315,supported,event_2_scope_and_value_joint_sham,False,7.6439883084705915,6.411663055419922,1.2323252530506696,0.6663754242791164
14315_headwear_scope,14315,supported,event_1_scope_1,False,7.622277879850698,6.3902587890625,1.2320190907881976,0.6643867894521794
14315_headwear_scope,14315,supported,event_1_scope_and_value_0.25_restore_state,False,7.6439883084705915,6.411663055419922,1.2323252530506696,0.6663754242791164
14315_headwear_scope,14315,supported,event_2_scope_and_value_0.25_restore_state,False,7.6439883084705915,6.411663055419922,1.2323252530506696,0.6663754242791164
14315_headwear_scope,14315,supported,event_1_scope_and_value_1_restore_state_blocked,False,7.631159481566293,6.398834228515625,1.2323252530506679,0.6652059276514456
14315_headwear_scope,14315,supported,event_3_supported_value_sham,False,7.6439883084705915,6.411663055419922,1.2323252530506696,0.6663754242791164
14315_headwear_scope,14315,supported,event_0_value_source_1,False,7.641442940082268,6.398820877075195,1.2426220630070723,0.6660737462206605
14315_headwear_scope,14315,supported,event_2_value_source_0.25,False,7.6439883084705915,6.411663055419922,1.2323252530506696,0.6663754242791164
14315_headwear_scope,14315,supported,event_0_selected_edge_1,False,7.618654516277795,6.387969970703125,1.23068454557467,0.6640710620478221
14315_headwear_scope,14315,supported,event_2_selected_edge_1_restore_state,False,7.6439883084705915,6.411663055419922,1.2323252530506696,0.6663754242791164
14315_headwear_scope,14315,supported,event_0_selected_edge_0.25_cut_both,False,7.546008105327787,6.318206787109375,1.227801318218412,0.657304314392766
14315_headwear_scope,14315,supported,event_3_value_source_1,False,7.644398388426646,6.412073135375977,1.2323252530506696,0.6664076824976419
14315_headwear_scope,14315,supported,event_1_selected_edge_relay_sham,False,7.6439883084705915,6.411663055419922,1.2323252530506696,0.6663754242791164
14315_headwear_scope,14315,supported,event_0_scope_and_value_1_cut_both,False,7.557273173649369,6.322561264038086,1.234711909611283,0.6583637809666312
14315_headwear_scope,14315,supported,event_3_selected_edge_0.25,False,7.573849377196176,6.341524124145508,1.2323252530506679,0.6599521008054763
14315_headwear_scope,14315,supported,event_0_supported_value_1_restore_state_blocked,False,7.544966396849496,6.312641143798828,1.2323252530506679,0.6572792366758884
14315_headwear_scope,14315,supported,event_2_supported_value_0.25_restore_state_blocked,False,7.544966396849496,6.312641143798828,1.2323252530506679,0.6572792366758884
14315_headwear_scope,14315,supported,event_2_selected_edge_random_0,False,7.614248691790641,6.406139373779297,1.2081093180113438,0.6635497666336352
14315_headwear_scope,14315,supported,event_1_value_source_1_restore_relay,False,7.639913873790166,6.402704238891602,1.2372096348985648,0.6660031785791498
14315_headwear_scope,14315,supported,event_2_scope_1,False,7.636654256606906,6.411663055419922,1.2249912011869846,0.665642019092748
14315_headwear_scope,14315,supported,event_0_scope_0.25_restore_state_blocked,False,7.544966396849496,6.312641143798828,1.2323252530506679,0.6572792366758884
14315_headwear_scope,14315,supported,event_0_selected_edge_0.25_restore_state_blocked,False,7.544966396849496,6.312641143798828,1.2323252530506679,0.6572792366758884
14315_headwear_scope,14315,supported,event_2_scope_and_value_0.25_restore_state_blocked,False,7.544966396849496,6.312641143798828,1.2323252530506679,0.6572792366758884
14315_headwear_scope,14315,supported,event_2_value_source_1_restore_state,False,7.6439883084705915,6.411663055419922,1.2323252530506696,0.6663754242791164
14315_headwear_scope,14315,supported,event_2_value_source_0.25_cut_both,False,7.544966396849496,6.312641143798828,1.2323252530506679,0.6572792366758884
14315_headwear_scope,14315,supported,event_2_selected_edge_1,False,7.623271792890968,6.402641296386719,1.2206304965042492,0.6643374356813643
14315_headwear_scope,14315,supported,event_2_scope_1_restore_state_blocked,False,7.544966396849496,6.312641143798828,1.2323252530506679,0.6572792366758884
14315_headwear_scope,14315,supported,event_1_supported_value_1_restore_state_blocked,False,7.631159481566293,6.398834228515625,1.2323252530506679,0.6652059276514456
14315_headwear_scope,14315,supported,event_1_scope_and_value_1_restore_state,False,7.6439883084705915,6.411663055419922,1.2323252530506696,0.6663754242791164
14315_headwear_scope,14315,supported,event_0_scope_and_value_0.25_restore_state_blocked,False,7.544966396849496,6.312641143798828,1.2323252530506679,0.6572792366758884
14315_headwear_scope,14315,supported,event_2_selected_edge_cut_relay,False,7.544966396849496,6.312641143798828,1.2323252530506679,0.6572792366758884
14315_headwear_scope,14315,supported,event_1_scope_1_restore_relay,False,7.622277879850698,6.3902587890625,1.2320190907881976,0.6643867894521794
14315_headwear_scope,14315,supported,event_0_selected_edge_1_cut_both,False,7.549644735394004,6.318960189819336,1.2306845455746682,0.6577289950256403
14315_headwear_scope,14315,supported,event_1_scope_and_value_1_restore_relay,False,7.629338007657525,6.400636672973633,1.2287013346838922,0.6649828474320955
14315_headwear_scope,14315,supported,event_0_scope_and_value_joint_sham,False,7.6439883084705915,6.411663055419922,1.2323252530506696,0.6663754242791164
14315_headwear_scope,14315,supported,event_3_value_source_0.25,False,7.6439883084705915,6.411663055419922,1.2323252530506696,0.6663754242791164
14315_headwear_scope,14315,supported,event_1_supported_value_1_cut_both,False,7.626192216554931,6.398551940917969,1.2276402756369622,0.6647207403533939
14315_headwear_scope,14315,supported,event_2_supported_value_1_restore_state,False,7.6439883084705915,6.411663055419922,1.2323252530506696,0.6663754242791164
14315_headwear_scope,14315,supported,event_1_value_source_0.25,False,7.6439883084705915,6.411663055419922,1.2323252530506696,0.6663754242791164
14315_headwear_scope,14315,supported,event_0_scope_and_value_0.25_restore_state,False,7.6439883084705915,6.411663055419922,1.2323252530506696,0.6663754242791164
14315_headwear_scope,14315,supported,event_2_supported_value_sham,False,7.6439883084705915,6.411663055419922,1.2323252530506696,0.6663754242791164
14315_headwear_scope,14315,supported,event_1_value_source_1_cut_both,False,7.64544327747669,6.408233642578125,1.2372096348985648,0.6665135637622888
14315_headwear_scope,14315,supported,event_2_supported_value_1_cut_both,False,7.527646256774402,6.304864883422852,1.22278137335155,0.655622918238526
14315_headwear_scope,14315,supported,event_0_scope_and_value_sham,False,7.6439883084705915,6.411663055419922,1.2323252530506696,0.6663754242791164
14315_headwear_scope,14315,supported,event_0_selected_edge_0.25,False,7.618576998760403,6.390775680541992,1.227801318218411,0.6639843308560609
14315_headwear_scope,14315,supported,event_3_scope_1,False,7.633078274290902,6.400753021240234,1.2323252530506679,0.6653759034781817
14315_headwear_scope,14315,supported,event_0_value_source_1_cut_both,False,7.557330772723866,6.314708709716797,1.2426220630070688,0.6583431709689179
14315_headwear_scope,14315,supported,event_3_value_source_sham,False,7.6439883084705915,6.411663055419922,1.2323252530506696,0.6663754242791164
14315_headwear_scope,14315,supported,event_0_scope_sham,False,7.6439883084705915,6.411663055419922,1.2323252530506696,0.6663754242791164
14315_headwear_scope,14315,supported,event_1_supported_value_1,False,7.623800401369383,6.396160125732422,1.2276402756369613,0.6645013187159765
14315_headwear_scope,14315,supported,event_0_value_source_sham,False,7.6439883084705915,6.411663055419922,1.2323252530506696,0.6663754242791164
14315_headwear_scope,14315,supported,event_0_value_source_0.25,False,7.64004833934946,6.411663055419922,1.228385283929538,0.6659491980718775
14315_headwear_scope,14315,supported,event_0_value_source_0.25_restore_relay,False,7.64004833934946,6.411663055419922,1.228385283929538,0.6659491980718775
14315_headwear_scope,14315,supported,event_2_selected_edge_0.25_restore_relay,False,7.633093905188055,6.403436660766602,1.2296572444214533,0.6653243383516148
14315_headwear_scope,14315,supported,event_2_supported_value_0.25_restore_state,False,7.6439883084705915,6.411663055419922,1.2323252530506696,0.6663754242791164
14315_headwear_scope,14315,supported,event_0_scope_and_value_1_restore_state_blocked,False,7.544966396849496,6.312641143798828,1.2323252530506679,0.6572792366758884
14315_headwear_scope,14315,supported,event_2_value_source_1_restore_state_blocked,False,7.544966396849496,6.312641143798828,1.2323252530506679,0.6572792366758884
14315_headwear_scope,14315,supported,event_2_scope_and_value_0.25,False,7.6044331449915425,6.378864288330078,1.2255688566614644,0.6626951412760539
14315_headwear_scope,14315,supported,event_2_scope_0.25_restore_state,False,7.6439883084705915,6.411663055419922,1.2323252530506696,0.6663754242791164
14315_headwear_scope,14315,supported,event_1_scope_and_value_0.25_restore_relay,False,7.6368597944036,6.402074813842773,1.2347849805608266,0.6656986132767593
14315_headwear_scope,14315,supported,event_1_supported_value_1_restore_state,False,7.6439883084705915,6.411663055419922,1.2323252530506696,0.6663754242791164
14315_headwear_scope,14315,supported,event_0_value_source_1_restore_state,False,7.6439883084705915,6.411663055419922,1.2323252530506696,0.6663754242791164
14315_headwear_scope,14315,supported,event_3_selected_edge_1,False,7.562555965941295,6.330230712890625,1.2323252530506696,0.6589151091019402
14315_headwear_scope,14315,supported,event_2_scope_0.25_cut_both,False,7.544966396849496,6.312641143798828,1.2323252530506679,0.6572792366758884
14315_headwear_scope,14315,supported,event_1_value_source_1_restore_state,False,7.6439883084705915,6.411663055419922,1.2323252530506696,0.6663754242791164
14315_headwear_scope,14315,supported,event_0_scope_0.25,False,7.6439883084705915,6.411663055419922,1.2323252530506696,0.6663754242791164
14315_headwear_scope,14315,supported,event_1_supported_value_sham,False,7.6439883084705915,6.411663055419922,1.2323252530506696,0.6663754242791164
14315_headwear_scope,14315,supported,event_0_selected_edge_1_restore_state,False,7.6439883084705915,6.411663055419922,1.2323252530506696,0.6663754242791164
14315_headwear_scope,14315,supported,event_1_scope_0.25_restore_state_blocked,False,7.631159481566293,6.398834228515625,1.2323252530506679,0.6652059276514456
14315_headwear_scope,14315,supported,event_3_scope_sham,False,7.6439883084705915,6.411663055419922,1.2323252530506696,0.6663754242791164
14315_headwear_scope,14315,supported,event_2_scope_and_value_sham,False,7.6439883084705915,6.411663055419922,1.2323252530506696,0.6663754242791164
14315_headwear_scope,14315,supported,event_2_selected_edge_1_restore_relay,False,7.628063052656593,6.407432556152344,1.2206304965042492,0.664766762888997
14315_headwear_scope,14315,supported,event_2_scope_1_restore_state,False,7.6439883084705915,6.411663055419922,1.2323252530506696,0.6663754242791164
14315_headwear_scope,14315,supported,event_3_scope_0.25,False,7.6439883084705915,6.411663055419922,1.2323252530506696,0.6663754242791164
14315_headwear_scope,14315,supported,event_1_scope_and_value_0.25_cut_both,False,7.630809684540319,6.396024703979492,1.2347849805608266,0.6651487354989213
14315_headwear_scope,14315,supported,event_2_selected_edge_random_1,False,7.626880550461575,6.403575897216797,1.223304653244778,0.6647610189434996
14315_headwear_scope,14315,supported,event_1_selected_edge_1_cut_both,False,7.6510270702373875,6.40802001953125,1.2430070507061375,0.6669717359133566
14315_headwear_scope,14315,supported,event_2_supported_value_0.25,False,7.6439883084705915,6.411663055419922,1.2323252530506696,0.6663754242791164
14315_headwear_scope,14315,supported,event_2_scope_and_value_1,False,7.642612141322394,6.408058166503906,1.2345539748184882,0.6662423568956526
14315_headwear_scope,14315,supported,event_0_selected_edge_0.25_restore_state,False,7.6439883084705915,6.411663055419922,1.2323252530506696,0.6663754242791164
14315_headwear_scope,14315,supported,event_1_selected_edge_0.25_restore_state,False,7.6439883084705915,6.411663055419922,1.2323252530506696,0.6663754242791164
14315_headwear_scope,14315,supported,event_0_value_source_1_restore_state_blocked,False,7.544966396849496,6.312641143798828,1.2323252530506679,0.6572792366758884
14315_headwear_scope,14315,supported,event_2_selected_edge_0.25_cut_both,False,7.551789355017156,6.322132110595703,1.2296572444214533,0.6578424712599451
14315_headwear_scope,14315,supported,event_2_scope_0.25_restore_relay,False,7.6439883084705915,6.411663055419922,1.2323252530506696,0.6663754242791164
14315_headwear_scope,14315,supported,event_0_selected_edge_0.25_restore_relay,False,7.612631793071927,6.384830474853516,1.227801318218411,0.6634377132232007
14315_headwear_scope,14315,supported,event_2_value_source_joint_sham,False,7.6439883084705915,6.411663055419922,1.2323252530506696,0.6663754242791164
14315_headwear_scope,14315,supported,event_0_value_source_0.25_restore_state,False,7.6439883084705915,6.411663055419922,1.2323252530506696,0.6663754242791164
14315_headwear_scope,14315,supported,event_0_supported_value_0.25_restore_state,False,7.6439883084705915,6.411663055419922,1.2323252530506696,0.6663754242791164
14315_headwear_scope,14315,supported,event_1_scope_1_restore_state_blocked,False,7.631159481566293,6.398834228515625,1.2323252530506679,0.6652059276514456
14315_headwear_scope,14315,supported,event_2_scope_and_value_0.25_restore_relay,False,7.613781060640957,6.388212203979492,1.2255688566614644,0.6635505430965746
14315_headwear_scope,14315,supported,event_0_scope_1_restore_state,False,7.6439883084705915,6.411663055419922,1.2323252530506696,0.6663754242791164
14315_headwear_scope,14315,supported,event_1_value_source_1_restore_state_blocked,False,7.631159481566293,6.398834228515625,1.2323252530506679,0.6652059276514456
14315_headwear_scope,14315,supported,event_1_scope_joint_sham,False,7.6439883084705915,6.411663055419922,1.2323252530506696,0.6663754242791164
14315_headwear_scope,14315,supported,event_3_selected_edge_state_sham,False,7.6439883084705915,6.411663055419922,1.2323252530506696,0.6663754242791164
14315_headwear_scope,14315,supported,event_1_supported_value_0.25_restore_state,False,7.6439883084705915,6.411663055419922,1.2323252530506696,0.6663754242791164
14315_headwear_scope,14315,supported,event_1_selected_edge_0.25_restore_state_blocked,False,7.631159481566293,6.398834228515625,1.2323252530506679,0.6652059276514456
14315_headwear_scope,14315,supported,event_2_supported_value_1,False,7.6308395398554545,6.408058166503906,1.2227813733515482,0.6651069238755427
14315_headwear_scope,14315,supported,event_0_supported_value_1_restore_state,False,7.6439883084705915,6.411663055419922,1.2323252530506696,0.6663754242791164
14315_headwear_scope,14315,supported,event_1_value_source_joint_sham,False,7.6439883084705915,6.411663055419922,1.2323252530506696,0.6663754242791164
14315_headwear_scope,14315,supported,event_1_selected_edge_0.25_cut_both,False,7.6236021054957765,6.395822525024414,1.2277795804713625,0.6645029339042694
14315_headwear_scope,14315,supported,event_1_selected_edge_random_1,False,7.613476117326058,6.394630432128906,1.2188456851971514,0.6635656571513808
14315_headwear_scope,14315,supported,event_1_selected_edge_0.25_restore_relay,False,7.633793069240892,6.406013488769531,1.2277795804713607,0.665432099481603
14315_headwear_scope,14315,supported,event_1_supported_value_0.25_cut_both,False,7.622661491180944,6.387876510620117,1.2347849805608266,0.6644091890968314
14315_headwear_scope,14315,supported,event_2_scope_1_restore_relay,False,7.636654256606906,6.411663055419922,1.2249912011869846,0.665642019092748
14315_headwear_scope,14315,supported,event_1_scope_and_value_1_cut_both,False,7.641768198697564,6.413066864013672,1.2287013346838922,0.6661228009978942
14315_headwear_scope,14315,supported,event_1_scope_1_cut_both,False,7.635394716398547,6.403375625610352,1.2320190907881958,0.6655926689616465
14315_headwear_scope,14315,supported,event_2_supported_value_1_restore_relay,False,7.6283161176142436,6.405534744262695,1.2227813733515482,0.6648779847386085
14315_headwear_scope,14315,supported,event_1_scope_sham,False,7.6439883084705915,6.411663055419922,1.2323252530506696,0.6663754242791164
14315_headwear_scope,14315,supported,event_1_selected_edge_1_restore_state_blocked,False,7.631159481566293,6.398834228515625,1.2323252530506679,0.6652059276514456
14315_headwear_scope,14315,supported,event_1_selected_edge_sham,False,7.6439883084705915,6.411663055419922,1.2323252530506696,0.6663754242791164
14315_headwear_scope,14315,supported,event_0_selected_edge_1_restore_state_blocked,False,7.544966396849496,6.312641143798828,1.2323252530506679,0.6572792366758884
14315_headwear_scope,14315,supported,event_0_scope_and_value_0.25,False,7.606077470893882,6.3750457763671875,1.2310316945266946,0.6628378400371756
14315_headwear_scope,14315,supported,event_2_value_source_0.25_restore_state_blocked,False,7.544966396849496,6.312641143798828,1.2323252530506679,0.6572792366758884
14315_headwear_scope,14315,supported,event_1_selected_edge_1_restore_relay,False,7.646834717942465,6.403827667236328,1.2430070507061366,0.6665933968330195
14315_headwear_scope,14315,supported,event_3_scope_and_value_sham,False,7.6439883084705915,6.411663055419922,1.2323252530506696,0.6663754242791164
14315_headwear_scope,14315,supported,event_1_supported_value_1_restore_relay,False,7.623800401369383,6.396160125732422,1.2276402756369613,0.6645013187159765
14315_headwear_scope,14315,supported,event_1_scope_0.25_cut_both,False,7.631159481566293,6.398834228515625,1.2323252530506679,0.6652059276514456
14315_headwear_scope,14315,supported,event_2_scope_0.25,False,7.6439883084705915,6.411663055419922,1.2323252530506696,0.6663754242791164
14315_headwear_scope,14315,supported,event_0_scope_and_value_0.25_restore_relay,False,7.605034151191732,6.374002456665039,1.2310316945266928,0.6627341302347127
14315_headwear_scope,14315,supported,event_0_scope_1_restore_relay,False,7.629107979660564,6.394350051879883,1.2347579277806808,0.6649537638178594
14315_headwear_scope,14315,supported,event_2_supported_value_0.25_restore_relay,False,7.6439883084705915,6.411663055419922,1.2323252530506696,0.6663754242791164
14315_headwear_scope,14315,supported,event_1_selected_edge_random_0,False,7.623138895885176,6.396465301513672,1.226673594371504,0.6644301353939566
14315_headwear_scope,14315,supported,event_2_selected_edge_sham,False,7.6439883084705915,6.411663055419922,1.2323252530506696,0.6663754242791164
14315_headwear_scope,14315,supported,event_0_scope_and_value_1_restore_relay,False,7.631383204777299,6.396671295166016,1.234711909611283,0.6651793266797961
14315_headwear_scope,14315,unsupported,event_2_value_source_0.25_restore_relay,False,-4.706860784035086,-5.727158546447754,1.0202977624126683,-0.5213120693891284
14315_headwear_scope,14315,unsupported,event_0_value_source_0.25_restore_state_blocked,False,-4.745699170570731,-5.765996932983398,1.0202977624126675,-0.5252205159782565
14315_headwear_scope,14315,unsupported,event_2_scope_and_value_1_restore_relay,False,-4.700007082407859,-5.722437858581543,1.0224307761736844,-0.520663722557158
14315_headwear_scope,14315,unsupported,event_2_value_source_1_cut_both,False,-4.7247326407245405,-5.745030403137207,1.0202977624126666,-0.5231755822733885
14315_headwear_scope,14315,unsupported,event_1_scope_0.25_restore_state,False,-4.697483304481864,-5.717781066894531,1.0202977624126675,-0.5204001886779118
14315_headwear_scope,14315,unsupported,event_1_supported_value_0.25_restore_relay,False,-4.690072300488706,-5.716617584228516,1.02654528373981,-0.5196911702897719
14315_headwear_scope,14315,unsupported,event_2_selected_edge_0.25_restore_state,False,-4.697483304481864,-5.717781066894531,1.0202977624126675,-0.5204001886779118
14315_headwear_scope,14315,unsupported,event_0_supported_value_1_cut_both,False,-4.741465774054696,-5.754688262939453,1.0132224888847574,-0.5248058564373057
14315_headwear_scope,14315,unsupported,event_1_selected_edge_joint_sham,False,-4.697483304481864,-5.717781066894531,1.0202977624126675,-0.5204001886779118
14315_headwear_scope,14315,unsupported,event_1_scope_and_value_0.25_restore_state_blocked,False,-4.6988165411762,-5.719114303588867,1.0202977624126675,-0.520533839942237
14315_headwear_scope,14315,unsupported,event_0_selected_edge_random_1,False,-4.695681814346909,-5.719038963317871,1.0233571489709625,-0.5202486337801874
14315_headwear_scope,14315,unsupported,event_0_scope_0.25_cut_both,False,-4.726537050649716,-5.745508193969727,1.0189711433200106,-0.5233266930606135
14315_headwear_scope,14315,unsupported,event_0_scope_and_value_1,False,-4.690695445822468,-5.717455863952637,1.026760418130169,-0.5197599545540338
14315_headwear_scope,14315,unsupported,event_0_scope_and_value_0.25_cut_both,False,-4.752620923174301,-5.762868881225586,1.010247958051285,-0.5258473855166341
14315_headwear_scope,14315,unsupported,event_1_scope_and_value_sham,False,-4.697483304481864,-5.717781066894531,1.0202977624126675,-0.5204001886779118
14315_headwear_scope,14315,unsupported,event_0_supported_value_sham,False,-4.697483304481864,-5.717781066894531,1.0202977624126675,-0.5204001886779118
14315_headwear_scope,14315,unsupported,event_2_selected_edge_state_sham,False,-4.697483304481864,-5.717781066894531,1.0202977624126675,-0.5204001886779118
14315_headwear_scope,14315,unsupported,event_1_selected_edge_state_sham,False,-4.697483304481864,-5.717781066894531,1.0202977624126675,-0.5204001886779118
14315_headwear_scope,14315,unsupported,event_0_scope_0.25_restore_state,False,-4.697483304481864,-5.717781066894531,1.0202977624126675,-0.5204001886779118
14315_headwear_scope,14315,unsupported,event_3_supported_value_0.25,False,-4.697483304481864,-5.717781066894531,1.0202977624126675,-0.5204001886779118
14315_headwear_scope,14315,unsupported,event_2_supported_value_0.25_cut_both,False,-4.7247326407245405,-5.745030403137207,1.0202977624126666,-0.5231755822733885
14315_headwear_scope,14315,unsupported,event_3_selected_edge_random_1,False,-4.732197049599051,-5.752494812011719,1.0202977624126675,-0.5237516532567031
14315_headwear_scope,14315,unsupported,event_0_supported_value_1_restore_relay,False,-4.703229156012701,-5.716451644897461,1.01322248888476,-0.5210197678559001
14315_headwear_scope,14315,unsupported,event_0_value_source_joint_sham,False,-4.697483304481864,-5.717781066894531,1.0202977624126675,-0.5204001886779118
14315_headwear_scope,14315,unsupported,event_0_supported_value_joint_sham,False,-4.697483304481864,-5.717781066894531,1.0202977624126675,-0.5204001886779118
14315_headwear_scope,14315,unsupported,event_1_selected_edge_1,False,-4.703645500433848,-5.721078872680664,1.017433372246816,-0.5209373469626295
14315_headwear_scope,14315,unsupported,event_1_scope_1_restore_state,False,-4.697483304481864,-5.717781066894531,1.0202977624126675,-0.5204001886779118
14315_headwear_scope,14315,unsupported,event_0_selected_edge_cut_relay,False,-4.745699170570731,-5.765996932983398,1.0202977624126675,-0.5252205159782565
14315_headwear_scope,14315,unsupported,event_1_value_source_0.25_restore_state_blocked,False,-4.6988165411762,-5.719114303588867,1.0202977624126675,-0.520533839942237
14315_headwear_scope,14315,unsupported,event_1_value_source_0.25_cut_both,False,-4.693183876444364,-5.717011451721191,1.0238275752768278,-0.5199919579857305
14315_headwear_scope,14315,unsupported,event_2_selected_edge_0.25_restore_state_blocked,False,-4.745699170570731,-5.765996932983398,1.0202977624126675,-0.5252205159782565
14315_headwear_scope,14315,unsupported,event_2_value_source_1_restore_relay,False,-4.706860784035086,-5.727158546447754,1.0202977624126683,-0.5213120693891284
14315_headwear_scope,14315,unsupported,event_2_supported_value_1_restore_state_blocked,False,-4.745699170570731,-5.765996932983398,1.0202977624126675,-0.5252205159782565
14315_headwear_scope,14315,unsupported,event_1_scope_and_value_1,False,-4.701755385067596,-5.728466033935547,1.026710648867951,-0.5208809577706343
14315_headwear_scope,14315,unsupported,event_1_supported_value_0.25_restore_state_blocked,False,-4.6988165411762,-5.719114303588867,1.0202977624126675,-0.520533839942237
14315_headwear_scope,14315,unsupported,event_0_scope_1_restore_state_blocked,False,-4.745699170570731,-5.765996932983398,1.0202977624126675,-0.5252205159782565
14315_headwear_scope,14315,unsupported,event_0_supported_value_0.25_restore_relay,False,-4.712277301162929,-5.728536605834961,1.0162593046720323,-0.5219122033219054
14315_headwear_scope,14315,unsupported,event_2_value_source_1,False,-4.704983952980399,-5.725281715393066,1.0202977624126675,-0.5211238969337364
14315_headwear_scope,14315,unsupported,event_1_scope_0.25_restore_relay,False,-4.707311730506924,-5.71785831451416,1.010546584007236,-0.5212473613729124
14315_headwear_scope,14315,unsupported,event_0_value_source_1_restore_relay,False,-4.71379426633433,-5.732706069946289,1.0189118036119593,-0.5219815485325049
14315_headwear_scope,14315,unsupported,event_3_supported_value_1,False,-4.697729352455497,-5.718027114868164,1.0202977624126675,-0.5204275712908641
14315_headwear_scope,14315,unsupported,event_0_selected_edge_relay_sham,False,-4.697483304481864,-5.717781066894531,1.0202977624126675,-0.5204001886779118
14315_headwear_scope,14315,unsupported,event_2_selected_edge_joint_sham,False,-4.697483304481864,-5.717781066894531,1.0202977624126675,-0.5204001886779118
14315_headwear_scope,14315,unsupported,event_1_scope_0.25,False,-4.707311730506924,-5.71785831451416,1.010546584007236,-0.5212473613729124
14315_headwear_scope,14315,unsupported,event_1_value_source_0.25_restore_state,False,-4.697483304481864,-5.717781066894531,1.0202977624126675,-0.5204001886779118
14315_headwear_scope,14315,unsupported,event_1_supported_value_joint_sham,False,-4.697483304481864,-5.717781066894531,1.0202977624126675,-0.5204001886779118
14315_headwear_scope,14315,unsupported,event_0_supported_value_0.25_restore_state_blocked,False,-4.745699170570731,-5.765996932983398,1.0202977624126675,-0.5252205159782565
14315_headwear_scope,14315,unsupported,event_3_selected_edge_sham,False,-4.697483304481864,-5.717781066894531,1.0202977624126675,-0.5204001886779118
14315_headwear_scope,14315,unsupported,event_2_selected_edge_0.25,False,-4.694852062787494,-5.710248947143555,1.0153968843560603,-0.52018865629607
14315_headwear_scope,14315,unsupported,event_3_selected_edge_random_0,False,-4.7209456000140895,-5.741243362426758,1.0202977624126683,-0.5226840534190621
14315_headwear_scope,14315,unsupported,event_2_selected_edge_1_cut_both,False,-4.734165352531622,-5.7438459396362305,1.0096805871046088,-0.5240544613156234
14315_headwear_scope,14315,unsupported,event_0_selected_edge_random_0,False,-4.703464483653366,-5.7245683670043945,1.0211038833510289,-0.5210250239669194
14315_headwear_scope,14315,unsupported,event_0_scope_and_value_1_restore_state,False,-4.697483304481864,-5.717781066894531,1.0202977624126675,-0.5204001886779118
14315_headwear_scope,14315,unsupported,event_1_selected_edge_1_restore_state,False,-4.697483304481864,-5.717781066894531,1.0202977624126675,-0.5204001886779118
14315_headwear_scope,14315,unsupported,event_0_scope_1,False,-4.718261935470742,-5.725194931030273,1.0069329955595316,-0.5223970985041776
14315_headwear_scope,14315,unsupported,event_2_scope_and_value_1_restore_state_blocked,False,-4.745699170570731,-5.765996932983398,1.0202977624126675,-0.5252205159782565
14315_headwear_scope,14315,unsupported,event_1_value_source_sham,False,-4.697483304481864,-5.717781066894531,1.0202977624126675,-0.5204001886779118
14315_headwear_scope,14315,unsupported,event_1_value_source_1,False,-4.693863927646042,-5.712024688720703,1.018160761074661,-0.5200204484937073
14315_headwear_scope,14315,unsupported,event_2_selected_edge_1_restore_state_blocked,False,-4.745699170570731,-5.765996932983398,1.0202977624126675,-0.5252205159782565
14315_headwear_scope,14315,unsupported,event_0_supported_value_1,False,-4.699364867682624,-5.712587356567383,1.0132224888847592,-0.520669800664045
14315_headwear_scope,14315,unsupported,event_2_scope_1_cut_both,False,-4.755245935247268,-5.765996932983398,1.0107509977361309,-0.5260884036761234
14315_headwear_scope,14315,unsupported,event_2_scope_and_value_0.25_cut_both,False,-4.734279405401078,-5.745030403137207,1.010750997736129,-0.5240434699712555
14315_headwear_scope,14315,unsupported,event_1_supported_value_0.25,False,-4.690072300488706,-5.716617584228516,1.02654528373981,-0.5196911702897719
14315_headwear_scope,14315,unsupported,event_0_scope_joint_sham,False,-4.697483304481864,-5.717781066894531,1.0202977624126675,-0.5204001886779118
14315_headwear_scope,14315,unsupported,event_2_scope_joint_sham,False,-4.697483304481864,-5.717781066894531,1.0202977624126675,-0.5204001886779118
14315_headwear_scope,14315,unsupported,event_3_scope_and_value_1,False,-4.695150617103934,-5.715448379516602,1.0202977624126675,-0.5201600623569852
14315_headwear_scope,14315,unsupported,event_1_value_source_0.25_restore_relay,False,-4.6967096103921175,-5.720537185668945,1.0238275752768278,-0.5203281903033629
14315_headwear_scope,14315,unsupported,event_2_scope_and_value_1_cut_both,False,-4.746379496043113,-5.768810272216797,1.0224307761736835,-0.5252362435131531
14315_headwear_scope,14315,unsupported,event_0_scope_0.25_restore_relay,False,-4.714713396474911,-5.733684539794922,1.0189711433200106,-0.5220751962567116
14315_headwear_scope,14315,unsupported,event_0_selected_edge_1_restore_relay,False,-4.704814609664662,-5.722408294677734,1.0175936850130727,-0.5211735994133485
14315_headwear_scope,14315,unsupported,event_0_selected_edge_joint_sham,False,-4.697483304481864,-5.717781066894531,1.0202977624126675,-0.5204001886779118
14315_headwear_scope,14315,unsupported,event_0_supported_value_0.25,False,-4.708386309951991,-5.724645614624023,1.0162593046720323,-0.5215165172215512
14315_headwear_scope,14315,unsupported,event_2_scope_sham,False,-4.697483304481864,-5.717781066894531,1.0202977624126675,-0.5204001886779118
14315_headwear_scope,14315,unsupported,event_0_selected_edge_sham,False,-4.697483304481864,-5.717781066894531,1.0202977624126675,-0.5204001886779118
14315_headwear_scope,14315,unsupported,event_0_selected_edge_state_sham,False,-4.697483304481864,-5.717781066894531,1.0202977624126675,-0.5204001886779118
14315_headwear_scope,14315,unsupported,event_0_supported_value_0.25_cut_both,False,-4.733805545181483,-5.750064849853516,1.0162593046720323,-0.5241037470349504
14315_headwear_scope,14315,unsupported,event_2_value_source_0.25_restore_state,False,-4.697483304481864,-5.717781066894531,1.0202977624126675,-0.5204001886779118
14315_headwear_scope,14315,unsupported,event_3_scope_and_value_0.25,False,-4.697483304481864,-5.717781066894531,1.0202977624126675,-0.5204001886779118
14315_headwear_scope,14315,unsupported,event_2_supported_value_joint_sham,False,-4.697483304481864,-5.717781066894531,1.0202977624126675,-0.5204001886779118
14315_headwear_scope,14315,unsupported,event_2_selected_edge_relay_sham,False,-4.697483304481864,-5.717781066894531,1.0202977624126675,-0.5204001886779118
14315_headwear_scope,14315,unsupported,event_1_selected_edge_cut_relay,False,-4.6988165411762,-5.719114303588867,1.0202977624126675,-0.520533839942237
14315_headwear_scope,14315,unsupported,event_0_value_source_0.25_cut_both,False,-4.725249885463935,-5.754755020141602,1.0295051346776667,-0.5232757725713703
14315_headwear_scope,14315,unsupported,event_1_scope_and_value_0.25,False,-4.701118593489685,-5.71591854095459,1.0147999474649048,-0.5207620020091731
14315_headwear_scope,14315,unsupported,event_0_scope_1_cut_both,False,-4.74916479801957,-5.756097793579102,1.0069329955595316,-0.5254427765446573
14315_headwear_scope,14315,unsupported,event_1_selected_edge_0.25,False,-4.699930368376966,-5.716037750244141,1.0161073818671742,-0.5205669432198302
14315_headwear_scope,14315,unsupported,event_2_scope_and_value_1_restore_state,False,-4.697483304481864,-5.717781066894531,1.0202977624126675,-0.5204001886779118
14315_headwear_scope,14315,unsupported,event_2_value_source_sham,False,-4.697483304481864,-5.717781066894531,1.0202977624126675,-0.5204001886779118
14315_headwear_scope,14315,unsupported,event_1_scope_and_value_joint_sham,False,-4.697483304481864,-5.717781066894531,1.0202977624126675,-0.5204001886779118
14315_headwear_scope,14315,unsupported,event_2_scope_0.25_restore_state_blocked,False,-4.745699170570731,-5.765996932983398,1.0202977624126675,-0.5252205159782565
14315_headwear_scope,14315,unsupported,event_2_scope_and_value_joint_sham,False,-4.697483304481864,-5.717781066894531,1.0202977624126675,-0.5204001886779118
14315_headwear_scope,14315,unsupported,event_1_scope_1,False,-4.6929469744003995,-5.715211868286133,1.0222648938857333,-0.5199794305240575
14315_headwear_scope,14315,unsupported,event_1_scope_and_value_0.25_restore_state,False,-4.697483304481864,-5.717781066894531,1.0202977624126675,-0.5204001886779118
14315_headwear_scope,14315,unsupported,event_2_scope_and_value_0.25_restore_state,False,-4.697483304481864,-5.717781066894531,1.0202977624126675,-0.5204001886779118
14315_headwear_scope,14315,unsupported,event_1_scope_and_value_1_restore_state_blocked,False,-4.6988165411762,-5.719114303588867,1.0202977624126675,-0.520533839942237
14315_headwear_scope,14315,unsupported,event_3_supported_value_sham,False,-4.697483304481864,-5.717781066894531,1.0202977624126675,-0.5204001886779118
14315_headwear_scope,14315,unsupported,event_0_value_source_1,False,-4.720777069679056,-5.739688873291016,1.0189118036119593,-0.5227221953910126
14315_headwear_scope,14315,unsupported,event_2_value_source_0.25,False,-4.704983952980399,-5.725281715393066,1.0202977624126675,-0.5211238969337364
14315_headwear_scope,14315,unsupported,event_0_selected_edge_1,False,-4.6996571389615385,-5.717250823974609,1.017593685013071,-0.5206952693150446
14315_headwear_scope,14315,unsupported,event_2_selected_edge_1_restore_state,False,-4.697483304481864,-5.717781066894531,1.0202977624126675,-0.5204001886779118
14315_headwear_scope,14315,unsupported,event_0_selected_edge_0.25_cut_both,False,-4.7622643186455464,-5.767738342285156,1.0054740236396098,-0.5267718603985989
14315_headwear_scope,14315,unsupported,event_3_value_source_1,False,-4.696039441566825,-5.716337203979492,1.0202977624126675,-0.5202499093372329
14315_headwear_scope,14315,unsupported,event_1_selected_edge_relay_sham,False,-4.697483304481864,-5.717781066894531,1.0202977624126675,-0.5204001886779118
14315_headwear_scope,14315,unsupported,event_0_scope_and_value_1_cut_both,False,-4.750547092245808,-5.777307510375977,1.0267604181301682,-0.5256711912348239
14315_headwear_scope,14315,unsupported,event_3_selected_edge_0.25,False,-4.70886063907659,-5.729158401489258,1.0202977624126675,-0.5213909886435706
14315_headwear_scope,14315,unsupported,event_0_supported_value_1_restore_state_blocked,False,-4.745699170570731,-5.765996932983398,1.0202977624126675,-0.5252205159782565
14315_headwear_scope,14315,unsupported,event_2_supported_value_0.25_restore_state_blocked,False,-4.745699170570731,-5.765996932983398,1.0202977624126675,-0.5252205159782565
14315_headwear_scope,14315,unsupported,event_2_selected_edge_random_0,False,-4.713421546112602,-5.730384826660156,1.0169632805475546,-0.5219756797934537
14315_headwear_scope,14315,unsupported,event_1_value_source_1_restore_relay,False,-4.693863927646042,-5.712024688720703,1.018160761074661,-0.5200204484937073
14315_headwear_scope,14315,unsupported,event_2_scope_1,False,-4.7070300691584,-5.717781066894531,1.0107509977361309,-0.5212680763757788
14315_headwear_scope,14315,unsupported,event_0_scope_0.25_restore_state_blocked,False,-4.745699170570731,-5.765996932983398,1.0202977624126675,-0.5252205159782565
14315_headwear_scope,14315,unsupported,event_0_selected_edge_0.25_restore_state_blocked,False,-4.745699170570731,-5.765996932983398,1.0202977624126675,-0.5252205159782565
14315_headwear_scope,14315,unsupported,event_2_scope_and_value_0.25_restore_state_blocked,False,-4.745699170570731,-5.765996932983398,1.0202977624126675,-0.5252205159782565
14315_headwear_scope,14315,unsupported,event_2_value_source_1_restore_state,False,-4.697483304481864,-5.717781066894531,1.0202977624126675,-0.5204001886779118
14315_headwear_scope,14315,unsupported,event_2_value_source_0.25_cut_both,False,-4.7247326407245405,-5.745030403137207,1.0202977624126666,-0.5231755822733885
14315_headwear_scope,14315,unsupported,event_2_selected_edge_1,False,-4.7220260321580865,-5.731706619262695,1.0096805871046088,-0.5227716211429393
14315_headwear_scope,14315,unsupported,event_2_scope_1_restore_state_blocked,False,-4.745699170570731,-5.765996932983398,1.0202977624126675,-0.5252205159782565
14315_headwear_scope,14315,unsupported,event_1_supported_value_1_restore_state_blocked,False,-4.6988165411762,-5.719114303588867,1.0202977624126675,-0.520533839942237
14315_headwear_scope,14315,unsupported,event_1_scope_and_value_1_restore_state,False,-4.697483304481864,-5.717781066894531,1.0202977624126675,-0.5204001886779118
14315_headwear_scope,14315,unsupported,event_0_scope_and_value_0.25_restore_state_blocked,False,-4.745699170570731,-5.765996932983398,1.0202977624126675,-0.5252205159782565
14315_headwear_scope,14315,unsupported,event_2_selected_edge_cut_relay,False,-4.745699170570731,-5.765996932983398,1.0202977624126675,-0.5252205159782565
14315_headwear_scope,14315,unsupported,event_1_scope_1_restore_relay,False,-4.6929469744003995,-5.715211868286133,1.0222648938857333,-0.5199794305240575
14315_headwear_scope,14315,unsupported,event_0_selected_edge_1_cut_both,False,-4.719892200607046,-5.737485885620117,1.017593685013071,-0.522688545165194
14315_headwear_scope,14315,unsupported,event_1_scope_and_value_1_restore_relay,False,-4.701755385067596,-5.728466033935547,1.026710648867951,-0.5208809577706343
14315_headwear_scope,14315,unsupported,event_0_scope_and_value_joint_sham,False,-4.697483304481864,-5.717781066894531,1.0202977624126675,-0.5204001886779118
14315_headwear_scope,14315,unsupported,event_3_value_source_0.25,False,-4.697483304481864,-5.717781066894531,1.0202977624126675,-0.5204001886779118
14315_headwear_scope,14315,unsupported,event_1_supported_value_1_cut_both,False,-4.705566301440688,-5.727701187133789,1.0221348856931014,-0.5211800323836041
14315_headwear_scope,14315,unsupported,event_2_supported_value_1_restore_state,False,-4.697483304481864,-5.717781066894531,1.0202977624126675,-0.5204001886779118
14315_headwear_scope,14315,unsupported,event_1_value_source_0.25,False,-4.6967096103921175,-5.720537185668945,1.0238275752768278,-0.5203281903033629
14315_headwear_scope,14315,unsupported,event_0_scope_and_value_0.25_restore_state,False,-4.697483304481864,-5.717781066894531,1.0202977624126675,-0.5204001886779118
14315_headwear_scope,14315,unsupported,event_2_supported_value_sham,False,-4.697483304481864,-5.717781066894531,1.0202977624126675,-0.5204001886779118
14315_headwear_scope,14315,unsupported,event_1_value_source_1_cut_both,False,-4.684092580600143,-5.702253341674805,1.018160761074662,-0.5190763324546241
14315_headwear_scope,14315,unsupported,event_2_supported_value_1_cut_both,False,-4.7559106583909525,-5.769855499267578,1.0139448408766256,-0.526105575043697
14315_headwear_scope,14315,unsupported,event_0_scope_and_value_sham,False,-4.697483304481864,-5.717781066894531,1.0202977624126675,-0.5204001886779118
14315_headwear_scope,14315,unsupported,event_0_selected_edge_0.25,False,-4.708398885906287,-5.713872909545898,1.0054740236396116,-0.5214001433259704
14315_headwear_scope,14315,unsupported,event_3_scope_1,False,-4.697483304481864,-5.717781066894531,1.0202977624126675,-0.5204001886779118
14315_headwear_scope,14315,unsupported,event_0_value_source_1_cut_both,False,-4.743244682899271,-5.7621564865112305,1.0189118036119593,-0.5249627258752598
14315_headwear_scope,14315,unsupported,event_3_value_source_sham,False,-4.697483304481864,-5.717781066894531,1.0202977624126675,-0.5204001886779118
14315_headwear_scope,14315,unsupported,event_0_scope_sham,False,-4.697483304481864,-5.717781066894531,1.0202977624126675,-0.5204001886779118
14315_headwear_scope,14315,unsupported,event_1_supported_value_1,False,-4.710349931811782,-5.732484817504883,1.0221348856931005,-0.5216257282666432
14315_headwear_scope,14315,unsupported,event_0_value_source_sham,False,-4.697483304481864,-5.717781066894531,1.0202977624126675,-0.5204001886779118
14315_headwear_scope,14315,unsupported,event_0_value_source_0.25,False,-4.698543189907293,-5.728048324584961,1.0295051346776676,-0.5205994521195421
14315_headwear_scope,14315,unsupported,event_0_value_source_0.25_restore_relay,False,-4.706927894497137,-5.736433029174805,1.0295051346776676,-0.5214229843021408
14315_headwear_scope,14315,unsupported,event_2_selected_edge_0.25_restore_relay,False,-4.7012474027533155,-5.716644287109375,1.0153968843560595,-0.5208379000280418
14315_headwear_scope,14315,unsupported,event_2_supported_value_0.25_restore_state,False,-4.697483304481864,-5.717781066894531,1.0202977624126675,-0.5204001886779118
14315_headwear_scope,14315,unsupported,event_0_scope_and_value_1_restore_state_blocked,False,-4.745699170570731,-5.765996932983398,1.0202977624126675,-0.5252205159782565
14315_headwear_scope,14315,unsupported,event_2_value_source_1_restore_state_blocked,False,-4.745699170570731,-5.765996932983398,1.0202977624126675,-0.5252205159782565
14315_headwear_scope,14315,unsupported,event_2_scope_and_value_0.25,False,-4.7145307176569355,-5.725281715393066,1.0107509977361309,-0.5219917846316033
14315_headwear_scope,14315,unsupported,event_2_scope_0.25_restore_state,False,-4.697483304481864,-5.717781066894531,1.0202977624126675,-0.5204001886779118
14315_headwear_scope,14315,unsupported,event_1_scope_and_value_0.25_restore_relay,False,-4.701118593489685,-5.71591854095459,1.0147999474649048,-0.5207620020091731
14315_headwear_scope,14315,unsupported,event_1_supported_value_1_restore_state,False,-4.697483304481864,-5.717781066894531,1.0202977624126675,-0.5204001886779118
14315_headwear_scope,14315,unsupported,event_0_value_source_1_restore_state,False,-4.697483304481864,-5.717781066894531,1.0202977624126675,-0.5204001886779118
14315_headwear_scope,14315,unsupported,event_3_selected_edge_1,False,-4.721467259865165,-5.741765022277832,1.0202977624126675,-0.5224347795700371
14315_headwear_scope,14315,unsupported,event_2_scope_0.25_cut_both,False,-4.745699170570731,-5.765996932983398,1.0202977624126675,-0.5252205159782565
14315_headwear_scope,14315,unsupported,event_1_value_source_1_restore_state,False,-4.697483304481864,-5.717781066894531,1.0202977624126675,-0.5204001886779118
14315_headwear_scope,14315,unsupported,event_0_scope_0.25,False,-4.718602480337216,-5.737573623657227,1.0189711433200106,-0.5224464567719457
14315_headwear_scope,14315,unsupported,event_1_supported_value_sham,False,-4.697483304481864,-5.717781066894531,1.0202977624126675,-0.5204001886779118
14315_headwear_scope,14315,unsupported,event_0_selected_edge_1_restore_state,False,-4.697483304481864,-5.717781066894531,1.0202977624126675,-0.5204001886779118
14315_headwear_scope,14315,unsupported,event_1_scope_0.25_restore_state_blocked,False,-4.6988165411762,-5.719114303588867,1.0202977624126675,-0.520533839942237
14315_headwear_scope,14315,unsupported,event_3_scope_sham,False,-4.697483304481864,-5.717781066894531,1.0202977624126675,-0.5204001886779118
14315_headwear_scope,14315,unsupported,event_2_scope_and_value_sham,False,-4.697483304481864,-5.717781066894531,1.0202977624126675,-0.5204001886779118
14315_headwear_scope,14315,unsupported,event_2_selected_edge_1_restore_relay,False,-4.717593353935431,-5.727273941040039,1.009680587104608,-0.522373195668383
14315_headwear_scope,14315,unsupported,event_2_scope_1_restore_state,False,-4.697483304481864,-5.717781066894531,1.0202977624126675,-0.5204001886779118
14315_headwear_scope,14315,unsupported,event_3_scope_0.25,False,-4.697483304481864,-5.717781066894531,1.0202977624126675,-0.5204001886779118
14315_headwear_scope,14315,unsupported,event_1_scope_and_value_0.25_cut_both,False,-4.719905023848572,-5.734704971313477,1.0147999474649048,-0.5225460939626753
14315_headwear_scope,14315,unsupported,event_2_selected_edge_random_1,False,-4.716198219820096,-5.722169876098633,1.005971656278537,-0.5222525963984205
14315_headwear_scope,14315,unsupported,event_1_selected_edge_1_cut_both,False,-4.712003502142834,-5.729436874389648,1.0174333722468143,-0.5218153225661392
14315_headwear_scope,14315,unsupported,event_2_supported_value_0.25,False,-4.704983952980399,-5.725281715393066,1.0202977624126675,-0.5211238969337364
14315_headwear_scope,14315,unsupported,event_2_scope_and_value_1,False,-4.69600260395327,-5.718433380126953,1.0224307761736835,-0.5202792112150136
14315_headwear_scope,14315,unsupported,event_0_selected_edge_0.25_restore_state,False,-4.697483304481864,-5.717781066894531,1.0202977624126675,-0.5204001886779118
14315_headwear_scope,14315,unsupported,event_1_selected_edge_0.25_restore_state,False,-4.697483304481864,-5.717781066894531,1.0202977624126675,-0.5204001886779118
14315_headwear_scope,14315,unsupported,event_0_value_source_1_restore_state_blocked,False,-4.745699170570731,-5.765996932983398,1.0202977624126675,-0.5252205159782565
14315_headwear_scope,14315,unsupported,event_2_selected_edge_0.25_cut_both,False,-4.735445210065328,-5.750842094421387,1.0153968843560586,-0.5242812092190624
14315_headwear_scope,14315,unsupported,event_2_scope_0.25_restore_relay,False,-4.697483304481864,-5.717781066894531,1.0202977624126675,-0.5204001886779118
14315_headwear_scope,14315,unsupported,event_0_selected_edge_0.25_restore_relay,False,-4.711143560588904,-5.716617584228516,1.0054740236396116,-0.5216914065544864
14315_headwear_scope,14315,unsupported,event_2_value_source_joint_sham,False,-4.697483304481864,-5.717781066894531,1.0202977624126675,-0.5204001886779118
14315_headwear_scope,14315,unsupported,event_0_value_source_0.25_restore_state,False,-4.697483304481864,-5.717781066894531,1.0202977624126675,-0.5204001886779118
14315_headwear_scope,14315,unsupported,event_0_supported_value_0.25_restore_state,False,-4.697483304481864,-5.717781066894531,1.0202977624126675,-0.5204001886779118
14315_headwear_scope,14315,unsupported,event_1_scope_1_restore_state_blocked,False,-4.6988165411762,-5.719114303588867,1.0202977624126675,-0.520533839942237
14315_headwear_scope,14315,unsupported,event_2_scope_and_value_0.25_restore_relay,False,-4.716407548711623,-5.727158546447754,1.0107509977361309,-0.5221799570869955
14315_headwear_scope,14315,unsupported,event_0_scope_1_restore_state,False,-4.697483304481864,-5.717781066894531,1.0202977624126675,-0.5204001886779118
14315_headwear_scope,14315,unsupported,event_1_value_source_1_restore_state_blocked,False,-4.6988165411762,-5.719114303588867,1.0202977624126675,-0.520533839942237
14315_headwear_scope,14315,unsupported,event_1_scope_joint_sham,False,-4.697483304481864,-5.717781066894531,1.0202977624126675,-0.5204001886779118
14315_headwear_scope,14315,unsupported,event_3_selected_edge_state_sham,False,-4.697483304481864,-5.717781066894531,1.0202977624126675,-0.5204001886779118
14315_headwear_scope,14315,unsupported,event_1_supported_value_0.25_restore_state,False,-4.697483304481864,-5.717781066894531,1.0202977624126675,-0.5204001886779118
14315_headwear_scope,14315,unsupported,event_1_selected_edge_0.25_restore_state_blocked,False,-4.6988165411762,-5.719114303588867,1.0202977624126675,-0.520533839942237
14315_headwear_scope,14315,unsupported,event_2_supported_value_1,False,-4.702862524540855,-5.7168073654174805,1.0139448408766256,-0.520880208362733
14315_headwear_scope,14315,unsupported,event_0_supported_value_1_restore_state,False,-4.697483304481864,-5.717781066894531,1.0202977624126675,-0.5204001886779118
14315_headwear_scope,14315,unsupported,event_1_value_source_joint_sham,False,-4.697483304481864,-5.717781066894531,1.0202977624126675,-0.5204001886779118
14315_headwear_scope,14315,unsupported,event_1_selected_edge_0.25_cut_both,False,-4.719887910796401,-5.735995292663574,1.0161073818671733,-0.5225362759269176
14315_headwear_scope,14315,unsupported,event_1_selected_edge_random_1,False,-4.704225034721386,-5.711992263793945,1.0077672290725594,-0.521017080467376
14315_headwear_scope,14315,unsupported,event_1_selected_edge_0.25_restore_relay,False,-4.699930368376966,-5.716037750244141,1.0161073818671742,-0.5205669432198302
14315_headwear_scope,14315,unsupported,event_1_supported_value_0.25_cut_both,False,-4.6869871640751315,-5.713532447814941,1.02654528373981,-0.5194694569037968
14315_headwear_scope,14315,unsupported,event_2_scope_1_restore_relay,False,-4.7070300691584,-5.717781066894531,1.0107509977361309,-0.5212680763757788
14315_headwear_scope,14315,unsupported,event_1_scope_and_value_1_cut_both,False,-4.700515608456266,-5.727226257324219,1.0267106488679527,-0.5206974992918377
14315_headwear_scope,14315,unsupported,event_1_scope_1_cut_both,False,-4.694617811802743,-5.716882705688477,1.0222648938857333,-0.5201200871545792
14315_headwear_scope,14315,unsupported,event_2_supported_value_1_restore_relay,False,-4.7057140107469095,-5.719658851623535,1.0139448408766256,-0.521130937316515
14315_headwear_scope,14315,unsupported,event_1_scope_sham,False,-4.697483304481864,-5.717781066894531,1.0202977624126675,-0.5204001886779118
14315_headwear_scope,14315,unsupported,event_1_selected_edge_1_restore_state_blocked,False,-4.6988165411762,-5.719114303588867,1.0202977624126675,-0.520533839942237
14315_headwear_scope,14315,unsupported,event_1_selected_edge_sham,False,-4.697483304481864,-5.717781066894531,1.0202977624126675,-0.5204001886779118
14315_headwear_scope,14315,unsupported,event_0_selected_edge_1_restore_state_blocked,False,-4.745699170570731,-5.765996932983398,1.0202977624126675,-0.5252205159782565
14315_headwear_scope,14315,unsupported,event_0_scope_and_value_0.25,False,-4.724231946123518,-5.734479904174805,1.0102479580512869,-0.5230432895354765
14315_headwear_scope,14315,unsupported,event_2_value_source_0.25_restore_state_blocked,False,-4.745699170570731,-5.765996932983398,1.0202977624126675,-0.5252205159782565
14315_headwear_scope,14315,unsupported,event_1_selected_edge_1_restore_relay,False,-4.703645500433848,-5.721078872680664,1.017433372246816,-0.5209373469626295
14315_headwear_scope,14315,unsupported,event_3_scope_and_value_sham,False,-4.697483304481864,-5.717781066894531,1.0202977624126675,-0.5204001886779118
14315_headwear_scope,14315,unsupported,event_1_supported_value_1_restore_relay,False,-4.710349931811782,-5.732484817504883,1.0221348856931005,-0.5216257282666432
14315_headwear_scope,14315,unsupported,event_1_scope_0.25_cut_both,False,-4.706857781532314,-5.717404365539551,1.010546584007237,-0.5212508224726251
14315_headwear_scope,14315,unsupported,event_2_scope_0.25,False,-4.697483304481864,-5.717781066894531,1.0202977624126675,-0.5204001886779118
14315_headwear_scope,14315,unsupported,event_0_scope_and_value_0.25_restore_relay,False,-4.7190744754203955,-5.72932243347168,1.0102479580512842,-0.5225190336319693
14315_headwear_scope,14315,unsupported,event_0_scope_1_restore_relay,False,-4.724384524582069,-5.731317520141602,1.0069329955595325,-0.5230295723067838
14315_headwear_scope,14315,unsupported,event_2_supported_value_0.25_restore_relay,False,-4.706860784035086,-5.727158546447754,1.0202977624126683,-0.5213120693891284
14315_headwear_scope,14315,unsupported,event_1_selected_edge_random_0,False,-4.705804576760455,-5.717832565307617,1.0120279885471621,-0.5211865737356574
14315_headwear_scope,14315,unsupported,event_2_selected_edge_sham,False,-4.697483304481864,-5.717781066894531,1.0202977624126675,-0.5204001886779118
14315_headwear_scope,14315,unsupported,event_0_scope_and_value_1_restore_relay,False,-4.703468005942097,-5.730228424072266,1.026760418130169,-0.5210255077745044
14375_onion_stage,14375,supported,event_2_value_source_0.25_restore_relay,False,6.077309204050361,4.054924011230469,2.0223851928198924,0.6710970478993146
14375_onion_stage,14375,supported,event_0_value_source_0.25_restore_state_blocked,False,6.07316855450236,4.048370361328125,2.0247981931742354,0.670445080690353
14375_onion_stage,14375,supported,event_2_scope_and_value_1_restore_relay,False,6.077678879504345,4.055248260498047,2.0224306190062977,0.6714971580677367
14375_onion_stage,14375,supported,event_2_value_source_1_cut_both,False,6.0616558447104865,4.046846389770508,2.0148094549399787,0.6693452806118836
14375_onion_stage,14375,supported,event_2_selected_edge_0.25_restore_state,False,6.0777862455423985,4.052988052368164,2.0247981931742345,0.6706459611128088
14375_onion_stage,14375,supported,event_0_supported_value_1_cut_both,False,6.062790118988246,4.04918098449707,2.0136091344911753,0.6681170260586939
14375_onion_stage,14375,supported,event_0_selected_edge_random_1,False,6.076532442434762,4.0616455078125,2.014886934622262,0.6721057646083504
14375_onion_stage,14375,supported,event_0_scope_0.25_cut_both,False,6.072865399194703,4.051631927490234,2.021233471704469,0.6702369336422824
14375_onion_stage,14375,supported,event_0_scope_and_value_1,False,6.082622142255639,4.062747955322266,2.0198741869333734,0.672508133740868
14375_onion_stage,14375,supported,event_0_scope_and_value_0.25_cut_both,False,6.0636873765553885,4.048210144042969,2.0154772325124197,0.6680078536800971
14375_onion_stage,14375,supported,event_1_scope_and_value_sham,False,6.0777862455423985,4.052988052368164,2.0247981931742345,0.6706459611128088
14375_onion_stage,14375,supported,event_0_supported_value_sham,False,6.0777862455423985,4.052988052368164,2.0247981931742345,0.6706459611128088
14375_onion_stage,14375,supported,event_2_selected_edge_state_sham,False,6.0777862455423985,4.052988052368164,2.0247981931742345,0.6706459611128088
14375_onion_stage,14375,supported,event_1_selected_edge_state_sham,False,6.0777862455423985,4.052988052368164,2.0247981931742345,0.6706459611128088
14375_onion_stage,14375,supported,event_0_scope_0.25_restore_state,False,6.0777862455423985,4.052988052368164,2.0247981931742345,0.6706459611128088
14375_onion_stage,14375,supported,event_3_supported_value_0.25,False,6.079584875303142,4.054786682128906,2.0247981931742354,0.6710352070028405
14375_onion_stage,14375,supported,event_2_supported_value_0.25_cut_both,False,6.06931375621315,4.0509796142578125,2.0183341419553376,0.6699412733741099
14375_onion_stage,14375,supported,event_3_selected_edge_random_1,False,6.071617880063884,4.046819686889648,2.0247981931742354,0.6687354823315126
14375_onion_stage,14375,supported,event_0_supported_value_1_restore_relay,False,6.062336170013637,4.048727035522461,2.013609134491176,0.6682055854673261
14375_onion_stage,14375,supported,event_0_value_source_joint_sham,False,6.0777862455423985,4.052988052368164,2.0247981931742345,0.6706459611128088
14375_onion_stage,14375,supported,event_0_supported_value_joint_sham,False,6.0777862455423985,4.052988052368164,2.0247981931742345,0.6706459611128088
14375_onion_stage,14375,supported,event_1_selected_edge_1,False,6.088335139689548,4.056804656982422,2.031530482707126,0.6729015895586674
14375_onion_stage,14375,supported,event_0_selected_edge_cut_relay,False,6.07316855450236,4.048370361328125,2.0247981931742354,0.670445080690353
14375_onion_stage,14375,supported,event_2_selected_edge_0.25_restore_state_blocked,False,6.07316855450236,4.048370361328125,2.0247981931742354,0.670445080690353
14375_onion_stage,14375,supported,event_2_value_source_1_restore_relay,False,6.07033809568705,4.05552864074707,2.0148094549399795,0.6697939009592657
14375_onion_stage,14375,supported,event_2_supported_value_1_restore_state_blocked,False,6.07316855450236,4.048370361328125,2.0247981931742354,0.670445080690353
14375_onion_stage,14375,supported,event_1_scope_and_value_1,False,6.077723961423461,4.050022125244141,2.02770183617932,0.6707362635913572
14375_onion_stage,14375,supported,event_0_scope_1_restore_state_blocked,False,6.07316855450236,4.048370361328125,2.0247981931742354,0.670445080690353
14375_onion_stage,14375,supported,event_0_supported_value_0.25_restore_relay,False,6.076970103026606,4.056053161621094,2.0209169414055124,0.6708231545160581
14375_onion_stage,14375,supported,event_2_value_source_1,False,6.071804846785682,4.056995391845703,2.0148094549399787,0.669698718593579
14375_onion_stage,14375,supported,event_0_value_source_1_restore_relay,False,6.077709993319582,4.0544891357421875,2.0232208575773942,0.6710983728493747
14375_onion_stage,14375,supported,event_3_supported_value_1,False,6.080439367490642,4.055641174316406,2.0247981931742354,0.6712634371002901
14375_onion_stage,14375,supported,event_0_selected_edge_relay_sham,False,6.0777862455423985,4.052988052368164,2.0247981931742345,0.6706459611128088
14375_onion_stage,14375,supported,event_2_selected_edge_joint_sham,False,6.0777862455423985,4.052988052368164,2.0247981931742345,0.6706459611128088
14375_onion_stage,14375,supported,event_1_scope_0.25,False,6.07212541602596,4.051296234130859,2.0208291818951007,0.669881460030401
14375_onion_stage,14375,supported,event_0_supported_value_0.25_restore_state_blocked,False,6.07316855450236,4.048370361328125,2.0247981931742354,0.670445080690353
14375_onion_stage,14375,supported,event_3_selected_edge_sham,False,6.0777862455423985,4.052988052368164,2.0247981931742345,0.6706459611128088
14375_onion_stage,14375,supported,event_2_selected_edge_0.25,False,6.077835490544407,4.05810546875,2.019730021794407,0.6718656869815254
14375_onion_stage,14375,supported,event_3_selected_edge_random_0,False,6.08741644878947,4.062618255615234,2.0247981931742354,0.671645361955391
14375_onion_stage,14375,supported,event_2_selected_edge_1_cut_both,False,6.078936321855756,4.055994033813477,2.0229422880422794,0.6720145306243901
14375_onion_stage,14375,supported,event_0_selected_edge_random_0,False,6.081932754057639,4.069770812988281,2.0121619410693574,0.6732421724322386
14375_onion_stage,14375,supported,event_0_scope_and_value_1_restore_state,False,6.0777862455423985,4.052988052368164,2.0247981931742345,0.6706459611128088
14375_onion_stage,14375,supported,event_0_scope_1,False,6.085099619874891,4.063419342041016,2.021680277833875,0.6726985311891651
14375_onion_stage,14375,supported,event_2_scope_and_value_1_restore_state_blocked,False,6.07316855450236,4.048370361328125,2.0247981931742354,0.670445080690353
14375_onion_stage,14375,supported,event_1_value_source_sham,False,6.0777862455423985,4.052988052368164,2.0247981931742345,0.6706459611128088
14375_onion_stage,14375,supported,event_1_value_source_1,False,6.087271741487531,4.059057235717773,2.028214505769758,0.6727044765393435
14375_onion_stage,14375,supported,event_2_selected_edge_1_restore_state_blocked,False,6.07316855450236,4.048370361328125,2.0247981931742354,0.670445080690353
14375_onion_stage,14375,supported,event_0_supported_value_1,False,6.0565435522157856,4.042934417724609,2.013609134491176,0.6661389862758167
14375_onion_stage,14375,supported,event_2_scope_1_cut_both,False,6.075871535219662,4.051362991333008,2.024508543886654,0.6711490987192901
14375_onion_stage,14375,supported,event_2_scope_and_value_0.25_cut_both,False,6.05570010674883,4.038951873779297,2.016748232969533,0.6666043157484423
14375_onion_stage,14375,supported,event_1_supported_value_0.25,False,6.078586349718961,4.055568695068359,2.0230176546506016,0.6704174244945398
14375_onion_stage,14375,supported,event_0_scope_joint_sham,False,6.0777862455423985,4.052988052368164,2.0247981931742345,0.6706459611128088
14375_onion_stage,14375,supported,event_2_scope_joint_sham,False,6.0777862455423985,4.052988052368164,2.0247981931742345,0.6706459611128088
14375_onion_stage,14375,supported,event_3_scope_and_value_1,False,6.083534994321696,4.058736801147461,2.0247981931742354,0.6720723882838544
14375_onion_stage,14375,supported,event_2_scope_and_value_1_cut_both,False,6.075176438098094,4.052745819091797,2.022430619006297,0.6717765359241545
14375_onion_stage,14375,supported,event_0_scope_0.25_restore_relay,False,6.077286633325563,4.056053161621094,2.021233471704469,0.6708696067669466
14375_onion_stage,14375,supported,event_0_selected_edge_1_restore_relay,False,6.08342631755484,4.061775207519531,2.021651110035309,0.6733623640042703
14375_onion_stage,14375,supported,event_0_selected_edge_joint_sham,False,6.0777862455423985,4.052988052368164,2.0247981931742345,0.6706459611128088
14375_onion_stage,14375,supported,event_0_supported_value_0.25,False,6.074530604125238,4.053613662719727,2.0209169414055115,0.6706778483066649
14375_onion_stage,14375,supported,event_2_scope_sham,False,6.0777862455423985,4.052988052368164,2.0247981931742345,0.6706459611128088
14375_onion_stage,14375,supported,event_0_selected_edge_sham,False,6.0777862455423985,4.052988052368164,2.0247981931742345,0.6706459611128088
14375_onion_stage,14375,supported,event_0_selected_edge_state_sham,False,6.0777862455423985,4.052988052368164,2.0247981931742345,0.6706459611128088
14375_onion_stage,14375,supported,event_0_supported_value_0.25_cut_both,False,6.072548868895746,4.051631927490234,2.0209169414055115,0.6701904813913937
14375_onion_stage,14375,supported,event_2_value_source_0.25_restore_state,False,6.0777862455423985,4.052988052368164,2.0247981931742345,0.6706459611128088
14375_onion_stage,14375,supported,event_3_scope_and_value_0.25,False,6.081759252744547,4.0569610595703125,2.0247981931742345,0.6718029758498831
14375_onion_stage,14375,supported,event_2_supported_value_joint_sham,False,6.0777862455423985,4.052988052368164,2.0247981931742345,0.6706459611128088
14375_onion_stage,14375,supported,event_2_selected_edge_relay_sham,False,6.0777862455423985,4.052988052368164,2.0247981931742345,0.6706459611128088
14375_onion_stage,14375,supported,event_0_value_source_0.25_cut_both,False,6.078980193603185,4.051517486572266,2.027462707030919,0.6712293094044033
14375_onion_stage,14375,supported,event_1_scope_and_value_0.25,False,6.085766898692574,4.054653167724609,2.0311137309679648,0.6722190128918903
14375_onion_stage,14375,supported,event_0_scope_1_cut_both,False,6.065289896974501,4.043609619140625,2.021680277833876,0.6685482914160714
14375_onion_stage,14375,supported,event_1_selected_edge_0.25,False,6.071599448159997,4.04149055480957,2.0301088933504268,0.6685241867631615
14375_onion_stage,14375,supported,event_2_scope_and_value_1_restore_state,False,6.0777862455423985,4.052988052368164,2.0247981931742345,0.6706459611128088
14375_onion_stage,14375,supported,event_2_value_source_sham,False,6.0777862455423985,4.052988052368164,2.0247981931742345,0.6706459611128088
14375_onion_stage,14375,supported,event_2_scope_0.25_restore_state_blocked,False,6.07316855450236,4.048370361328125,2.0247981931742354,0.670445080690353
14375_onion_stage,14375,supported,event_2_scope_and_value_joint_sham,False,6.0777862455423985,4.052988052368164,2.0247981931742345,0.6706459611128088
14375_onion_stage,14375,supported,event_1_scope_1,False,6.085371208736093,4.060977935791016,2.024393272945077,0.6723775534430845
14375_onion_stage,14375,supported,event_2_scope_and_value_0.25_restore_state,False,6.0777862455423985,4.052988052368164,2.0247981931742345,0.6706459611128088
14375_onion_stage,14375,supported,event_3_supported_value_sham,False,6.0777862455423985,4.052988052368164,2.0247981931742345,0.6706459611128088
14375_onion_stage,14375,supported,event_0_value_source_1,False,6.084915956454347,4.061695098876953,2.0232208575773942,0.6728780490752975
14375_onion_stage,14375,supported,event_2_value_source_0.25,False,6.081032348581611,4.058647155761719,2.0223851928198924,0.6717503921596588
14375_onion_stage,14375,supported,event_0_selected_edge_1,False,6.076096376758941,4.054445266723633,2.0216511100353083,0.6712227156287152
14375_onion_stage,14375,supported,event_2_selected_edge_1_restore_state,False,6.0777862455423985,4.052988052368164,2.0247981931742345,0.6706459611128088
14375_onion_stage,14375,supported,event_0_selected_edge_0.25_cut_both,False,6.060667395948094,4.0396728515625,2.0209945443855943,0.6684105027344247
14375_onion_stage,14375,supported,event_3_value_source_1,False,6.081782140928141,4.056983947753906,2.0247981931742345,0.6712779728451981
14375_onion_stage,14375,supported,event_0_scope_and_value_1_cut_both,False,6.063365550458764,4.043491363525391,2.0198741869333734,0.6686862176131139
14375_onion_stage,14375,supported,event_3_selected_edge_0.25,False,6.085261144834391,4.060462951660156,2.0247981931742345,0.673156207441415
14375_onion_stage,14375,supported,event_0_supported_value_1_restore_state_blocked,False,6.07316855450236,4.048370361328125,2.0247981931742354,0.670445080690353
14375_onion_stage,14375,supported,event_2_supported_value_0.25_restore_state_blocked,False,6.07316855450236,4.048370361328125,2.0247981931742354,0.670445080690353
14375_onion_stage,14375,supported,event_2_selected_edge_random_0,False,6.069517290369079,4.055458068847656,2.014059221521423,0.6709359506004571
14375_onion_stage,14375,supported,event_2_scope_1,False,6.085570403017513,4.061061859130859,2.024508543886654,0.6730091317283275
14375_onion_stage,14375,supported,event_0_scope_0.25_restore_state_blocked,False,6.07316855450236,4.048370361328125,2.0247981931742354,0.670445080690353
14375_onion_stage,14375,supported,event_0_selected_edge_0.25_restore_state_blocked,False,6.07316855450236,4.048370361328125,2.0247981931742354,0.670445080690353
14375_onion_stage,14375,supported,event_2_scope_and_value_0.25_restore_state_blocked,False,6.07316855450236,4.048370361328125,2.0247981931742354,0.670445080690353
14375_onion_stage,14375,supported,event_2_value_source_1_restore_state,False,6.0777862455423985,4.052988052368164,2.0247981931742345,0.6706459611128088
14375_onion_stage,14375,supported,event_2_value_source_0.25_cut_both,False,6.071770263620673,4.049385070800781,2.0223851928198915,0.669089913939428
14375_onion_stage,14375,supported,event_2_selected_edge_1,False,6.066241009355757,4.043298721313477,2.0229422880422803,0.6684557750120292
14375_onion_stage,14375,supported,event_2_scope_1_restore_state_blocked,False,6.07316855450236,4.048370361328125,2.0247981931742354,0.670445080690353
14375_onion_stage,14375,supported,event_0_scope_and_value_0.25_restore_state_blocked,False,6.07316855450236,4.048370361328125,2.0247981931742354,0.670445080690353
14375_onion_stage,14375,supported,event_2_selected_edge_cut_relay,False,6.07316855450236,4.048370361328125,2.0247981931742354,0.670445080690353
14375_onion_stage,14375,supported,event_0_selected_edge_1_cut_both,False,6.059401354175933,4.037750244140625,2.0216511100353083,0.6678341308350835
14375_onion_stage,14375,supported,event_0_scope_and_value_joint_sham,False,6.0777862455423985,4.052988052368164,2.0247981931742345,0.6706459611128088
14375_onion_stage,14375,supported,event_3_value_source_0.25,False,6.07678298016154,4.051984786987305,2.0247981931742354,0.6704096017085406
14375_onion_stage,14375,supported,event_2_supported_value_1_restore_state,False,6.0777862455423985,4.052988052368164,2.0247981931742345,0.6706459611128088
14375_onion_stage,14375,supported,event_1_value_source_0.25,False,6.07193027942509,4.055166244506836,2.0167640349182543,0.6704055930175872
14375_onion_stage,14375,supported,event_0_scope_and_value_0.25_restore_state,False,6.0777862455423985,4.052988052368164,2.0247981931742345,0.6706459611128088
14375_onion_stage,14375,supported,event_2_supported_value_sham,False,6.0777862455423985,4.052988052368164,2.0247981931742345,0.6706459611128088
14375_onion_stage,14375,supported,event_2_supported_value_1_cut_both,False,6.070404930896267,4.052331924438477,2.01807300645779,0.6704818050550834
14375_onion_stage,14375,supported,event_0_scope_and_value_sham,False,6.0777862455423985,4.052988052368164,2.0247981931742345,0.6706459611128088
14375_onion_stage,14375,supported,event_0_selected_edge_0.25,False,6.059044242261571,4.038049697875977,2.0209945443855943,0.6666098422894227
14375_onion_stage,14375,supported,event_3_scope_1,False,6.080426016050212,4.055627822875977,2.0247981931742354,0.6709520414449643
14375_onion_stage,14375,supported,event_0_value_source_1_cut_both,False,6.06462558169849,4.041404724121094,2.023220857577396,0.66880443881348
14375_onion_stage,14375,supported,event_3_value_source_sham,False,6.0777862455423985,4.052988052368164,2.0247981931742345,0.6706459611128088
14375_onion_stage,14375,supported,event_0_scope_sham,False,6.0777862455423985,4.052988052368164,2.0247981931742345,0.6706459611128088
14375_onion_stage,14375,supported,event_1_supported_value_1,False,6.0768874613870265,4.056241989135742,2.0206454722512843,0.6703932594142268
14375_onion_stage,14375,supported,event_0_value_source_sham,False,6.0777862455423985,4.052988052368164,2.0247981931742345,0.6706459611128088
14375_onion_stage,14375,supported,event_0_value_source_0.25,False,6.085581527221347,4.05811882019043,2.0274627070309172,0.6719581613532357
14375_onion_stage,14375,supported,event_0_value_source_0.25_restore_relay,False,6.083460555541661,4.055997848510742,2.027462707030919,0.672105852213285
14375_onion_stage,14375,supported,event_2_selected_edge_0.25_restore_relay,False,6.081543376286595,4.0618133544921875,2.019730021794407,0.6724755951921857
14375_onion_stage,14375,supported,event_2_supported_value_0.25_restore_state,False,6.0777862455423985,4.052988052368164,2.0247981931742345,0.6706459611128088
14375_onion_stage,14375,supported,event_0_scope_and_value_1_restore_state_blocked,False,6.07316855450236,4.048370361328125,2.0247981931742354,0.670445080690353
14375_onion_stage,14375,supported,event_2_value_source_1_restore_state_blocked,False,6.07316855450236,4.048370361328125,2.0247981931742354,0.670445080690353
14375_onion_stage,14375,supported,event_2_scope_and_value_0.25,False,6.075629992613088,4.058881759643555,2.016748232969533,0.6718001963858007
14375_onion_stage,14375,supported,event_2_scope_0.25_restore_state,False,6.0777862455423985,4.052988052368164,2.0247981931742345,0.6706459611128088
14375_onion_stage,14375,supported,event_0_value_source_1_restore_state,False,6.0777862455423985,4.052988052368164,2.0247981931742345,0.6706459611128088
14375_onion_stage,14375,supported,event_3_selected_edge_1,False,6.067362585264079,4.042564392089844,2.0247981931742354,0.67024340835307
14375_onion_stage,14375,supported,event_2_scope_0.25_cut_both,False,6.066703556061778,4.048370361328125,2.0183331947336534,0.6695215094845555
14375_onion_stage,14375,supported,event_0_scope_0.25,False,6.0748471344241946,4.053613662719727,2.021233471704468,0.6707243005575536
14375_onion_stage,14375,supported,event_1_supported_value_sham,False,6.0777862455423985,4.052988052368164,2.0247981931742345,0.6706459611128088
14375_onion_stage,14375,supported,event_0_selected_edge_1_restore_state,False,6.0777862455423985,4.052988052368164,2.0247981931742345,0.6706459611128088
14375_onion_stage,14375,supported,event_3_scope_sham,False,6.0777862455423985,4.052988052368164,2.0247981931742345,0.6706459611128088
14375_onion_stage,14375,supported,event_2_scope_and_value_sham,False,6.0777862455423985,4.052988052368164,2.0247981931742345,0.6706459611128088
14375_onion_stage,14375,supported,event_2_selected_edge_1_restore_relay,False,6.081295712114546,4.058353424072266,2.0229422880422803,0.6724609451526566
14375_onion_stage,14375,supported,event_2_scope_1_restore_state,False,6.0777862455423985,4.052988052368164,2.0247981931742345,0.6706459611128088
14375_onion_stage,14375,supported,event_3_scope_0.25,False,6.079252996641032,4.054454803466797,2.0247981931742354,0.6705013962719282
14375_onion_stage,14375,supported,event_2_selected_edge_random_1,False,6.079803240898396,4.056440353393555,2.0233628875048417,0.6718753388602159
14375_onion_stage,14375,supported,event_2_supported_value_0.25,False,6.073769322619401,4.0554351806640625,2.0183341419553384,0.6701320601739786
14375_onion_stage,14375,supported,event_2_scope_and_value_1,False,6.079736908679149,4.057306289672852,2.0224306190062977,0.6711793143930425
14375_onion_stage,14375,supported,event_0_selected_edge_0.25_restore_state,False,6.0777862455423985,4.052988052368164,2.0247981931742345,0.6706459611128088
14375_onion_stage,14375,supported,event_0_value_source_1_restore_state_blocked,False,6.07316855450236,4.048370361328125,2.0247981931742354,0.670445080690353
14375_onion_stage,14375,supported,event_2_selected_edge_0.25_cut_both,False,6.077255656560033,4.057525634765625,2.019730021794408,0.6722921511334807
14375_onion_stage,14375,supported,event_2_scope_0.25_restore_relay,False,6.071321247101816,4.052988052368164,2.0183331947336516,0.6697223899070113
14375_onion_stage,14375,supported,event_0_selected_edge_0.25_restore_relay,False,6.078089118360203,4.057094573974609,2.0209945443855934,0.6709883680147346
14375_onion_stage,14375,supported,event_2_value_source_joint_sham,False,6.0777862455423985,4.052988052368164,2.0247981931742345,0.6706459611128088
14375_onion_stage,14375,supported,event_0_value_source_0.25_restore_state,False,6.0777862455423985,4.052988052368164,2.0247981931742345,0.6706459611128088
14375_onion_stage,14375,supported,event_0_supported_value_0.25_restore_state,False,6.0777862455423985,4.052988052368164,2.0247981931742345,0.6706459611128088
14375_onion_stage,14375,supported,event_2_scope_and_value_0.25_restore_relay,False,6.072198672422658,4.055450439453125,2.016748232969533,0.6701041214005226
14375_onion_stage,14375,supported,event_0_scope_1_restore_state,False,6.0777862455423985,4.052988052368164,2.0247981931742345,0.6706459611128088
14375_onion_stage,14375,supported,event_3_selected_edge_state_sham,False,6.0777862455423985,4.052988052368164,2.0247981931742345,0.6706459611128088
14375_onion_stage,14375,supported,event_2_supported_value_1,False,6.077189369983181,4.059116363525391,2.01807300645779,0.6716352167747512
14375_onion_stage,14375,supported,event_0_supported_value_1_restore_state,False,6.0777862455423985,4.052988052368164,2.0247981931742345,0.6706459611128088
14375_onion_stage,14375,supported,event_1_selected_edge_random_1,False,6.0786517636448005,4.056907653808594,2.021744109836207,0.6713232035769481
14375_onion_stage,14375,supported,event_2_scope_1_restore_relay,False,6.085909911074155,4.0614013671875,2.024508543886655,0.6726913268635837
14375_onion_stage,14375,supported,event_2_supported_value_1_restore_relay,False,6.076344414538845,4.058271408081055,2.01807300645779,0.6709097552749326
14375_onion_stage,14375,supported,event_1_scope_sham,False,6.0777862455423985,4.052988052368164,2.0247981931742345,0.6706459611128088
14375_onion_stage,14375,supported,event_1_selected_edge_sham,False,6.0777862455423985,4.052988052368164,2.0247981931742345,0.6706459611128088
14375_onion_stage,14375,supported,event_0_selected_edge_1_restore_state_blocked,False,6.07316855450236,4.048370361328125,2.0247981931742354,0.670445080690353
14375_onion_stage,14375,supported,event_0_scope_and_value_0.25,False,6.072449736174529,4.056972503662109,2.0154772325124197,0.6711068023229565
14375_onion_stage,14375,supported,event_2_value_source_0.25_restore_state_blocked,False,6.07316855450236,4.048370361328125,2.0247981931742354,0.670445080690353
14375_onion_stage,14375,supported,event_3_scope_and_value_sham,False,6.0777862455423985,4.052988052368164,2.0247981931742345,0.6706459611128088
14375_onion_stage,14375,supported,event_2_scope_0.25,False,6.071321247101816,4.052988052368164,2.0183331947336516,0.6697223899070113
14375_onion_stage,14375,supported,event_0_scope_and_value_0.25_restore_relay,False,6.067822508391327,4.052345275878906,2.0154772325124206,0.669204156849228
14375_onion_stage,14375,supported,event_0_scope_1_restore_relay,False,6.083434504518446,4.06175422668457,2.021680277833876,0.6723609921113394
14375_onion_stage,14375,supported,event_2_supported_value_0.25_restore_relay,False,6.073769322619401,4.0554351806640625,2.0183341419553384,0.6701320601739786
14375_onion_stage,14375,supported,event_1_selected_edge_random_0,False,6.077017742887342,4.056669235229492,2.0203485076578502,0.6706036515139637
14375_onion_stage,14375,supported,event_2_selected_edge_sham,False,6.0777862455423985,4.052988052368164,2.0247981931742345,0.6706459611128088
14375_onion_stage,14375,supported,event_0_scope_and_value_1_restore_relay,False,6.075442882001733,4.055568695068359,2.0198741869333734,0.670168794357265
14375_onion_stage,14375,unsupported,event_2_value_source_0.25_restore_relay,False,0.07086030740197291,-1.075397491455078,1.1462577988570508,-0.41074975072460296
14375_onion_stage,14375,unsupported,event_0_value_source_0.25_restore_state_blocked,False,0.07645583090858654,-1.0782413482666016,1.154697179175188,-0.4104332233822192
14375_onion_stage,14375,unsupported,event_2_scope_and_value_1_restore_relay,False,0.07884247231579922,-1.0691490173339842,1.1479914896497834,-0.4095210377610737
14375_onion_stage,14375,unsupported,event_2_value_source_1_cut_both,False,0.06083587468169105,-1.0899696350097656,1.1508055096914567,-0.41444376918634224
14375_onion_stage,14375,unsupported,event_2_selected_edge_0.25_restore_state,False,0.07458090720253185,-1.0801162719726562,1.154697179175188,-0.4116664830613659
14375_onion_stage,14375,unsupported,event_0_supported_value_1_cut_both,False,0.05517807056020585,-1.0874080657958982,1.142586136356104,-0.4142283675252251
14375_onion_stage,14375,unsupported,event_0_selected_edge_random_1,False,0.08727964947306743,-1.0639514923095703,1.1512311417826377,-0.40741346224263636
14375_onion_stage,14375,unsupported,event_0_scope_0.25_cut_both,False,0.05614006547533057,-1.0896549224853516,1.1457949879606821,-0.41439299293053783
14375_onion_stage,14375,unsupported,event_0_scope_and_value_1,False,0.08373616052931476,-1.0714912414550781,1.1552274019843929,-0.4083712203243549
14375_onion_stage,14375,unsupported,event_0_scope_and_value_0.25_cut_both,False,0.05888534334562667,-1.0898017883300781,1.1486871316757048,-0.41439949154877087
14375_onion_stage,14375,unsupported,event_1_scope_and_value_sham,False,0.07458090720253185,-1.0801162719726562,1.154697179175188,-0.4116664830613659
14375_onion_stage,14375,unsupported,event_0_supported_value_sham,False,0.07458090720253185,-1.0801162719726562,1.154697179175188,-0.4116664830613659
14375_onion_stage,14375,unsupported,event_2_selected_edge_state_sham,False,0.07458090720253185,-1.0801162719726562,1.154697179175188,-0.4116664830613659
14375_onion_stage,14375,unsupported,event_1_selected_edge_state_sham,False,0.07458090720253185,-1.0801162719726562,1.154697179175188,-0.4116664830613659
14375_onion_stage,14375,unsupported,event_0_scope_0.25_restore_state,False,0.07458090720253185,-1.0801162719726562,1.154697179175188,-0.4116664830613659
14375_onion_stage,14375,unsupported,event_3_supported_value_0.25,False,0.07695746359901667,-1.0777397155761719,1.1546971791751885,-0.4109776203504852
14375_onion_stage,14375,unsupported,event_2_supported_value_0.25_cut_both,False,0.04761077157460569,-1.0949840545654297,1.1425948261400354,-0.41670301180413505
14375_onion_stage,14375,unsupported,event_3_selected_edge_random_1,False,0.07007384238319636,-1.0846233367919922,1.1546971791751885,-0.41301952479072696
14375_onion_stage,14375,unsupported,event_0_supported_value_1_restore_relay,False,0.08194770862172884,-1.060638427734375,1.1425861363561038,-0.40711918793432506
14375_onion_stage,14375,unsupported,event_0_value_source_joint_sham,False,0.07458090720253185,-1.0801162719726562,1.154697179175188,-0.4116664830613659
14375_onion_stage,14375,unsupported,event_0_supported_value_joint_sham,False,0.07458090720253185,-1.0801162719726562,1.154697179175188,-0.4116664830613659
14375_onion_stage,14375,unsupported,event_1_selected_edge_1,False,0.07508786727129291,-1.0765590667724607,1.1516469340437536,-0.4103598031993447
14375_onion_stage,14375,unsupported,event_0_selected_edge_cut_relay,False,0.07645583090858654,-1.0782413482666016,1.154697179175188,-0.4104332233822192
14375_onion_stage,14375,unsupported,event_2_selected_edge_0.25_restore_state_blocked,False,0.07645583090858654,-1.0782413482666016,1.154697179175188,-0.4104332233822192
14375_onion_stage,14375,unsupported,event_2_value_source_1_restore_relay,False,0.0743627911855973,-1.0764427185058594,1.1508055096914567,-0.41142246190853177
14375_onion_stage,14375,unsupported,event_2_supported_value_1_restore_state_blocked,False,0.07645583090858654,-1.0782413482666016,1.154697179175188,-0.4104332233822192
14375_onion_stage,14375,unsupported,event_1_scope_and_value_1,False,0.07656886183214073,-1.0700492858886719,1.1466181477208126,-0.40957462366398434
14375_onion_stage,14375,unsupported,event_0_scope_1_restore_state_blocked,False,0.07645583090858654,-1.0782413482666016,1.154697179175188,-0.4104332233822192
14375_onion_stage,14375,unsupported,event_0_supported_value_0.25_restore_relay,False,0.07818245063232698,-1.0724563598632812,1.1506388104956082,-0.4097888876058565
14375_onion_stage,14375,unsupported,event_2_value_source_1,False,0.08151725590727654,-1.06928825378418,1.1508055096914565,-0.40921058338740846
14375_onion_stage,14375,unsupported,event_0_value_source_1_restore_relay,False,0.09039986093160701,-1.0591602325439453,1.1495600934755523,-0.40627688193360195
14375_onion_stage,14375,unsupported,event_3_supported_value_1,False,0.0780751698978448,-1.0766220092773438,1.1546971791751885,-0.4109729636620531
14375_onion_stage,14375,unsupported,event_0_selected_edge_relay_sham,False,0.07458090720253185,-1.0801162719726562,1.154697179175188,-0.4116664830613659
14375_onion_stage,14375,unsupported,event_2_selected_edge_joint_sham,False,0.07458090720253185,-1.0801162719726562,1.154697179175188,-0.4116664830613659
14375_onion_stage,14375,unsupported,event_1_scope_0.25,False,0.07838326563680598,-1.0749664306640625,1.1533496963008685,-0.41007329771149664
14375_onion_stage,14375,unsupported,event_0_supported_value_0.25_restore_state_blocked,False,0.07645583090858654,-1.0782413482666016,1.154697179175188,-0.4104332233822192
14375_onion_stage,14375,unsupported,event_3_selected_edge_sham,False,0.07458090720253185,-1.0801162719726562,1.154697179175188,-0.4116664830613659
14375_onion_stage,14375,unsupported,event_2_selected_edge_0.25,False,0.06014248201054739,-1.0839691162109373,1.1441115982214847,-0.4135578139811001
14375_onion_stage,14375,unsupported,event_3_selected_edge_random_0,False,0.07543158469276623,-1.0792655944824219,1.154697179175188,-0.41071618048657155
14375_onion_stage,14375,unsupported,event_2_selected_edge_1_cut_both,False,0.03510605671976652,-1.1037788391113281,1.1388848958310946,-0.4189394195796752
14375_onion_stage,14375,unsupported,event_0_selected_edge_random_0,False,0.06723707597192297,-1.0713386535644531,1.138575729536376,-0.41116809884129296
14375_onion_stage,14375,unsupported,event_0_scope_and_value_1_restore_state,False,0.07458090720253185,-1.0801162719726562,1.154697179175188,-0.4116664830613659
14375_onion_stage,14375,unsupported,event_0_scope_1,False,0.0880577028422338,-1.0731372833251953,1.161194986167429,-0.40838562595090205
14375_onion_stage,14375,unsupported,event_2_scope_and_value_1_restore_state_blocked,False,0.07645583090858654,-1.0782413482666016,1.154697179175188,-0.4104332233822192
14375_onion_stage,14375,unsupported,event_1_value_source_sham,False,0.07458090720253185,-1.0801162719726562,1.154697179175188,-0.4116664830613659
14375_onion_stage,14375,unsupported,event_1_value_source_1,False,0.06734584543358713,-1.0712108612060547,1.1385567066396418,-0.4106721008894116
14375_onion_stage,14375,unsupported,event_2_selected_edge_1_restore_state_blocked,False,0.07645583090858654,-1.0782413482666016,1.154697179175188,-0.4104332233822192
14375_onion_stage,14375,unsupported,event_0_supported_value_1,False,0.05878486682485384,-1.08380126953125,1.1425861363561038,-0.4132910489621101
14375_onion_stage,14375,unsupported,event_2_scope_1_cut_both,False,0.054228039833257746,-1.0902309417724607,1.1444589816057185,-0.41546740024626433
14375_onion_stage,14375,unsupported,event_2_scope_and_value_0.25_cut_both,False,0.05428130113751406,-1.093027114868164,1.1473084160056781,-0.41518179585032483
14375_onion_stage,14375,unsupported,event_1_supported_value_0.25,False,0.07714583566668365,-1.0734996795654297,1.1506455152321133,-0.4102462794613116
14375_onion_stage,14375,unsupported,event_0_scope_joint_sham,False,0.07458090720253185,-1.0801162719726562,1.154697179175188,-0.4116664830613659
14375_onion_stage,14375,unsupported,event_2_scope_joint_sham,False,0.07458090720253185,-1.0801162719726562,1.154697179175188,-0.4116664830613659
14375_onion_stage,14375,unsupported,event_3_scope_and_value_1,False,0.07514738974647761,-1.079549789428711,1.1546971791751885,-0.4110419554347164
14375_onion_stage,14375,unsupported,event_2_scope_and_value_1_cut_both,False,0.07439644265271284,-1.0735950469970703,1.1479914896497831,-0.41026769913858424
14375_onion_stage,14375,unsupported,event_0_scope_0.25_restore_relay,False,0.07295143632494039,-1.0728435516357422,1.1457949879606826,-0.41081347573837385
14375_onion_stage,14375,unsupported,event_0_selected_edge_1_restore_relay,False,0.07905128270861539,-1.0675621032714844,1.1466133859800998,-0.4078311165139861
14375_onion_stage,14375,unsupported,event_0_selected_edge_joint_sham,False,0.07458090720253185,-1.0801162719726562,1.154697179175188,-0.4116664830613659
14375_onion_stage,14375,unsupported,event_0_supported_value_0.25,False,0.07804512153076448,-1.0725936889648435,1.150638810495608,-0.40997533425794497
14375_onion_stage,14375,unsupported,event_2_scope_sham,False,0.07458090720253185,-1.0801162719726562,1.154697179175188,-0.4116664830613659
14375_onion_stage,14375,unsupported,event_0_selected_edge_sham,False,0.07458090720253185,-1.0801162719726562,1.154697179175188,-0.4116664830613659
14375_onion_stage,14375,unsupported,event_0_selected_edge_state_sham,False,0.07458090720253185,-1.0801162719726562,1.154697179175188,-0.4116664830613659
14375_onion_stage,14375,unsupported,event_0_supported_value_0.25_cut_both,False,0.06319831977295198,-1.0874404907226562,1.1506388104956082,-0.4135378011358484
14375_onion_stage,14375,unsupported,event_2_value_source_0.25_restore_state,False,0.07458090720253185,-1.0801162719726562,1.154697179175188,-0.4116664830613659
14375_onion_stage,14375,unsupported,event_3_scope_and_value_0.25,False,0.07734656272010998,-1.0773506164550781,1.154697179175188,-0.411186106142404
14375_onion_stage,14375,unsupported,event_2_supported_value_joint_sham,False,0.07458090720253185,-1.0801162719726562,1.154697179175188,-0.4116664830613659
14375_onion_stage,14375,unsupported,event_2_selected_edge_relay_sham,False,0.07458090720253185,-1.0801162719726562,1.154697179175188,-0.4116664830613659
14375_onion_stage,14375,unsupported,event_0_value_source_0.25_cut_both,False,0.07436414803682379,-1.075277328491211,1.1496414765280347,-0.41018172088812666
14375_onion_stage,14375,unsupported,event_1_scope_and_value_0.25,False,0.08234482167734214,-1.0810489654541016,1.1633937871314437,-0.40989834045876555
14375_onion_stage,14375,unsupported,event_0_scope_1_cut_both,False,0.07096976644086661,-1.0902252197265625,1.161194986167429,-0.4125791011231117
14375_onion_stage,14375,unsupported,event_1_selected_edge_0.25,False,0.08151310200984607,-1.0744609832763672,1.1559740852862133,-0.40954968920690216
14375_onion_stage,14375,unsupported,event_2_scope_and_value_1_restore_state,False,0.07458090720253185,-1.0801162719726562,1.154697179175188,-0.4116664830613659
14375_onion_stage,14375,unsupported,event_2_value_source_sham,False,0.07458090720253185,-1.0801162719726562,1.154697179175188,-0.4116664830613659
14375_onion_stage,14375,unsupported,event_2_scope_0.25_restore_state_blocked,False,0.07645583090858654,-1.0782413482666016,1.154697179175188,-0.4104332233822192
14375_onion_stage,14375,unsupported,event_2_scope_and_value_joint_sham,False,0.07458090720253185,-1.0801162719726562,1.154697179175188,-0.4116664830613659
14375_onion_stage,14375,unsupported,event_1_scope_1,False,0.08814425937701253,-1.0678634643554688,1.1560077237324813,-0.408078553926091
14375_onion_stage,14375,unsupported,event_2_scope_and_value_0.25_restore_state,False,0.07458090720253185,-1.0801162719726562,1.154697179175188,-0.4116664830613659
14375_onion_stage,14375,unsupported,event_3_supported_value_sham,False,0.07458090720253185,-1.0801162719726562,1.154697179175188,-0.4116664830613659
14375_onion_stage,14375,unsupported,event_0_value_source_1,False,0.0914508100282867,-1.0581092834472656,1.1495600934755523,-0.40611961660631213
14375_onion_stage,14375,unsupported,event_2_value_source_0.25,False,0.07045594949181622,-1.0758018493652344,1.1462577988570506,-0.4113642953543544
14375_onion_stage,14375,unsupported,event_0_selected_edge_1,False,0.07927825719592008,-1.0673351287841797,1.1466133859800998,-0.40870097342038414
14375_onion_stage,14375,unsupported,event_2_selected_edge_1_restore_state,False,0.07458090720253185,-1.0801162719726562,1.154697179175188,-0.4116664830613659
14375_onion_stage,14375,unsupported,event_0_selected_edge_0.25_cut_both,False,0.03965111769124752,-1.108684539794922,1.1483356574861696,-0.4195931873397141
14375_onion_stage,14375,unsupported,event_3_value_source_1,False,0.08431601462440685,-1.0703811645507812,1.154697179175188,-0.4086396369839815
14375_onion_stage,14375,unsupported,event_0_scope_and_value_1_cut_both,False,0.06647084070509601,-1.0887565612792967,1.1552274019843927,-0.41293108447212945
14375_onion_stage,14375,unsupported,event_3_selected_edge_0.25,False,0.06539702353554011,-1.0893001556396484,1.1546971791751885,-0.414498355672195
14375_onion_stage,14375,unsupported,event_0_supported_value_1_restore_state_blocked,False,0.07645583090858654,-1.0782413482666016,1.154697179175188,-0.4104332233822192
14375_onion_stage,14375,unsupported,event_2_supported_value_0.25_restore_state_blocked,False,0.07645583090858654,-1.0782413482666016,1.154697179175188,-0.4104332233822192
14375_onion_stage,14375,unsupported,event_2_selected_edge_random_0,False,0.054032287094027964,-1.0807476043701172,1.1347798914641452,-0.4140342317256884
14375_onion_stage,14375,unsupported,event_2_scope_1,False,0.06893941983814011,-1.0755195617675783,1.1444589816057185,-0.41103474815644037
14375_onion_stage,14375,unsupported,event_0_scope_0.25_restore_state_blocked,False,0.07645583090858654,-1.0782413482666016,1.154697179175188,-0.4104332233822192
14375_onion_stage,14375,unsupported,event_0_selected_edge_0.25_restore_state_blocked,False,0.07645583090858654,-1.0782413482666016,1.154697179175188,-0.4104332233822192
14375_onion_stage,14375,unsupported,event_2_scope_and_value_0.25_restore_state_blocked,False,0.07645583090858654,-1.0782413482666016,1.154697179175188,-0.4104332233822192
14375_onion_stage,14375,unsupported,event_2_value_source_1_restore_state,False,0.07458090720253185,-1.0801162719726562,1.154697179175188,-0.4116664830613659
14375_onion_stage,14375,unsupported,event_2_value_source_0.25_cut_both,False,0.05933610696251934,-1.0869216918945312,1.1462577988570506,-0.41382133598835896
14375_onion_stage,14375,unsupported,event_2_selected_edge_1,False,0.06592308858011808,-1.0729618072509766,1.1388848958310946,-0.41001163329092366
14375_onion_stage,14375,unsupported,event_2_scope_1_restore_state_blocked,False,0.07645583090858654,-1.0782413482666016,1.154697179175188,-0.4104332233822192
14375_onion_stage,14375,unsupported,event_0_scope_and_value_0.25_restore_state_blocked,False,0.07645583090858654,-1.0782413482666016,1.154697179175188,-0.4104332233822192
14375_onion_stage,14375,unsupported,event_2_selected_edge_cut_relay,False,0.07645583090858654,-1.0782413482666016,1.154697179175188,-0.4104332233822192
14375_onion_stage,14375,unsupported,event_0_selected_edge_1_cut_both,False,0.04553725988146695,-1.1010761260986328,1.1466133859800998,-0.41674331103888484
14375_onion_stage,14375,unsupported,event_0_scope_and_value_joint_sham,False,0.07458090720253185,-1.0801162719726562,1.154697179175188,-0.4116664830613659
14375_onion_stage,14375,unsupported,event_3_value_source_0.25,False,0.08658003745155574,-1.0681171417236328,1.1546971791751885,-0.4088548730215155
14375_onion_stage,14375,unsupported,event_2_supported_value_1_restore_state,False,0.07458090720253185,-1.0801162719726562,1.154697179175188,-0.4116664830613659
14375_onion_stage,14375,unsupported,event_1_value_source_0.25,False,0.07341960699113725,-1.0801734924316406,1.1535930994227779,-0.4111198868831952
14375_onion_stage,14375,unsupported,event_0_scope_and_value_0.25_restore_state,False,0.07458090720253185,-1.0801162719726562,1.154697179175188,-0.4116664830613659
14375_onion_stage,14375,unsupported,event_2_supported_value_sham,False,0.07458090720253185,-1.0801162719726562,1.154697179175188,-0.4116664830613659
14375_onion_stage,14375,unsupported,event_2_supported_value_1_cut_both,False,0.07486520291414145,-1.0788097381591797,1.1536749410733211,-0.4110891420723161
14375_onion_stage,14375,unsupported,event_0_scope_and_value_sham,False,0.07458090720253185,-1.0801162719726562,1.154697179175188,-0.4116664830613659
14375_onion_stage,14375,unsupported,event_0_selected_edge_0.25,False,0.0842964271394897,-1.06403923034668,1.1483356574861696,-0.40734399919062814
14375_onion_stage,14375,unsupported,event_3_scope_1,False,0.07681822714882136,-1.0778789520263672,1.1546971791751885,-0.41159913222432803
14375_onion_stage,14375,unsupported,event_0_value_source_1_cut_both,False,0.05285942514059094,-1.096700668334961,1.1495600934755519,-0.4156373354981347
14375_onion_stage,14375,unsupported,event_3_value_source_sham,False,0.07458090720253185,-1.0801162719726562,1.154697179175188,-0.4116664830613659
14375_onion_stage,14375,unsupported,event_0_scope_sham,False,0.07458090720253185,-1.0801162719726562,1.154697179175188,-0.4116664830613659
14375_onion_stage,14375,unsupported,event_1_supported_value_1,False,0.07894778203839037,-1.0766029357910156,1.155550717829406,-0.4103038258823348
14375_onion_stage,14375,unsupported,event_0_value_source_sham,False,0.07458090720253185,-1.0801162719726562,1.154697179175188,-0.4116664830613659
14375_onion_stage,14375,unsupported,event_0_value_source_0.25,False,0.07806058968721441,-1.0715808868408203,1.1496414765280347,-0.4093220013490662
14375_onion_stage,14375,unsupported,event_0_value_source_0.25_restore_relay,False,0.08168073739229254,-1.0679607391357422,1.1496414765280347,-0.40891954883290343
14375_onion_stage,14375,unsupported,event_2_selected_edge_0.25_restore_relay,False,0.06229206391972708,-1.0818195343017576,1.1441115982214847,-0.4134568354190737
14375_onion_stage,14375,unsupported,event_2_supported_value_0.25_restore_state,False,0.07458090720253185,-1.0801162719726562,1.154697179175188,-0.4116664830613659
14375_onion_stage,14375,unsupported,event_0_scope_and_value_1_restore_state_blocked,False,0.07645583090858654,-1.0782413482666016,1.154697179175188,-0.4104332233822192
14375_onion_stage,14375,unsupported,event_2_value_source_1_restore_state_blocked,False,0.07645583090858654,-1.0782413482666016,1.154697179175188,-0.4104332233822192
14375_onion_stage,14375,unsupported,event_2_scope_and_value_0.25,False,0.065191335317202,-1.0821170806884763,1.1473084160056783,-0.41244029640910973
14375_onion_stage,14375,unsupported,event_2_scope_0.25_restore_state,False,0.07458090720253185,-1.0801162719726562,1.154697179175188,-0.4116664830613659
14375_onion_stage,14375,unsupported,event_0_value_source_1_restore_state,False,0.07458090720253185,-1.0801162719726562,1.154697179175188,-0.4116664830613659
14375_onion_stage,14375,unsupported,event_3_selected_edge_1,False,0.08067297873573542,-1.0740242004394531,1.1546971791751885,-0.4100528271565549
14375_onion_stage,14375,unsupported,event_2_scope_0.25_cut_both,False,0.07125970947311089,-1.0782413482666016,1.1495010577397125,-0.4111664982809775
14375_onion_stage,14375,unsupported,event_0_scope_0.25,False,0.07425224809251851,-1.0715427398681643,1.1457949879606828,-0.4102207916728664
14375_onion_stage,14375,unsupported,event_1_supported_value_sham,False,0.07458090720253185,-1.0801162719726562,1.154697179175188,-0.4116664830613659
14375_onion_stage,14375,unsupported,event_0_selected_edge_1_restore_state,False,0.07458090720253185,-1.0801162719726562,1.154697179175188,-0.4116664830613659
14375_onion_stage,14375,unsupported,event_3_scope_sham,False,0.07458090720253185,-1.0801162719726562,1.154697179175188,-0.4116664830613659
14375_onion_stage,14375,unsupported,event_2_scope_and_value_sham,False,0.07458090720253185,-1.0801162719726562,1.154697179175188,-0.4116664830613659
14375_onion_stage,14375,unsupported,event_2_selected_edge_1_restore_relay,False,0.06144272664164152,-1.0774421691894531,1.1388848958310946,-0.41234967467470246
14375_onion_stage,14375,unsupported,event_2_scope_1_restore_state,False,0.07458090720253185,-1.0801162719726562,1.154697179175188,-0.4116664830613659
14375_onion_stage,14375,unsupported,event_3_scope_0.25,False,0.07613539633827449,-1.078561782836914,1.1546971791751885,-0.4111799006588721
14375_onion_stage,14375,unsupported,event_2_selected_edge_random_1,False,0.08101565824850665,-1.0695075988769531,1.1505232571254598,-0.4087512369806333
14375_onion_stage,14375,unsupported,event_2_supported_value_0.25,False,0.06565619698964476,-1.0769386291503906,1.1425948261400354,-0.4124981701788834
14375_onion_stage,14375,unsupported,event_2_scope_and_value_1,False,0.07141525673962734,-1.076576232910156,1.1479914896497834,-0.4113911782333818
14375_onion_stage,14375,unsupported,event_0_selected_edge_0.25_restore_state,False,0.07458090720253185,-1.0801162719726562,1.154697179175188,-0.4116664830613659
14375_onion_stage,14375,unsupported,event_0_value_source_1_restore_state_blocked,False,0.07645583090858654,-1.0782413482666016,1.154697179175188,-0.4104332233822192
14375_onion_stage,14375,unsupported,event_2_selected_edge_0.25_cut_both,False,0.04134937593144583,-1.1027622222900388,1.1441115982214847,-0.418814486569646
14375_onion_stage,14375,unsupported,event_2_scope_0.25_restore_relay,False,0.0693847857670562,-1.0801162719726562,1.1495010577397125,-0.4123997579601242
14375_onion_stage,14375,unsupported,event_0_selected_edge_0.25_restore_relay,False,0.08584710157796627,-1.0624885559082031,1.1483356574861694,-0.4071639704915197
14375_onion_stage,14375,unsupported,event_2_value_source_joint_sham,False,0.07458090720253185,-1.0801162719726562,1.154697179175188,-0.4116664830613659
14375_onion_stage,14375,unsupported,event_0_value_source_0.25_restore_state,False,0.07458090720253185,-1.0801162719726562,1.154697179175188,-0.4116664830613659
14375_onion_stage,14375,unsupported,event_0_supported_value_0.25_restore_state,False,0.07458090720253185,-1.0801162719726562,1.154697179175188,-0.4116664830613659
14375_onion_stage,14375,unsupported,event_2_scope_and_value_0.25_restore_relay,False,0.06407744371563906,-1.083230972290039,1.1473084160056781,-0.41257337223352797
14375_onion_stage,14375,unsupported,event_0_scope_1_restore_state,False,0.07458090720253185,-1.0801162719726562,1.154697179175188,-0.4116664830613659
14375_onion_stage,14375,unsupported,event_3_selected_edge_state_sham,False,0.07458090720253185,-1.0801162719726562,1.154697179175188,-0.4116664830613659
14375_onion_stage,14375,unsupported,event_2_supported_value_1,False,0.08694444180574301,-1.0667304992675781,1.1536749410733211,-0.40769868136059706
14375_onion_stage,14375,unsupported,event_0_supported_value_1_restore_state,False,0.07458090720253185,-1.0801162719726562,1.154697179175188,-0.4116664830613659
14375_onion_stage,14375,unsupported,event_1_selected_edge_random_1,False,0.07738524197012397,-1.0713958740234375,1.1487811159935615,-0.40943764042452935
14375_onion_stage,14375,unsupported,event_2_scope_1_restore_relay,False,0.062240811439702615,-1.0822181701660156,1.1444589816057182,-0.41270404726460286
14375_onion_stage,14375,unsupported,event_2_supported_value_1_restore_relay,False,0.08529839993562582,-1.0683765411376953,1.1536749410733211,-0.4081741488614158
14375_onion_stage,14375,unsupported,event_1_scope_sham,False,0.07458090720253185,-1.0801162719726562,1.154697179175188,-0.4116664830613659
14375_onion_stage,14375,unsupported,event_1_selected_edge_sham,False,0.07458090720253185,-1.0801162719726562,1.154697179175188,-0.4116664830613659
14375_onion_stage,14375,unsupported,event_0_selected_edge_1_restore_state_blocked,False,0.07645583090858654,-1.0782413482666016,1.154697179175188,-0.4104332233822192
14375_onion_stage,14375,unsupported,event_0_scope_and_value_0.25,False,0.08251739290617355,-1.0661697387695312,1.1486871316757048,-0.4084950532955192
14375_onion_stage,14375,unsupported,event_2_value_source_0.25_restore_state_blocked,False,0.07645583090858654,-1.0782413482666016,1.154697179175188,-0.4104332233822192
14375_onion_stage,14375,unsupported,event_3_scope_and_value_sham,False,0.07458090720253185,-1.0801162719726562,1.154697179175188,-0.4116664830613659
14375_onion_stage,14375,unsupported,event_2_scope_0.25,False,0.0693847857670562,-1.0801162719726562,1.1495010577397125,-0.4123997579601242
14375_onion_stage,14375,unsupported,event_0_scope_and_value_0.25_restore_relay,False,0.0800530984725798,-1.068634033203125,1.1486871316757048,-0.40932001972052556
14375_onion_stage,14375,unsupported,event_0_scope_1_restore_relay,False,0.08757895833539786,-1.0736160278320312,1.161194986167429,-0.4089468763661328
14375_onion_stage,14375,unsupported,event_2_supported_value_0.25_restore_relay,False,0.06163359872304319,-1.0809612274169922,1.1425948261400354,-0.4129976488735453
14375_onion_stage,14375,unsupported,event_1_selected_edge_random_0,False,0.07264014239328187,-1.0751113891601562,1.1477515315534381,-0.4106943750879903
14375_onion_stage,14375,unsupported,event_2_selected_edge_sham,False,0.07458090720253185,-1.0801162719726562,1.154697179175188,-0.4116664830613659
14375_onion_stage,14375,unsupported,event_0_scope_and_value_1_restore_relay,False,0.08150074793165851,-1.0737266540527342,1.1552274019843927,-0.40955454005593545
