id,source_id,error_start,normal_start,length,observed_tokens,method,aggregation,error_score,normal_score,gap,paired_win
12045,14323,91,48,15,1,current,current,0.4055254161357879,0.2366742640733719,0.16885115206241602,1.0
12045,14323,91,48,15,1,current,prefix_mean,0.4055254161357879,0.2366742640733719,0.16885115206241602,1.0
12045,14323,91,48,15,1,past_ewma,current,0.3920859132833789,0.2715855752519587,0.12050033803142018,1.0
12045,14323,91,48,15,1,past_ewma,prefix_mean,0.3920859132833789,0.2715855752519587,0.12050033803142018,1.0
12045,14323,91,48,15,1,current_increment,current,0.0893921509385108,0.0650150269269943,0.024377124011516496,1.0
12045,14323,91,48,15,1,current_increment,prefix_mean,0.0893921509385108,0.0650150269269943,0.024377124011516496,1.0
12045,14323,91,48,15,2,current,current,0.4151948988437652,0.2447056621313095,0.1704892367124557,1.0
12045,14323,91,48,15,2,current,prefix_mean,0.41036015748977656,0.2406899631023407,0.16967019438743586,1.0
12045,14323,91,48,15,2,past_ewma,current,0.3988056647095834,0.2541299196626653,0.1446757450469181,1.0
12045,14323,91,48,15,2,past_ewma,prefix_mean,0.39544578899648114,0.262857747457312,0.13258804153916914,1.0
12045,14323,91,48,15,2,current_increment,current,0.0838205233216285,0.0587734796106814,0.025047043710947098,1.0
12045,14323,91,48,15,2,current_increment,prefix_mean,0.08660633713006965,0.06189425326883785,0.024712083861231804,1.0
12045,14323,91,48,15,4,current,current,0.7795929312705994,0.1920908987522125,0.5875020325183868,1.0
12045,14323,91,48,15,4,current,prefix_mean,0.543634757399559,0.24450840801000595,0.29912634938955307,1.0
12045,14323,91,48,15,4,past_ewma,current,0.4906130325623789,0.2769902989900586,0.2136227335723203,1.0
12045,14323,91,48,15,4,past_ewma,prefix_mean,0.4221262230830039,0.2630308962004175,0.15909532688258643,1.0
12045,14323,91,48,15,4,current_increment,current,0.4034474626183509,-0.029302078485489,0.4327495411038399,1.0
12045,14323,91,48,15,4,current_increment,prefix_mean,0.20171201974153513,0.04952232539653768,0.15218969434499746,1.0
12045,14323,91,48,15,8,current,current,0.8594989776611328,0.1361039727926254,0.7233950048685074,1.0
12045,14323,91,48,15,8,current,prefix_mean,0.5929875187575817,0.19460525549948215,0.39838226325809956,1.0
12045,14323,91,48,15,8,past_ewma,current,0.6033204079408723,0.1651564131530403,0.43816399478783197,1.0
12045,14323,91,48,15,8,past_ewma,prefix_mean,0.5081565738781758,0.2248441010692636,0.2833124728089122,1.0
12045,14323,91,48,15,8,current_increment,current,0.358558890223503,-0.0916275247931481,0.45018641501665113,1.0
12045,14323,91,48,15,8,current_increment,prefix_mean,0.19749889951199287,-0.01793128363788136,0.21543018314987422,1.0
12219,14353,218,197,13,1,current,current,0.1848775148391723,0.2956389784812927,-0.11076146364212042,0.0
12219,14353,218,197,13,1,current,prefix_mean,0.1848775148391723,0.2956389784812927,-0.11076146364212042,0.0
12219,14353,218,197,13,1,past_ewma,current,0.2136352610409923,0.1752287763694363,0.038406484671556024,1.0
12219,14353,218,197,13,1,past_ewma,prefix_mean,0.2136352610409923,0.1752287763694363,0.038406484671556024,1.0
12219,14353,218,197,13,1,current_increment,current,-0.0698765501379967,0.1072056770324706,-0.1770822271704673,0.0
12219,14353,218,197,13,1,current_increment,prefix_mean,-0.0698765501379967,0.1072056770324706,-0.1770822271704673,0.0
12219,14353,218,197,13,2,current,current,0.2112593203783035,0.2794123589992523,-0.06815303862094882,0.0
12219,14353,218,197,13,2,current,prefix_mean,0.1980684176087379,0.2875256687402725,-0.08945725113153463,0.0
12219,14353,218,197,13,2,past_ewma,current,0.1992563879400823,0.2354338774253645,-0.03617748948528221,0.0
12219,14353,218,197,13,2,past_ewma,prefix_mean,0.2064458244905373,0.2053313268974004,0.0011144975931368928,1.0
12219,14353,218,197,13,2,current_increment,current,-0.025126738846302,0.0828894808888435,-0.1080162197351455,0.0
12219,14353,218,197,13,2,current_increment,prefix_mean,-0.04750164449214935,0.09504757896065705,-0.1425492234528064,0.0
12219,14353,218,197,13,4,current,current,0.4665782153606415,0.3157936334609985,0.150784581899643,1.0
12219,14353,218,197,13,4,current,prefix_mean,0.2652977034449577,0.3333323821425438,-0.06803467869758612,0.0
12219,14353,218,197,13,4,past_ewma,current,0.2018668086804532,0.34995383792047,-0.14808702924001682,0.0
12219,14353,218,197,13,4,past_ewma,prefix_mean,0.20500407795518016,0.2545099024818948,-0.04950582452671465,0.0
12219,14353,218,197,13,4,current_increment,current,0.2570553496479988,0.0799241751432418,0.17713117450475702,1.0
12219,14353,218,197,13,4,current_increment,prefix_mean,0.03298515789210795,0.1260872650891542,-0.09310210719704623,0.0
12219,14353,218,197,13,8,current,current,0.2338292896747589,0.2701569497585296,-0.036327660083770696,0.0
12219,14353,218,197,13,8,current,prefix_mean,0.2626023590564728,0.3086247257888317,-0.04602236673235893,0.0
12219,14353,218,197,13,8,past_ewma,current,0.2737766226845333,0.2910402347476062,-0.01726361206307292,0.0
12219,14353,218,197,13,8,past_ewma,prefix_mean,0.25256043527180927,0.28228227181792376,-0.02972183654611449,0.0
12219,14353,218,197,13,8,current_increment,current,-0.0197672411799431,-0.0040090933442116,-0.015758147835731498,0.0
12219,14353,218,197,13,8,current_increment,prefix_mean,0.024508657306432705,0.07480028532445426,-0.05029162801802156,0.0
12261,14360,241,208,30,1,current,current,0.735612690448761,0.4007144570350647,0.3348982334136963,1.0
12261,14360,241,208,30,1,current,prefix_mean,0.735612690448761,0.4007144570350647,0.3348982334136963,1.0
12261,14360,241,208,30,1,past_ewma,current,0.2493857609449354,0.2599690965322204,-0.010583335587284998,0.0
12261,14360,241,208,30,1,past_ewma,prefix_mean,0.2493857609449354,0.2599690965322204,-0.010583335587284998,0.0
12261,14360,241,208,30,1,current_increment,current,0.4890036322176456,0.1700339421629905,0.3189696900546551,1.0
12261,14360,241,208,30,1,current_increment,prefix_mean,0.4890036322176456,0.1700339421629905,0.3189696900546551,1.0
12261,14360,241,208,30,2,current,current,0.7277047634124756,0.1922732144594192,0.5354315489530563,1.0
12261,14360,241,208,30,2,current,prefix_mean,0.7316587269306183,0.296493835747242,0.4351648911833763,1.0
12261,14360,241,208,30,2,past_ewma,current,0.4924992256968482,0.3303417767836425,0.16215744891320566,1.0
12261,14360,241,208,30,2,past_ewma,prefix_mean,0.3709424933208918,0.2951554366579314,0.07578705666296037,1.0
12261,14360,241,208,30,2,current_increment,current,0.4594208754599094,-0.0632079616189003,0.5226288370788097,1.0
12261,14360,241,208,30,2,current_increment,prefix_mean,0.4742122538387775,0.0534129902720451,0.4207992635667324,1.0
12261,14360,241,208,30,4,current,current,0.8026843070983887,0.449866384267807,0.35281792283058167,1.0
12261,14360,241,208,30,4,current,prefix_mean,0.7387216538190842,0.32994553074240685,0.4087761230766773,1.0
12261,14360,241,208,30,4,past_ewma,current,0.6494934244356867,0.2691177814144336,0.3803756430212531,1.0
12261,14360,241,208,30,4,past_ewma,prefix_mean,0.5003701014080331,0.28018403758795685,0.22018606382007622,1.0
12261,14360,241,208,30,4,current_increment,current,0.4478790141642094,0.1831061422824859,0.2647728718817235,1.0
12261,14360,241,208,30,4,current_increment,prefix_mean,0.44133153557777405,0.07716272920370097,0.36416880637407306,1.0
12261,14360,241,208,30,8,current,current,0.7793295979499817,0.1443664878606796,0.6349631100893021,1.0
12261,14360,241,208,30,8,current,prefix_mean,0.7874485403299332,0.2574280770495534,0.5300204632803798,1.0
12261,14360,241,208,30,8,past_ewma,current,0.8447944800270244,0.1917473362692845,0.6530471437577399,1.0
12261,14360,241,208,30,8,past_ewma,prefix_mean,0.6467794708190413,0.28040612316636293,0.36637334765267837,1.0
12261,14360,241,208,30,8,current_increment,current,0.1619618527591229,-0.1443276263773441,0.306289479136467,1.0
12261,14360,241,208,30,8,current_increment,prefix_mean,0.3829916752874851,-0.01588537236675621,0.3988770476542413,1.0
12345,14375,286,226,45,1,current,current,0.2616550624370575,0.2151336818933487,0.0465213805437088,1.0
12345,14375,286,226,45,1,current,prefix_mean,0.2616550624370575,0.2151336818933487,0.0465213805437088,1.0
12345,14375,286,226,45,1,past_ewma,current,0.4320649181396002,0.2284039835717395,0.2036609345678607,1.0
12345,14375,286,226,45,1,past_ewma,prefix_mean,0.4320649181396002,0.2284039835717395,0.2036609345678607,1.0
12345,14375,286,226,45,1,current_increment,current,-0.0895819000899791,0.0485142230987548,-0.1380961231887339,0.0
12345,14375,286,226,45,1,current_increment,prefix_mean,-0.0895819000899791,0.0485142230987548,-0.1380961231887339,0.0
12345,14375,286,226,45,2,current,current,0.379701554775238,0.2140737026929855,0.16562785208225247,1.0
12345,14375,286,226,45,2,current,prefix_mean,0.32067830860614777,0.21460369229316711,0.10607461631298065,1.0
12345,14375,286,226,45,2,past_ewma,current,0.3468599902883288,0.2217688327325441,0.1250911575557847,1.0
12345,14375,286,226,45,2,past_ewma,prefix_mean,0.3894624542139645,0.22508640815214181,0.1643760460618227,1.0
12345,14375,286,226,45,2,current_increment,current,0.0261609129607676,0.034546010941267,-0.008385097980499398,0.0
12345,14375,286,226,45,2,current_increment,prefix_mean,-0.03171049356460575,0.0415301170200109,-0.07324061058461664,0.0
12345,14375,286,226,45,4,current,current,0.2789372503757477,0.2058540731668472,0.07308317720890048,1.0
12345,14375,286,226,45,4,current,prefix_mean,0.29724614322185516,0.21103613078594208,0.08621001243591309,1.0
12345,14375,286,226,45,4,past_ewma,current,0.3159857389155803,0.2135021665516758,0.10248357236390448,1.0
12345,14375,286,226,45,4,past_ewma,prefix_mean,0.36454785496882314,0.22039906264218107,0.14414879232664207,1.0
12345,14375,286,226,45,4,current_increment,current,-0.1063536278903484,0.0023975662887096,-0.108751194179058,0.0
12345,14375,286,226,45,4,current_increment,prefix_mean,-0.0680448714643717,0.026275471597909876,-0.09432034306228157,0.0
12345,14375,286,226,45,8,current,current,0.2701514363288879,0.1139220595359802,0.1562293767929077,1.0
12345,14375,286,226,45,8,current,prefix_mean,0.2915924936532974,0.1944302078336477,0.09716228581964972,1.0
12345,14375,286,226,45,8,past_ewma,current,0.2920444998692955,0.1920374043833666,0.10000709548592887,1.0
12345,14375,286,226,45,8,past_ewma,prefix_mean,0.3293342311634245,0.2132862707366642,0.11604796042676027,1.0
12345,14375,286,226,45,8,current_increment,current,-0.0714328497648239,-0.1023995116353035,0.030966661870479598,1.0
12345,14375,286,226,45,8,current_increment,prefix_mean,-0.08220725562423467,-0.007623916119337101,-0.07458333950489757,0.0
12459,14394,50,30,10,1,current,current,0.404182493686676,0.1427962034940719,0.2613862901926041,1.0
12459,14394,50,30,10,1,current,prefix_mean,0.404182493686676,0.1427962034940719,0.2613862901926041,1.0
12459,14394,50,30,10,1,past_ewma,current,0.2704217414445624,0.097332772762381,0.17308896868218138,1.0
12459,14394,50,30,10,1,past_ewma,prefix_mean,0.2704217414445624,0.097332772762381,0.17308896868218138,1.0
12459,14394,50,30,10,1,current_increment,current,0.2317075930535793,0.0060201235115527,0.2256874695420266,1.0
12459,14394,50,30,10,1,current_increment,prefix_mean,0.2317075930535793,0.0060201235115527,0.2256874695420266,1.0
12459,14394,50,30,10,2,current,current,0.4958123862743377,0.1171043515205383,0.37870803475379944,1.0
12459,14394,50,30,10,2,current,prefix_mean,0.4499974399805069,0.1299502775073051,0.3200471624732018,1.0
12459,14394,50,30,10,2,past_ewma,current,0.3373021175656192,0.1200644881282264,0.21723762943739278,1.0
12459,14394,50,30,10,2,past_ewma,prefix_mean,0.3038619295050908,0.1086986304453037,0.19516329905978708,1.0
12459,14394,50,30,10,2,current_increment,current,0.2919852301478385,-0.0059534825384617,0.2979387126863002,1.0
12459,14394,50,30,10,2,current_increment,prefix_mean,0.2618464116007089,3.332048654549995e-05,0.2618130911141634,1.0
12459,14394,50,30,10,4,current,current,0.5188314318656921,0.1366353780031204,0.3821960538625717,1.0
12459,14394,50,30,10,4,current,prefix_mean,0.458760105073452,0.13651991635560984,0.32224018871784216,1.0
12459,14394,50,30,10,4,past_ewma,current,0.4163856801935403,0.1340640761145456,0.28232160407899465,1.0
12459,14394,50,30,10,4,past_ewma,prefix_mean,0.360166697780925,0.11751143920738383,0.2426552585735412,1.0
12459,14394,50,30,10,4,current_increment,current,0.2478624850511551,0.017059838026762,0.2308026470243931,1.0
12459,14394,50,30,10,4,current_increment,prefix_mean,0.23651109952479593,0.012136384844779927,0.22437471468001602,1.0
12459,14394,50,30,10,8,current,current,0.8609995245933533,0.1541037261486053,0.7068957984447479,1.0
12459,14394,50,30,10,8,current,prefix_mean,0.6461872421205044,0.13777924049645657,0.5084080016240478,1.0
12459,14394,50,30,10,8,past_ewma,current,0.788087120264448,0.1367477754608324,0.6513393448036157,1.0
12459,14394,50,30,10,8,past_ewma,prefix_mean,0.5076568468744198,0.1257559959858721,0.38190085088854775,1.0
12459,14394,50,30,10,8,current_increment,current,0.355224221944809,0.0332104228436946,0.32201379910111444,1.0
12459,14394,50,30,10,8,current_increment,prefix_mean,0.3320920725353062,0.015369578264653638,0.3167224942706526,1.0
12459,14394,81,90,4,1,current,current,0.304775059223175,0.1956128925085067,0.1091621667146683,1.0
12459,14394,81,90,4,1,current,prefix_mean,0.304775059223175,0.1956128925085067,0.1091621667146683,1.0
12459,14394,81,90,4,1,past_ewma,current,0.3511739544713522,0.2567184449042822,0.09445550956707,1.0
12459,14394,81,90,4,1,past_ewma,prefix_mean,0.3511739544713522,0.2567184449042822,0.09445550956707,1.0
12459,14394,81,90,4,1,current_increment,current,0.0241321131587027,-0.2138038977980614,0.2379360109567641,1.0
12459,14394,81,90,4,1,current_increment,prefix_mean,0.0241321131587027,-0.2138038977980614,0.2379360109567641,1.0
12459,14394,81,90,4,2,current,current,0.7459582090377808,0.1358165591955185,0.6101416498422623,1.0
12459,14394,81,90,4,2,current,prefix_mean,0.5253666341304779,0.16571472585201258,0.3596519082784653,1.0
12459,14394,81,90,4,2,past_ewma,current,0.3279745068472636,0.2261656687063944,0.10180883814086919,1.0
12459,14394,81,90,4,2,past_ewma,prefix_mean,0.3395742306593079,0.2414420568053383,0.0981321738539696,1.0
12459,14394,81,90,4,2,current_increment,current,0.4561275169253349,-0.2632574439048767,0.7193849608302116,1.0
12459,14394,81,90,4,2,current_increment,prefix_mean,0.2401298150420188,-0.23853067085146906,0.47866048589348786,1.0
12459,14394,81,90,4,4,current,current,0.611326277256012,0.158252477645874,0.45307379961013794,1.0
12459,14394,81,90,4,4,current,prefix_mean,0.5576510727405548,0.1750767566263675,0.3825743161141873,1.0
12459,14394,81,90,4,4,past_ewma,current,0.5527555516938868,0.1958081055532636,0.3569474461406232,1.0
12459,14394,81,90,4,4,past_ewma,prefix_mean,0.44221759273875616,0.2149208332787242,0.22729675946003197,1.0
12459,14394,81,90,4,4,current_increment,current,0.228479216992855,-0.1703923642635345,0.3988715812563895,1.0
12459,14394,81,90,4,4,current_increment,prefix_mean,0.232866196706891,-0.20475169047713282,0.43761788718402383,1.0
12471,14396,27,14,11,1,current,current,0.2197669893503189,0.0826681926846504,0.13709879666566852,1.0
12471,14396,27,14,11,1,current,prefix_mean,0.2197669893503189,0.0826681926846504,0.13709879666566852,1.0
12471,14396,27,14,11,1,past_ewma,current,0.1662957058519514,0.1108939382284006,0.055401767623550785,1.0
12471,14396,27,14,11,1,past_ewma,prefix_mean,0.1662957058519514,0.1108939382284006,0.055401767623550785,1.0
12471,14396,27,14,11,1,current_increment,current,0.0561705842614173,-0.0098119102418422,0.0659824945032595,1.0
12471,14396,27,14,11,1,current_increment,prefix_mean,0.0561705842614173,-0.0098119102418422,0.0659824945032595,1.0
12471,14396,27,14,11,2,current,current,0.1800679415464401,0.1022097170352935,0.0778582245111466,1.0
12471,14396,27,14,11,2,current,prefix_mean,0.19991746544837952,0.09243895485997194,0.10747851058840757,1.0
12471,14396,27,14,11,2,past_ewma,current,0.1930313476011351,0.0967810654565255,0.09625028214460961,1.0
12471,14396,27,14,11,2,past_ewma,prefix_mean,0.17966352672654323,0.10383750184246304,0.07582602488408019,1.0
12471,14396,27,14,11,2,current_increment,current,0.008032114803791,0.008674433082342,-0.0006423182785509993,0.0
12471,14396,27,14,11,2,current_increment,prefix_mean,0.03210134953260415,-0.0005687385797501004,0.03267008811235425,1.0
12471,14396,27,14,11,4,current,current,0.185667484998703,0.1353727728128433,0.05029471218585971,1.0
12471,14396,27,14,11,4,current,prefix_mean,0.18408982083201408,0.11044611781835553,0.07364370301365855,1.0
12471,14396,27,14,11,4,past_ewma,current,0.1687032560031909,0.1105145899932722,0.05818866600991869,1.0
12471,14396,27,14,11,4,past_ewma,prefix_mean,0.17864498850751626,0.10442124623102694,0.07422374227648931,1.0
12471,14396,27,14,11,4,current_increment,current,0.0080498024821281,0.035494041442871,-0.0274442389607429,0.0
12471,14396,27,14,11,4,current_increment,prefix_mean,0.011245148256421048,0.015047474205493875,-0.0038023259490728278,0.0
12471,14396,27,14,11,8,current,current,0.1831838190555572,0.2197142392396927,-0.03653042018413549,0.0
12471,14396,27,14,11,8,current,prefix_mean,0.20889963582158086,0.1354148872196674,0.07348474860191345,1.0
12471,14396,27,14,11,8,past_ewma,current,0.2532309031705142,0.1426092848087421,0.11062161836177212,1.0
12471,14396,27,14,11,8,past_ewma,prefix_mean,0.19592172200630975,0.11784793127071319,0.07807379073559656,1.0
12471,14396,27,14,11,8,current_increment,current,-0.0123383805155754,0.1026365801692009,-0.11497496068477629,0.0
12471,14396,27,14,11,8,current_increment,prefix_mean,0.029502186737954572,0.03343364335596556,-0.0039314566180109894,0.0
12471,14396,78,176,13,1,current,current,0.4556116163730621,0.1277386397123336,0.32787297666072845,1.0
12471,14396,78,176,13,1,current,prefix_mean,0.4556116163730621,0.1277386397123336,0.32787297666072845,1.0
12471,14396,78,176,13,1,past_ewma,current,0.3187664571948461,0.1412052755574111,0.17756118163743498,1.0
12471,14396,78,176,13,1,past_ewma,prefix_mean,0.3187664571948461,0.1412052755574111,0.17756118163743498,1.0
12471,14396,78,176,13,1,current_increment,current,0.2251849994063376,-0.012246959656477,0.2374319590628146,1.0
12471,14396,78,176,13,1,current_increment,prefix_mean,0.2251849994063376,-0.012246959656477,0.2374319590628146,1.0
12471,14396,78,176,13,2,current,current,0.2786160707473755,0.1120525524020195,0.166563518345356,1.0
12471,14396,78,176,13,2,current,prefix_mean,0.3671138435602188,0.11989559605717655,0.24721824750304228,1.0
12471,14396,78,176,13,2,past_ewma,current,0.3871890367839541,0.1344719576348723,0.2527170791490818,1.0
12471,14396,78,176,13,2,past_ewma,prefix_mean,0.3529777469894001,0.13783861659614172,0.21513913039325838,1.0
12471,14396,78,176,13,2,current_increment,current,0.0182841122150421,-0.0241539023816585,0.0424380145967006,1.0
12471,14396,78,176,13,2,current_increment,prefix_mean,0.12173455581068984,-0.01820043101906775,0.13993498682975758,1.0
12471,14396,78,176,13,4,current,current,0.2759509682655334,0.0929722040891647,0.18297876417636869,1.0
12471,14396,78,176,13,4,current,prefix_mean,0.3228742182254791,0.11548795364797113,0.207386264577508,1.0
12471,14396,78,176,13,4,past_ewma,current,0.307110385640805,0.1262253367034063,0.1808850489373987,1.0
12471,14396,78,176,13,4,past_ewma,prefix_mean,0.33649210834631754,0.1312912062285339,0.20520090211778363,1.0
12471,14396,78,176,13,4,current_increment,current,-0.0035741209983826,-0.0368541285395622,0.0332800075411796,1.0
12471,14396,78,176,13,4,current_increment,prefix_mean,0.06332686953246587,-0.019262021034955952,0.08258889056742183,1.0
12471,14396,78,176,13,8,current,current,0.1370195150375366,0.1070948243141174,0.02992469072341919,1.0
12471,14396,78,176,13,8,current,prefix_mean,0.28270927630364895,0.1193341966718435,0.16337507963180545,1.0
12471,14396,78,176,13,8,past_ewma,current,0.2898151121129806,0.1272361985912388,0.1625789135217418,1.0
12471,14396,78,176,13,8,past_ewma,prefix_mean,0.30904656220854576,0.12534413769802671,0.18370242451051905,1.0
12471,14396,78,176,13,8,current_increment,current,-0.1904909327626228,-0.0191413968801498,-0.171349535882473,0.0
12471,14396,78,176,13,8,current_increment,prefix_mean,-0.002216814458370228,-0.010881905164569614,0.008665090706199386,1.0
12693,14433,111,99,8,1,current,current,0.460519403219223,0.6040542125701904,-0.1435348093509674,0.0
12693,14433,111,99,8,1,current,prefix_mean,0.460519403219223,0.6040542125701904,-0.1435348093509674,0.0
12693,14433,111,99,8,1,past_ewma,current,0.4667050987916138,0.4083948125177882,0.05831028627382562,1.0
12693,14433,111,99,8,1,past_ewma,prefix_mean,0.4667050987916138,0.4083948125177882,0.05831028627382562,1.0
12693,14433,111,99,8,1,current_increment,current,0.0305111795663833,0.2340239986777305,-0.2035128191113472,0.0
12693,14433,111,99,8,1,current_increment,prefix_mean,0.0305111795663833,0.2340239986777305,-0.2035128191113472,0.0
12693,14433,111,99,8,2,current,current,0.7110439538955688,0.3329639732837677,0.37807998061180115,1.0
12693,14433,111,99,8,2,current,prefix_mean,0.5857816785573959,0.46850909292697906,0.11727258563041687,1.0
12693,14433,111,99,8,2,past_ewma,current,0.4636122510054184,0.5062245125439894,-0.04261226153857095,0.0
12693,14433,111,99,8,2,past_ewma,prefix_mean,0.46515867489851614,0.4573096625308888,0.007849012367627362,1.0
12693,14433,111,99,8,2,current_increment,current,0.2787312835454941,-0.0622441664338112,0.3409754499793053,1.0
12693,14433,111,99,8,2,current_increment,prefix_mean,0.1546212315559387,0.08588991612195965,0.06873131543397906,1.0
12693,14433,111,99,8,4,current,current,0.7522913217544556,0.7911945581436157,-0.038903236389160156,0.0
12693,14433,111,99,8,4,current,prefix_mean,0.6858867630362511,0.5414219200611115,0.14446484297513962,1.0
12693,14433,111,99,8,4,past_ewma,current,0.7035102378631253,0.4285345895803752,0.27497564828275006,1.0
12693,14433,111,99,8,4,past_ewma,prefix_mean,0.5552889225276628,0.4406870393890078,0.11460188313865505,1.0
12693,14433,111,99,8,4,current_increment,current,0.290041047334671,0.4120253279805183,-0.12198428064584727,0.0
12693,14433,111,99,8,4,current_increment,prefix_mean,0.2486695684492588,0.15775575265288347,0.09091381579637534,1.0
12693,14433,111,99,8,8,current,current,0.7177583575248718,0.3455317914485931,0.37222656607627874,1.0
12693,14433,111,99,8,8,current,prefix_mean,0.7068268321454525,0.45932938531041145,0.24749744683504105,1.0
12693,14433,111,99,8,8,past_ewma,current,0.7195840001808145,0.3988047554078001,0.3207792447730144,1.0
12693,14433,111,99,8,8,past_ewma,prefix_mean,0.6438353121301452,0.46838602008280933,0.1754492920473359,1.0
12693,14433,111,99,8,8,current_increment,current,0.1049605995416641,-0.107476744055748,0.21243734359741212,1.0
12693,14433,111,99,8,8,current_increment,prefix_mean,0.2088335745036602,0.04807564634829754,0.16075792815536266,1.0
12765,14445,175,138,11,1,current,current,0.638434112071991,0.1425019353628158,0.49593217670917517,1.0
12765,14445,175,138,11,1,current,prefix_mean,0.638434112071991,0.1425019353628158,0.49593217670917517,1.0
12765,14445,175,138,11,1,past_ewma,current,0.3301130744743557,0.1919056205939234,0.13820745388043232,1.0
12765,14445,175,138,11,1,past_ewma,prefix_mean,0.3301130744743557,0.1919056205939234,0.13820745388043232,1.0
12765,14445,175,138,11,1,current_increment,current,0.4478181898593902,-0.0575826153159142,0.5054008051753044,1.0
12765,14445,175,138,11,1,current_increment,prefix_mean,0.4478181898593902,-0.0575826153159142,0.5054008051753044,1.0
12765,14445,175,138,11,2,current,current,0.7657110691070557,0.1372916400432586,0.628419429063797,1.0
12765,14445,175,138,11,2,current,prefix_mean,0.7020725905895233,0.1398967877030372,0.562175802886486,1.0
12765,14445,175,138,11,2,past_ewma,current,0.4842735932731733,0.1672037779783696,0.3170698152948037,1.0
12765,14445,175,138,11,2,past_ewma,prefix_mean,0.40719333387376455,0.1795546992861465,0.22763863458761804,1.0
12765,14445,175,138,11,2,current_increment,current,0.5216079242527485,-0.0627628892660141,0.5843708135187626,1.0
12765,14445,175,138,11,2,current_increment,prefix_mean,0.4847130570560694,-0.06017275229096415,0.5448858093470336,1.0
12765,14445,175,138,11,4,current,current,0.8317219614982605,0.1393353641033172,0.6923865973949432,1.0
12765,14445,175,138,11,4,current,prefix_mean,0.7745837867259979,0.13879025354981417,0.6357935331761837,1.0
12765,14445,175,138,11,4,past_ewma,current,0.7437301677083995,0.1441398918503396,0.5995902758580599,1.0
12765,14445,175,138,11,4,past_ewma,prefix_mean,0.5457772916615108,0.1638742498583617,0.3819030418031491,1.0
12765,14445,175,138,11,4,current_increment,current,0.4588411785662174,-0.0501413598656654,0.5089825384318828,1.0
12765,14445,175,138,11,4,current_increment,prefix_mean,0.4961622470989823,-0.057051857188344,0.5532141042873263,1.0
12765,14445,175,138,11,8,current,current,0.6860252022743225,0.1324403434991836,0.5535848587751389,1.0
12765,14445,175,138,11,8,current,prefix_mean,0.7827221155166626,0.1326672257855534,0.6500548897311091,1.0
12765,14445,175,138,11,8,past_ewma,current,0.7969125608703496,0.127450551278106,0.6694620095922436,1.0
12765,14445,175,138,11,8,past_ewma,prefix_mean,0.6798831637421675,0.14815726908687304,0.5317258946552945,1.0
12765,14445,175,138,11,8,current_increment,current,0.0375790178775787,-0.0194742955267429,0.0570533134043216,1.0
12765,14445,175,138,11,8,current_increment,prefix_mean,0.3692137951031327,-0.049529722798615686,0.41874351790174835,1.0
12903,14468,302,199,88,1,current,current,0.1334801018238067,0.112731322646141,0.02074877917766571,1.0
12903,14468,302,199,88,1,current,prefix_mean,0.1334801018238067,0.112731322646141,0.02074877917766571,1.0
12903,14468,302,199,88,1,past_ewma,current,0.2245087114130519,0.1572741626326655,0.0672345487803864,1.0
12903,14468,302,199,88,1,past_ewma,prefix_mean,0.2245087114130519,0.1572741626326655,0.0672345487803864,1.0
12903,14468,302,199,88,1,current_increment,current,-0.0571779906749725,-0.0914360493421555,0.034258058667183004,1.0
12903,14468,302,199,88,1,current_increment,prefix_mean,-0.0571779906749725,-0.0914360493421555,0.034258058667183004,1.0
12903,14468,302,199,88,2,current,current,0.2178620398044586,0.2209340035915374,-0.003071963787078802,0.0
12903,14468,302,199,88,2,current,prefix_mean,0.17567107081413263,0.1668326631188392,0.008838407695293427,1.0
12903,14468,302,199,88,2,past_ewma,current,0.1789944066184293,0.1350027426394032,0.0439916639790261,1.0
12903,14468,302,199,88,2,past_ewma,prefix_mean,0.2017515590157406,0.14613845263603437,0.055613106379706234,1.0
12903,14468,302,199,88,2,current_increment,current,0.0354264080524444,0.0267028391361235,0.008723568916320902,1.0
12903,14468,302,199,88,2,current_increment,prefix_mean,-0.010875791311264048,-0.032366605103016005,0.021490813791751957,1.0
12903,14468,302,199,88,4,current,current,0.1740821301937103,0.2979150414466858,-0.12383291125297549,0.0
12903,14468,302,199,88,4,current,prefix_mean,0.1789416745305061,0.1981352530419826,-0.01919357851147649,0.0
12903,14468,302,199,88,4,past_ewma,current,0.1943853247557463,0.1694645087995182,0.02492081595622811,1.0
12903,14468,302,199,88,4,past_ewma,prefix_mean,0.19907916649966786,0.1599274467967643,0.03915171970290357,1.0
12903,14468,302,199,88,4,current_increment,current,-0.0172337844967842,0.1268205180764198,-0.144054302573204,0.0
12903,14468,302,199,88,4,current_increment,prefix_mean,-0.009146160632371924,0.007466166466474473,-0.0166123270988464,0.0
12903,14468,302,199,88,8,current,current,0.1627712547779083,0.1379686146974563,0.024802640080451993,1.0
12903,14468,302,199,88,8,current,prefix_mean,0.16849977523088452,0.18264144659042353,-0.014141671359539004,0.0
12903,14468,302,199,88,8,past_ewma,current,0.156688032972281,0.1651325157600022,-0.008444482787721197,0.0
12903,14468,302,199,88,8,past_ewma,prefix_mean,0.18469454211537378,0.18407234594140753,0.0006221961739662496,1.0
12903,14468,302,199,88,8,current_increment,current,-0.0141332134604454,-0.0463819742202762,0.0322487607598308,1.0
12903,14468,302,199,88,8,current_increment,prefix_mean,-0.019388960488140577,-0.0038666853681208887,-0.015522275120019687,0.0
13107,15103,260,226,11,1,current,current,0.5511125326156616,0.3690110743045807,0.18210145831108093,1.0
13107,15103,260,226,11,1,current,prefix_mean,0.5511125326156616,0.3690110743045807,0.18210145831108093,1.0
13107,15103,260,226,11,1,past_ewma,current,0.2427249329563157,0.423130329646151,-0.1804053966898353,0.0
13107,15103,260,226,11,1,past_ewma,prefix_mean,0.2427249329563157,0.423130329646151,-0.1804053966898353,0.0
13107,15103,260,226,11,1,current_increment,current,0.2841990068554878,0.0405863866209983,0.2436126202344895,1.0
13107,15103,260,226,11,1,current_increment,prefix_mean,0.2841990068554878,0.0405863866209983,0.2436126202344895,1.0
13107,15103,260,226,11,2,current,current,0.3938792049884796,0.3741324543952942,0.019746750593185425,1.0
13107,15103,260,226,11,2,current,prefix_mean,0.4724958688020706,0.37157176434993744,0.10092410445213318,1.0
13107,15103,260,226,11,2,past_ewma,current,0.3969187327859886,0.3960707019753658,0.0008480308106227907,1.0
13107,15103,260,226,11,2,past_ewma,prefix_mean,0.3198218328711522,0.4096005158107584,-0.08977868293960622,0.0
13107,15103,260,226,11,2,current_increment,current,0.0968458816409111,0.0361598148941993,0.06068606674671179,1.0
13107,15103,260,226,11,2,current_increment,prefix_mean,0.19052244424819947,0.0383731007575988,0.15214934349060066,1.0
13107,15103,260,226,11,4,current,current,0.5342869162559509,0.4911629855632782,0.04312393069267273,1.0
13107,15103,260,226,11,4,current,prefix_mean,0.5318756774067879,0.48462216556072235,0.04725351184606552,1.0
13107,15103,260,226,11,4,past_ewma,current,0.5218115123271467,0.5446418630825332,-0.02283035075538642,0.0
13107,15103,260,226,11,4,past_ewma,prefix_mean,0.3892135367391713,0.437236118222345,-0.048022581483173676,0.0
13107,15103,260,226,11,4,current_increment,current,0.192940080165863,0.0987153097987175,0.09422477036714551,1.0
13107,15103,260,226,11,4,current_increment,prefix_mean,0.22750544399023054,0.1323622792959213,0.09514316469430925,1.0
13107,15103,260,226,11,8,current,current,0.3044116795063019,0.2896991968154907,0.014712482690811157,1.0
13107,15103,260,226,11,8,current,prefix_mean,0.4801570661365986,0.41215410456061363,0.06800296157598495,1.0
13107,15103,260,226,11,8,past_ewma,current,0.4815459305554598,0.4050052489324587,0.0765406816230011,1.0
13107,15103,260,226,11,8,past_ewma,prefix_mean,0.4425935981179573,0.43109863125365766,0.011494966864299627,1.0
13107,15103,260,226,11,8,current_increment,current,-0.121298237144947,-0.1384066104888915,0.017108373343944494,1.0
13107,15103,260,226,11,8,current_increment,prefix_mean,0.13255535047501324,0.025699666701257215,0.10685568377375602,1.0
13137,15108,277,333,43,1,current,current,0.4912402331829071,0.2203661501407623,0.2708740830421448,1.0
13137,15108,277,333,43,1,current,prefix_mean,0.4912402331829071,0.2203661501407623,0.2708740830421448,1.0
13137,15108,277,333,43,1,past_ewma,current,0.3955141009046244,0.1947722119832671,0.2007418889213573,1.0
13137,15108,277,333,43,1,past_ewma,prefix_mean,0.3955141009046244,0.1947722119832671,0.2007418889213573,1.0
13137,15108,277,333,43,1,current_increment,current,0.1064380690455436,0.0138363406062125,0.09260172843933111,1.0
13137,15108,277,333,43,1,current_increment,prefix_mean,0.1064380690455436,0.0138363406062125,0.09260172843933111,1.0
13137,15108,277,333,43,2,current,current,0.5622317790985107,0.2918235957622528,0.27040818333625793,1.0
13137,15108,277,333,43,2,current,prefix_mean,0.5267360061407089,0.25609487295150757,0.27064113318920135,1.0
13137,15108,277,333,43,2,past_ewma,current,0.4433771670437658,0.2075691810620147,0.2358079859817511,1.0
13137,15108,277,333,43,2,past_ewma,prefix_mean,0.4194456339741951,0.2011706965226409,0.21827493745155419,1.0
13137,15108,277,333,43,2,current_increment,current,0.1472852408885955,0.0877055540680885,0.05957968682050699,1.0
13137,15108,277,333,43,2,current_increment,prefix_mean,0.12686165496706955,0.0507709473371505,0.07609070762991905,1.0
13137,15108,277,333,43,4,current,current,0.6030531525611877,0.2466412633657455,0.35641188919544226,1.0
13137,15108,277,333,43,4,current,prefix_mean,0.5943797901272774,0.2832391522824764,0.31114063784480095,1.0
13137,15108,277,333,43,4,past_ewma,current,0.6118992343688211,0.3119109941366393,0.2999882402321818,1.0
13137,15108,277,333,43,4,past_ewma,prefix_mean,0.48839874384708737,0.2409871938985137,0.24741154994857367,1.0
13137,15108,277,333,43,4,current_increment,current,0.1411697536706924,0.0238019868731498,0.1173677667975426,1.0
13137,15108,277,333,43,4,current_increment,prefix_mean,0.1698814440518617,0.0728423170745372,0.0970391269773245,1.0
13137,15108,277,333,43,8,current,current,0.9273418188095092,0.2284260541200637,0.6989157646894455,1.0
13137,15108,277,333,43,8,current,prefix_mean,0.6834961362183094,0.2713266983628273,0.4121694378554821,1.0
13137,15108,277,333,43,8,past_ewma,current,0.7444700622008753,0.2871025088109267,0.4573675533899486,1.0
13137,15108,277,333,43,8,past_ewma,prefix_mean,0.5733981763181675,0.2555786809922702,0.31781949532589726,1.0
13137,15108,277,333,43,8,current_increment,current,0.3459895968437193,-0.0219911143183708,0.36798071116209013,1.0
13137,15108,277,333,43,8,current_increment,prefix_mean,0.2134185200557112,0.04855320807546372,0.1648653119802475,1.0
13155,15111,123,79,4,1,current,current,0.2692773342132568,0.4230301678180694,-0.15375283360481262,0.0
13155,15111,123,79,4,1,current,prefix_mean,0.2692773342132568,0.4230301678180694,-0.15375283360481262,0.0
13155,15111,123,79,4,1,past_ewma,current,0.2040590065706278,0.4129432580911744,-0.20888425152054657,0.0
13155,15111,123,79,4,1,past_ewma,prefix_mean,0.2040590065706278,0.4129432580911744,-0.20888425152054657,0.0
13155,15111,123,79,4,1,current_increment,current,0.082299156486988,0.15670652911067,-0.07440737262368201,0.0
13155,15111,123,79,4,1,current_increment,prefix_mean,0.082299156486988,0.15670652911067,-0.07440737262368201,0.0
13155,15111,123,79,4,2,current,current,0.146402508020401,0.3176443874835968,-0.1712418794631958,0.0
13155,15111,123,79,4,2,current,prefix_mean,0.2078399211168289,0.37033727765083313,-0.16249735653400424,0.0
13155,15111,123,79,4,2,past_ewma,current,0.2366681703919423,0.4179867129546219,-0.18131854256267962,0.0
13155,15111,123,79,4,2,past_ewma,prefix_mean,0.22036358848128507,0.4154649855228981,-0.19510139704161306,0.0
13155,15111,123,79,4,2,current_increment,current,-0.0495810225605964,0.0212345689535141,-0.0708155915141105,0.0
13155,15111,123,79,4,2,current_increment,prefix_mean,0.016359066963195803,0.08897054903209206,-0.07261148206889625,0.0
13155,15111,123,79,4,4,current,current,0.2618196606636047,0.4348551034927368,-0.17303544282913214,0.0
13155,15111,123,79,4,4,current,prefix_mean,0.20699437335133547,0.39911843091249466,-0.1921240575611592,0.0
13155,15111,123,79,4,4,past_ewma,current,0.1710066648571255,0.3943798075373425,-0.22337314268021696,0.0
13155,15111,123,79,4,4,past_ewma,prefix_mean,0.2008172952564668,0.39828133220056205,-0.19746403694409526,0.0
13155,15111,123,79,4,4,current_increment,current,0.0757344618439673,0.1023509562015533,-0.026616494357585993,0.0
13155,15111,123,79,4,4,current_increment,prefix_mean,0.0184048011898994,0.09682466778904195,-0.07841986659914255,0.0
13161,15112,327,317,5,1,current,current,0.8362807035446167,0.324558287858963,0.5117224156856537,1.0
13161,15112,327,317,5,1,current,prefix_mean,0.8362807035446167,0.324558287858963,0.5117224156856537,1.0
13161,15112,327,317,5,1,past_ewma,current,0.5887560036881586,0.47144530160344,0.11731070208471861,1.0
13161,15112,327,317,5,1,past_ewma,prefix_mean,0.5887560036881586,0.47144530160344,0.11731070208471861,1.0
13161,15112,327,317,5,1,current_increment,current,0.4401591256260871,-0.2615442007780075,0.7017033264040946,1.0
13161,15112,327,317,5,1,current_increment,prefix_mean,0.4401591256260871,-0.2615442007780075,0.7017033264040946,1.0
13161,15112,327,317,5,2,current,current,0.7545177936553955,0.1374968439340591,0.6170209497213364,1.0
13161,15112,327,317,5,2,current,prefix_mean,0.7953992486000061,0.23102756589651105,0.564371682703495,1.0
13161,15112,327,317,5,2,past_ewma,current,0.7125183536163877,0.3980017947312015,0.3145165588851862,1.0
13161,15112,327,317,5,2,past_ewma,prefix_mean,0.6506371786522731,0.43472354816732073,0.21591363048495238,1.0
13161,15112,327,317,5,2,current_increment,current,0.3072239741683006,-0.3960123151540757,0.7032362893223763,1.0
13161,15112,327,317,5,2,current_increment,prefix_mean,0.3736915498971939,-0.3287782579660416,0.7024698078632354,1.0
13161,15112,327,317,5,4,current,current,0.7129266262054443,0.3421015441417694,0.3708250820636749,1.0
13161,15112,327,317,5,4,current,prefix_mean,0.7423285245895386,0.239471111446619,0.5028574131429195,1.0
13161,15112,327,317,5,4,past_ewma,current,0.6995535242942947,0.2107385445921574,0.48881497970213733,1.0
13161,15112,327,317,5,4,past_ewma,prefix_mean,0.6835864888086831,0.3369837400648573,0.3466027487438258,1.0
13161,15112,327,317,5,4,current_increment,current,0.1527445912361145,-0.067011173069477,0.21975576430559152,1.0
13161,15112,327,317,5,4,current_increment,prefix_mean,0.26418018788099284,-0.259356876462698,0.5235370643436908,1.0
13161,15112,179,144,32,1,current,current,0.7546003460884094,0.1547405272722244,0.599859818816185,1.0
13161,15112,179,144,32,1,current,prefix_mean,0.7546003460884094,0.1547405272722244,0.599859818816185,1.0
13161,15112,179,144,32,1,past_ewma,current,0.3416623067093257,0.2551618026121898,0.08650050409713589,1.0
13161,15112,179,144,32,1,past_ewma,prefix_mean,0.3416623067093257,0.2551618026121898,0.08650050409713589,1.0
13161,15112,179,144,32,1,current_increment,current,0.555850463360548,-0.017941178381443,0.573791641741991,1.0
13161,15112,179,144,32,1,current_increment,prefix_mean,0.555850463360548,-0.017941178381443,0.573791641741991,1.0
13161,15112,179,144,32,2,current,current,0.4941446781158447,0.204094260931015,0.2900504171848297,1.0
13161,15112,179,144,32,2,current,prefix_mean,0.6243725121021271,0.1794173941016197,0.44495511800050735,1.0
13161,15112,179,144,32,2,past_ewma,current,0.5481313263988676,0.2049511649422071,0.3431801614566605,1.0
13161,15112,179,144,32,2,past_ewma,prefix_mean,0.44489681655409663,0.23005648377719845,0.21484033277689818,1.0
13161,15112,179,144,32,2,current_increment,current,0.2378490395843983,0.0324459493160247,0.20540309026837358,1.0
13161,15112,179,144,32,2,current_increment,prefix_mean,0.39684975147247314,0.00725238546729085,0.3895973660051823,1.0
13161,15112,179,144,32,4,current,current,0.41867196559906,0.3014020919799804,0.11726987361907959,1.0
13161,15112,179,144,32,4,current,prefix_mean,0.49630364775657654,0.21066150441765785,0.2856421433389187,1.0
13161,15112,179,144,32,4,past_ewma,current,0.419467801740174,0.1934659252120112,0.2260018765281628,1.0
13161,15112,179,144,32,4,past_ewma,prefix_mean,0.4575998592764309,0.21452540142575477,0.2430744578506761,1.0
13161,15112,179,144,32,4,current_increment,current,0.1108172483742236,0.1160542026162146,-0.005236954241990999,0.0
13161,15112,179,144,32,4,current_increment,prefix_mean,0.2333716366440057,0.033798175677657076,0.19957346096634862,1.0
13161,15112,179,144,32,8,current,current,0.7923416495323181,0.2210171371698379,0.5713245123624802,1.0
13161,15112,179,144,32,8,current,prefix_mean,0.5613661892712116,0.2307194285094738,0.3306467607617378,1.0
13161,15112,179,144,32,8,past_ewma,current,0.5054241862700882,0.2624834575352138,0.24294072873487443,1.0
13161,15112,179,144,32,8,past_ewma,prefix_mean,0.4845610364732422,0.2340723048243897,0.25048873164885255,1.0
13161,15112,179,144,32,8,current_increment,current,0.3158805534243584,-0.0255942642688751,0.3414748176932335,1.0
13161,15112,179,144,32,8,current_increment,prefix_mean,0.2222665735520422,0.028570433240383823,0.19369614031165838,1.0
13263,15130,93,76,17,1,current,current,0.2396935820579528,0.1478084772825241,0.09188510477542869,1.0
13263,15130,93,76,17,1,current,prefix_mean,0.2396935820579528,0.1478084772825241,0.09188510477542869,1.0
13263,15130,93,76,17,1,past_ewma,current,0.2240224305499976,0.1380900727306194,0.08593235781937819,1.0
13263,15130,93,76,17,1,past_ewma,prefix_mean,0.2240224305499976,0.1380900727306194,0.08593235781937819,1.0
13263,15130,93,76,17,1,current_increment,current,0.0054001241922377,-0.0146318420767784,0.0200319662690161,1.0
13263,15130,93,76,17,1,current_increment,prefix_mean,0.0054001241922377,-0.0146318420767784,0.0200319662690161,1.0
13263,15130,93,76,17,2,current,current,0.2531925737857818,0.1717808544635772,0.08141171932220462,1.0
13263,15130,93,76,17,2,current,prefix_mean,0.24644307792186732,0.15979466587305063,0.08664841204881668,1.0
13263,15130,93,76,17,2,past_ewma,current,0.2318580063039752,0.1429492750065717,0.08890873129740351,1.0
13263,15130,93,76,17,2,past_ewma,prefix_mean,0.22794021842698642,0.14051967386859554,0.08742054455839088,1.0
13263,15130,93,76,17,2,current_increment,current,0.0112364649772643,0.0087513521313666,0.0024851128458977002,1.0
13263,15130,93,76,17,2,current_increment,prefix_mean,0.008318294584751,-0.0029402449727059,0.0112585395574569,1.0
13263,15130,93,76,17,4,current,current,0.3381429016590118,0.1677423417568206,0.1704005599021912,1.0
13263,15130,93,76,17,4,current,prefix_mean,0.27750502526760096,0.1845755316317081,0.09292949363589287,1.0
13263,15130,93,76,17,4,past_ewma,current,0.2607581668062679,0.2041677588794925,0.05659040792677539,1.0
13263,15130,93,76,17,4,past_ewma,prefix_mean,0.2397909734262798,0.1606430428379395,0.0791479305883403,1.0
13263,15130,93,76,17,4,current_increment,current,0.0868863925337791,-0.0054105967283249,0.092296989262104,1.0
13263,15130,93,76,17,4,current_increment,prefix_mean,0.0336346734315156,0.01886423677206035,0.014770436659455249,1.0
13263,15130,93,76,17,8,current,current,0.3594721555709839,0.1630670726299286,0.1964050829410553,1.0
13263,15130,93,76,17,8,current,prefix_mean,0.2935851775109768,0.16653465479612348,0.12705052271485331,1.0
13263,15130,93,76,17,8,past_ewma,current,0.2930227539996534,0.1613268632104887,0.1316958907891647,1.0
13263,15130,93,76,17,8,past_ewma,prefix_mean,0.2680289214521465,0.16050793099872615,0.10752099045342037,1.0
13263,15130,93,76,17,8,current_increment,current,0.0914625480771064,0.0021950960159301,0.0892674520611763,1.0
13263,15130,93,76,17,8,current_increment,prefix_mean,0.040179500542581,0.0022934427484869596,0.03788605779409404,1.0
13293,15135,59,44,9,1,current,current,0.2966377139091491,0.1742789894342422,0.12235872447490692,1.0
13293,15135,59,44,9,1,current,prefix_mean,0.2966377139091491,0.1742789894342422,0.12235872447490692,1.0
13293,15135,59,44,9,1,past_ewma,current,0.154863029568358,0.1995188453240066,-0.04465581575564859,0.0
13293,15135,59,44,9,1,past_ewma,prefix_mean,0.154863029568358,0.1995188453240066,-0.04465581575564859,0.0
13293,15135,59,44,9,1,current_increment,current,0.1324891120195387,0.0093929350376128,0.1230961769819259,1.0
13293,15135,59,44,9,1,current_increment,prefix_mean,0.1324891120195387,0.0093929350376128,0.1230961769819259,1.0
13293,15135,59,44,9,2,current,current,0.1871036440134048,0.1488375514745712,0.03826609253883359,1.0
13293,15135,59,44,9,2,current,prefix_mean,0.24187067896127695,0.16155827045440668,0.08031240850687027,1.0
13293,15135,59,44,9,2,past_ewma,current,0.2257503717387535,0.1868989173791244,0.03885145435962911,1.0
13293,15135,59,44,9,2,past_ewma,prefix_mean,0.19030670065355576,0.1932088813515655,-0.0029021806980097375,0.0
13293,15135,59,44,9,2,current_increment,current,0.0104335263371466,-0.0161211252212524,0.026554651558399,1.0
13293,15135,59,44,9,2,current_increment,prefix_mean,0.07146131917834264,-0.0033640950918197993,0.07482541427016244,1.0
13293,15135,59,44,9,4,current,current,0.7499769926071167,0.1485183387994766,0.6014586538076401,1.0
13293,15135,59,44,9,4,current,prefix_mean,0.44924648478627205,0.15551332384347913,0.2937331609427929,1.0
13293,15135,59,44,9,4,past_ewma,current,0.3848472982457483,0.1591433250462371,0.22570397319951122,1.0
13293,15135,59,44,9,4,past_ewma,prefix_mean,0.24297192685723473,0.17835733054405398,0.06461459631318076,1.0
13293,15135,59,44,9,4,current_increment,current,0.5310536250472068,-0.0190356165170669,0.5500892415642736,1.0
13293,15135,59,44,9,4,current_increment,prefix_mean,0.2646962985396384,-0.010529590398073201,0.2752258889377116,1.0
13293,15135,59,44,9,8,current,current,0.2944097220897674,0.1586204916238784,0.135789230465889,1.0
13293,15135,59,44,9,8,current,prefix_mean,0.4771799389272928,0.16628141887485975,0.31089852005243307,1.0
13293,15135,59,44,9,8,past_ewma,current,0.4966595107677778,0.1728107098089863,0.32384880095879154,1.0
13293,15135,59,44,9,8,past_ewma,prefix_mean,0.4170120422121891,0.1747322300267533,0.24227981218543582,1.0
13293,15135,59,44,9,8,current_increment,current,-0.1045105606317521,-0.0148758366703987,-0.0896347239613534,0.0
13293,15135,59,44,9,8,current_increment,prefix_mean,0.21058650147169816,-0.0029670353978872256,0.2135535368695854,1.0
13917,15239,25,15,10,1,current,current,0.27387735247612,0.1738700419664383,0.1000073105096817,1.0
13917,15239,25,15,10,1,current,prefix_mean,0.27387735247612,0.1738700419664383,0.1000073105096817,1.0
13917,15239,25,15,10,1,past_ewma,current,0.2479803387538814,0.1206061241441602,0.1273742146097212,1.0
13917,15239,25,15,10,1,past_ewma,prefix_mean,0.2479803387538814,0.1206061241441602,0.1273742146097212,1.0
13917,15239,25,15,10,1,current_increment,current,0.0533113665878772,0.0793880075216293,-0.02607664093375211,0.0
13917,15239,25,15,10,1,current_increment,prefix_mean,0.0533113665878772,0.0793880075216293,-0.02607664093375211,0.0
13917,15239,25,15,10,2,current,current,0.1444960683584213,0.1124453470110893,0.032050721347332,1.0
13917,15239,25,15,10,2,current,prefix_mean,0.20918671041727066,0.1431576944887638,0.06602901592850685,1.0
13917,15239,25,15,10,2,past_ewma,current,0.2609288456150007,0.1472380830552992,0.11369076255970148,1.0
13917,15239,25,15,10,2,past_ewma,prefix_mean,0.25445459218444105,0.1339221035997297,0.12053248858471136,1.0
13917,15239,25,15,10,2,current_increment,current,-0.0860706485807895,0.0071566849946975,-0.093227333575487,0.0
13917,15239,25,15,10,2,current_increment,prefix_mean,-0.01637964099645615,0.043272346258163404,-0.05965198725461955,0.0
13917,15239,25,15,10,4,current,current,0.1174260079860687,0.1715778559446334,-0.0541518479585647,0.0
13917,15239,25,15,10,4,current,prefix_mean,0.15816330909729004,0.14522264711558816,0.012940661981701879,1.0
13917,15239,25,15,10,4,past_ewma,current,0.1497831322776305,0.1264195292866929,0.023363602990937593,1.0
13917,15239,25,15,10,4,past_ewma,prefix_mean,0.2153511934083059,0.13102636287983666,0.08432483052846926,1.0
13917,15239,25,15,10,4,current_increment,current,-0.1137314274907112,0.0571404293179511,-0.1708718568086623,0.0
13917,15239,25,15,10,4,current_increment,prefix_mean,-0.07085217274725435,0.03921030517667525,-0.11006247792392959,0.0
13917,15239,25,15,10,8,current,current,0.1991811394691467,0.2586392760276794,-0.05945813655853269,0.0
13917,15239,25,15,10,8,current,prefix_mean,0.15652897302061317,0.21885300334542984,-0.062324030324816676,0.0
13917,15239,25,15,10,8,past_ewma,current,0.139143284273812,0.2377275619635774,-0.09858427768976538,0.0
13917,15239,25,15,10,8,past_ewma,prefix_mean,0.17623350474121363,0.1869586796325628,-0.010725174891349165,0.0
13917,15239,25,15,10,8,current_increment,current,0.022528564184904,0.0735876433551311,-0.051059079170227104,0.0
13917,15239,25,15,10,8,current_increment,prefix_mean,-0.05525181256234646,0.08490359438583249,-0.14015540694817896,0.0
13917,15239,95,70,23,1,current,current,0.2475820332765579,0.2925716638565063,-0.0449896305799484,0.0
13917,15239,95,70,23,1,current,prefix_mean,0.2475820332765579,0.2925716638565063,-0.0449896305799484,0.0
13917,15239,95,70,23,1,past_ewma,current,0.2298919322681116,0.2894323990781798,-0.05954046681006819,0.0
13917,15239,95,70,23,1,past_ewma,prefix_mean,0.2298919322681116,0.2894323990781798,-0.05954046681006819,0.0
13917,15239,95,70,23,1,current_increment,current,-0.0667017787694931,0.0145897597074508,-0.0812915384769439,0.0
13917,15239,95,70,23,1,current_increment,prefix_mean,-0.0667017787694931,0.0145897597074508,-0.0812915384769439,0.0
13917,15239,95,70,23,2,current,current,0.2434400767087936,0.3106344640254974,-0.06719438731670377,0.0
13917,15239,95,70,23,2,current,prefix_mean,0.24551105499267575,0.30160306394100184,-0.05609200894832608,0.0
13917,15239,95,70,23,2,past_ewma,current,0.2387369827723347,0.291002031467343,-0.05226504869500828,0.0
13917,15239,95,70,23,2,past_ewma,prefix_mean,0.23431445752022317,0.2902172152727614,-0.055902757752538224,0.0
13917,15239,95,70,23,2,current_increment,current,-0.0448486968874931,0.0195328101515769,-0.06438150703907,0.0
13917,15239,95,70,23,2,current_increment,prefix_mean,-0.0557752378284931,0.01706128492951385,-0.07283652275800695,0.0
13917,15239,95,70,23,4,current,current,0.315327525138855,0.4606937170028686,-0.14536619186401362,0.0
13917,15239,95,70,23,4,current,prefix_mean,0.28773772716522217,0.338391900062561,-0.05065417289733881,0.0
13917,15239,95,70,23,4,past_ewma,current,0.2928449016386231,0.2952430015558959,-0.0023980999172728,0.0
13917,15239,95,70,23,4,past_ewma,prefix_mean,0.2506405866049084,0.29412391996195975,-0.043483333357051346,0.0
13917,15239,95,70,23,4,current_increment,current,0.0561011224985122,0.1640238061547279,-0.10792268365621568,0.0
13917,15239,95,70,23,4,current_increment,prefix_mean,0.008729051426053026,0.04831544943153855,-0.039586398005485524,0.0
13917,15239,95,70,23,8,current,current,0.136617973446846,0.2220746725797653,-0.08545669913291928,0.0
13917,15239,95,70,23,8,current,prefix_mean,0.25913257524371147,0.31351347640156746,-0.05438090115785599,0.0
13917,15239,95,70,23,8,past_ewma,current,0.2357257722664249,0.3192012593507454,-0.08347548708432048,0.0
13917,15239,95,70,23,8,past_ewma,prefix_mean,0.27006259009658046,0.31821208467979856,-0.0481494945832181,0.0
13917,15239,95,70,23,8,current_increment,current,-0.1299521893262863,-0.0849473834037779,-0.0450048059225084,0.0
13917,15239,95,70,23,8,current_increment,prefix_mean,-0.014402277395129236,0.012371198646724252,-0.02677347604185349,0.0
14097,15269,59,41,13,1,current,current,0.6311929821968079,0.0933647975325584,0.5378281846642494,1.0
14097,15269,59,41,13,1,current,prefix_mean,0.6311929821968079,0.0933647975325584,0.5378281846642494,1.0
14097,15269,59,41,13,1,past_ewma,current,0.1412106615421226,0.1068082538392781,0.034402407702844515,1.0
14097,15269,59,41,13,1,past_ewma,prefix_mean,0.1412106615421226,0.1068082538392781,0.034402407702844515,1.0
14097,15269,59,41,13,1,current_increment,current,0.5214001178741455,-0.0127047531306743,0.5341048710048198,1.0
14097,15269,59,41,13,1,current_increment,prefix_mean,0.5214001178741455,-0.0127047531306743,0.5341048710048198,1.0
14097,15269,59,41,13,2,current,current,0.6200827956199646,0.1561572104692459,0.4639255851507187,1.0
14097,15269,59,41,13,2,current,prefix_mean,0.6256378889083862,0.12476100400090215,0.500876884907484,1.0
14097,15269,59,41,13,2,past_ewma,current,0.3862018218694652,0.1000865256859182,0.28611529618354703,1.0
14097,15269,59,41,13,2,past_ewma,prefix_mean,0.26370624170579393,0.10344738976259815,0.16025885194319578,1.0
14097,15269,59,41,13,2,current_increment,current,0.45743493065238,0.0503522716462612,0.4070826590061188,1.0
14097,15269,59,41,13,2,current_increment,prefix_mean,0.4894175242632628,0.01882375925779345,0.47059376500546934,1.0
14097,15269,59,41,13,4,current,current,0.2864444553852081,0.1575758010149002,0.12886865437030787,1.0
14097,15269,59,41,13,4,current,prefix_mean,0.5456755384802818,0.14612417854368687,0.39955135993659496,1.0
14097,15269,59,41,13,4,past_ewma,current,0.5740621147319308,0.1527603866178125,0.4213017281141183,1.0
14097,15269,59,41,13,4,past_ewma,prefix_mean,0.40115422672205836,0.12194425855514769,0.2792099681669107,1.0
14097,15269,59,41,13,4,current_increment,current,0.0192110493779181,0.0451341398060322,-0.025923090428114103,0.0
14097,15269,59,41,13,4,current_increment,prefix_mean,0.3570579146966338,0.03797071725130083,0.319087197445333,1.0
14097,15269,59,41,13,8,current,current,0.2506721019744873,0.1228179410099983,0.127854160964489,1.0
14097,15269,59,41,13,8,current,prefix_mean,0.4892195276916027,0.16704970598220825,0.32216982170939445,1.0
14097,15269,59,41,13,8,past_ewma,current,0.4450769744674652,0.2238068571408485,0.2212701173266167,1.0
14097,15269,59,41,13,8,past_ewma,prefix_mean,0.43755355852188926,0.15042366967317186,0.2871298888487174,1.0
14097,15269,59,41,13,8,current_increment,current,-0.1578492403030396,-0.0341605991125107,-0.12368864119052889,0.0
14097,15269,59,41,13,8,current_increment,prefix_mean,0.21735103856772178,0.04519793456420303,0.17215310400351874,1.0
14133,15275,45,72,23,1,current,current,0.5662490129470825,0.3261078596115112,0.24014115333557134,1.0
14133,15275,45,72,23,1,current,prefix_mean,0.5662490129470825,0.3261078596115112,0.24014115333557134,1.0
14133,15275,45,72,23,1,past_ewma,current,0.6066333000968487,0.2800196493388628,0.3266136507579859,1.0
14133,15275,45,72,23,1,past_ewma,prefix_mean,0.6066333000968487,0.2800196493388628,0.3266136507579859,1.0
14133,15275,45,72,23,1,current_increment,current,0.0151849210262298,-0.1908986151218415,0.2060835361480713,1.0
14133,15275,45,72,23,1,current_increment,prefix_mean,0.0151849210262298,-0.1908986151218415,0.2060835361480713,1.0
14133,15275,45,72,23,2,current,current,0.6167614459991455,0.3459998369216919,0.2707616090774536,1.0
14133,15275,45,72,23,2,current,prefix_mean,0.591505229473114,0.33605384826660156,0.25545138120651245,1.0
14133,15275,45,72,23,2,past_ewma,current,0.5864411565219656,0.303063754475187,0.2833774020467786,1.0
14133,15275,45,72,23,2,past_ewma,prefix_mean,0.5965372283094071,0.2915417019070249,0.30499552640238226,1.0
14133,15275,45,72,23,2,current_increment,current,0.0496571630239486,-0.1192096352577209,0.1688667982816695,1.0
14133,15275,45,72,23,2,current_increment,prefix_mean,0.0324210420250892,-0.1550541251897812,0.1874751672148704,1.0
14133,15275,45,72,23,4,current,current,0.5772473216056824,0.2259073555469513,0.3513399660587311,1.0
14133,15275,45,72,23,4,current,prefix_mean,0.6048111468553543,0.2909973934292793,0.313813753426075,1.0
14133,15275,45,72,23,4,past_ewma,current,0.6302940540650313,0.2952531586677012,0.33504089539733006,1.0
14133,15275,45,72,23,4,past_ewma,prefix_mean,0.6062424529861002,0.3007170895450476,0.30552536344105263,1.0
14133,15275,45,72,23,4,current_increment,current,-0.0210771948099136,-0.1747043550014496,0.153627160191536,1.0
14133,15275,45,72,23,4,current_increment,prefix_mean,0.031292501837015124,-0.16773241013288498,0.1990249119699001,1.0
14133,15275,45,72,23,8,current,current,0.9290350675582886,0.2247798144817352,0.7042552530765533,1.0
14133,15275,45,72,23,8,current,prefix_mean,0.7303342521190643,0.29592470452189445,0.4344095475971699,1.0
14133,15275,45,72,23,8,past_ewma,current,0.8410256746730382,0.298363728514501,0.5426619461585372,1.0
14133,15275,45,72,23,8,past_ewma,prefix_mean,0.6607349843643606,0.3005366739820806,0.36019831038228,1.0
14133,15275,45,72,23,8,current_increment,current,0.2580034911632538,-0.0951919615268707,0.3531954526901245,1.0
14133,15275,45,72,23,8,current_increment,prefix_mean,0.1305466137826442,-0.09926933236420155,0.22981594614684575,1.0
14133,15275,145,181,12,1,current,current,0.5309345126152039,0.7003058195114136,-0.16937130689620972,0.0
14133,15275,145,181,12,1,current,prefix_mean,0.5309345126152039,0.7003058195114136,-0.16937130689620972,0.0
14133,15275,145,181,12,1,past_ewma,current,0.5177668269145026,0.741882564334167,-0.2241157374196644,0.0
14133,15275,145,181,12,1,past_ewma,prefix_mean,0.5177668269145026,0.741882564334167,-0.2241157374196644,0.0
14133,15275,145,181,12,1,current_increment,current,0.0679152742028236,0.2377561673521995,-0.1698408931493759,0.0
14133,15275,145,181,12,1,current_increment,prefix_mean,0.0679152742028236,0.2377561673521995,-0.1698408931493759,0.0
14133,15275,145,181,12,2,current,current,0.6516964435577393,0.6503976583480835,0.0012987852096557617,1.0
14133,15275,145,181,12,2,current,prefix_mean,0.5913154780864716,0.6753517389297485,-0.08403626084327698,0.0
14133,15275,145,181,12,2,past_ewma,current,0.5243506697648532,0.7210941919227902,-0.196743522157937,0.0
14133,15275,145,181,12,2,past_ewma,prefix_mean,0.5210587483396779,0.7314883781284787,-0.21042962978880075,0.0
14133,15275,145,181,12,2,current_increment,current,0.1930865719914436,0.1537871286273002,0.0392994433641434,1.0
14133,15275,145,181,12,2,current_increment,prefix_mean,0.1305009230971336,0.19577164798974986,-0.06527072489261626,0.0
14133,15275,145,181,12,4,current,current,0.6842432022094727,0.7217761874198914,-0.0375329852104187,0.0
14133,15275,145,181,12,4,current,prefix_mean,0.640453115105629,0.7129007875919342,-0.07244767248630524,0.0
14133,15275,145,181,12,4,past_ewma,current,0.6414809293506982,0.7324347051118927,-0.09095377576119446,0.0
14133,15275,145,181,12,4,past_ewma,prefix_mean,0.5679054956728375,0.7202893466260718,-0.15238385095323426,0.0
14133,15275,145,181,12,4,current_increment,current,0.1536615967750549,0.1393425837159156,0.014319013059139296,1.0
14133,15275,145,181,12,4,current_increment,prefix_mean,0.1526671685278415,0.19420284107327454,-0.04153567254543303,0.0
14133,15275,145,181,12,8,current,current,0.5256195664405823,0.8766063451766968,-0.3509867787361145,0.0
14133,15275,145,181,12,8,current,prefix_mean,0.6607482135295868,0.7454821690917015,-0.08473395556211472,0.0
14133,15275,145,181,12,8,past_ewma,current,0.7075601820334696,0.7715971851853971,-0.06403700315192751,0.0
14133,15275,145,181,12,8,past_ewma,prefix_mean,0.636042451698956,0.7249273688799815,-0.08888491718102554,0.0
14133,15275,145,181,12,8,current_increment,current,-0.0997534543275833,0.1476197838783264,-0.24737323820590967,0.0
14133,15275,145,181,12,8,current_increment,prefix_mean,0.12099514640867705,0.1581278378143906,-0.037132691405713555,0.0
14133,15275,126,161,12,1,current,current,0.4315899610519409,0.4064682126045227,0.025121748447418213,1.0
14133,15275,126,161,12,1,current,prefix_mean,0.4315899610519409,0.4064682126045227,0.025121748447418213,1.0
14133,15275,126,161,12,1,past_ewma,current,0.4906999131563572,0.3794597439708856,0.11124016918547158,1.0
14133,15275,126,161,12,1,past_ewma,prefix_mean,0.4906999131563572,0.3794597439708856,0.11124016918547158,1.0
14133,15275,126,161,12,1,current_increment,current,-0.1193104773759842,-0.0708142668008804,-0.048496210575103796,0.0
14133,15275,126,161,12,1,current_increment,prefix_mean,-0.1193104773759842,-0.0708142668008804,-0.048496210575103796,0.0
14133,15275,126,161,12,2,current,current,0.4720752537250519,0.5543851256370544,-0.08230987191200256,0.0
14133,15275,126,161,12,2,current,prefix_mean,0.4518326073884964,0.4804266691207886,-0.028594061732292175,0.0
14133,15275,126,161,12,2,past_ewma,current,0.461144937104149,0.3929639782877042,0.06818095881644481,1.0
14133,15275,126,161,12,2,past_ewma,prefix_mean,0.47592242513025307,0.3862118611292949,0.08971056400095817,1.0
14133,15275,126,161,12,2,current_increment,current,-0.0637035936117171,0.1032417863607406,-0.1669453799724577,0.0
14133,15275,126,161,12,2,current_increment,prefix_mean,-0.09150703549385064,0.0162137597799301,-0.10772079527378074,0.0
14133,15275,126,161,12,4,current,current,0.6736894249916077,0.4547889828681946,0.21890044212341309,1.0
14133,15275,126,161,12,4,current,prefix_mean,0.5306302830576897,0.46621980518102646,0.06441047787666321,1.0
14133,15275,126,161,12,4,past_ewma,current,0.5058882939383793,0.4614557257883567,0.04443256815002261,1.0
14133,15275,126,161,12,4,past_ewma,prefix_mean,0.48108580990337146,0.4268885000023314,0.05419730990104005,1.0
14133,15275,126,161,12,4,current_increment,current,0.1266076296567917,0.0071346998214721,0.1194729298353196,1.0
14133,15275,126,161,12,4,current_increment,prefix_mean,-0.010822112113237345,0.008694805949926375,-0.01951691806316372,0.0
14133,15275,126,161,12,8,current,current,0.3962893486022949,0.435440719127655,-0.03915137052536005,0.0
14133,15275,126,161,12,8,current,prefix_mean,0.5049844160676003,0.5336751453578472,-0.028690729290246964,0.0
14133,15275,126,161,12,8,past_ewma,current,0.5422751202407319,0.6220464236512334,-0.07977130341050154,0.0
14133,15275,126,161,12,8,past_ewma,prefix_mean,0.5103388357513112,0.49635418850320756,0.013984647248103665,1.0
14133,15275,126,161,12,8,current_increment,current,-0.1061037480831146,-0.0569981664419174,-0.049105581641197195,0.0
14133,15275,126,161,12,8,current_increment,prefix_mean,-0.026886013150215132,0.0708165004849434,-0.09770251363515853,0.0
14283,15300,147,96,19,1,current,current,0.363862007856369,0.1425906717777252,0.22127133607864383,1.0
14283,15300,147,96,19,1,current,prefix_mean,0.363862007856369,0.1425906717777252,0.22127133607864383,1.0
14283,15300,147,96,19,1,past_ewma,current,0.1791758919077494,0.2128024997205853,-0.033626607812835885,0.0
14283,15300,147,96,19,1,past_ewma,prefix_mean,0.1791758919077494,0.2128024997205853,-0.033626607812835885,0.0
14283,15300,147,96,19,1,current_increment,current,0.1889086529612541,-0.0698126696050167,0.2587213225662708,1.0
14283,15300,147,96,19,1,current_increment,prefix_mean,0.1889086529612541,-0.0698126696050167,0.2587213225662708,1.0
14283,15300,147,96,19,2,current,current,0.3541275262832641,0.1358240246772766,0.2183035016059875,1.0
14283,15300,147,96,19,2,current,prefix_mean,0.3589947670698166,0.13920734822750092,0.21978741884231567,1.0
14283,15300,147,96,19,2,past_ewma,current,0.2715189498820592,0.1776965857491552,0.09382236413290401,1.0
14283,15300,147,96,19,2,past_ewma,prefix_mean,0.2253474208949043,0.19524954273487025,0.030097878160034064,1.0
14283,15300,147,96,19,2,current_increment,current,0.1628524854779243,-0.0620036922395229,0.2248561777174472,1.0
14283,15300,147,96,19,2,current_increment,prefix_mean,0.1758805692195892,-0.0659081809222698,0.241788750141859,1.0
14283,15300,147,96,19,4,current,current,0.3007140457630157,0.2385328859090805,0.062181159853935186,1.0
14283,15300,147,96,19,4,current,prefix_mean,0.36068878322839737,0.17839181423187256,0.1822969689965248,1.0
14283,15300,147,96,19,4,past_ewma,current,0.3684373955468011,0.1766899898883119,0.19174740565848922,1.0
14283,15300,147,96,19,4,past_ewma,prefix_mean,0.28298886885481783,0.18098734514281706,0.10200152371200077,1.0
14283,15300,147,96,19,4,current_increment,current,0.0711773678660392,0.0677247665822506,0.0034526012837886033,1.0
14283,15300,147,96,19,4,current_increment,prefix_mean,0.16107710860669608,-0.009885847941040998,0.17096295654773708,1.0
14283,15300,147,96,19,8,current,current,0.5374417901039124,0.1490731239318847,0.38836866617202764,1.0
14283,15300,147,96,19,8,current,prefix_mean,0.4316376745700836,0.22576601803302765,0.20587165653705597,1.0
14283,15300,147,96,19,8,past_ewma,current,0.5196114602221776,0.2997211976922825,0.21989026252989513,1.0
14283,15300,147,96,19,8,past_ewma,prefix_mean,0.34429999125625965,0.22286735276015301,0.12143263849610664,1.0
14283,15300,147,96,19,8,current_increment,current,0.1961640134453777,-0.0814045086503029,0.2775685220956806,1.0
14283,15300,147,96,19,8,current_increment,prefix_mean,0.18932117801159623,0.029739851597696515,0.15958132641389972,1.0
14283,15300,218,185,17,1,current,current,0.6324484348297119,0.1805269718170166,0.4519214630126953,1.0
14283,15300,218,185,17,1,current,prefix_mean,0.6324484348297119,0.1805269718170166,0.4519214630126953,1.0
14283,15300,218,185,17,1,past_ewma,current,0.4224944963095778,0.2104822511909058,0.212012245118672,1.0
14283,15300,218,185,17,1,past_ewma,prefix_mean,0.4224944963095778,0.2104822511909058,0.212012245118672,1.0
14283,15300,218,185,17,1,current_increment,current,0.1504782199859619,-0.036523550748825,0.18700177073478688,1.0
14283,15300,218,185,17,1,current_increment,prefix_mean,0.1504782199859619,-0.036523550748825,0.18700177073478688,1.0
14283,15300,218,185,17,2,current,current,0.6504770517349243,0.2126699090003967,0.4378071427345276,1.0
14283,15300,218,185,17,2,current,prefix_mean,0.6414627432823181,0.19659844040870667,0.44486430287361145,1.0
14283,15300,218,185,17,2,past_ewma,current,0.5274714655696449,0.1955046115039612,0.33196685406568366,1.0
14283,15300,218,185,17,2,past_ewma,prefix_mean,0.47498298093961133,0.2029934313474335,0.2719895495921778,1.0
14283,15300,218,185,17,2,current_increment,current,0.1452741950750351,0.0015198022127151,0.14375439286232,1.0
14283,15300,218,185,17,2,current_increment,prefix_mean,0.14787620753049852,-0.017501874268054947,0.16537808179855346,1.0
14283,15300,218,185,17,4,current,current,0.5746172666549683,0.3518029749393463,0.22281429171562195,1.0
14283,15300,218,185,17,4,current,prefix_mean,0.6069720089435577,0.2612287253141403,0.3457432836294174,1.0
14283,15300,218,185,17,4,past_ewma,current,0.5796597706034555,0.2520011528759903,0.32765861772746524,1.0
14283,15300,218,185,17,4,past_ewma,prefix_mean,0.5296499977837407,0.21551881895575903,0.31413117882798164,1.0
14283,15300,218,185,17,4,current_increment,current,0.059189161658287,0.1320058330893516,-0.0728166714310646,0.0
14283,15300,218,185,17,4,current_increment,prefix_mean,0.10381124988198281,0.0464744687080383,0.057336781173944515,1.0
14283,15300,218,185,17,8,current,current,0.4663910865783691,0.3522254824638366,0.11416560411453247,1.0
14283,15300,218,185,17,8,current,prefix_mean,0.5442125909030437,0.3331785835325718,0.21103400737047195,1.0
14283,15300,218,185,17,8,past_ewma,current,0.5275221324634725,0.3782407688872869,0.14928136357618554,1.0
14283,15300,218,185,17,8,past_ewma,prefix_mean,0.525597062600208,0.29449086491140775,0.23110619768880025,1.0
14283,15300,218,185,17,8,current_increment,current,-0.0655848503112793,0.053553320467472,-0.1191381707787513,0.0
14283,15300,218,185,17,8,current_increment,prefix_mean,0.03366432264447213,0.08800315484404561,-0.05433883219957348,0.0
14295,15302,151,123,16,1,current,current,0.3603867888450622,0.148808479309082,0.2115783095359802,1.0
14295,15302,151,123,16,1,current,prefix_mean,0.3603867888450622,0.148808479309082,0.2115783095359802,1.0
14295,15302,151,123,16,1,past_ewma,current,0.160427125861215,0.1935346880537275,-0.03310756219251251,0.0
14295,15302,151,123,16,1,past_ewma,prefix_mean,0.160427125861215,0.1935346880537275,-0.03310756219251251,0.0
14295,15302,151,123,16,1,current_increment,current,0.1963145785033702,-0.0453239217400551,0.24163850024342529,1.0
14295,15302,151,123,16,1,current_increment,prefix_mean,0.1963145785033702,-0.0453239217400551,0.24163850024342529,1.0
14295,15302,151,123,16,2,current,current,0.3101268112659454,0.2182373851537704,0.09188942611217499,1.0
14295,15302,151,123,16,2,current,prefix_mean,0.3352568000555038,0.18352293223142618,0.1517338678240776,1.0
14295,15302,151,123,16,2,past_ewma,current,0.2604069573531385,0.1711715836814047,0.08923537367173381,1.0
14295,15302,151,123,16,2,past_ewma,prefix_mean,0.21041704160717675,0.1823531358675661,0.02806390573961065,1.0
14295,15302,151,123,16,2,current_increment,current,0.1289474420249461,0.0298259377479552,0.0991215042769909,1.0
14295,15302,151,123,16,2,current_increment,prefix_mean,0.16263101026415816,-0.007748991996049948,0.1703800022602081,1.0
14295,15302,151,123,16,4,current,current,0.5968424081802368,0.1480292528867721,0.4488131552934647,1.0
14295,15302,151,123,16,4,current,prefix_mean,0.40902591496706003,0.16674399003386492,0.24228192493319511,1.0
14295,15302,151,123,16,4,past_ewma,current,0.3270072679432688,0.1733026636017114,0.1537046043415574,1.0
14295,15302,151,123,16,4,past_ewma,prefix_mean,0.25827705886679103,0.1831783549386078,0.07509870392818324,1.0
14295,15302,151,123,16,4,current_increment,current,0.3897392325103282,-0.0341147288680077,0.4238539613783359,1.0
14295,15302,151,123,16,4,current_increment,prefix_mean,0.22360213063657275,-0.021822553500533148,0.2454246841371059,1.0
14295,15302,151,123,16,8,current,current,0.590334415435791,0.1729963719844818,0.4173380434513092,1.0
14295,15302,151,123,16,8,current,prefix_mean,0.4657665193080902,0.15693153813481325,0.30883498117327696,1.0
14295,15302,151,123,16,8,past_ewma,current,0.4803487716907788,0.1441788597800628,0.336169911910716,1.0
14295,15302,151,123,16,8,past_ewma,prefix_mean,0.3720379023825726,0.16566830617767703,0.2063695962048956,1.0
14295,15302,151,123,16,8,current_increment,current,0.2249189272522926,0.0090572133660316,0.215861713886261,1.0
14295,15302,151,123,16,8,current_increment,prefix_mean,0.21674327077344055,-0.021134309284389072,0.2378775800578296,1.0
14397,15320,91,63,6,1,current,current,0.2443030327558517,0.1411113739013672,0.1031916588544845,1.0
14397,15320,91,63,6,1,current,prefix_mean,0.2443030327558517,0.1411113739013672,0.1031916588544845,1.0
14397,15320,91,63,6,1,past_ewma,current,0.2486625632132509,0.1361296827678056,0.1125328804454453,1.0
14397,15320,91,63,6,1,past_ewma,prefix_mean,0.2486625632132509,0.1361296827678056,0.1125328804454453,1.0
14397,15320,91,63,6,1,current_increment,current,0.0629470273852347,-0.0206738367676733,0.083620864152908,1.0
14397,15320,91,63,6,1,current_increment,prefix_mean,0.0629470273852347,-0.0206738367676733,0.083620864152908,1.0
14397,15320,91,63,6,2,current,current,0.4329463839530945,0.0999251380562782,0.33302124589681625,1.0
14397,15320,91,63,6,2,current,prefix_mean,0.3386247083544731,0.1205182559788227,0.2181064523756504,1.0
14397,15320,91,63,6,2,past_ewma,current,0.2464827979845513,0.1386205283345864,0.1078622696499649,1.0
14397,15320,91,63,6,2,past_ewma,prefix_mean,0.24757268059890108,0.137375105551196,0.11019757504770508,1.0
14397,15320,91,63,6,2,current_increment,current,0.2482162714004516,-0.0559440985321998,0.3041603699326514,1.0
14397,15320,91,63,6,2,current_increment,prefix_mean,0.15558164939284314,-0.03830896764993655,0.19389061704277968,1.0
14397,15320,91,63,6,4,current,current,0.6399505138397217,0.1557306051254272,0.4842199087142945,1.0
14397,15320,91,63,6,4,current,prefix_mean,0.45278215035796165,0.13503224216401574,0.3177499081939459,1.0
14397,15320,91,63,6,4,past_ewma,current,0.4168216309260008,0.1313173423842113,0.28550428854178944,1.0
14397,15320,91,63,6,4,past_ewma,prefix_mean,0.31292039577315645,0.1313350966705089,0.18158529910264753,1.0
14397,15320,91,63,6,4,current_increment,current,0.4199138328433037,0.0127963073551655,0.4071175254881382,1.0
14397,15320,91,63,6,4,current_increment,prefix_mean,0.2551089148968458,-0.01769313625991335,0.27280205115675915,1.0
14469,15332,77,39,27,1,current,current,0.5628401041030884,0.2194104492664337,0.34342965483665466,1.0
14469,15332,77,39,27,1,current,prefix_mean,0.5628401041030884,0.2194104492664337,0.34342965483665466,1.0
14469,15332,77,39,27,1,past_ewma,current,0.3329973736280718,0.2403227677681522,0.0926746058599196,1.0
14469,15332,77,39,27,1,past_ewma,prefix_mean,0.3329973736280718,0.2403227677681522,0.0926746058599196,1.0
14469,15332,77,39,27,1,current_increment,current,0.2968718513846397,0.0143024720251559,0.2825693793594838,1.0
14469,15332,77,39,27,1,current_increment,prefix_mean,0.2968718513846397,0.0143024720251559,0.2825693793594838,1.0
14469,15332,77,39,27,2,current,current,0.4906286597251892,0.3766419887542724,0.1139866709709168,1.0
14469,15332,77,39,27,2,current,prefix_mean,0.5267343819141388,0.29802621901035303,0.22870816290378576,1.0
14469,15332,77,39,27,2,past_ewma,current,0.4479187388655801,0.2298666085172929,0.2180521303482872,1.0
14469,15332,77,39,27,2,past_ewma,prefix_mean,0.39045805624682595,0.23509468814272255,0.1553633681041034,1.0
14469,15332,77,39,27,2,current_increment,current,0.193440656363964,0.1626165680587291,0.030824088305234892,1.0
14469,15332,77,39,27,2,current_increment,prefix_mean,0.24515625387430184,0.08845952004194249,0.15669673383235935,1.0
14469,15332,77,39,27,4,current,current,0.2134868055582046,0.2556207180023193,-0.042133912444114685,0.0
14469,15332,77,39,27,4,current,prefix_mean,0.38687242940068245,0.26630875840783114,0.12056367099285131,1.0
14469,15332,77,39,27,4,past_ewma,current,0.374903923755816,0.2584080881220409,0.11649583563377508,1.0
14469,15332,77,39,27,4,past_ewma,prefix_mean,0.4062734338862131,0.25796294076081716,0.14831049312539596,1.0
14469,15332,77,39,27,4,current_increment,current,-0.1126163572072983,0.041478083282709,-0.1540944404900073,0.0
14469,15332,77,39,27,4,current_increment,prefix_mean,0.08426517285406585,0.0486779533326625,0.03558721952140335,1.0
14469,15332,77,39,27,8,current,current,0.3556202054023742,0.5642759203910828,-0.20865571498870855,0.0
14469,15332,77,39,27,8,current,prefix_mean,0.33660927042365074,0.3566961083561182,-0.02008683793246746,0.0
14469,15332,77,39,27,8,past_ewma,current,0.2602986036170231,0.4802925672775898,-0.21999396366056667,0.0
14469,15332,77,39,27,8,past_ewma,prefix_mean,0.34286876270324396,0.2862057393395721,0.05666302336367185,1.0
14469,15332,77,39,27,8,current_increment,current,0.0255160093307494,0.2702693730592728,-0.24475336372852338,0.0
14469,15332,77,39,27,8,current_increment,prefix_mean,0.019719995185732787,0.12414730926975602,-0.10442731408402323,0.0
14511,15339,63,43,15,1,current,current,0.2547094523906708,0.0961526334285736,0.15855681896209717,1.0
14511,15339,63,43,15,1,current,prefix_mean,0.2547094523906708,0.0961526334285736,0.15855681896209717,1.0
14511,15339,63,43,15,1,past_ewma,current,0.135109201494078,0.1289961522202541,0.006113049273823917,1.0
14511,15339,63,43,15,1,past_ewma,prefix_mean,0.135109201494078,0.1289961522202541,0.006113049273823917,1.0
14511,15339,63,43,15,1,current_increment,current,0.1143716216087342,-0.0426483124494552,0.1570199340581894,1.0
14511,15339,63,43,15,1,current_increment,prefix_mean,0.1143716216087342,-0.0426483124494552,0.1570199340581894,1.0
14511,15339,63,43,15,2,current,current,0.2566290199756622,0.0915360748767852,0.16509294509887698,1.0
14511,15339,63,43,15,2,current,prefix_mean,0.2556692361831665,0.09384435415267939,0.16182488203048712,1.0
14511,15339,63,43,15,2,past_ewma,current,0.1949093269423744,0.1125743928244139,0.0823349341179605,1.0
14511,15339,63,43,15,2,past_ewma,prefix_mean,0.1650092642182262,0.120785272522334,0.04422399169589221,1.0
14511,15339,63,43,15,2,current_increment,current,0.1076577857136726,-0.0380898118019104,0.145747597515583,1.0
14511,15339,63,43,15,2,current_increment,prefix_mean,0.11101470366120339,-0.0403690621256828,0.1513837657868862,1.0
14511,15339,63,43,15,4,current,current,0.2255097031593322,0.1142551153898239,0.11125458776950829,1.0
14511,15339,63,43,15,4,current,prefix_mean,0.23159917443990705,0.09975480474531648,0.13184436969459057,1.0
14511,15339,63,43,15,4,past_ewma,current,0.2076588478464906,0.0995653145683413,0.1080935332781493,1.0
14511,15339,63,43,15,4,past_ewma,prefix_mean,0.1908616374354903,0.11079777336590219,0.08006386406958813,1.0
14511,15339,63,43,15,4,current_increment,current,0.0639569610357284,-0.0078161172568798,0.0717730782926082,1.0
14511,15339,63,43,15,4,current_increment,prefix_mean,0.0787755973637104,-0.02938160356134175,0.10815720092505215,1.0
14511,15339,63,43,15,8,current,current,0.3423914313316345,0.2128017544746399,0.12958967685699463,1.0
14511,15339,63,43,15,8,current,prefix_mean,0.27899395674467087,0.1134169409051537,0.16557701583951717,1.0
14511,15339,63,43,15,8,past_ewma,current,0.3098761414909053,0.10738294027232,0.20249320121858533,1.0
14511,15339,63,43,15,8,past_ewma,prefix_mean,0.23123781051537284,0.10564289211684721,0.12559491839852563,1.0
14511,15339,63,43,15,8,current_increment,current,0.1164473719894886,0.1030647315084934,0.01338264048099519,1.0
14511,15339,63,43,15,8,current_increment,prefix_mean,0.10404646219685673,-0.00806829659268261,0.11211475878953935,1.0
14715,15373,138,194,10,1,current,current,0.7880532741546631,0.1474024355411529,0.6406508386135101,1.0
14715,15373,138,194,10,1,current,prefix_mean,0.7880532741546631,0.1474024355411529,0.6406508386135101,1.0
14715,15373,138,194,10,1,past_ewma,current,0.5039836239842189,0.2249995211776038,0.2789841028066151,1.0
14715,15373,138,194,10,1,past_ewma,prefix_mean,0.5039836239842189,0.2249995211776038,0.2789841028066151,1.0
14715,15373,138,194,10,1,current_increment,current,0.1171254545450211,-0.1235461622476578,0.2406716167926789,1.0
14715,15373,138,194,10,1,current_increment,prefix_mean,0.1171254545450211,-0.1235461622476578,0.2406716167926789,1.0
14715,15373,138,194,10,2,current,current,0.8412580490112305,0.1610589176416397,0.6801991313695908,1.0
14715,15373,138,194,10,2,current,prefix_mean,0.8146556615829468,0.1542306765913963,0.6604249849915504,1.0
14715,15373,138,194,10,2,past_ewma,current,0.646018449069441,0.1862009783593783,0.4598174707100626,1.0
14715,15373,138,194,10,2,past_ewma,prefix_mean,0.5750010365268299,0.20560024976849106,0.3694007867583388,1.0
14715,15373,138,194,10,2,current_increment,current,0.1708595126867294,-0.0958849281072616,0.26674444079399096,1.0
14715,15373,138,194,10,2,current_increment,prefix_mean,0.14399248361587524,-0.1097155451774597,0.2537080287933349,1.0
14715,15373,138,194,10,4,current,current,0.9028969407081604,0.1414165198802948,0.7614804208278656,1.0
14715,15373,138,194,10,4,current,prefix_mean,0.8507459461688995,0.15841992944478986,0.6923260167241096,1.0
14715,15373,138,194,10,4,past_ewma,current,0.80720688492094,0.1787158963582905,0.6284909885626495,1.0
14715,15373,138,194,10,4,past_ewma,prefix_mean,0.6752118017537339,0.19088658597394542,0.48432521577978843,1.0
14715,15373,138,194,10,4,current_increment,current,0.1741534382104873,-0.1097002536058425,0.2838536918163298,1.0
14715,15373,138,194,10,4,current_increment,prefix_mean,0.15980295538902278,-0.09932044856250286,0.25912340395152567,1.0
14715,15373,138,194,10,8,current,current,0.8555461764335632,0.1031351685523986,0.7524110078811647,1.0
14715,15373,138,194,10,8,current,prefix_mean,0.8289374187588692,0.15584508515894407,0.673092333599925,1.0
14715,15373,138,194,10,8,past_ewma,current,0.8139647739567077,0.1648277014338845,0.6491370725228233,1.0
14715,15373,138,194,10,8,past_ewma,prefix_mean,0.74624445595614,0.17859960670505962,0.5676448492510804,1.0
14715,15373,138,194,10,8,current_increment,current,0.1176338702440261,-0.0783773556351662,0.19601122587919229,1.0
14715,15373,138,194,10,8,current_increment,prefix_mean,0.11513313055038449,-0.07615944501012563,0.1912925755605101,1.0
14715,15373,125,131,4,1,current,current,0.7735407948493958,0.7989932894706726,-0.025452494621276855,0.0
14715,15373,125,131,4,1,current,prefix_mean,0.7735407948493958,0.7989932894706726,-0.025452494621276855,0.0
14715,15373,125,131,4,1,past_ewma,current,0.5540886173847928,0.6150405625039768,-0.060951945119184,0.0
14715,15373,125,131,4,1,past_ewma,prefix_mean,0.5540886173847928,0.6150405625039768,-0.060951945119184,0.0
14715,15373,125,131,4,1,current_increment,current,0.345463365316391,0.1795645773410796,0.16589878797531138,1.0
14715,15373,125,131,4,1,current_increment,prefix_mean,0.345463365316391,0.1795645773410796,0.16589878797531138,1.0
14715,15373,125,131,4,2,current,current,0.8160219788551331,0.8004311323165894,0.015590846538543701,1.0
14715,15373,125,131,4,2,current,prefix_mean,0.7947813868522644,0.799712210893631,-0.004930824041366577,0.0
14715,15373,125,131,4,2,past_ewma,current,0.6638147061170943,0.7070169259873247,-0.04320221987023043,0.0
14715,15373,125,131,4,2,past_ewma,prefix_mean,0.6089516617509435,0.6610287442456507,-0.052077082494707216,0.0
14715,15373,125,131,4,2,current_increment,current,0.3499942749738693,0.1225514471530914,0.2274428278207779,1.0
14715,15373,125,131,4,2,current_increment,prefix_mean,0.3477288201451302,0.1510580122470855,0.19667080789804467,1.0
14715,15373,125,131,4,4,current,current,0.793346107006073,0.7758981585502625,0.017447948455810547,1.0
14715,15373,125,131,4,4,current,prefix_mean,0.8252913802862167,0.7960445731878281,0.029246807098388672,1.0
14715,15373,125,131,4,4,past_ewma,current,0.8290874914601895,0.7812898707828724,0.047797620677317076,1.0
14715,15373,125,131,4,4,past_ewma,prefix_mean,0.6967272893620475,0.7142678471065327,-0.017540557744485152,0.0
14715,15373,125,131,4,4,current_increment,current,0.2706112533807754,0.0232328891754149,0.2473783642053605,1.0
14715,15373,125,131,4,4,current_increment,prefix_mean,0.342615782469511,0.10193368792533868,0.24068209454417233,1.0
14859,15397,61,75,14,1,current,current,0.5147300362586975,0.2546702027320862,0.26005983352661133,1.0
14859,15397,61,75,14,1,current,prefix_mean,0.5147300362586975,0.2546702027320862,0.26005983352661133,1.0
14859,15397,61,75,14,1,past_ewma,current,0.713002292707699,0.2156250856368324,0.49737720707086663,1.0
14859,15397,61,75,14,1,past_ewma,prefix_mean,0.713002292707699,0.2156250856368324,0.49737720707086663,1.0
14859,15397,61,75,14,1,current_increment,current,-0.3052264034748078,-0.0497758999466896,-0.25545050352811816,0.0
14859,15397,61,75,14,1,current_increment,prefix_mean,-0.3052264034748078,-0.0497758999466896,-0.25545050352811816,0.0
14859,15397,61,75,14,2,current,current,0.5133717060089111,0.2346112579107284,0.27876044809818273,1.0
14859,15397,61,75,14,2,current,prefix_mean,0.5140508711338043,0.2446407303214073,0.269410140812397,1.0
14859,15397,61,75,14,2,past_ewma,current,0.6138661644831982,0.2351476441844592,0.378718520298739,1.0
14859,15397,61,75,14,2,past_ewma,prefix_mean,0.6634342285954486,0.2253863649106458,0.43804786368480286,1.0
14859,15397,61,75,14,2,current_increment,current,-0.2768463253974914,-0.0577591314911842,-0.21908719390630718,0.0
14859,15397,61,75,14,2,current_increment,prefix_mean,-0.29103636443614955,-0.0537675157189369,-0.23726884871721265,0.0
14859,15397,61,75,14,4,current,current,0.478238970041275,0.136231854557991,0.342007115483284,1.0
14859,15397,61,75,14,4,current,prefix_mean,0.49414974451065063,0.1938361898064613,0.3003135547041893,1.0
14859,15397,61,75,14,4,past_ewma,current,0.5169386004898867,0.1923554475363167,0.32458315295357,1.0
14859,15397,61,75,14,4,past_ewma,prefix_mean,0.6018564982317097,0.21950190710130052,0.3823545911304092,1.0
14859,15397,61,75,14,4,current_increment,current,-0.2431594640016555,-0.1488523527979851,-0.09430711120367041,0.0
14859,15397,61,75,14,4,current_increment,prefix_mean,-0.27930808588862416,-0.09970134533941746,-0.1796067405492067,0.0
14859,15397,61,75,14,8,current,current,0.3068133294582367,0.3617239892482757,-0.05491065979003901,0.0
14859,15397,61,75,14,8,current,prefix_mean,0.3895180206745863,0.21540952101349825,0.17410849966108805,1.0
14859,15397,61,75,14,8,past_ewma,current,0.2788240911780168,0.2187582743990922,0.06006581677892461,1.0
14859,15397,61,75,14,8,past_ewma,prefix_mean,0.49456391627197926,0.19675550946678536,0.29780840680519394,1.0
14859,15397,61,75,14,8,current_increment,current,-0.2036459997296333,0.1677375316619872,-0.3713835313916205,0.0
14859,15397,61,75,14,8,current_increment,prefix_mean,-0.2962247198447585,-0.04234890062361958,-0.25387581922113894,0.0
15195,15453,211,235,13,1,current,current,0.189659908413887,0.5722193121910095,-0.3825594037771225,0.0
15195,15453,211,235,13,1,current,prefix_mean,0.189659908413887,0.5722193121910095,-0.3825594037771225,0.0
15195,15453,211,235,13,1,past_ewma,current,0.2349368346678669,0.5087052145253255,-0.27376837985745855,0.0
15195,15453,211,235,13,1,past_ewma,prefix_mean,0.2349368346678669,0.5087052145253255,-0.27376837985745855,0.0
15195,15453,211,235,13,1,current_increment,current,-0.1152780428528786,0.110673451423645,-0.2259514942765236,0.0
15195,15453,211,235,13,1,current_increment,prefix_mean,-0.1152780428528786,0.110673451423645,-0.2259514942765236,0.0
15195,15453,211,235,13,2,current,current,0.2614467144012451,0.5731130242347717,-0.3116663098335266,0.0
15195,15453,211,235,13,2,current,prefix_mean,0.22555331140756607,0.5726661682128906,-0.34711285680532455,0.0
15195,15453,211,235,13,2,past_ewma,current,0.212298371540877,0.5404622633581675,-0.3281638918172905,0.0
15195,15453,211,235,13,2,past_ewma,prefix_mean,0.22361760310437195,0.5245837389417465,-0.3009661358373745,0.0
15195,15453,211,235,13,2,current_increment,current,-0.0409660503268242,0.1233667612075805,-0.1643328115344047,0.0
15195,15453,211,235,13,2,current_increment,prefix_mean,-0.07812204658985139,0.11702010631561274,-0.19514215290546413,0.0
15195,15453,211,235,13,4,current,current,0.1530022323131561,0.7505488395690918,-0.5975466072559357,0.0
15195,15453,211,235,13,4,current,prefix_mean,0.19014568999409676,0.662843868136406,-0.4726981781423092,0.0
15195,15453,211,235,13,4,past_ewma,current,0.1966732239095798,0.6561409701736102,-0.45946774626403036,0.0
15195,15453,211,235,13,4,past_ewma,prefix_mean,0.22019524327234619,0.5655240229633932,-0.345328779691047,0.0
15195,15453,211,235,13,4,current_increment,current,-0.1501008078455925,0.2511940836906433,-0.40129489153623576,0.0
15195,15453,211,235,13,4,current_increment,prefix_mean,-0.1132081337273121,0.19433456733822818,-0.30754270106554027,0.0
15195,15453,211,235,13,8,current,current,0.8886348605155945,0.2793645560741424,0.609270304441452,1.0
15195,15453,211,235,13,8,current,prefix_mean,0.32631510496139526,0.43975127302110195,-0.11343616805970669,0.0
15195,15453,211,235,13,8,past_ewma,current,0.3575568652113802,0.2770866426939227,0.0804702225174575,1.0
15195,15453,211,235,13,8,past_ewma,prefix_mean,0.22927534791249013,0.4973711768064252,-0.268095828893935,0.0
15195,15453,211,235,13,8,current_increment,current,0.653571666777134,-0.1762953206896782,0.8298669874668122,1.0
15195,15453,211,235,13,8,current_increment,prefix_mean,0.0459510838612914,-0.032366978563368315,0.07831806242465972,1.0
15201,15454,73,44,29,1,current,current,0.1626530736684799,0.1230937093496322,0.0395593643188477,1.0
15201,15454,73,44,29,1,current,prefix_mean,0.1626530736684799,0.1230937093496322,0.0395593643188477,1.0
15201,15454,73,44,29,1,past_ewma,current,0.1561757115063264,0.1139110766927825,0.042264634813543894,1.0
15201,15454,73,44,29,1,past_ewma,prefix_mean,0.1561757115063264,0.1139110766927825,0.042264634813543894,1.0
15201,15454,73,44,29,1,current_increment,current,-0.0117001086473465,-0.0176911123096943,0.0059910036623478,1.0
15201,15454,73,44,29,1,current_increment,prefix_mean,-0.0117001086473465,-0.0176911123096943,0.0059910036623478,1.0
15201,15454,73,44,29,2,current,current,0.1896131485700607,0.1062154769897461,0.08339767158031461,1.0
15201,15454,73,44,29,2,current,prefix_mean,0.1761331111192703,0.11465459316968915,0.061478517949581146,1.0
15201,15454,73,44,29,2,past_ewma,current,0.1594143925874031,0.1185023930212073,0.04091199956619579,1.0
15201,15454,73,44,29,2,past_ewma,prefix_mean,0.15779505204686473,0.1162067348569949,0.04158831718986983,1.0
15201,15454,73,44,29,2,current_increment,current,0.0190611600875854,-0.0276717863976955,0.046732946485280896,1.0
15201,15454,73,44,29,2,current_increment,prefix_mean,0.0036805257201194506,-0.0226814493536949,0.02636197507381435,1.0
15201,15454,73,44,29,4,current,current,0.1484587788581848,0.1660048961639404,-0.017546117305755615,0.0
15201,15454,73,44,29,4,current,prefix_mean,0.17730459570884702,0.14337525516748426,0.03392934054136276,1.0
15201,15454,73,44,29,4,past_ewma,current,0.1915035761586973,0.1452729365860475,0.04623063957264978,1.0
15201,15454,73,44,29,4,past_ewma,prefix_mean,0.17040186270778968,0.12251133532637849,0.04789052738141118,1.0
15201,15454,73,44,29,4,current_increment,current,-0.0299953490495682,0.0385351561009883,-0.0685305051505565,0.0
15201,15454,73,44,29,4,current_increment,prefix_mean,0.0031944464892148493,0.012078641355037651,-0.008884194865822802,0.0
15201,15454,73,44,29,8,current,current,0.1118818894028663,0.1745090335607528,-0.06262714415788652,0.0
15201,15454,73,44,29,8,current,prefix_mean,0.1731725018471479,0.15505054779350752,0.018121954053640393,1.0
15201,15454,73,44,29,8,past_ewma,current,0.2323570022806037,0.1620164269062072,0.0703405753743965,1.0
15201,15454,73,44,29,8,past_ewma,prefix_mean,0.16918656826329573,0.14146263440833312,0.027723933854962607,1.0
15201,15454,73,44,29,8,current_increment,current,-0.0625215284526348,0.0352875068783759,-0.09780903533101071,0.0
15201,15454,73,44,29,8,current_increment,prefix_mean,-0.0014263685792684742,0.022922043036669438,-0.024348411615937912,0.0
15201,15454,117,137,20,1,current,current,0.5014726519584656,0.3574196696281433,0.14405298233032227,1.0
15201,15454,117,137,20,1,current,prefix_mean,0.5014726519584656,0.3574196696281433,0.14405298233032227,1.0
15201,15454,117,137,20,1,past_ewma,current,0.260994069819067,0.8022791051620222,-0.5412850353429552,0.0
15201,15454,117,137,20,1,past_ewma,prefix_mean,0.260994069819067,0.8022791051620222,-0.5412850353429552,0.0
15201,15454,117,137,20,1,current_increment,current,0.2796096816658974,-0.4894575834274292,0.7690672650933266,1.0
15201,15454,117,137,20,1,current_increment,prefix_mean,0.2796096816658974,-0.4894575834274292,0.7690672650933266,1.0
15201,15454,117,137,20,2,current,current,0.3037000000476837,0.3991285562515259,-0.09542855620384216,0.0
15201,15454,117,137,20,2,current,prefix_mean,0.40258632600307465,0.3782741129398346,0.02431221306324005,1.0
15201,15454,117,137,20,2,past_ewma,current,0.3812333608887662,0.5798493873950827,-0.19861602650631655,0.0
15201,15454,117,137,20,2,past_ewma,prefix_mean,0.3211137153539166,0.6910642462785525,-0.36995053092463587,0.0
15201,15454,117,137,20,2,current_increment,current,0.052428750693798,-0.4027666270732879,0.4551953777670859,1.0
15201,15454,117,137,20,2,current_increment,prefix_mean,0.1660192161798477,-0.44611210525035855,0.6121313214302062,1.0
15201,15454,117,137,20,4,current,current,0.4444295763969421,0.3447237908840179,0.0997057855129242,1.0
15201,15454,117,137,20,4,current,prefix_mean,0.44585514813661575,0.34130842983722687,0.10454671829938889,1.0
15201,15454,117,137,20,4,past_ewma,current,0.4381425223057983,0.3767253372042622,0.0614171851015361,1.0
15201,15454,117,137,20,4,past_ewma,prefix_mean,0.35570915837046413,0.5620857003961679,-0.20637654202570377,0.0
15201,15454,117,137,20,4,current_increment,current,0.1591024801135062,-0.3403612941503525,0.4994637742638587,1.0
15201,15454,117,137,20,4,current_increment,prefix_mean,0.19099543094635002,-0.4291116617619991,0.6201070927083492,1.0
15201,15454,117,137,20,8,current,current,0.7584453225135803,0.1974821090698242,0.5609632134437561,1.0
15201,15454,117,137,20,8,current,prefix_mean,0.5566377751529217,0.2640057858079672,0.2926319893449545,1.0
15201,15454,117,137,20,8,past_ewma,current,0.661649401245673,0.2032406008055386,0.4584088004401343,1.0
15201,15454,117,137,20,8,past_ewma,prefix_mean,0.4443744521377817,0.41448522336405236,0.02988922877372935,1.0
15201,15454,117,137,20,8,current_increment,current,0.2982049137353897,-0.2433864876627922,0.541591401398182,1.0
15201,15454,117,137,20,8,current_increment,prefix_mean,0.2389362888410687,-0.39525161534547804,0.6341879041865468,1.0
15273,15466,138,107,29,1,current,current,0.5877286791801453,0.4210419058799743,0.16668677330017095,1.0
15273,15466,138,107,29,1,current,prefix_mean,0.5877286791801453,0.4210419058799743,0.16668677330017095,1.0
15273,15466,138,107,29,1,past_ewma,current,0.3185350131165441,0.3395001749242498,-0.02096516180770569,0.0
15273,15466,138,107,29,1,past_ewma,prefix_mean,0.3185350131165441,0.3395001749242498,-0.02096516180770569,0.0
15273,15466,138,107,29,1,current_increment,current,0.3660370044410229,0.1326800137758254,0.2333569906651975,1.0
15273,15466,138,107,29,1,current_increment,prefix_mean,0.3660370044410229,0.1326800137758254,0.2333569906651975,1.0
15273,15466,138,107,29,2,current,current,0.5138907432556152,0.2393576800823211,0.2745330631732941,1.0
15273,15466,138,107,29,2,current,prefix_mean,0.5508097112178802,0.3301997929811477,0.22060991823673254,1.0
15273,15466,138,107,29,2,past_ewma,current,0.4531318461483447,0.380271040402112,0.07286080574623266,1.0
15273,15466,138,107,29,2,past_ewma,prefix_mean,0.3858334296324444,0.3598856076631809,0.025947821969263485,1.0
15273,15466,138,107,29,2,current_increment,current,0.2459253795444965,-0.0672567099332809,0.31318208947777737,1.0
15273,15466,138,107,29,2,current_increment,prefix_mean,0.3059811919927597,0.03271165192127225,0.27326954007148746,1.0
15273,15466,138,107,29,4,current,current,0.7198541760444641,0.1685557067394256,0.5512984693050385,1.0
15273,15466,138,107,29,4,current,prefix_mean,0.5494478419423103,0.24933124333620066,0.3001165986061097,1.0
15273,15466,138,107,29,4,past_ewma,current,0.4299145319954983,0.2390920204426491,0.19082251155284918,1.0
15273,15466,138,107,29,4,past_ewma,prefix_mean,0.42127317149059174,0.31716939900280683,0.1041037724877849,1.0
15273,15466,138,107,29,4,current_increment,current,0.3800040408968925,-0.1276872619986535,0.507691302895546,1.0
15273,15466,138,107,29,4,current_increment,prefix_mean,0.264312700740993,-0.050532168149948174,0.31484486889094115,1.0
15273,15466,138,107,29,8,current,current,0.5453068614006042,0.1437126249074936,0.40159423649311066,1.0
15273,15466,138,107,29,8,current,prefix_mean,0.5764060318470001,0.2145824879407882,0.3618235439062119,1.0
15273,15466,138,107,29,8,past_ewma,current,0.578394792842967,0.1934221851484579,0.38497260769450914,1.0
15273,15466,138,107,29,8,past_ewma,prefix_mean,0.5155770783456897,0.25731568041485675,0.2582613979308329,1.0
15273,15466,138,107,29,8,current_increment,current,0.04357400983572,-0.1188939020037651,0.16246791183948509,1.0
15273,15466,138,107,29,8,current_increment,prefix_mean,0.2070925832726061,-0.07432007174938919,0.2814126550219953,1.0
15345,15478,168,112,33,1,current,current,0.3712595999240875,0.1471025198698043,0.22415708005428323,1.0
15345,15478,168,112,33,1,current,prefix_mean,0.3712595999240875,0.1471025198698043,0.22415708005428323,1.0
15345,15478,168,112,33,1,past_ewma,current,0.2237268345105971,0.1239780586923352,0.0997487758182619,1.0
15345,15478,168,112,33,1,past_ewma,prefix_mean,0.2237268345105971,0.1239780586923352,0.0997487758182619,1.0
15345,15478,168,112,33,1,current_increment,current,0.1306512102484703,0.0160860158503054,0.11456519439816489,1.0
15345,15478,168,112,33,1,current_increment,prefix_mean,0.1306512102484703,0.0160860158503054,0.11456519439816489,1.0
15345,15478,168,112,33,2,current,current,0.7149004340171814,0.1968284994363784,0.518071934580803,1.0
15345,15478,168,112,33,2,current,prefix_mean,0.5430800169706345,0.17196550965309135,0.37111450731754314,1.0
15345,15478,168,112,33,2,past_ewma,current,0.2974932172173423,0.1355402892810697,0.16195292793627258,1.0
15345,15478,168,112,33,2,past_ewma,prefix_mean,0.2606100258639697,0.12975917398670245,0.13085085187726725,1.0
15345,15478,168,112,33,2,current_increment,current,0.4507562562823295,0.0648742400109767,0.3858820162713528,1.0
15345,15478,168,112,33,2,current_increment,prefix_mean,0.2907037332653999,0.040480127930641055,0.25022360533475885,1.0
15345,15478,168,112,33,4,current,current,0.8112202286720276,0.1603770405054092,0.6508431881666183,1.0
15345,15478,168,112,33,4,current,prefix_mean,0.668500505387783,0.17128529399633402,0.49721521139144903,1.0
15345,15478,168,112,33,4,past_ewma,current,0.6414092922775487,0.1735087552662341,0.4679005370113146,1.0
15345,15478,168,112,33,4,past_ewma,prefix_mean,0.4172065424056875,0.14980287439959075,0.2674036680060967,1.0
15345,15478,168,112,33,4,current_increment,current,0.4313525766134262,0.0182674936950206,0.41308508291840557,1.0
15345,15478,168,112,33,4,current_increment,prefix_mean,0.36798639632761476,0.035379454866051575,0.33260694146156317,1.0
15345,15478,168,112,33,8,current,current,0.814457356929779,0.1873435974121093,0.6271137595176698,1.0
15345,15478,168,112,33,8,current,prefix_mean,0.6938726790249348,0.19747339561581606,0.4963992834091187,1.0
15345,15478,168,112,33,8,past_ewma,current,0.6595758543943896,0.2324994341097501,0.4270764202846395,1.0
15345,15478,168,112,33,8,past_ewma,prefix_mean,0.5655502362370629,0.1759875313486674,0.3895627048883955,1.0
15345,15478,168,112,33,8,current_increment,current,0.281237804889679,0.0085413604974745,0.2726964443922045,1.0
15345,15478,168,112,33,8,current_increment,prefix_mean,0.30236925017088645,0.048269442003220225,0.2540998081676662,1.0
15465,15498,191,137,32,1,current,current,0.3363112211227417,0.2785863876342773,0.05772483348846441,1.0
15465,15498,191,137,32,1,current,prefix_mean,0.3363112211227417,0.2785863876342773,0.05772483348846441,1.0
15465,15498,191,137,32,1,past_ewma,current,0.3035084825321952,0.1591886385197855,0.1443198440124097,1.0
15465,15498,191,137,32,1,past_ewma,prefix_mean,0.3035084825321952,0.1591886385197855,0.1443198440124097,1.0
15465,15498,191,137,32,1,current_increment,current,-0.0201896861195564,-0.0801122836768628,0.05992259755730639,1.0
15465,15498,191,137,32,1,current_increment,prefix_mean,-0.0201896861195564,-0.0801122836768628,0.05992259755730639,1.0
15465,15498,191,137,32,2,current,current,0.5975840091705322,0.3329186737537384,0.2646653354167938,1.0
15465,15498,191,137,32,2,current,prefix_mean,0.46694761514663696,0.3057525306940079,0.1611950844526291,1.0
15465,15498,191,137,32,2,past_ewma,current,0.3199098518274684,0.2188875130770314,0.10102233875043701,1.0
15465,15498,191,137,32,2,past_ewma,prefix_mean,0.31170916717983177,0.18903807579840845,0.12267109138142332,1.0
15465,15498,191,137,32,2,current_increment,current,0.2268452435731888,0.0238459892570972,0.20299925431609162,1.0
15465,15498,191,137,32,2,current_increment,prefix_mean,0.1033277787268162,-0.028133147209882796,0.131460925936699,1.0
15465,15498,191,137,32,4,current,current,0.3497154116630554,0.2213085293769836,0.12840688228607183,1.0
15465,15498,191,137,32,4,current,prefix_mean,0.45653657615184784,0.28356461226940155,0.1729719638824463,1.0
15465,15498,191,137,32,4,past_ewma,current,0.5006412965750312,0.2886739758639958,0.2119673207110354,1.0
15465,15498,191,137,32,4,past_ewma,prefix_mean,0.3957016403584237,0.23566330521904938,0.16003833513937432,1.0
15465,15498,191,137,32,4,current_increment,current,-0.0353756994009017,-0.0103726319968701,-0.025003067404031597,0.0
15465,15498,191,137,32,4,current_increment,prefix_mean,0.08102449811995033,-0.006981585919857073,0.0880060840398074,1.0
15465,15498,191,137,32,8,current,current,0.6664413809776306,0.1553674787282943,0.5110739022493364,1.0
15465,15498,191,137,32,8,current,prefix_mean,0.5264435075223446,0.22118043713271615,0.3052630703896284,1.0
15465,15498,191,137,32,8,past_ewma,current,0.5263347632108605,0.1683062823364475,0.35802848087441297,1.0
15465,15498,191,137,32,8,past_ewma,prefix_mean,0.453223610131832,0.22051837662956975,0.23270523350226224,1.0
15465,15498,191,137,32,8,current_increment,current,0.229724770784378,-0.0530788280069828,0.2828035987913608,1.0
15465,15498,191,137,32,8,current_increment,prefix_mean,0.13551671113818883,-0.03381522670388222,0.16933193784207107,1.0
15465,15498,52,26,10,1,current,current,0.3563437759876251,0.1155464723706245,0.24079730361700064,1.0
15465,15498,52,26,10,1,current,prefix_mean,0.3563437759876251,0.1155464723706245,0.24079730361700064,1.0
15465,15498,52,26,10,1,past_ewma,current,0.5379630982387357,0.1267568608025979,0.41120623743613777,1.0
15465,15498,52,26,10,1,past_ewma,prefix_mean,0.5379630982387357,0.1267568608025979,0.41120623743613777,1.0
15465,15498,52,26,10,1,current_increment,current,0.0019127257168292,-0.003129069507122,0.0050417952239512,1.0
15465,15498,52,26,10,1,current_increment,prefix_mean,0.0019127257168292,-0.003129069507122,0.0050417952239512,1.0
15465,15498,52,26,10,2,current,current,0.5326602458953857,0.1529600769281387,0.379700168967247,1.0
15465,15498,52,26,10,2,current,prefix_mean,0.44450201094150543,0.1342532746493816,0.3102487362921238,1.0
15465,15498,52,26,10,2,past_ewma,current,0.4471534371131804,0.1211516665866112,0.3260017705265692,1.0
15465,15498,52,26,10,2,past_ewma,prefix_mean,0.492558267675958,0.12395426369460455,0.36860400398135346,1.0
15465,15498,52,26,10,2,current_increment,current,0.1590805105865,0.0338223062455653,0.1252582043409347,1.0
15465,15498,52,26,10,2,current_increment,prefix_mean,0.0804966181516646,0.015346618369221651,0.06514999978244296,1.0
15465,15498,52,26,10,4,current,current,0.4812796413898468,0.1382459849119186,0.34303365647792816,1.0
15465,15498,52,26,10,4,current,prefix_mean,0.48731829226017,0.1439418066293001,0.34337648563086987,1.0
15465,15498,52,26,10,4,past_ewma,current,0.5344481736360527,0.1530352820319467,0.38141289160410596,1.0
15465,15498,52,26,10,4,past_ewma,prefix_mean,0.502367887623063,0.13449992029463267,0.3678679673284303,1.0
15465,15498,52,26,10,4,current_increment,current,0.0321631513535975,0.0108953371644019,0.0212678141891956,1.0
15465,15498,52,26,10,4,current_increment,prefix_mean,0.0908905033022164,0.022101146355271276,0.06878935694694513,1.0
15465,15498,52,26,10,8,current,current,0.6124415397644043,0.1508358120918274,0.4616057276725769,1.0
15465,15498,52,26,10,8,current,prefix_mean,0.5495686084032059,0.1448469972237944,0.40472161117941147,1.0
15465,15498,52,26,10,8,past_ewma,current,0.5706003865223287,0.1462543391893464,0.4243460473329823,1.0
15465,15498,52,26,10,8,past_ewma,prefix_mean,0.5361791421770481,0.13939994351429713,0.39677919866275096,1.0
15465,15498,52,26,10,8,current_increment,current,0.0524750322103499,0.0135037213563919,0.038971310853958004,1.0
15465,15498,52,26,10,8,current_increment,prefix_mean,0.08688212018460023,0.01799296382814639,0.06888915635645385,1.0
15555,15513,186,121,30,1,current,current,0.6141631007194519,0.2385184019804,0.37564469873905193,1.0
15555,15513,186,121,30,1,current,prefix_mean,0.6141631007194519,0.2385184019804,0.37564469873905193,1.0
15555,15513,186,121,30,1,past_ewma,current,0.3533005674208456,0.2049195670081102,0.1483810004127354,1.0
15555,15513,186,121,30,1,past_ewma,prefix_mean,0.3533005674208456,0.2049195670081102,0.1483810004127354,1.0
15555,15513,186,121,30,1,current_increment,current,0.207767567038536,0.0206787437200545,0.18708882331848148,1.0
15555,15513,186,121,30,1,current_increment,prefix_mean,0.207767567038536,0.0206787437200545,0.18708882331848148,1.0
15555,15513,186,121,30,2,current,current,0.5347968935966492,0.3333547115325928,0.2014421820640564,1.0
15555,15513,186,121,30,2,current,prefix_mean,0.5744799971580505,0.2859365567564964,0.28854344040155416,1.0
15555,15513,186,121,30,2,past_ewma,current,0.4837318340701487,0.2217189844942551,0.2620128495758936,1.0
15555,15513,186,121,30,2,past_ewma,prefix_mean,0.4185162007454971,0.21331927575118265,0.20519692499431447,1.0
15555,15513,186,121,30,2,current_increment,current,0.118264302611351,0.1056307852268219,0.0126335173845291,1.0
15555,15513,186,121,30,2,current_increment,prefix_mean,0.1630159348249435,0.06315476447343821,0.0998611703515053,1.0
15555,15513,186,121,30,4,current,current,0.7965191006660461,0.4638040065765381,0.33271509408950806,1.0
15555,15513,186,121,30,4,current,prefix_mean,0.6935963332653046,0.3546000085771084,0.3389963246881962,1.0
15555,15513,186,121,30,4,past_ewma,current,0.669085300956235,0.3301298811161632,0.33895541984007177,1.0
15555,15513,186,121,30,4,past_ewma,prefix_mean,0.503845516570157,0.2585763201579881,0.24526919641216888,1.0
15555,15513,186,121,30,4,current_increment,current,0.3479781299829483,0.2079620197415351,0.1400161102414132,1.0
15555,15513,186,121,30,4,current_increment,prefix_mean,0.2724641114473343,0.12027330435812468,0.15219080708920962,1.0
15555,15513,186,121,30,8,current,current,0.7944678664207458,0.6639688014984131,0.13049906492233276,1.0
15555,15513,186,121,30,8,current,prefix_mean,0.7541498392820358,0.448113476857543,0.30603636242449284,1.0
15555,15513,186,121,30,8,past_ewma,current,0.8060083002469233,0.500418545020894,0.30558975522602927,1.0
15555,15513,186,121,30,8,past_ewma,prefix_mean,0.6424154603037886,0.35379495029465713,0.28862051000913147,1.0
15555,15513,186,121,30,8,current_increment,current,0.1661485761404038,0.3081297934055328,-0.14198121726512902,0.0
15555,15513,186,121,30,8,current_increment,prefix_mean,0.26580480821430685,0.1735412580892443,0.09226355012506254,1.0
15687,15535,140,100,4,1,current,current,0.7563990354537964,0.1735951453447342,0.5828038901090622,1.0
15687,15535,140,100,4,1,current,prefix_mean,0.7563990354537964,0.1735951453447342,0.5828038901090622,1.0
15687,15535,140,100,4,1,past_ewma,current,0.467242731249167,0.1512169475927505,0.3160257836564165,1.0
15687,15535,140,100,4,1,past_ewma,prefix_mean,0.467242731249167,0.1512169475927505,0.3160257836564165,1.0
15687,15535,140,100,4,1,current_increment,current,0.3554037004709244,-0.0117071241140365,0.3671108245849609,1.0
15687,15535,140,100,4,1,current_increment,prefix_mean,0.3554037004709244,-0.0117071241140365,0.3671108245849609,1.0
15687,15535,140,100,4,2,current,current,0.6445525884628296,0.2111262381076812,0.4334263503551484,1.0
15687,15535,140,100,4,2,current,prefix_mean,0.700475811958313,0.19236069172620768,0.5081151202321053,1.0
15687,15535,140,100,4,2,past_ewma,current,0.6118208833514818,0.1624060464687423,0.4494148368827395,1.0
15687,15535,140,100,4,2,past_ewma,prefix_mean,0.5395318073003244,0.1568114970307464,0.382720310269578,1.0
15687,15535,140,100,4,2,current_increment,current,0.1954812407493591,0.0333223700523375,0.16215887069702162,1.0
15687,15535,140,100,4,2,current_increment,prefix_mean,0.27544247061014177,0.010807622969150499,0.26463484764099127,1.0
15687,15535,140,100,4,4,current,current,0.4469954371452331,0.112335555255413,0.3346598818898201,1.0
15687,15535,140,100,4,4,current,prefix_mean,0.5995085686445236,0.16876687295734877,0.43074169568717485,1.0
15687,15535,140,100,4,4,past_ewma,current,0.5891369747116955,0.1823883477048892,0.40674862700680625,1.0
15687,15535,140,100,4,4,past_ewma,prefix_mean,0.5740968313048749,0.17069437101364843,0.40340246029122645,1.0
15687,15535,140,100,4,4,current_increment,current,-0.0653610467910767,-0.0526190549135208,-0.012741991877555897,0.0
15687,15535,140,100,4,4,current_increment,prefix_mean,0.13714345321059226,-0.007770190015435257,0.1449136432260275,1.0
15753,15546,100,50,23,1,current,current,0.3206753134727478,0.1082616299390792,0.2124136835336686,1.0
15753,15546,100,50,23,1,current,prefix_mean,0.3206753134727478,0.1082616299390792,0.2124136835336686,1.0
15753,15546,100,50,23,1,past_ewma,current,0.2044653112192066,0.1302795840554223,0.0741857271637843,1.0
15753,15546,100,50,23,1,past_ewma,prefix_mean,0.2044653112192066,0.1302795840554223,0.0741857271637843,1.0
15753,15546,100,50,23,1,current_increment,current,0.1144893303513527,-0.0317041091620923,0.146193439513445,1.0
15753,15546,100,50,23,1,current_increment,prefix_mean,0.1144893303513527,-0.0317041091620923,0.146193439513445,1.0
15753,15546,100,50,23,2,current,current,0.3951678872108459,0.1183622106909751,0.27680567651987076,1.0
15753,15546,100,50,23,2,current,prefix_mean,0.3579216003417969,0.11331192031502715,0.24460968002676972,1.0
15753,15546,100,50,23,2,past_ewma,current,0.2625703123459772,0.1192706069972507,0.14329970534872652,1.0
15753,15546,100,50,23,2,past_ewma,prefix_mean,0.2335178117825919,0.1247750955263365,0.1087427162562554,1.0
15753,15546,100,50,23,2,current_increment,current,0.1767027035355567,-0.0135360009968282,0.1902387045323849,1.0
15753,15546,100,50,23,2,current_increment,prefix_mean,0.1455960169434547,-0.02262005507946025,0.16821607202291494,1.0
15753,15546,100,50,23,4,current,current,0.5024349689483643,0.2303476780653,0.27208729088306427,1.0
15753,15546,100,50,23,4,current,prefix_mean,0.4499578922986984,0.14469039440155024,0.3052674978971482,1.0
15753,15546,100,50,23,4,past_ewma,current,0.4552112496706236,0.1203032338774798,0.3349080157931438,1.0
15753,15546,100,50,23,4,past_ewma,prefix_mean,0.31277899325355474,0.12216745844356643,0.19061153480998833,1.0
15753,15546,100,50,23,4,current_increment,current,0.2255921229720116,0.0990259662270545,0.12656615674495708,1.0
15753,15546,100,50,23,4,current_increment,prefix_mean,0.21485482007265086,0.011444542929530049,0.20341027714312082,1.0
15753,15546,100,50,23,8,current,current,0.6472458839416504,0.2202115207910537,0.42703436315059673,1.0
15753,15546,100,50,23,8,current,prefix_mean,0.5238527692854404,0.16632597707211966,0.3575267922133208,1.0
15753,15546,100,50,23,8,past_ewma,current,0.5913538055917397,0.1641936324173994,0.4271601731743403,1.0
15753,15546,100,50,23,8,past_ewma,prefix_mean,0.4201441358985683,0.15084522893491858,0.2692989069636497,1.0
15753,15546,100,50,23,8,current_increment,current,0.2293210133910179,0.0706015273928641,0.1587194859981538,1.0
15753,15546,100,50,23,8,current_increment,prefix_mean,0.22491964194923636,0.025170453265309235,0.19974918868392713,1.0
16467,12236,109,82,9,1,current,current,0.3381189107894897,0.1537322849035263,0.18438662588596338,1.0
16467,12236,109,82,9,1,current,prefix_mean,0.3381189107894897,0.1537322849035263,0.18438662588596338,1.0
16467,12236,109,82,9,1,past_ewma,current,0.1396426489157546,0.1949311646953688,-0.05528851577961422,0.0
16467,12236,109,82,9,1,past_ewma,prefix_mean,0.1396426489157546,0.1949311646953688,-0.05528851577961422,0.0
16467,12236,109,82,9,1,current_increment,current,0.1524812445044517,-0.0589162200689315,0.21139746457338318,1.0
16467,12236,109,82,9,1,current_increment,prefix_mean,0.1524812445044517,-0.0589162200689315,0.21139746457338318,1.0
16467,12236,109,82,9,2,current,current,0.3945598304271698,0.2005138993263244,0.1940459311008454,1.0
16467,12236,109,82,9,2,current,prefix_mean,0.3663393706083298,0.17712309211492536,0.18921627849340442,1.0
16467,12236,109,82,9,2,past_ewma,current,0.2388807798526221,0.1743317247994475,0.0645490550531746,1.0
16467,12236,109,82,9,2,past_ewma,prefix_mean,0.18926171438418835,0.18463144474740817,0.0046302696367801766,1.0
16467,12236,109,82,9,2,current_increment,current,0.1949563324451446,-0.0137251630425453,0.20868149548768988,1.0
16467,12236,109,82,9,2,current_increment,prefix_mean,0.17371878847479816,-0.0363206915557384,0.21003948003053657,1.0
16467,12236,109,82,9,4,current,current,0.4291310906410217,0.2270594090223312,0.20207168161869046,1.0
16467,12236,109,82,9,4,current,prefix_mean,0.3670658990740776,0.17754228040575978,0.18952361866831782,1.0
16467,12236,109,82,9,4,past_ewma,current,0.3115870347892625,0.1581431702168716,0.15344386457239087,1.0
16467,12236,109,82,9,4,past_ewma,prefix_mean,0.25170769217438377,0.1787072179436435,0.07300047423074027,1.0
16467,12236,109,82,9,4,current_increment,current,0.1936638042330741,0.0167571336030959,0.17690667062997822,1.0
16467,12236,109,82,9,4,current_increment,prefix_mean,0.15681439265608782,-0.03724537268280982,0.19405976533889763,1.0
16467,12236,109,82,9,8,current,current,0.3772077858448028,0.142136350274086,0.2350714355707168,1.0
16467,12236,109,82,9,8,current,prefix_mean,0.395665068179369,0.1644823830574751,0.23118268512189388,1.0
16467,12236,109,82,9,8,past_ewma,current,0.4370924382860175,0.1737399562286332,0.2633524820573843,1.0
16467,12236,109,82,9,8,past_ewma,prefix_mean,0.32878820239195505,0.17373063591847732,0.15505756647347774,1.0
16467,12236,109,82,9,8,current_increment,current,0.0557664796710014,-0.0289617106318473,0.0847281903028487,1.0
16467,12236,109,82,9,8,current_increment,prefix_mean,0.1519370501860976,-0.04244096931070086,0.19437801949679845,1.0
16509,12243,99,64,10,1,current,current,0.2301743328571319,0.2017217129468917,0.0284526199102402,1.0
16509,12243,99,64,10,1,current,prefix_mean,0.2301743328571319,0.2017217129468917,0.0284526199102402,1.0
16509,12243,99,64,10,1,past_ewma,current,0.2438879265778786,0.2277489541774464,0.016138972400432217,1.0
16509,12243,99,64,10,1,past_ewma,prefix_mean,0.2438879265778786,0.2277489541774464,0.016138972400432217,1.0
16509,12243,99,64,10,1,current_increment,current,0.0298138216137885,-0.136055076122284,0.16586889773607252,1.0
16509,12243,99,64,10,1,current_increment,prefix_mean,0.0298138216137885,-0.136055076122284,0.16586889773607252,1.0
16509,12243,99,64,10,2,current,current,0.3047488033771515,0.1846461743116378,0.1201026290655137,1.0
16509,12243,99,64,10,2,current,prefix_mean,0.2674615681171417,0.19318394362926475,0.07427762448787698,1.0
16509,12243,99,64,10,2,past_ewma,current,0.2370311297175052,0.214735333562169,0.022295796155336195,1.0
16509,12243,99,64,10,2,past_ewma,prefix_mean,0.2404595281476919,0.2212421438698077,0.019217384277884192,1.0
16509,12243,99,64,10,2,current_increment,current,0.0996496587991714,-0.13783268481493,0.2374823436141014,1.0
16509,12243,99,64,10,2,current_increment,prefix_mean,0.06473174020647995,-0.136943880468607,0.20167562067508696,1.0
16509,12243,99,64,10,4,current,current,0.3553119003772735,0.284734696149826,0.07057720422744751,1.0
16509,12243,99,64,10,4,current,prefix_mean,0.3371102064847946,0.25200491398572916,0.08510529249906545,1.0
16509,12243,99,64,10,4,past_ewma,current,0.3645478779374749,0.2683039132357322,0.09624396470174268,1.0
16509,12243,99,64,10,4,past_ewma,prefix_mean,0.27908922519504675,0.22761973872806276,0.05146948646698399,1.0
16509,12243,99,64,10,4,current_increment,current,0.1038812369108199,0.0239598721265792,0.0799213647842407,1.0
16509,12243,99,64,10,4,current_increment,prefix_mean,0.11807228140532963,-0.05331843011081225,0.17139071151614188,1.0
16509,12243,99,64,10,8,current,current,0.4300240874290466,0.1557159274816513,0.27430815994739527,1.0
16509,12243,99,64,10,8,current,prefix_mean,0.4202641732990742,0.28062749467790127,0.1396366786211729,1.0
16509,12243,99,64,10,8,past_ewma,current,0.5146034285072187,0.3516812108680648,0.16292221763915393,1.0
16509,12243,99,64,10,8,past_ewma,prefix_mean,0.36315771545151065,0.2741400909285483,0.08901762452296236,1.0
16509,12243,99,64,10,8,current_increment,current,0.0542598038911819,-0.1228751435875892,0.17713494747877112,1.0
16509,12243,99,64,10,8,current_increment,prefix_mean,0.1486937569454312,-0.007807051204144988,0.15650080814957618,1.0
16797,12291,66,40,13,1,current,current,0.797015368938446,0.4284676015377044,0.36854776740074163,1.0
16797,12291,66,40,13,1,current,prefix_mean,0.797015368938446,0.4284676015377044,0.36854776740074163,1.0
16797,12291,66,40,13,1,past_ewma,current,0.574570510917175,0.4164605038388321,0.15811000707834294,1.0
16797,12291,66,40,13,1,past_ewma,prefix_mean,0.574570510917175,0.4164605038388321,0.15811000707834294,1.0
16797,12291,66,40,13,1,current_increment,current,0.3839107424020767,0.1356538504362106,0.2482568919658661,1.0
16797,12291,66,40,13,1,current_increment,prefix_mean,0.3839107424020767,0.1356538504362106,0.2482568919658661,1.0
16797,12291,66,40,13,2,current,current,0.8103442788124084,0.1858488619327545,0.6244954168796539,1.0
16797,12291,66,40,13,2,current,prefix_mean,0.8036798238754272,0.30715823173522944,0.4965215921401978,1.0
16797,12291,66,40,13,2,past_ewma,current,0.6857929399278105,0.4224640526882682,0.26332888723954234,1.0
16797,12291,66,40,13,2,past_ewma,prefix_mean,0.6301817254224928,0.41946227826355015,0.2107194471589427,1.0
16797,12291,66,40,13,2,current_increment,current,0.3433420062065123,-0.1374454960227012,0.4807875022292135,1.0
16797,12291,66,40,13,2,current_increment,prefix_mean,0.36362637430429445,-0.0008958227932453072,0.36452219709753975,1.0
16797,12291,66,40,13,4,current,current,0.8017365336418152,0.1782474815845489,0.6234890520572662,1.0
16797,12291,66,40,13,4,current,prefix_mean,0.7978639751672745,0.29317288845777506,0.5046910867094994,1.0
16797,12291,66,40,13,4,past_ewma,current,0.7652141643232688,0.3421420330433019,0.42307213127996696,1.0
16797,12291,66,40,13,4,past_ewma,prefix_mean,0.693411556134591,0.3713057617202284,0.32210579441436266,1.0
16797,12291,66,40,13,4,current_increment,current,0.2368700563907622,-0.1540265291929245,0.3908965855836867,1.0
16797,12291,66,40,13,4,current_increment,prefix_mean,0.30578571110963804,-0.025118374451994906,0.3309040855616329,1.0
16797,12291,66,40,13,8,current,current,0.4640701413154602,0.2565711438655853,0.20749899744987488,1.0
16797,12291,66,40,13,8,current,prefix_mean,0.7642671465873718,0.3274045828729868,0.43686256371438503,1.0
16797,12291,66,40,13,8,past_ewma,current,0.8021627005976102,0.3604208856487521,0.4417418149488581,1.0
16797,12291,66,40,13,8,past_ewma,prefix_mean,0.7496306690775318,0.3543957051434026,0.39523496393412927,1.0
16797,12291,66,40,13,8,current_increment,current,-0.2706434339284899,-0.108448316156864,-0.16219511777162587,0.0
16797,12291,66,40,13,8,current_increment,prefix_mean,0.1770385615527628,-0.004596488550305328,0.18163505010306813,1.0
16851,12300,128,116,8,1,current,current,0.9243607521057128,0.7778884768486023,0.14647227525711048,1.0
16851,12300,128,116,8,1,current,prefix_mean,0.9243607521057128,0.7778884768486023,0.14647227525711048,1.0
16851,12300,128,116,8,1,past_ewma,current,0.8170203966671004,0.8120230795320846,0.004997317135015722,1.0
16851,12300,128,116,8,1,past_ewma,prefix_mean,0.8170203966671004,0.8120230795320846,0.004997317135015722,1.0
16851,12300,128,116,8,1,current_increment,current,0.0865872502326964,-0.0209072828292846,0.10749453306198099,1.0
16851,12300,128,116,8,1,current_increment,prefix_mean,0.0865872502326964,-0.0209072828292846,0.10749453306198099,1.0
16851,12300,128,116,8,2,current,current,0.9505207538604736,0.8866167068481445,0.0639040470123291,1.0
16851,12300,128,116,8,2,current,prefix_mean,0.9374407529830933,0.8322525918483734,0.10518816113471985,1.0
16851,12300,128,116,8,2,past_ewma,current,0.8706905743864066,0.7949557781903435,0.07573479619606316,1.0
16851,12300,128,116,8,2,past_ewma,prefix_mean,0.8438554855267535,0.803489428861214,0.040366056665539496,1.0
16851,12300,128,116,8,2,current_increment,current,0.1063389718532562,0.090928965806961,0.015410006046295208,1.0
16851,12300,128,116,8,2,current_increment,prefix_mean,0.09646311104297631,0.0350108414888382,0.06145226955413811,1.0
16851,12300,128,116,8,4,current,current,0.9545279145240784,0.8884349465370178,0.06609296798706055,1.0
16851,12300,128,116,8,4,current,prefix_mean,0.9434088170528412,0.8533045202493668,0.09010429680347443,1.0
16851,12300,128,116,8,4,past_ewma,current,0.92741575592227,0.8505320966414732,0.07688365928079677,1.0
16851,12300,128,116,8,4,past_ewma,prefix_mean,0.8814330977748043,0.8245742992207864,0.056858798554017875,1.0
16851,12300,128,116,8,4,current_increment,current,0.0922757506370544,0.0816295206546783,0.010646229982376104,1.0
16851,12300,128,116,8,4,current_increment,prefix_mean,0.09475936442613597,0.051992106437683074,0.0427672579884529,1.0
16851,12300,128,116,8,8,current,current,0.8577665090560913,0.8834764361381531,-0.025709927082061768,0.0
16851,12300,128,116,8,8,current,prefix_mean,0.8969199880957603,0.8601897805929184,0.03673020750284195,1.0
16851,12300,128,116,8,8,past_ewma,current,0.8544490317214698,0.877091674880262,-0.022642643158792164,0.0
16851,12300,128,116,8,8,past_ewma,prefix_mean,0.8871481446653403,0.8431245365986377,0.04402360806670258,1.0
16851,12300,128,116,8,8,current_increment,current,-0.0082946240901946,0.0363134145736694,-0.044608038663864,0.0
16851,12300,128,116,8,8,current_increment,prefix_mean,0.03844894990324972,0.051085359603166555,-0.012636409699916834,0.0
16881,12305,77,55,21,1,current,current,0.3951649069786072,0.1790561527013778,0.21610875427722936,1.0
16881,12305,77,55,21,1,current,prefix_mean,0.3951649069786072,0.1790561527013778,0.21610875427722936,1.0
16881,12305,77,55,21,1,past_ewma,current,0.2290920076897488,0.124796904619351,0.1042951030703978,1.0
16881,12305,77,55,21,1,past_ewma,prefix_mean,0.2290920076897488,0.124796904619351,0.1042951030703978,1.0
16881,12305,77,55,21,1,current_increment,current,0.2155851371586322,0.0090892240405082,0.206495913118124,1.0
16881,12305,77,55,21,1,current_increment,prefix_mean,0.2155851371586322,0.0090892240405082,0.206495913118124,1.0
16881,12305,77,55,21,2,current,current,0.438915491104126,0.134399265050888,0.30451622605323797,1.0
16881,12305,77,55,21,2,current,prefix_mean,0.4170401990413666,0.1567277088761329,0.26031249016523367,1.0
16881,12305,77,55,21,2,past_ewma,current,0.312128457334178,0.1519265286603644,0.16020192867381358,1.0
16881,12305,77,55,21,2,past_ewma,prefix_mean,0.27061023251196337,0.1383617166398577,0.13224851587210568,1.0
16881,12305,77,55,21,2,current_increment,current,0.2353678502142429,-0.0278223425149918,0.2631901927292347,1.0
16881,12305,77,55,21,2,current_increment,prefix_mean,0.22547649368643755,-0.009366559237241799,0.23484305292367935,1.0
16881,12305,77,55,21,4,current,current,0.432994931936264,0.1813457012176513,0.25164923071861267,1.0
16881,12305,77,55,21,4,current,prefix_mean,0.39782651513814926,0.1591432131826877,0.23868330195546156,1.0
16881,12305,77,55,21,4,past_ewma,current,0.3498763523763759,0.1424673153082299,0.20740903706814598,1.0
16881,12305,77,55,21,4,past_ewma,prefix_mean,0.31665469790486367,0.14058841136089287,0.1760662865439708,1.0
16881,12305,77,55,21,4,current_increment,current,0.1871673606336116,0.027564936876297,0.15960242375731462,1.0
16881,12305,77,55,21,4,current_increment,prefix_mean,0.18249240778386586,-0.0014455519616604004,0.18393795974552626,1.0
16881,12305,77,55,21,8,current,current,0.8689982891082764,0.1716588735580444,0.6973394155502319,1.0
16881,12305,77,55,21,8,current,prefix_mean,0.5454477481544018,0.14622925221920008,0.3992184959352017,1.0
16881,12305,77,55,21,8,past_ewma,current,0.6365326964747555,0.1193156071821833,0.5172170892925723,1.0
16881,12305,77,55,21,8,past_ewma,prefix_mean,0.41452937687896,0.1410566682815093,0.2734727085974507,1.0
16881,12305,77,55,21,8,current_increment,current,0.4389127358794212,0.0344510242342949,0.4044617116451263,1.0
16881,12305,77,55,21,8,current_increment,prefix_mean,0.26334010800346724,-0.005250748805701713,0.26859085680916894,1.0
17199,12358,117,89,28,1,current,current,0.2537601590156555,0.2013596147298813,0.05240054428577423,1.0
17199,12358,117,89,28,1,current,prefix_mean,0.2537601590156555,0.2013596147298813,0.05240054428577423,1.0
17199,12358,117,89,28,1,past_ewma,current,0.2085696797686921,0.2189481489135536,-0.010378469144861513,0.0
17199,12358,117,89,28,1,past_ewma,prefix_mean,0.2085696797686921,0.2189481489135536,-0.010378469144861513,0.0
17199,12358,117,89,28,1,current_increment,current,0.0179467886686325,0.0423774845898151,-0.0244306959211826,0.0
17199,12358,117,89,28,1,current_increment,prefix_mean,0.0179467886686325,0.0423774845898151,-0.0244306959211826,0.0
17199,12358,117,89,28,2,current,current,0.1679312288761139,0.2126876562833786,-0.04475642740726471,0.0
17199,12358,117,89,28,2,current,prefix_mean,0.2108456939458847,0.20702363550662994,0.0038220584392547607,1.0
17199,12358,117,89,28,2,past_ewma,current,0.2311649193921738,0.2101538818217174,0.021011037570456387,1.0
17199,12358,117,89,28,2,past_ewma,prefix_mean,0.21986729958043294,0.2145510153676355,0.005316284212797451,1.0
17199,12358,117,89,28,2,current_increment,current,-0.0567396134138107,0.0439139261841773,-0.100653539597988,0.0
17199,12358,117,89,28,2,current_increment,prefix_mean,-0.0193964123725891,0.0431457053869962,-0.06254211775958529,0.0
17199,12358,117,89,28,4,current,current,0.2398991733789444,0.1995770782232284,0.040322095155716,1.0
17199,12358,117,89,28,4,current,prefix_mean,0.21571416407823563,0.20430316403508186,0.011411000043153763,1.0
17199,12358,117,89,28,4,past_ewma,current,0.2004070845881863,0.2075045379781935,-0.007097453390007197,0.0
17199,12358,117,89,28,4,past_ewma,prefix_mean,0.20992243947079897,0.21200683444150312,-0.0020843949707041454,0.0
17199,12358,117,89,28,4,current_increment,current,0.032014063000679,0.0079737246036528,0.0240403383970262,1.0
17199,12358,117,89,28,4,current_increment,prefix_mean,-0.004432284086942651,0.029369659908115773,-0.033801943995058426,0.0
17199,12358,117,89,28,8,current,current,0.1419673711061477,0.3327067792415619,-0.19073940813541418,0.0
17199,12358,117,89,28,8,current,prefix_mean,0.17825719993561503,0.2705759461969137,-0.09231874626129868,0.0
17199,12358,117,89,28,8,past_ewma,current,0.1445534907134855,0.3243353784257187,-0.1797818877122332,0.0
17199,12358,117,89,28,8,past_ewma,prefix_mean,0.1945845121503339,0.24318271371689199,-0.048598201566558086,0.0
17199,12358,117,89,28,8,current_increment,current,-0.0480575956404209,0.0866508185863494,-0.1347084142267703,0.0
17199,12358,117,89,28,8,current_increment,prefix_mean,-0.03090864969417451,0.07223634449765079,-0.1031449941918253,0.0
17283,12372,21,14,2,1,current,current,0.2942227721214294,0.0814325362443924,0.212790235877037,1.0
17283,12372,21,14,2,1,current,prefix_mean,0.2942227721214294,0.0814325362443924,0.212790235877037,1.0
17283,12372,21,14,2,1,past_ewma,current,0.1103747975340851,0.1192847553347746,-0.008909957800689497,0.0
17283,12372,21,14,2,1,past_ewma,prefix_mean,0.1103747975340851,0.1192847553347746,-0.008909957800689497,0.0
17283,12372,21,14,2,1,current_increment,current,0.1850073166191577,-0.0189693048596381,0.2039766214787958,1.0
17283,12372,21,14,2,1,current_increment,prefix_mean,0.1850073166191577,-0.0189693048596381,0.2039766214787958,1.0
17283,12372,21,14,2,2,current,current,0.3653049170970917,0.1072598695755004,0.2580450475215913,1.0
17283,12372,21,14,2,2,current,prefix_mean,0.32976384460926056,0.0943462029099464,0.23541764169931417,1.0
17283,12372,21,14,2,2,past_ewma,current,0.2022987848277572,0.1003586457895835,0.1019401390381737,1.0
17283,12372,21,14,2,2,past_ewma,prefix_mean,0.15633679118092114,0.10982170056217905,0.046515090618742094,1.0
17283,12372,21,14,2,2,current_increment,current,0.2377352811396122,0.0064870886504649,0.2312481924891473,1.0
17283,12372,21,14,2,2,current_increment,prefix_mean,0.21137129887938494,-0.0062411081045866,0.21761240698397155,1.0
