representation,task,causal_position_bucket,layer,pseudocount,fit_rows_seen,validation_rows_seen,fit_rows,validation_rows,components,dirichlet_converged,dirichlet_iterations,dirichlet_concentration,dirichlet_average_log_likelihood,logistic_normal_average_log_likelihood,dirichlet_minus_logistic_normal_nats,dirichlet_train_aic_per_row,logistic_normal_train_aic_per_row,mean_l1_error,covariance_relative_frobenius_error,positive_offdiagonal_covariance_fraction,positive_offdiagonal_covariance_mass_ratio,moment_concentration_coefficient_of_variation,nll_pit_ks_statistic,nll_pit_ks_pvalue,nll_tail_probability_below_001_fraction,nll_tail_probability_below_005_fraction
provenance,Data2txt,0,0,1e-06,576,288,576,288,6,True,27,5.8934931651483025,34.06009912595553,44.25047371704802,-10.190374591092484,-68.31954560378249,-88.63645431005479,0.1602842716878876,0.4512353510200742,0.06666666666666667,0.023362223769148475,0.999977289184618,0.4779188368055556,5.544192754363982e-61,0.0,0.0
provenance,Data2txt,0,0,0.0001,576,288,576,288,6,True,26,7.058480913891359,21.551026923388505,30.734157221547505,-9.183130298159,-43.317860684120795,-61.59895047308838,0.17706020489977145,0.5365302670012098,0.06666666666666667,0.023362223769148472,0.9999997714729343,0.42727322048611116,3.0247178705599236e-48,0.0,0.0
provenance,Data2txt,0,0,0.001,576,288,576,288,6,True,29,8.572641036415824,15.628242227615393,24.006227388110087,-8.377985160494688,-31.47817270592768,-48.1332513422159,0.19968843208664794,0.611518891946885,0.06666666666666667,0.02336222376914847,0.9999999758474604,0.3451063368055556,3.854469982514503e-31,0.0,0.0
provenance,Data2txt,0,1,1e-06,576,288,576,288,6,True,23,11.002464041379582,34.20086651088642,44.944232190382145,-10.743365679495717,-68.38244971733974,-89.81523848497477,0.08554644248286937,0.6368382836763228,0.0,8.263257884458011e-35,0.9999776966266901,0.4443359375,2.4306755109568167e-52,0.0,0.0
provenance,Data2txt,0,1,0.0001,576,288,576,288,6,True,23,13.074790887249666,22.01457767534278,31.143164459122755,-9.128586783779973,-44.001221938575185,-62.21221219932098,0.09920254395233782,0.6956259766897898,0.0,5.1862833438885315e-33,0.9999997760914769,0.3585069444444444,1.2042663701653218e-33,0.0,0.0
provenance,Data2txt,0,1,0.001,576,288,576,288,6,True,28,15.922515767711275,16.431995256807276,24.34549674757055,-7.913501490763277,-32.8210072468336,-48.60986304703826,0.11018943061792406,0.7477888217184353,0.0,2.625453665714271e-32,0.999999976809649,0.307861328125,9.839866006384578e-25,0.0,0.003472222222222222
provenance,Data2txt,0,2,1e-06,576,288,576,288,6,True,22,23.22502685776242,36.45791528514391,47.35514831274309,-10.897233027599182,-73.09143308701331,-94.82135181191023,0.037990274996870785,0.7595070835821761,0.06666666666666667,0.000954045987135192,0.9999582025804407,0.3992241753472222,6.259509393895542e-42,0.0,0.0
provenance,Data2txt,0,2,0.0001,576,288,576,288,6,True,27,29.44987487934016,24.327467684567416,33.754917162479735,-9.42744947791232,-48.807148067255,-67.64723769597052,0.04630383428127036,0.8145901412257593,0.06666666666666667,0.0009540459871351916,0.9999995776837362,0.34220377604166663,1.301612531883006e-30,0.006944444444444444,0.03125
provenance,Data2txt,0,2,0.001,576,288,576,288,6,True,26,38.876529252332254,18.74553933916307,27.077802027793055,-8.33226268862999,-37.619883043543915,-54.279034274243,0.05279955031605364,0.8588782933527326,0.06666666666666667,0.0009540459871351911,0.9999999537900615,0.32516818576388884,1.3071300088513368e-27,0.04861111111111111,0.059027777777777776
provenance,Data2txt,0,3,1e-06,576,288,576,288,6,True,22,16.007154912331174,34.924311861797975,46.1074068220196,-11.18309496022163,-69.88953734552977,-92.1881545922526,0.05863887387244936,0.6429006698007226,0.0,3.402353602549397e-39,0.9999738831372371,0.4277886284722222,2.2899802978162403e-48,0.0,0.0
provenance,Data2txt,0,3,0.0001,576,288,576,288,6,True,23,19.322378328613233,22.799805065113205,32.31963612442504,-9.519831059311835,-45.65218947226375,-64.61156266343427,0.06900007855467843,0.706325024258313,0.0,2.440365361306621e-32,0.9999997374325721,0.36328125,1.4523669070021623e-34,0.0,0.0
provenance,Data2txt,0,3,0.001,576,288,576,288,6,True,25,24.021804451351265,17.263408398641538,25.55688793421128,-8.293479535569743,-34.592168085416425,-51.07421678734726,0.0775062662980838,0.7621032814854558,0.0,3.351818541857038e-31,0.9999999724630592,0.2833930121527778,5.862977974747553e-21,0.006944444444444444,0.024305555555555556
provenance,Data2txt,0,4,1e-06,576,288,576,288,6,True,24,17.274780040058403,34.45906556495624,45.783956034242856,-11.324890469286622,-69.12921809959003,-91.62595508166415,0.04373763155111621,0.6072069445399347,0.0,5.686614547245837e-35,0.9999803654644205,0.4387749565972222,5.51779422252458e-51,0.0,0.0
provenance,Data2txt,0,4,0.0001,576,288,576,288,6,True,23,20.71061776903941,22.34458081407611,31.98292774063946,-9.638346926563353,-44.93903496353857,-64.02322774401364,0.05318428406781145,0.6741608659107512,0.0,5.9460779797806654e-34,0.999999802942225,0.3525390625,1.6206920742905745e-32,0.0,0.0
provenance,Data2txt,0,4,0.001,576,288,576,288,6,True,25,25.52063232254457,16.853451100137246,25.184010661019737,-8.33055956088249,-34.006597397264144,-50.4220374428542,0.06106047943716518,0.7333572217546992,0.0,3.4693887022406664e-31,0.9999999796428166,0.310302734375,3.959495435190733e-25,0.013888888888888888,0.027777777777777776
provenance,Data2txt,0,5,1e-06,576,288,576,288,6,True,23,15.48388384897392,34.343765038913034,45.80084689412453,-11.457081855211497,-68.9534432767393,-91.7802817380354,0.06054127147822427,0.6331917050715459,0.0,2.8823461970439157e-39,0.9999823935165819,0.42868381076388884,1.410949646598265e-48,0.0,0.0
provenance,Data2txt,0,5,0.0001,576,288,576,288,6,True,24,18.514729492170318,22.208099030920422,31.996618093665486,-9.788519062745063,-44.714740313591875,-64.17166686037835,0.0688713884428386,0.6948757354317276,0.0,2.122891877089481e-33,0.9999998232814558,0.34912109375,7.025479029793096e-32,0.0,0.0
provenance,Data2txt,0,5,0.001,576,288,576,288,6,True,24,22.66076234102163,16.68634665197284,25.175972509534464,-8.489625857561622,-33.71104216307536,-50.5288459815279,0.07566197448487608,0.7487732164828724,0.0,9.715092327364682e-32,0.9999999817301509,0.314453125,8.273611841881085e-26,0.017361111111111112,0.034722222222222224
provenance,Data2txt,0,6,1e-06,576,288,576,288,6,True,25,17.982383247866338,34.288349032410935,45.635452328782065,-11.347103296371131,-68.57792036581029,-91.22785371596756,0.031700849025926875,0.4652645541739679,0.0,4.333038909440441e-39,0.999978926646858,0.4732801649305556,9.652800130993201e-60,0.0,0.0
provenance,Data2txt,0,6,0.0001,576,288,576,288,6,True,22,21.488243153310425,22.208000140339383,31.85549657213408,-9.647496431794693,-44.410344355642415,-63.67550740792495,0.047206432057904,0.5562117974506973,0.0,4.445539417207559e-33,0.9999997886333495,0.39114040798611116,3.3359175287230318e-40,0.0,0.0
provenance,Data2txt,0,6,0.001,576,288,576,288,6,True,25,26.376147082767748,16.77838982941187,25.09220527356776,-8.313815444155889,-33.53995898762947,-50.134566348314976,0.059459311326142635,0.6358858473088038,0.0,1.4109864105228738e-31,0.9999999782852489,0.3251953125,1.2932242525923346e-27,0.010416666666666666,0.027777777777777776
provenance,Data2txt,0,7,1e-06,576,288,576,288,6,True,26,17.489098972634217,34.17356821786667,45.68898807353409,-11.515419855667428,-68.36665812417314,-91.2874957337266,0.03979888925045941,0.4764657480223007,0.0,1.2725383259911204e-35,0.9999787596137685,0.45817057291666663,8.332351940521715e-56,0.0,0.0
provenance,Data2txt,0,7,0.0001,576,288,576,288,6,True,21,20.829345555511992,22.082084634820685,31.882638202431988,-9.800553567611306,-44.185559824068754,-63.674704282146905,0.049122192915187636,0.5603917887799025,0.0,5.91383533339671e-35,0.9999997869617272,0.3585340711805556,1.1899861185973004e-33,0.0,0.0
provenance,Data2txt,0,7,0.001,576,288,576,288,6,True,25,25.37482194874499,16.632569613951933,25.054024202738976,-8.421454588787041,-33.288621542357596,-50.0165950715258,0.06134286350963122,0.6354099358059435,0.0,1.2186333383205363e-31,0.999999978116898,0.297607421875,4.133299001389411e-23,0.0,0.006944444444444444
provenance,Data2txt,0,8,1e-06,576,288,576,288,6,True,23,16.066086236301974,33.95968428560197,45.218590484305075,-11.258906198703103,-68.12051063492949,-90.45670475540987,0.05897440338212112,0.3898646784939876,0.0,2.6491587463064547e-34,0.999978446467819,0.46847873263888884,1.7900582700006335e-58,0.0,0.0
provenance,Data2txt,0,8,0.0001,576,288,576,288,6,True,24,19.113977228776605,21.830329641858942,31.419320465637334,-9.588990823778392,-43.9015575294093,-62.85999704960826,0.07343372104484772,0.4880351721053547,0.0,3.6616778384708796e-32,0.999999783877765,0.3768446180555556,2.9962424005793714e-37,0.0,0.0
provenance,Data2txt,0,8,0.001,576,288,576,288,6,True,25,23.41790366516573,16.33160183756603,24.632962939944385,-8.301361102378356,-32.960088489180265,-49.29561482397122,0.08440022094334935,0.5782723816672537,0.0,5.229063967669483e-31,0.9999999778522163,0.310546875,3.613407979492311e-25,0.0,0.010416666666666666
provenance,Data2txt,0,9,1e-06,576,288,576,288,6,True,23,15.837714594122003,34.110418311488644,45.157853854601655,-11.04743554311301,-68.44642509554743,-90.41428096500655,0.06300220902266199,0.3712096594871551,0.0,7.26951797634168e-34,0.9999763779098401,0.4755859375,2.3431350041897768e-60,0.0,0.0
provenance,Data2txt,0,9,0.0001,576,288,576,288,6,True,20,18.909769712261728,21.972505188867583,31.377666173025855,-9.40516098415827,-44.21823361917389,-62.85669806887275,0.07085266248933575,0.47351811330836957,0.0,6.258016065912696e-35,0.9999997630744933,0.3543023003472222,7.557298724677854e-33,0.0,0.0
provenance,Data2txt,0,9,0.001,576,288,576,288,6,True,25,23.233228130834064,16.458472542665252,24.616065982421812,-8.15759343975656,-33.25364366784057,-49.329191713180684,0.07979629053881612,0.5671398153392793,0.0,1.9273092919803622e-31,0.9999999756642586,0.31689453125,3.259088974520954e-26,0.0,0.0
provenance,Data2txt,0,10,1e-06,576,288,576,288,6,True,24,18.924671719787604,34.25408573093446,45.853128486139184,-11.599042755204735,-68.75486847155283,-91.84554139054609,0.04638903432056876,0.4260592557731643,0.0,1.2446632318738247e-34,0.9999788379600877,0.43497721354166663,4.527753742137316e-50,0.0,0.0
provenance,Data2txt,0,10,0.0001,576,288,576,288,6,True,23,22.67849612361034,22.16099347148047,32.06345167357913,-9.902458202098664,-44.60704521527178,-64.2690423960168,0.05922649333212826,0.5219814483378556,0.0,6.473640710909352e-35,0.999999787804579,0.3575575086805556,1.8271162721893003e-33,0.0,0.0
provenance,Data2txt,0,10,0.001,576,288,576,288,6,True,25,28.038451598247647,16.706549416876108,25.298029132359513,-8.591479715483407,-33.74900729483833,-50.74724936107294,0.0688772017790855,0.6085644300713593,0.0,1.4338907605150593e-32,0.999999978255819,0.3134765625,1.198320909222116e-25,0.024305555555555556,0.03819444444444445
provenance,Data2txt,0,11,1e-06,576,288,576,288,6,True,23,17.336668259984506,34.058356148358506,45.71991115747114,-11.661555009112632,-68.38562637486406,-91.64371037105505,0.05964601927453479,0.5330237038820356,0.06666666666666667,0.006608724572143276,0.9999686756853234,0.44620768229166663,8.406126480351754e-53,0.0,0.0
provenance,Data2txt,0,11,0.0001,576,288,576,288,6,True,21,20.666086322971175,21.945214558372143,31.914693129039254,-9.969478570667114,-44.19989116181346,-64.03431397521601,0.06666030421512918,0.6064936081597008,0.06666666666666667,0.006608724572143262,0.9999996856798455,0.360107421875,5.947074144724043e-34,0.0,0.0
provenance,Data2txt,0,11,0.001,576,288,576,288,6,True,25,25.191807402020835,16.46598441787037,25.092442530642757,-8.626458112772383,-33.29076456931615,-50.39705289081696,0.07212455172863189,0.6731260400163309,0.06666666666666667,0.006608724572143269,0.9999999675854804,0.30712890625,1.2910065988502668e-24,0.0,0.003472222222222222
provenance,Data2txt,0,12,1e-06,576,288,576,288,6,True,23,14.173097675146192,33.45750106738027,44.93746174045212,-11.47996067307185,-67.123963415339,-90.02545244370387,0.05209250299451295,0.43391763825369034,0.0,5.447436265846779e-35,0.9999838856177834,0.4801703559027778,1.3677572411305009e-61,0.0,0.0
provenance,Data2txt,0,12,0.0001,576,288,576,288,6,True,25,16.682562992708288,21.3112396394943,31.129318018864613,-9.818078379370313,-42.853383710897646,-62.40924838373277,0.06809837832029988,0.513271446822757,0.0,4.1706836373537567e-35,0.9999998384730288,0.4110243055555556,1.5902560573501067e-44,0.0,0.017361111111111112
provenance,Data2txt,0,12,0.001,576,288,576,288,6,True,26,19.99833810537142,15.800190517740694,24.28720999205755,-8.487019474316858,-31.857575432962335,-48.725588548049636,0.08126121995776452,0.5863042292916653,0.0,3.363141351314938e-31,0.999999983497767,0.3319227430555556,8.840437630799186e-29,0.03125,0.03125
provenance,Data2txt,0,13,1e-06,576,288,576,288,6,True,26,21.18940297396195,34.05160744514642,46.51779265300666,-12.466185207860242,-68.43964436517706,-93.2614329228216,0.055630012866216785,0.4573281370692789,0.0,7.381965686784822e-35,0.9999784112657262,0.43896484375,4.963700820150925e-51,0.0,0.0
provenance,Data2txt,0,13,0.0001,576,288,576,288,6,True,28,25.33350728890449,21.984446087310978,32.71247331142495,-10.728027224113974,-44.34454354800142,-65.65023919225112,0.0669059601225612,0.5457972972387438,0.0,3.105819875113392e-33,0.999999783571863,0.363525390625,1.302354243780012e-34,0.0,0.0
provenance,Data2txt,0,13,0.001,576,288,576,288,6,True,26,30.927172941952108,16.56436007904223,25.88968815169283,-9.325328072650597,-33.5510307874884,-52.000036027007354,0.07583749935111224,0.6241409031861708,0.0,1.0413564373014312e-31,0.9999999778639996,0.305908203125,2.026806432480515e-24,0.03125,0.03125
provenance,Data2txt,0,14,1e-06,576,288,576,288,6,True,23,16.206283252636254,33.691774479819735,45.041119482253094,-11.349345002433356,-67.63981168338361,-90.21612586738678,0.0712118617232258,0.42727635834057026,0.0,8.032038440603022e-36,0.9999720240651608,0.4883897569444444,7.689911035076932e-64,0.0,0.0
provenance,Data2txt,0,14,0.0001,576,288,576,288,6,True,21,19.19094923007109,21.563255694580306,31.23537703903611,-9.672121344455803,-43.42716540507365,-62.60493323143654,0.07834227476371186,0.5102139928630128,0.0,1.9890759468246216e-33,0.9999997194862557,0.3704698350694444,5.659486631060455e-36,0.0,0.0
provenance,Data2txt,0,14,0.001,576,288,576,288,6,True,26,23.26260840072046,16.075240718784933,24.41271271475557,-8.337471995970642,-32.508480949022456,-48.96215283150367,0.08358209028206337,0.5888379177746709,0.0,4.467237822702029e-31,0.999999971261135,0.341796875,1.5423169799673537e-30,0.0,0.003472222222222222
provenance,Data2txt,0,15,1e-06,576,288,576,288,6,True,24,11.578475707320287,33.95921540348089,44.921347942137714,-10.962132538656823,-68.11781824032401,-89.97714334565019,0.04813570927460103,0.4109811604219376,0.06666666666666667,0.0055294286490522575,0.9999855825476806,0.44124348958333337,1.3880127416620527e-51,0.0,0.0
provenance,Data2txt,0,15,0.0001,576,288,576,288,6,True,24,13.820464235845836,21.74957821207815,31.155051615342895,-9.40547340326475,-43.7370795103009,-62.44393110497989,0.0685367834435304,0.5045650964395478,0.06666666666666667,0.005529428649052255,0.9999998554430899,0.3314073350694444,1.0881254394126794e-28,0.0,0.0
provenance,Data2txt,0,15,0.001,576,288,576,288,6,True,29,17.217103690699446,16.12711006128181,24.443766375911824,-8.316656314630015,-32.53769546890674,-49.02631801535243,0.08387615231982695,0.5939900690641395,0.06666666666666667,0.005529428649052254,0.9999999851950429,0.292724609375,2.3351537138767253e-22,0.0,0.020833333333333332
provenance,Data2txt,0,16,1e-06,576,288,576,288,6,True,23,12.644620456328688,34.09299138510677,45.17398406794705,-11.080992682840282,-68.35234902638,-90.49976291856154,0.0472768816216573,0.6462131824054803,0.0,1.0674514131322061e-35,0.9999852948370427,0.45138888888888884,4.3219598143590806e-54,0.0,0.0
provenance,Data2txt,0,16,0.0001,576,288,576,288,6,True,24,15.07455349804345,21.92021803726313,31.39361086638972,-9.473392829126595,-44.019405813868296,-62.933963033477056,0.06367529767315164,0.6889281516449751,0.0,1.044635599766475e-33,0.9999998525586283,0.3925238715277778,1.7007209513478313e-40,0.003472222222222222,0.013888888888888888
provenance,Data2txt,0,16,0.001,576,288,576,288,6,True,28,18.59456261944952,16.34982755734722,24.66470559866999,-8.314878041322771,-32.88467383132724,-49.460485007337056,0.0788227651160411,0.7317920106078829,0.0,4.6316467831137265e-31,0.9999999849000721,0.3243272569444444,1.820118660331434e-27,0.041666666666666664,0.04513888888888889
provenance,Data2txt,0,17,1e-06,576,288,576,288,6,True,25,19.146361277734513,34.58158951182064,46.24278533532439,-11.66119582350376,-69.14067664555533,-92.46570803738058,0.029954348049929826,0.3942273610096572,0.06666666666666667,0.019827877231746522,0.9999766063821787,0.45803493923611116,9.02354835872079e-56,0.0,0.0
provenance,Data2txt,0,17,0.0001,576,288,576,288,6,True,24,23.00180063728192,22.507683862999997,32.44585979196345,-9.938175928963453,-44.99547143237142,-64.86768028029756,0.04457910602811041,0.497959960914928,0.06666666666666667,0.01982787723174652,0.9999997653543095,0.349609375,5.703048128554522e-32,0.0,0.0
provenance,Data2txt,0,17,0.001,576,288,576,288,6,True,26,28.476002520267343,17.068589779624663,25.65796891164893,-8.589379132024273,-34.11919610269725,-51.27624833352789,0.05590058488402525,0.5904819835085292,0.06666666666666667,0.019827877231746536,0.9999999758877454,0.29833984375,3.17928649176048e-23,0.0,0.003472222222222222
provenance,Data2txt,0,18,1e-06,576,288,576,288,6,True,23,21.18085392408839,35.28659182501541,46.52353752118314,-11.236945696167727,-70.67488807612308,-93.0350202759384,0.03939703639197033,0.5592283603855969,0.06666666666666667,0.004249723134918008,0.9999716662980438,0.4411078559027778,1.4977268219426306e-51,0.0,0.0
provenance,Data2txt,0,18,0.0001,576,288,576,288,6,True,27,25.896797110250045,23.228687580164998,32.763041762715346,-9.534354182550352,-46.54901082303977,-65.5083557964721,0.04641162662343157,0.6423915055087955,0.06666666666666667,0.004249723134918006,0.9999997153244462,0.3578559027777778,1.602969743924241e-33,0.0,0.003472222222222222
provenance,Data2txt,0,18,0.001,576,288,576,288,6,True,26,33.0071431180255,17.7761736595354,26.051361952875048,-8.275188293339648,-35.6202957162646,-52.057746119806716,0.052326027343501745,0.717194679712945,0.06666666666666667,0.0042497231349180094,0.9999999703080861,0.27072482638888884,3.8947061057535794e-19,0.013888888888888888,0.03125
provenance,Data2txt,0,19,1e-06,576,288,576,288,6,True,23,34.201924830719044,35.656740860186524,47.47240820136941,-11.815667341182893,-71.53978007796796,-94.96302933839792,0.029008109962778465,0.6253647032100115,0.06666666666666667,0.04526955395540645,0.9999643455063696,0.41349283854166663,4.438920326688052e-45,0.0,0.0
provenance,Data2txt,0,19,0.0001,576,288,576,288,6,True,25,42.186247187600976,23.6990083478011,33.68503927856742,-9.986030930766317,-47.66953923863624,-67.38824648804916,0.03506865880141942,0.6986142304712184,0.06666666666666667,0.04526955395540645,0.9999996417597857,0.3388129340277778,5.316036297354006e-30,0.003472222222222222,0.006944444444444444
provenance,Data2txt,0,19,0.001,576,288,576,288,6,True,26,54.10095591756014,18.391436622966026,26.95131235192336,-8.559875728957334,-37.12082459914664,-53.92026794244052,0.040905658185112714,0.7622649931264663,0.06666666666666667,0.04526955395540642,0.9999999626265241,0.278564453125,2.973497801352027e-20,0.024305555555555556,0.04513888888888889
provenance,Data2txt,0,20,1e-06,576,288,576,288,6,True,25,31.010394852322847,35.29050034873629,47.18321503998894,-11.892714691252642,-71.10376247925485,-94.65781680278221,0.03102938531586493,0.6458790866074666,0.06666666666666667,0.08600928549787279,0.9999748227974413,0.40945095486111116,3.569725102573663e-44,0.0,0.0
provenance,Data2txt,0,20,0.0001,576,288,576,288,6,True,26,37.99828522537277,23.28975125065849,33.38393914587559,-10.094187895217095,-47.18726948626985,-67.05784554344069,0.04010775033713759,0.7132283572394351,0.06666666666666667,0.08600928549787284,0.9999997472638616,0.34130859375,1.8900553584813713e-30,0.013888888888888888,0.024305555555555556
provenance,Data2txt,0,20,0.001,576,288,576,288,6,True,27,48.103663819681906,17.936720497208036,26.594225589256105,-8.65750509204807,-36.58932813923107,-53.46938875061434,0.04674406791987636,0.7703734219269907,0.06666666666666667,0.08600928549787286,0.9999999738453031,0.281982421875,9.450709830546106e-21,0.041666666666666664,0.05555555555555555
provenance,Data2txt,0,21,1e-06,576,288,576,288,6,True,23,21.427386301472175,35.13783484339582,46.132871266028424,-10.9950364226326,-70.5543194911784,-92.33325753167736,0.0322077432778335,0.6252810536997533,0.0,1.371194967127646e-34,0.9999803260255442,0.3958604600694444,3.3115825013491603e-41,0.0,0.0
provenance,Data2txt,0,21,0.0001,576,288,576,288,6,True,21,26.22300532104811,23.039929161427807,32.376251127216825,-9.336321965789024,-46.43908743266564,-64.82432176078949,0.04389829040786719,0.6906304288064258,0.0,5.0335414688510644e-34,0.9999998025908643,0.3193359375,1.2736689986223315e-26,0.010416666666666666,0.017361111111111112
provenance,Data2txt,0,21,0.001,576,288,576,288,6,True,24,33.78594581260494,17.5368803485774,25.705213279219507,-8.168332930642105,-35.56220851737525,-51.5041844224893,0.051598181533271247,0.7502361173218928,0.0,2.434664463116226e-31,0.9999999796476432,0.279541015625,2.146365888868751e-20,0.020833333333333332,0.04861111111111111
provenance,Data2txt,0,22,1e-06,576,288,576,288,6,True,23,45.66414583713305,35.90581026860852,47.84015159157668,-11.934341322968157,-72.24208468858605,-95.68556195042116,0.021530574591967992,0.6402400814754043,0.06666666666666667,0.07653427997789407,0.9999605471274058,0.4039984809027778,5.718806818738795e-43,0.0,0.0
provenance,Data2txt,0,22,0.0001,576,288,576,288,6,True,27,56.96331606815218,24.0006815880549,34.062683131621135,-10.062001543566238,-48.5281945094422,-68.13240778577197,0.02820526030619884,0.7131837041705346,0.06666666666666667,0.07653427997789405,0.9999996036712097,0.339111328125,4.699842454770488e-30,0.013888888888888888,0.020833333333333332
provenance,Data2txt,0,22,0.001,576,288,576,288,6,True,27,74.33258716926879,18.761857979077742,27.38569821170783,-8.623840232630089,-38.1995207245387,-54.7865760154223,0.0325548702299807,0.7768738481346813,0.06666666666666667,0.07653427997789404,0.9999999587229444,0.280517578125,1.5474178944964038e-20,0.04513888888888889,0.07291666666666667
provenance,Data2txt,0,23,1e-06,576,288,576,288,6,True,23,47.7048203498579,36.27514292512568,47.612844607101096,-11.337701681975425,-72.60154151938374,-95.0299397413653,0.013336736957730137,0.5018341881545677,0.0,1.7503037548172163e-38,0.999949509887598,0.4223090277777778,4.322425014413259e-47,0.0,0.0
provenance,Data2txt,0,23,0.0001,576,288,576,288,6,True,26,59.697312971748985,24.41153869034615,33.8336931483694,-9.42215445802325,-48.91346644443493,-67.47826287817355,0.02012821613892698,0.6056959285943405,0.0,2.1564561230112606e-31,0.999999492520837,0.344482421875,5.0117922169657374e-31,0.0,0.003472222222222222
provenance,Data2txt,0,23,0.001,576,288,576,288,6,True,27,78.30030373432515,19.23281437934323,27.135965922915087,-7.903151543571862,-38.62846021398476,-54.10625923182826,0.024705946961109268,0.6947242622962644,0.0,1.2732275285375816e-31,0.9999999468987668,0.270263671875,4.519912686893923e-19,0.03125,0.04861111111111111
provenance,Data2txt,0,24,1e-06,576,288,576,288,6,True,21,33.78384908251356,36.18901222394246,47.25236394635132,-11.063351722408859,-72.34560752466643,-94.55224005285146,0.017954639100117326,0.5813464216814143,0.0,1.8030533624799098e-34,0.9999698819674276,0.43513997395833337,4.1390859051687654e-50,0.0,0.003472222222222222
provenance,Data2txt,0,24,0.0001,576,288,576,288,6,True,24,42.031157401848965,24.2487676373482,33.47879380550456,-9.23002616815635,-48.45716784943313,-66.99818850421846,0.026925124317761208,0.6635567904881404,0.0,4.304522890237709e-32,0.9999996974613001,0.34847005208333337,9.27284724364724e-32,0.010416666666666666,0.010416666666666666
provenance,Data2txt,0,24,0.001,576,288,576,288,6,True,24,54.97981453033921,18.952782257774523,26.792758990606988,-7.8399767328324685,-37.850807387717154,-53.599225779608474,0.03289347218734734,0.7335688081856255,0.0,9.173554321816403e-31,0.9999999685053512,0.26953125,5.72236892752568e-19,0.017361111111111112,0.027777777777777776
provenance,Data2txt,0,25,1e-06,576,288,576,288,6,True,26,39.991273102353155,36.41229981575655,47.43414966737029,-11.021849851613746,-72.95922875742357,-94.89488704691674,0.015429785423138158,0.6434820018946001,0.06666666666666667,0.05145607319714708,0.9999665423097193,0.4239366319444444,1.814726283048988e-47,0.003472222222222222,0.006944444444444444
provenance,Data2txt,0,25,0.0001,576,288,576,288,6,True,25,50.07625341536395,24.493419595450902,33.651541513000694,-9.158121917549797,-49.161073142587355,-67.32570579411235,0.02328028675106767,0.7152405928904739,0.06666666666666667,0.051456073197147116,0.9999996638388539,0.3411729600694444,1.9997582710651403e-30,0.010416666666666666,0.013888888888888888
provenance,Data2txt,0,25,0.001,576,288,576,288,6,True,26,65.9845750980082,19.219145331769496,26.95345511014561,-7.734309778376115,-38.669024766426524,-53.90726548085487,0.028382386664508534,0.7751474636189973,0.06666666666666667,0.05145607319714713,0.9999999649369328,0.2568359375,3.063822913836952e-17,0.020833333333333332,0.04861111111111111
provenance,Data2txt,0,26,1e-06,576,288,576,288,6,True,23,19.41338476337928,34.6632720081261,46.54867165224044,-11.885399644114333,-69.69225631056976,-93.30589304065019,0.05208790072159547,0.8070177706581614,0.0,1.7983408470436437e-34,0.9999744657124425,0.4042426215277778,5.055593897507814e-43,0.003472222222222222,0.003472222222222222
provenance,Data2txt,0,26,0.0001,576,288,576,288,6,True,21,23.4589539162917,22.553584170540304,32.772277450771696,-10.218693280231387,-45.549974319823974,-65.75729780377618,0.059057879058308255,0.836241158380506,0.0,1.5969083223594372e-32,0.9999997439366777,0.36564127604166663,5.045106731970182e-35,0.010416666666666666,0.027777777777777776
provenance,Data2txt,0,26,0.001,576,288,576,288,6,True,26,29.43556515069319,17.062142015935567,26.051885531878273,-8.989743515942703,-34.673953579610185,-52.33212378992097,0.0627080540916094,0.8620690875063098,0.0,1.9780834497209336e-32,0.9999999737376851,0.32763671875,4.918963071688572e-28,0.041666666666666664,0.059027777777777776
provenance,Data2txt,0,27,1e-06,576,288,576,288,6,True,24,35.241239179247465,35.78525182264544,47.36310947425723,-11.577857651611787,-71.53936495762645,-94.59909545401274,0.020971598040483094,0.5142004653057214,0.06666666666666667,0.061456670935942516,0.999964801212005,0.4127332899305556,6.579861935500891e-45,0.0,0.0
provenance,Data2txt,0,27,0.0001,576,288,576,288,6,True,25,43.485302909171146,23.848901184202084,33.57917755442699,-9.730276370224914,-47.68865164572952,-67.0313689952854,0.026174240405042227,0.6074297989834576,0.06666666666666667,0.061456670935942544,0.9999996465964786,0.32657877604166663,7.485373870697917e-28,0.003472222222222222,0.010416666666666666
provenance,Data2txt,0,27,0.001,576,288,576,288,6,True,28,56.204722583718386,18.5844546684728,26.88017965119529,-8.295724982722492,-37.19698218559266,-53.63827427870941,0.03231325558111453,0.6892405247915605,0.06666666666666667,0.061456670935942516,0.9999999633676235,0.2763129340277778,6.275163444260093e-20,0.027777777777777776,0.05555555555555555
provenance,Data2txt,0,28,1e-06,576,288,576,288,6,True,22,17.928626535959562,34.20669640876362,45.63726931993256,-11.43057291116894,-68.55021421520111,-91.21826194821008,0.03178671250763108,0.5393177328632223,0.06666666666666667,0.10859028196133805,0.999978312056806,0.4351671006944444,4.077616008309765e-50,0.0,0.0
provenance,Data2txt,0,28,0.0001,576,288,576,288,6,True,22,21.413692909093086,22.1015404600381,31.84415198016106,-9.742611520122965,-44.38180673898645,-63.63557180515659,0.04734474376759342,0.6124406049053902,0.06666666666666667,0.10859028196133805,0.9999997825253559,0.38126627604166663,3.772902855330617e-38,0.0,0.003472222222222222
provenance,Data2txt,0,28,0.001,576,288,576,288,6,True,25,26.458729072307513,16.640634862758766,25.08757322508,-8.446938362321236,-33.52106757788673,-50.140499443801396,0.059309853639994504,0.6797523338262488,0.06666666666666667,0.10859028196133792,0.9999999777095258,0.326904296875,6.579280669925991e-28,0.013888888888888888,0.03819444444444445
provenance,Data2txt,0,29,1e-06,576,288,576,288,6,True,23,18.820339562016954,34.87520298291727,46.70605682140777,-11.830853838490489,-69.77143985244636,-93.42027350770636,0.04225561728780862,0.6556092812810439,0.06666666666666667,0.10068781280108498,0.999978653372794,0.41267903645833337,6.767253724061509e-45,0.0,0.0
provenance,Data2txt,0,29,0.0001,576,288,576,288,6,True,22,22.68866900588191,22.800828091134477,32.90744042563771,-10.106612334503234,-45.618114347940214,-65.82397274048628,0.04955259062105291,0.7115555582378484,0.06666666666666667,0.100687812801085,0.9999997858612617,0.3433973524305556,7.902285782764862e-31,0.003472222222222222,0.003472222222222222
provenance,Data2txt,0,29,0.001,576,288,576,288,6,True,24,28.137334492967714,17.35871369477571,26.111762302026435,-8.753048607250726,-34.72240756364451,-52.23254263873993,0.056441890877838796,0.7601147085301424,0.06666666666666667,0.10068781280108499,0.999999977972318,0.30029296875,1.573725186659124e-23,0.03125,0.059027777777777776
provenance,Data2txt,0,30,1e-06,576,288,576,288,6,True,25,14.88113075275213,33.88126849410921,45.37859457331852,-11.497326079209317,-68.05422008537327,-90.88884206692369,0.05395931296730082,0.6303418241823219,0.06666666666666667,0.03714999234456661,0.9999792683341114,0.4286024305555556,1.474529426401178e-48,0.0,0.0
provenance,Data2txt,0,30,0.0001,576,288,576,288,6,True,24,17.689693804587943,21.73417390057441,31.585142774589883,-9.850968874015471,-43.801501997295446,-63.30035052658726,0.06359483311068279,0.6769350792743314,0.06666666666666667,0.03714999234456664,0.9999997921800071,0.3567437065972222,2.6092400531109596e-33,0.006944444444444444,0.020833333333333332
provenance,Data2txt,0,30,0.001,576,288,576,288,6,True,26,21.72514589359761,16.21614102177942,24.82617706968948,-8.610036047910057,-32.81661896775467,-49.77689084028705,0.06966491939341488,0.7234729947591814,0.06666666666666667,0.03714999234456663,0.9999999787594085,0.31982421875,1.0544719748834192e-26,0.03819444444444445,0.04861111111111111
provenance,Data2txt,0,31,1e-06,576,288,576,288,6,True,23,3.7222260214193077,32.606550066359986,42.46176392708056,-9.855213860720578,-65.23080186428504,-84.94263931869718,0.27074113398709854,0.6971500401831396,0.06666666666666667,0.0003961402557230319,0.9999848305938123,0.4964735243055556,4.214211440638945e-66,0.0,0.0
provenance,Data2txt,0,31,0.0001,576,288,576,288,6,True,25,5.289454620910839,20.395483596808756,29.19592755391136,-8.800443957102601,-40.832406799259616,-58.40126296102133,0.24527605106094236,0.6637954471374823,0.06666666666666667,0.0003961402557230194,0.9999998479311274,0.4434136284722222,4.093329505729992e-52,0.017361111111111112,0.017361111111111112
provenance,Data2txt,0,31,0.001,576,288,576,288,6,True,24,7.113735326537176,14.765882728903396,22.68836777201426,-7.922485043110866,-29.609023326285044,-45.398084173334155,0.23004449107935987,0.7043510939937566,0.06666666666666667,0.00039614025572302144,0.9999999844512183,0.4156358506944444,1.455355999493887e-45,0.027777777777777776,0.03125
provenance,Data2txt,1,0,1e-06,1152,576,1024,576,6,True,12,3.1011773718844244,28.175509333699804,33.440963946231506,-5.265454612531704,-55.14638245537863,-65.51276440155098,0.21520666069931293,0.4738695783635575,0.06666666666666667,0.056532474103069955,1.4141934044263298,0.3387315538194444,1.8078478631504894e-59,0.0,0.0
provenance,Data2txt,1,0,0.0001,1152,576,1024,576,6,True,13,3.9641078798498617,17.99034187948045,23.30116598538426,-5.310824105903813,-35.0228966751219,-45.50803982363392,0.2304892498069559,0.43395979700885723,0.06666666666666667,0.05653247410306995,1.4142133600915419,0.2974717881944444,1.1071020359052712e-45,0.0,0.0
provenance,Data2txt,1,0,0.001,1152,576,1024,576,6,True,13,4.919295154329657,13.173596400287629,18.374163570084708,-5.200567169797078,-25.531994684962733,-35.83611569122749,0.24469645390237565,0.4644868541531537,0.06666666666666667,0.05653247410306999,1.4142135415029118,0.2788628472222222,4.227301787643256e-40,0.010416666666666666,0.024305555555555556
provenance,Data2txt,1,1,1e-06,1152,576,1024,576,6,True,9,9.738326677492351,18.086389065034513,21.352803392657215,-3.2664143276227025,-34.21957921479336,-40.51479474885334,0.08287118685557991,0.3648448441986025,0.4,0.12776467486332674,0.8217858724887069,0.2664116753472222,1.3953737223740616e-36,0.046875,0.11979166666666667
provenance,Data2txt,1,1,0.0001,1152,576,1024,576,6,True,10,12.081269819377956,14.741343827180012,18.019611303319564,-3.278267476139555,-28.216028602862846,-34.614866602318045,0.07077556721895585,0.44775849859667816,0.4,0.12776467486332668,0.8330129274157415,0.1904839409722222,8.910842216961474e-19,0.027777777777777776,0.08680555555555555
provenance,Data2txt,1,1,0.001,1152,576,1024,576,6,True,11,14.889868661928585,12.978895975860045,16.3899152222883,-3.4110192464282516,-24.97419462459944,-31.72168567706395,0.07677100530960411,0.5305001390809954,0.4,0.12776467486332674,0.9274668370694,0.132568359375,2.745484410317463e-09,0.026041666666666668,0.0798611111111111
provenance,Data2txt,1,2,1e-06,1152,576,1024,576,6,True,13,24.483423732956993,31.847941242474374,36.96425356956367,-5.116312327089291,-62.645528710917375,-73.29632768914554,0.03207896126624991,0.6670107460264882,0.4666666666666667,0.03836443161032772,2.150062256847804,0.3302137586805556,1.8420694964497325e-56,0.024305555555555556,0.06597222222222222
provenance,Data2txt,1,2,0.0001,1152,576,1024,576,6,True,12,31.674206038748828,22.889258432081135,28.368017214519043,-5.478758782437914,-45.19147719793923,-56.297448875263164,0.03547775083267418,0.7481977130174366,0.4666666666666667,0.03836443161032768,2.21983701491269,0.27701822916666663,1.4395148290454685e-39,0.022569444444444444,0.050347222222222224
provenance,Data2txt,1,2,0.001,1152,576,1024,576,6,True,12,42.55490278093004,18.453703178290446,23.86568634298274,-5.411983164692293,-36.513426265211166,-47.45031561744454,0.03805500196340463,0.8099585297758642,0.4666666666666667,0.03836443161032772,2.2336749621263263,0.268798828125,3.0438217412347997e-37,0.04513888888888889,0.07291666666666667
provenance,Data2txt,1,3,1e-06,1152,576,1024,576,6,True,13,15.123796781344709,27.630183112417217,32.49411298467238,-4.863929872255154,-53.51031991330605,-63.23068815631227,0.05952694461747086,0.5266631390457357,0.3333333333333333,0.01887507283465589,2.2354451771804493,0.23304578993055558,5.414601081195806e-28,0.0,0.0
provenance,Data2txt,1,3,0.0001,1152,576,1024,576,6,True,13,18.793792012156253,19.83616705188642,24.725054003446534,-4.888886951560116,-38.71238835948543,-48.65296471483367,0.06251317454283789,0.6217897169188964,0.3333333333333333,0.018875072834655893,2.2360595398718215,0.1642795138888889,4.720907492441572e-14,0.0,0.010416666666666666
provenance,Data2txt,1,3,0.001,1152,576,1024,576,6,True,13,23.81285524990187,16.098876709303234,20.864781442331427,-4.765904733028202,-31.56566442664031,-41.21266181748105,0.06595917685533327,0.6986996252361194,0.3333333333333333,0.01887507283465589,2.236066730676313,0.16072591145833337,1.818043509826053e-13,0.008680555555555556,0.03298611111111111
provenance,Data2txt,1,4,1e-06,1152,576,1024,576,6,True,13,13.62911192935034,25.60660169996643,30.337413523464356,-4.73081182349793,-50.78112049115741,-60.21424213337014,0.04939398585350706,0.4292786294698228,0.2,0.046040994610682014,2.2357659032761,0.1880154079861111,2.664326848215383e-18,0.0,0.003472222222222222
provenance,Data2txt,1,4,0.0001,1152,576,1024,576,6,True,14,16.954461010592233,18.28825971150806,22.973083121769253,-4.684823410261193,-36.47997553556368,-45.87698508046829,0.051105362657276665,0.5402534856665051,0.2,0.04604099461068205,2.2360648868471027,0.12540690104166666,2.3528875191086373e-08,0.003472222222222222,0.029513888888888888
provenance,Data2txt,1,4,0.001,1152,576,1024,576,6,True,14,21.35094450451289,14.895849849417178,19.397447552173062,-4.5015977027558876,-29.864022727400048,-38.88176579614607,0.05379499972331727,0.6294883346796135,0.2,0.04604099461068203,2.236067620565501,0.1420355902777778,1.3322797750889064e-10,0.024305555555555556,0.052083333333333336
provenance,Data2txt,1,5,1e-06,1152,576,1024,576,6,True,13,11.862352887273637,25.54132839436211,30.510069940423236,-4.968741546061135,-51.92619921953371,-61.98029559223592,0.06671183231656058,0.579450330328568,0.2,0.034806947141891836,2.2357851765763557,0.15535481770833331,1.3178142110067447e-12,0.001736111111111111,0.010416666666666666
provenance,Data2txt,1,5,0.0001,1152,576,1024,576,6,True,13,14.629899185293825,18.083554098432995,23.176221460809405,-5.092667362376413,-36.79228893201615,-47.04635109367894,0.06835850056589707,0.6609779223962864,0.2,0.03480694714189182,2.236065102046319,0.144287109375,6.288436316071844e-11,0.010416666666666666,0.043402777777777776
provenance,Data2txt,1,5,0.001,1152,576,1024,576,6,True,12,18.195381562208947,14.581123441595484,19.63372192576115,-5.052598484165669,-29.741585796731798,-39.851569001705506,0.07111179562849804,0.7250832106125907,0.2,0.034806947141891816,2.2360676466388414,0.160400390625,2.0539538548016724e-13,0.026041666666666668,0.06944444444444445
provenance,Data2txt,1,6,1e-06,1152,576,1024,576,6,True,13,10.293714311555599,20.920097046848596,25.285700479296874,-4.365603432448279,-42.20557853421137,-50.901616981521876,0.08355931447892168,0.35992818894085254,0.2,0.10338171136887407,2.2359003692370822,0.18017578125,7.831590698051113e-17,0.001736111111111111,0.008680555555555556
provenance,Data2txt,1,6,0.0001,1152,576,1024,576,6,True,13,12.726657088216058,15.236771851104915,19.610050936552664,-4.373279085447747,-30.85334524673761,-39.560666365238916,0.08117313354875591,0.45242509454253843,0.2,0.10338171136887404,2.2360662916493093,0.12912326388888884,7.8340940769053e-09,0.015625,0.041666666666666664
provenance,Data2txt,1,6,0.001,1152,576,1024,576,6,True,13,15.617367230476814,12.621122558139664,16.846155572720154,-4.225033014580493,-25.64255317491513,-34.04930894588783,0.0796880751654564,0.5365951293190503,0.2,0.10338171136887403,2.236067800043117,0.12055121527777779,9.427014762325158e-08,0.026041666666666668,0.0625
provenance,Data2txt,1,7,1e-06,1152,576,1024,576,6,True,14,10.6383042890915,22.124027155373348,26.681915952289216,-4.557888796915871,-44.55318092980704,-53.57778774060587,0.07915877983635553,0.34630520889148697,0.2,0.08536209262505975,2.2358698416676774,0.13026258680555558,5.5556967056271976e-09,0.0,0.008680555555555556
provenance,Data2txt,1,7,0.0001,1152,576,1024,576,6,True,14,12.994219171790899,15.822583177711177,20.43797009684976,-4.615386919138585,-32.08099284454316,-41.24144243764422,0.07740082588701336,0.4203643439212849,0.2,0.08536209262505974,2.2360659820105355,0.12727864583333334,1.357740575759158e-08,0.012152777777777778,0.03993055555555555
provenance,Data2txt,1,7,0.001,1152,576,1024,576,6,True,14,15.805564677904735,12.925695841855278,17.37231643298102,-4.446620591125744,-26.32034583567042,-35.17509043377875,0.07601366583327854,0.5009175466234511,0.2,0.08536209262505973,2.2360677651082637,0.13834635416666666,4.4420973929311377e-10,0.034722222222222224,0.07118055555555555
provenance,Data2txt,1,8,1e-06,1152,576,1024,576,6,True,13,10.079913105081397,24.096762696724248,28.92957621711898,-4.832813520394731,-48.97124148080246,-58.39382559887392,0.0964310382464472,0.35466491257461974,0.2,0.0673045885560833,2.2359080354413483,0.2057834201388889,7.221222962888414e-22,0.0,0.010416666666666666
provenance,Data2txt,1,8,0.0001,1152,576,1024,576,6,True,14,12.271131734269662,16.62833343723592,21.552474173121887,-4.924140735885974,-34.06893726006723,-43.619414214991735,0.09651577094078517,0.4644220957324223,0.2,0.06730458855608333,2.236066365523223,0.1567111545138889,8.043334238960666e-13,0.008680555555555556,0.06076388888888889
provenance,Data2txt,1,8,0.001,1152,576,1024,576,6,True,13,15.038428234610812,13.169250101413324,17.993668837649434,-4.824418736236111,-27.232277538191582,-36.50455103646641,0.09652274308445058,0.5559820547571637,0.2,0.06730458855608334,2.2360678048566833,0.1506076388888889,7.1672298392928036e-12,0.036458333333333336,0.0920138888888889
provenance,Data2txt,1,9,1e-06,1152,576,1024,576,6,True,14,8.864016294400137,23.811797002484717,28.514975224810048,-4.7031782223253344,-48.27988350905186,-57.63797177427911,0.12470931761370264,0.33817032957412557,0.2,0.09255363428148615,2.23593683230967,0.1858181423611111,6.975953121403962e-18,0.0,0.022569444444444444
provenance,Data2txt,1,9,0.0001,1152,576,1024,576,6,True,13,10.776192600261268,16.577818450757345,21.35883632653963,-4.781017875782285,-33.663157749687265,-43.12656200289145,0.12511498395724838,0.43461904461783163,0.2,0.09255363428148614,2.2360666585426205,0.1396755642361111,2.88913578246938e-10,0.017361111111111112,0.06597222222222222
provenance,Data2txt,1,9,0.001,1152,576,1024,576,6,True,13,13.160219563358972,13.190304679114538,17.898629062043184,-4.708324382928647,-26.871183960394212,-36.11251798172104,0.12535519804298942,0.5236478829034085,0.2,0.09255363428148611,2.2360678387708495,0.14133029513888884,1.681358744160184e-10,0.057291666666666664,0.0763888888888889
provenance,Data2txt,1,10,1e-06,1152,576,1024,576,6,True,14,11.327111509843794,25.830841425638674,30.79556700713369,-4.964725581495017,-52.75339861717917,-62.70158121497898,0.036301800384667446,0.33206710202673606,0.2,0.07750614557815406,2.235896094648785,0.27096896701388884,7.529914953626309e-38,0.012152777777777778,0.029513888888888888
provenance,Data2txt,1,10,0.0001,1152,576,1024,576,6,True,14,13.806544199967252,17.571224632936413,22.558924082470572,-4.987699449534159,-36.0730558964908,-46.08856876619564,0.04662385424667882,0.4399664947223741,0.2,0.0775061455781541,2.2360662450662674,0.2172309027777778,2.417804235828599e-24,0.026041666666666668,0.06597222222222222
provenance,Data2txt,1,10,0.001,1152,576,1024,576,6,True,13,17.04215056171874,13.818924956734257,18.64999637528576,-4.831071418551503,-28.496826170547116,-38.22225824341564,0.05354439386088383,0.5354640824050382,0.2,0.07750614557815409,2.236067791860806,0.16943359375,6.330274337386812e-15,0.03993055555555555,0.09027777777777778
provenance,Data2txt,1,11,1e-06,1152,576,1024,576,6,True,14,10.157535375714682,23.09039646102282,27.73850505693843,-4.648108595915608,-46.29368362343887,-55.38329014520252,0.10625269615326738,0.421225639502078,0.26666666666666666,0.0548089264134773,2.235870053801003,0.17521158854166669,6.17072042563254e-16,0.0,0.010416666666666666
provenance,Data2txt,1,11,0.0001,1152,576,1024,576,6,True,14,12.372194517876641,16.207271286967668,20.981029122067874,-4.773757835100202,-32.763314988263886,-42.095091023747614,0.10511292021430976,0.5133661943453064,0.26666666666666666,0.05480892641347729,2.236065984887303,0.15584309895833334,1.103780651004942e-12,0.012152777777777778,0.026041666666666668
provenance,Data2txt,1,11,0.001,1152,576,1024,576,6,True,12,15.052452619590673,13.032923072241081,17.743471374840027,-4.710548302598947,-26.53133681865773,-35.721952789672905,0.10411900757956186,0.5912155723041665,0.26666666666666666,0.054808926413477274,2.2360677660892185,0.14754231770833334,2.0793065326190298e-11,0.020833333333333332,0.052083333333333336
provenance,Data2txt,1,12,1e-06,1152,576,1024,576,6,True,13,9.115722107696175,19.297967578271034,23.52307178924904,-4.225104210978005,-38.34790671342766,-46.574669252750155,0.09602649077242204,0.3749549805764746,0.26666666666666666,0.049234504069939504,2.235904583839708,0.25764973958333337,3.295953931887257e-34,0.0,0.005208333333333333
provenance,Data2txt,1,12,0.0001,1152,576,1024,576,6,True,15,10.880568738973992,13.889161606851223,18.212365874258783,-4.3232042674075615,-27.858637335901207,-36.293503317033284,0.09690331516740616,0.452810364376471,0.26666666666666666,0.049234504069939504,2.2360663353397907,0.1998969184027778,1.1946775851570559e-20,0.015625,0.03298611111111111
provenance,Data2txt,1,12,0.001,1152,576,1024,576,6,True,12,12.751606432533775,11.403759034071305,15.64139221624301,-4.237633182171707,-23.044983754120643,-31.310280734992983,0.1097399196167774,0.5174463871551692,0.26666666666666666,0.049234504069939504,2.236067805828857,0.17740885416666663,2.492900058565004e-16,0.027777777777777776,0.043402777777777776
provenance,Data2txt,1,13,1e-06,1152,576,1024,576,6,True,13,15.458647241966219,26.02707355284541,30.932324060638134,-4.905250507792731,-53.64023115524948,-63.54200048004853,0.04849776165420272,0.24331007357794626,0.2,0.0596636707396802,2.2358656023512244,0.25374348958333337,3.538799148132478e-33,0.024305555555555556,0.052083333333333336
provenance,Data2txt,1,13,0.0001,1152,576,1024,576,6,True,16,18.94645672304929,17.96028915727534,22.99853647395424,-5.038247316678895,-36.994651543652566,-47.15554175663159,0.050556057095205234,0.3599372160983509,0.2,0.059663670739680236,2.2360659354638353,0.20621744791666669,5.852002284849337e-22,0.04513888888888889,0.07291666666666667
provenance,Data2txt,1,13,0.001,1152,576,1024,576,6,True,14,23.47230014500967,14.331975650197457,19.277120371064502,-4.9451447208670425,-29.522412987883577,-39.473142006151704,0.055411775539110225,0.4699079870660617,0.2,0.05966367073968021,2.2360677566371563,0.1640353732638889,5.184119962753281e-14,0.0642361111111111,0.09375
provenance,Data2txt,1,14,1e-06,1152,576,1024,576,6,True,14,8.284885651081911,22.9924975361979,27.544985647641095,-4.552488111443192,-46.353882425245196,-55.58836645045914,0.1020525965714881,0.622217927904563,0.2,0.13163927036657225,2.2359394213428043,0.2208930121527778,3.6484525255242805e-25,0.006944444444444444,0.034722222222222224
provenance,Data2txt,1,14,0.0001,1152,576,1024,576,6,True,15,10.020688702499234,15.796542872022144,20.386260793617385,-4.589717921595244,-31.80706453401071,-41.09401391666323,0.09833465722907173,0.5400853777247171,0.2,0.1316392703665722,2.236066687351967,0.1792534722222222,1.1544021624166154e-16,0.041666666666666664,0.05555555555555555
provenance,Data2txt,1,14,0.001,1152,576,1024,576,6,True,12,12.134611888292753,12.525380258956432,16.970106587420386,-4.444726328463957,-25.20366968242553,-34.183233936223246,0.09732876532851847,0.5241220902189774,0.2,0.13163927036657222,2.2360678443349045,0.14230685763888884,1.2178341614092175e-10,0.050347222222222224,0.06944444444444445
provenance,Data2txt,1,15,1e-06,1152,576,1024,576,6,True,13,6.819460768870148,22.470814006186842,27.26700117323309,-4.796187167046243,-45.72075855662931,-55.447526885915416,0.06723252775437169,0.37525741917147154,0.2,0.11442256879135064,2.2359704895586816,0.19105360243055558,6.906208974623896e-19,0.0,0.012152777777777778
provenance,Data2txt,1,15,0.0001,1152,576,1024,576,6,True,14,8.22124686807577,15.524016702672027,20.407443053238847,-4.883426350566814,-31.543763231068375,-41.40273724269358,0.0704659730434982,0.4390515689727206,0.2,0.11442256879135068,2.23606699815558,0.15635850694444442,9.14887698022281e-13,0.013888888888888888,0.052083333333333336
provenance,Data2txt,1,15,0.001,1152,576,1024,576,6,True,12,9.921545964740229,12.303045509857744,17.08224031182906,-4.779194801971316,-24.9644588700089,-34.5764656954489,0.07853724080175048,0.5096161861772898,0.2,0.11442256879135065,2.2360678754999794,0.13883463541666666,3.794644243185937e-10,0.03819444444444445,0.09027777777777778
provenance,Data2txt,1,16,1e-06,1152,576,1024,576,6,True,14,7.154018884379277,22.071430238744213,26.894333341273196,-4.822903102528985,-44.36573892186971,-53.91687978235403,0.08678301431516286,0.6086853326807617,0.2,0.09765930065811818,2.2359619690597112,0.20081922743055558,7.739869918596881e-21,0.006944444444444444,0.012152777777777778
provenance,Data2txt,1,16,0.0001,1152,576,1024,576,6,True,15,8.682291509472506,15.358208082006835,20.194271005067524,-4.836062923060688,-31.090202892625353,-40.696837079398264,0.0797475126722812,0.6113518753500797,0.2,0.0976593006581181,2.236066912415836,0.1520724826388889,4.274445844805686e-12,0.026041666666666668,0.057291666666666664
provenance,Data2txt,1,16,0.001,1152,576,1024,576,6,True,12,10.52658088972964,12.242809816344796,16.908274227694783,-4.665464411349988,-24.916707386440272,-34.203758873628544,0.07911378131930502,0.6355379778020502,0.2,0.09765930065811815,2.2360678664417253,0.124755859375,2.843265635045708e-08,0.050347222222222224,0.08333333333333333
provenance,Data2txt,1,17,1e-06,1152,576,1024,576,6,True,14,9.354127359260646,23.88599813706822,28.800358025845767,-4.914359888777545,-47.93038725690563,-57.831517179195984,0.06381562447590505,0.42382523272642,0.26666666666666666,0.10114471915254816,2.235924148540985,0.22667100694444442,1.7261088774637046e-26,0.005208333333333333,0.022569444444444444
provenance,Data2txt,1,17,0.0001,1152,576,1024,576,6,True,14,11.407744783175595,16.670033490417893,21.629602027092556,-4.959568536674663,-33.43894646943954,-43.42806155968971,0.06414213025080709,0.4517716881829664,0.26666666666666666,0.10114471915254819,2.2360665297404227,0.18492296006944442,1.0290931385046105e-17,0.019097222222222224,0.034722222222222224
provenance,Data2txt,1,17,0.001,1152,576,1024,576,6,True,13,14.000621591468542,13.355706546234757,18.133765611890755,-4.778059065656,-26.767537468696517,-36.37179302683849,0.06914754273914533,0.5114925826279323,0.26666666666666666,0.1011447191525482,2.236067824097347,0.1506618923611111,7.031970654911534e-12,0.029513888888888888,0.06770833333333333
provenance,Data2txt,1,18,1e-06,1152,576,1024,576,6,True,12,13.3930165448635,27.0138167131973,32.253064290274565,-5.239247577077265,-54.29231650631259,-64.86802483814137,0.048164118288640964,0.39781298794568903,0.26666666666666666,0.06776236589397197,2.2358659462658603,0.24354383680555558,1.4520734135968015e-30,0.0,0.024305555555555556
provenance,Data2txt,1,18,0.0001,1152,576,1024,576,6,True,13,16.524633786764717,18.857158258305617,24.17297801689034,-5.315819758584723,-37.96655978589103,-48.69539079044668,0.05153714257896571,0.5090365848748184,0.26666666666666666,0.06776236589397196,2.2360659316946956,0.1855197482638889,7.942927662980456e-18,0.015625,0.04513888888888889
provenance,Data2txt,1,18,0.001,1152,576,1024,576,6,True,13,20.72884654388332,15.09200856384176,20.28027625053818,-5.188267686696421,-30.41608369402106,-40.89793642287636,0.055893960661720074,0.6026912436111735,0.26666666666666666,0.06776236589397197,2.2360677496295662,0.16248914930555555,9.347304965311855e-14,0.03819444444444445,0.06944444444444445
provenance,Data2txt,1,19,1e-06,1152,576,1024,576,6,True,14,15.594617127857148,29.229294420118816,34.85833294652293,-5.62903852640411,-58.23599397467508,-69.5920632784468,0.03749607077329657,0.45688499741457755,0.4,0.10841560349284621,2.235865880629012,0.31038411458333337,8.7222632382306e-50,0.008680555555555556,0.04861111111111111
provenance,Data2txt,1,19,0.0001,1152,576,1024,576,6,True,15,19.34395549388029,20.212278862931182,25.824531818950465,-5.61225295601928,-40.34576376731414,-51.69054209809232,0.04211965072696471,0.5542628308967941,0.4,0.10841560349284622,2.2360659213011345,0.24739583333333337,1.5432556554651296e-31,0.041666666666666664,0.06597222222222222
provenance,Data2txt,1,19,0.001,1152,576,1024,576,6,True,13,24.578120615815262,16.08550334547598,21.466543385687018,-5.381040040211035,-32.099282100611404,-43.0122161509925,0.04613223400111484,0.6399593923804591,0.4,0.10841560349284622,2.2360677396329534,0.23800998263888884,3.4073224075530625e-29,0.052083333333333336,0.0763888888888889
provenance,Data2txt,1,20,1e-06,1152,576,1024,576,6,True,15,11.925080694124388,27.89706189873922,33.482821728038545,-5.585759829299321,-55.47976986747037,-66.73902161564153,0.0578482288681129,0.4489807653952023,0.26666666666666666,0.10381497567858071,2.235898931326327,0.3067491319444444,1.3034204917804035e-48,0.005208333333333333,0.024305555555555556
provenance,Data2txt,1,20,0.0001,1152,576,1024,576,6,True,15,14.629884158483414,19.283838583484737,24.85335373028294,-5.569515146798204,-38.2818736375047,-49.45650025298791,0.06111553612305546,0.524008913757507,0.26666666666666666,0.10381497567858068,2.2360662604541486,0.26570638020833337,2.182030172333454e-36,0.020833333333333332,0.04861111111111111
provenance,Data2txt,1,20,0.001,1152,576,1024,576,6,True,13,18.2600547810364,15.314074741593013,20.636840944516447,-5.322766202923436,-30.328695224527944,-40.95910567665198,0.06538123939055951,0.6001226263580813,0.26666666666666666,0.10381497567858071,2.236067781455711,0.25534396701388884,1.3443284729525024e-33,0.03298611111111111,0.07291666666666667
provenance,Data2txt,1,21,1e-06,1152,576,1024,576,6,True,14,8.349939633087653,26.282100551983987,31.433773894398136,-5.151673342414151,-51.623595907018796,-61.99667294951501,0.07842923218211445,0.6048303279502848,0.2,0.13409766937429704,2.2359113570950773,0.27541775173611116,4.1387084617518146e-39,0.005208333333333333,0.024305555555555556
provenance,Data2txt,1,21,0.0001,1152,576,1024,576,6,True,14,10.243596793770653,18.07692459664423,23.120645106626267,-5.043720509982036,-35.63630857045051,-45.82568550971352,0.06942185488508404,0.5766248303860757,0.2,0.1340976693742971,2.2360663965898833,0.23068576388888884,1.9736990701005412e-27,0.017361111111111112,0.0642361111111111
provenance,Data2txt,1,21,0.001,1152,576,1024,576,6,True,13,12.789264313138544,14.246893308579198,19.05034651721762,-4.803453208638426,-28.113307877523646,-37.83875872790745,0.07055649809927203,0.5954309751492864,0.2,0.13409766937429707,2.236067805981745,0.2029351128472222,2.836969711273121e-21,0.04513888888888889,0.0763888888888889
provenance,Data2txt,1,22,1e-06,1152,576,1024,576,6,True,15,16.264978425217443,28.962007873895725,34.40669985712974,-5.444691983234016,-56.09327763378869,-66.87443868248548,0.043611346833913336,0.3736730565868049,0.4,0.11572457259027001,2.235689851072493,0.3157823350694444,1.4739320417538338e-51,0.005208333333333333,0.020833333333333332
provenance,Data2txt,1,22,0.0001,1152,576,1024,576,6,True,13,20.18854388172395,20.10279868442744,25.49423545215598,-5.391436767728536,-39.219855450962754,-49.965176423918145,0.047473622588634704,0.48896314259482776,0.4,0.11572457259027003,2.2360640882530474,0.25754123263888884,3.522430478403843e-34,0.012152777777777778,0.04513888888888889
provenance,Data2txt,1,22,0.001,1152,576,1024,576,6,True,13,25.66110284116599,16.0467980266094,21.228393567304902,-5.181595540695498,-31.473800531131328,-41.85785594327518,0.05066510759984469,0.5900445225861752,0.4,0.11572457259026997,2.2360674897995994,0.20670572916666663,4.616854148487373e-22,0.029513888888888888,0.06076388888888889
provenance,Data2txt,1,23,1e-06,1152,576,1024,576,6,True,14,18.69092031664047,30.36210856379627,35.81926978865911,-5.457161224862848,-58.26428056673857,-68.96375733311008,0.04611753086535019,0.4419796642140766,0.26666666666666666,0.0847777055981017,2.2357650483526825,0.36379665798611116,8.037873015215859e-69,0.012152777777777778,0.013888888888888888
provenance,Data2txt,1,23,0.0001,1152,576,1024,576,6,True,14,23.310623915135704,21.060247446989013,26.347524489120968,-5.287277042131952,-40.772658876553066,-51.23909705598145,0.04952207993350114,0.5127848985029798,0.26666666666666666,0.08477770559810162,2.236064905814211,0.2935655381944444,1.7711085391769512e-44,0.013888888888888888,0.03298611111111111
provenance,Data2txt,1,23,0.001,1152,576,1024,576,6,True,13,29.756244205385606,16.843427086318236,21.807813875109773,-4.964386788791543,-32.80836075055564,-42.73009410914735,0.05181083707475792,0.593744833859581,0.26666666666666666,0.08477770559810163,2.2360676316918893,0.22620985243055558,2.2087030120904708e-26,0.015625,0.043402777777777776
provenance,Data2txt,1,24,1e-06,1152,576,1024,576,6,True,14,17.662184621809175,29.727141448001184,35.10508506073019,-5.377943612729003,-58.062749787268174,-68.56315604507299,0.04186961512496272,0.5154527478294434,0.2,0.09878361446974011,2.235813227573231,0.3074273003472222,7.890745202457475e-49,0.015625,0.022569444444444444
provenance,Data2txt,1,24,0.0001,1152,576,1024,576,6,True,12,22.069481383834155,20.767942738365274,26.006618880398605,-5.238676142033336,-40.82599728505689,-51.102211379179096,0.04537339978424135,0.5734330770602359,0.2,0.09878361446974014,2.2360653669405894,0.251220703125,1.6060256472015695e-32,0.019097222222222224,0.03819444444444445
provenance,Data2txt,1,24,0.001,1152,576,1024,576,6,True,12,28.31669527321032,16.632654698839247,21.58141027668133,-4.948755577842077,-32.86718781942436,-42.640099838083685,0.04805371967166638,0.6415136926016528,0.2,0.09878361446974014,2.236067658683473,0.19151475694444442,5.615552447280521e-19,0.022569444444444444,0.04861111111111111
provenance,Data2txt,1,25,1e-06,1152,576,1024,576,6,True,13,14.54824763869807,29.719068088904276,35.115406890183536,-5.396338801279267,-58.12196942300233,-69.02485541573895,0.060831301439413246,0.6970540408663453,0.2,0.09957786240786293,2.2357890494765416,0.343505859375,3.417025035496913e-61,0.012152777777777778,0.043402777777777776
provenance,Data2txt,1,25,0.0001,1152,576,1024,576,6,True,15,18.267405548006952,20.746724184845693,25.91906577328745,-5.17234158844176,-40.74279661688456,-51.264683140923154,0.05429921859294361,0.6810047866269272,0.2,0.09957786240786294,2.23606512511823,0.2813856336805556,7.800397786933893e-41,0.03298611111111111,0.059027777777777776
provenance,Data2txt,1,25,0.001,1152,576,1024,576,6,True,12,23.620229042335268,16.587863771156954,21.43919110376443,-4.851327332607474,-32.587479996577315,-42.56932848842203,0.051983455433778095,0.7019725784898176,0.2,0.09957786240786295,2.236067634516863,0.270751953125,8.663389274935942e-38,0.04513888888888889,0.0798611111111111
provenance,Data2txt,1,26,1e-06,1152,576,1024,576,6,True,14,9.693305889628805,26.542103877988886,31.93021960723427,-5.388115729245377,-51.72884802444651,-62.557760107418375,0.08649823781626059,0.6315746621503007,0.4,0.129073049915606,2.2358061873255575,0.2507866753472222,2.0800115700014218e-32,0.006944444444444444,0.034722222222222224
provenance,Data2txt,1,26,0.0001,1152,576,1024,576,6,True,14,11.871919667973865,18.50606365337164,23.817360844727748,-5.311297191356106,-36.22066845969472,-46.96468265908899,0.08655410556368102,0.6627626972027721,0.4,0.12907304991560598,2.2360652946701522,0.2223849826388889,1.6725848675273922e-25,0.034722222222222224,0.06076388888888889
provenance,Data2txt,1,26,0.001,1152,576,1024,576,6,True,13,14.798455066890861,14.689036877481227,19.79655403743182,-5.107517159950594,-28.865856205394767,-39.210868802457966,0.08334272696019841,0.7012420727655716,0.4,0.129073049915606,2.236067649768676,0.21044921875,7.355154478616486e-23,0.043402777777777776,0.08854166666666667
provenance,Data2txt,1,27,1e-06,1152,576,1024,576,6,True,14,15.71066493946998,27.75304088206907,32.95394868913393,-5.2009078070648656,-54.059103966201775,-64.33401773337155,0.04923206797884103,0.5112118674529995,0.4,0.1320202987780433,2.2357850947162423,0.30129665798611116,7.054195348589098e-47,0.017361111111111112,0.024305555555555556
provenance,Data2txt,1,27,0.0001,1152,576,1024,576,6,True,14,19.591519054746943,19.518057609141177,24.674303234191875,-5.156245625050699,-38.273939881606324,-48.49288610194093,0.044936133621325605,0.5734000640132698,0.4,0.13202029877804328,2.236065083100765,0.24899631076388884,6.014293093936717e-32,0.024305555555555556,0.07118055555555555
provenance,Data2txt,1,27,0.001,1152,576,1024,576,6,True,13,24.99535321750958,15.741979903751542,20.665292133778895,-4.9233122300273555,-31.015780282917426,-40.791348305009265,0.04280049628883262,0.6410687855878926,0.4,0.13202029877804322,2.2360676280581657,0.230712890625,1.9447265123053502e-27,0.04861111111111111,0.10069444444444445
provenance,Data2txt,1,28,1e-06,1152,576,1024,576,6,True,13,7.994823451424812,21.808991929527238,26.673170826306663,-4.864178896779425,-41.30292075346466,-50.87430686670157,0.10136539630479824,0.42552913097694633,0.26666666666666666,0.12086757985696676,2.2358650819056676,0.2251519097222222,3.880645566152856e-26,0.0,0.001736111111111111
provenance,Data2txt,1,28,0.0001,1152,576,1024,576,6,True,14,9.570795843702788,15.65667980923296,20.48049871381057,-4.823818904577609,-29.88212898364401,-39.44835638246478,0.088662449594345,0.47735135736010337,0.26666666666666666,0.12086757985696676,2.2360659225892503,0.19577365451388884,8.110518865921465e-20,0.001736111111111111,0.024305555555555556
provenance,Data2txt,1,28,0.001,1152,576,1024,576,6,True,13,11.362550050282186,12.758690638244193,17.37709564015641,-4.618405001912218,-24.47862297166814,-33.68119592599865,0.09011062146823912,0.5340706450041942,0.26666666666666666,0.12086757985696676,2.2360677483043188,0.18880208333333337,1.882329380184149e-18,0.020833333333333332,0.03993055555555555
provenance,Data2txt,1,29,1e-06,1152,576,1024,576,6,True,13,8.616668180896628,26.12790622321466,31.394160774712297,-5.266254551497642,-50.562357989824534,-61.08216134636694,0.07995364862004217,0.5588914918622712,0.4,0.10566715587779653,2.235915579897293,0.2658420138888889,2.002456059108931e-36,0.005208333333333333,0.015625
provenance,Data2txt,1,29,0.0001,1152,576,1024,576,6,True,12,10.476309417463192,18.086456930729028,23.33285197693214,-5.2463950462031175,-35.289756573220785,-45.83091125211402,0.08174037994349378,0.6126148391209882,0.4,0.10566715587779656,2.236066435144859,0.24715169270833331,1.7808240506302663e-31,0.013888888888888888,0.03993055555555555
provenance,Data2txt,1,29,0.001,1152,576,1024,576,6,True,13,12.804209056102174,14.3502773752598,19.366609655584384,-5.016332280324586,-28.134674920216835,-38.27374013834242,0.08095502711707551,0.6632697627769335,0.4,0.10566715587779651,2.23606780645516,0.2009548611111111,7.259968409540455e-21,0.03819444444444445,0.08680555555555555
provenance,Data2txt,1,30,1e-06,1152,576,1024,576,6,True,14,6.730908611330649,22.13593126671236,26.82144065230055,-4.685509385588183,-41.97736224826707,-51.26976104037276,0.11676104687852322,0.5622797495663785,0.26666666666666666,0.10057665232808563,2.2358378071164857,0.1682400173611111,1.0138062302315193e-14,0.0,0.0
provenance,Data2txt,1,30,0.0001,1152,576,1024,576,6,True,14,8.185931998399967,15.49043288456394,20.116340350294845,-4.625907465730907,-29.594068912831688,-38.85088423341318,0.11563989887475185,0.567806046311125,0.26666666666666666,0.1005766523280856,2.2360656498252744,0.14002821180555558,2.5757215400076965e-10,0.001736111111111111,0.019097222222222224
provenance,Data2txt,1,30,0.001,1152,576,1024,576,6,True,13,9.875106459802737,12.375829761671529,16.823065015841806,-4.447235254170281,-23.79766458908163,-32.729013294204776,0.11295728657535803,0.5962518477569742,0.26666666666666666,0.10057665232808564,2.236067721062377,0.166015625,2.416450763715387e-14,0.026041666666666668,0.04861111111111111
provenance,Data2txt,1,31,1e-06,1152,576,1024,576,6,True,13,3.2663513115201557,20.628745014502265,25.185431593753368,-4.556686579251103,-39.03613873325663,-47.85519351961859,0.33110511558474565,0.6510259327783359,0.26666666666666666,0.06320681011112855,2.2359185259315533,0.28759765625,1.133703581467717e-42,0.0,0.0
provenance,Data2txt,1,31,0.0001,1152,576,1024,576,6,True,13,4.472505645612526,14.189218835770145,18.783162682022613,-4.593943846252468,-27.128703283915144,-36.13335541790706,0.29408774852306685,0.645203101411779,0.26666666666666666,0.06320681011112855,2.2360664719957937,0.2353515625,1.509955885607333e-28,0.012152777777777778,0.012152777777777778
provenance,Data2txt,1,31,0.001,1152,576,1024,576,6,True,13,5.739314058153804,11.211834648872737,15.710783332570308,-4.498948683697575,-21.629000917269863,-30.46645137376556,0.27626141990969616,0.6802420489412839,0.26666666666666666,0.06320681011112857,2.236067816936414,0.22032335069444442,4.906931253392878e-25,0.03125,0.03125
provenance,Data2txt,2,0,1e-06,2304,1152,1024,1024,6,True,12,3.044653792479928,27.34594107850779,32.47189598394516,-5.125954905437366,-53.645449679961814,-63.73111759957751,0.2138074743663977,0.43817135509732286,0.06666666666666667,0.05197315137876021,1.4141937183468918,0.349609375,2.21293028736643e-112,0.0,0.0
provenance,Data2txt,2,0,0.0001,2304,1152,1024,1024,6,True,13,4.010848055329505,17.48592568213717,22.592985178336452,-5.107059496199279,-34.374177006467306,-44.44565347307763,0.2191623989748439,0.40721867818636004,0.06666666666666667,0.05197315137876021,1.4142133632325962,0.312255859375,3.315275352466299e-89,0.0,0.0
provenance,Data2txt,2,0,0.001,2304,1152,1024,1024,6,True,12,5.081458000886238,12.826254879151264,17.802799865960992,-4.976544986809731,-25.28148939030835,-35.1042566417556,0.22714832313740763,0.4533709532998255,0.06666666666666667,0.05197315137876023,1.414213541818568,0.280029296875,1.653115832508943e-71,0.0048828125,0.03125
provenance,Data2txt,2,1,1e-06,2304,1152,1024,1024,6,True,9,8.874950310955686,15.500919742113178,18.62058968080689,-3.1196699386937126,-31.207028066258296,-37.52417390638509,0.07976140794582197,0.4119825740175347,0.4,0.15011678275424092,0.7884485338020746,0.24169921875,3.8504573773664197e-53,0.0712890625,0.20703125
provenance,Data2txt,2,1,0.0001,2304,1152,1024,1024,6,True,9,11.056588479625479,12.841337710622266,16.147599190169576,-3.3062614795473104,-25.60943850801768,-32.2902858523366,0.07439531422076753,0.4925143632248972,0.4,0.15011678275424087,0.7915306848492839,0.180419921875,1.2280093749211633e-29,0.048828125,0.134765625
provenance,Data2txt,2,1,0.001,2304,1152,1024,1024,6,True,9,13.540406154901893,11.544278656807155,14.99847157021091,-3.454192913403756,-22.942025915936277,-29.910469165088024,0.0709842582077802,0.5651533384410412,0.4,0.15011678275424087,0.8183100305935617,0.1318359375,5.581561311001108e-16,0.056640625,0.1171875
provenance,Data2txt,2,2,1e-06,2304,1152,1024,1024,6,True,13,17.444291564691678,27.196518946818166,31.706602394721088,-4.510083447902922,-54.8008416729469,-64.05165780937492,0.04383706194467104,0.6126004451822874,0.4666666666666667,0.05475799107638996,1.8384265772393278,0.304443359375,1.0079994852620841e-84,0.0595703125,0.1640625
provenance,Data2txt,2,2,0.0001,2304,1152,1024,1024,6,True,12,22.641212652404583,20.320275872312834,25.17467915299946,-4.854403280686624,-40.74174507359081,-50.629009303320075,0.04769450737211146,0.7037700718618807,0.4666666666666667,0.05475799107638991,1.9502834863753407,0.2421875,2.341663274555589e-53,0.037109375,0.0947265625
provenance,Data2txt,2,2,0.001,2304,1152,1024,1024,6,True,11,30.10437566427859,16.764755261965938,21.84141737464968,-5.07666211268374,-33.53941473711982,-43.833987286773336,0.05038188079998838,0.7729431695882606,0.4666666666666667,0.054757991076389935,2.1467137215156535,0.21435546875,8.939720837253643e-42,0.0517578125,0.103515625
provenance,Data2txt,2,3,1e-06,2304,1152,1024,1024,6,True,14,12.948249995407917,24.28960446707989,28.59750838708071,-4.307903920000818,-49.7176616710364,-58.562087329201546,0.06800710999073767,0.49657332694275574,0.4666666666666667,0.03231532480743076,2.222839964662621,0.156005859375,3.1242310184931773e-22,0.0078125,0.025390625
provenance,Data2txt,2,3,0.0001,2304,1152,1024,1024,6,True,14,16.00732687118793,18.233710801385612,22.955714870687977,-4.722004069302367,-37.04000983169657,-46.65057731937496,0.07022337820875812,0.5869172359995367,0.4666666666666667,0.03231532480743075,2.2351837485884873,0.13671875,3.713398577358273e-17,0.01171875,0.0244140625
provenance,Data2txt,2,3,0.001,2304,1152,1024,1024,6,True,12,20.22002286724971,14.975048238121914,19.578752598102156,-4.603704359980242,-30.285115228376917,-39.599540929608466,0.07212014856658995,0.6655448011203691,0.4666666666666667,0.03231532480743073,2.2359534514254635,0.14794921875,4.983543568853217e-20,0.0185546875,0.0478515625
provenance,Data2txt,2,4,1e-06,2304,1152,1024,1024,6,True,15,10.78315869463233,23.10742004529317,27.52901735557591,-4.421597310282735,-47.58414140699256,-56.63765568827322,0.07402783592407837,0.3490747565340625,0.26666666666666666,0.04312386601354137,2.2358163447172603,0.133544921875,2.1865179824177331e-16,0.0,0.001953125
provenance,Data2txt,2,4,0.0001,2304,1152,1024,1024,6,True,14,13.339783684190605,16.751362085771465,21.223872867292066,-4.472510781520603,-34.23076396649806,-43.340053120943125,0.0735674192157104,0.44669291067442546,0.26666666666666666,0.043123866013541415,2.2360648855723353,0.1337890625,1.9106253235767902e-16,0.001953125,0.01171875
provenance,Data2txt,2,4,0.001,2304,1152,1024,1024,6,True,12,16.6308061827496,13.75392171134655,18.05280663380588,-4.298884922459329,-27.932954382768685,-36.651388288843634,0.07351542067130833,0.540704045885276,0.26666666666666666,0.043123866013541394,2.2360676353565214,0.13330078125,2.5016237178931824e-16,0.0048828125,0.029296875
provenance,Data2txt,2,5,1e-06,2304,1152,1024,1024,6,True,14,10.027513852976615,23.791622024585475,28.466060217156297,-4.67443819257082,-48.37586133232707,-57.85782902933603,0.08015139437259186,0.47764481155390076,0.26666666666666666,0.04487800156045062,2.2357817402309674,0.1416015625,2.2351137467981045e-18,0.0,0.00390625
provenance,Data2txt,2,5,0.0001,2304,1152,1024,1024,6,True,15,12.429046042475447,16.97152138532248,21.690727252637185,-4.719205867314708,-34.39906018729179,-43.93446931251292,0.08507711010681884,0.5753404312506969,0.26666666666666666,0.04487800156045063,2.2360650687123806,0.118896484375,4.529183788613884e-13,0.00390625,0.0166015625
provenance,Data2txt,2,5,0.001,2304,1152,1024,1024,6,True,12,15.499101899063517,13.800010344009074,18.442356016416923,-4.642345672407848,-27.904284958684904,-37.23889345414286,0.08869601257648484,0.6542627710464649,0.26666666666666666,0.04487800156045062,2.23606765856854,0.13037109375,1.2341914702227571e-15,0.017578125,0.052734375
provenance,Data2txt,2,6,1e-06,2304,1152,1024,1024,6,True,13,8.3735796483859,19.886522727030396,24.167159925278995,-4.2806371982486,-40.16705774345084,-49.01652088806881,0.09935591720026182,0.3781138954132391,0.2,0.08968603829661283,2.235854144797303,0.207763671875,3.0092267670236424e-39,0.0,0.001953125
provenance,Data2txt,2,6,0.0001,2304,1152,1024,1024,6,True,14,10.437168972807182,14.430982765029091,18.705229963477628,-4.27424719844854,-29.037856242167262,-37.84910626091023,0.09057644485140767,0.3938985951766859,0.2,0.0896860382966128,2.2360658279354224,0.133056640625,2.8614247968598543e-16,0.0029296875,0.0146484375
provenance,Data2txt,2,6,0.001,2304,1152,1024,1024,6,True,13,12.885022937569824,11.953239914184806,16.07719585661551,-4.123955942430705,-23.98527137443987,-32.4435342634728,0.09196632069976246,0.46096976552335794,0.2,0.08968603829661283,2.236067752389958,0.132568359375,3.7409106105612795e-16,0.009765625,0.03515625
provenance,Data2txt,2,7,1e-06,2304,1152,1024,1024,6,True,15,9.265602065151718,19.50518168851466,23.88666470416978,-4.381483015655123,-39.388097779164546,-48.16957655198763,0.10462887578929554,0.3980511405807232,0.2,0.08371959913242334,2.2358434909242635,0.239501953125,3.562618361406231e-52,0.0,0.0009765625
provenance,Data2txt,2,7,0.0001,2304,1152,1024,1024,6,True,14,11.419473929009087,14.197036214978366,18.622784533466728,-4.425748318488363,-28.68672542111633,-37.5584887331803,0.09942492208600577,0.4232022369820973,0.2,0.0837195991324234,2.2360657211907644,0.1533203125,1.746809109844139e-21,0.0009765625,0.0146484375
provenance,Data2txt,2,7,0.001,2304,1152,1024,1024,6,True,13,13.869873292888416,11.780567581067938,16.045257531731377,-4.26468995066344,-23.814977970754253,-32.34870420642804,0.09552059591160167,0.48358766425792205,0.2,0.08371959913242338,2.2360677415414436,0.130859375,9.482894020763937e-16,0.0146484375,0.0439453125
provenance,Data2txt,2,8,1e-06,2304,1152,1024,1024,6,True,14,8.81852842717458,21.79342830526305,26.32737341157224,-4.533945106309192,-43.97102842620771,-52.941293207272736,0.0996755075445662,0.28135455990239633,0.2,0.11202910030248349,2.2359119824696836,0.178466796875,5.275376202646125e-29,0.0,0.00390625
provenance,Data2txt,2,8,0.0001,2304,1152,1024,1024,6,True,14,10.821702301135815,15.285168522658442,19.919545496039664,-4.63437697338122,-30.89042126383677,-40.03403576972167,0.09811435242043091,0.3355157862785053,0.2,0.11202910030248349,2.236066410053402,0.152099609375,3.781296472558513e-21,0.00390625,0.0361328125
provenance,Data2txt,2,8,0.001,2304,1152,1024,1024,6,True,14,13.258256728532105,12.308629326107596,16.847263525871867,-4.538634199764272,-24.955082534428954,-33.869338567247624,0.09668469975686794,0.42429253744362755,0.2,0.11202910030248354,2.236067813958436,0.12109375,1.5255375407237243e-13,0.0224609375,0.0830078125
provenance,Data2txt,2,9,1e-06,2304,1152,1024,1024,6,True,12,7.897502176707333,20.868011979800258,25.181348753812134,-4.313336774011876,-42.32044061598546,-51.09587077471335,0.09889197579224086,0.3362543101639699,0.2,0.12804282605405934,2.235935513003588,0.144287109375,4.565350972435508e-19,0.0,0.0078125
provenance,Data2txt,2,9,0.0001,2304,1152,1024,1024,6,True,13,9.672949583896653,14.939284101812497,19.335497817799464,-4.396213715986967,-30.261601014952106,-39.19710850993411,0.09810890782777633,0.37213515836092065,0.2,0.12804282605405934,2.2360666470699035,0.116455078125,1.4820529019797564e-12,0.01953125,0.060546875
provenance,Data2txt,2,9,0.001,2304,1152,1024,1024,6,True,12,11.766223449074491,12.174742712636476,16.52562874452611,-4.350886031889633,-24.63537351677552,-33.45610003380645,0.09807311189030186,0.4445683639583678,0.2,0.12804282605405934,2.236067839207427,0.130859375,9.482894020763937e-16,0.04296875,0.07421875
provenance,Data2txt,2,10,1e-06,2304,1152,1024,1024,6,True,14,8.824923972608179,21.834698095018293,26.294146916920383,-4.459448821902088,-44.61171008903931,-53.631715745810766,0.06790429547965376,0.2908254280611896,0.2,0.11480070680798728,2.2359245749480774,0.1787109375,4.400576729923819e-29,0.0,0.005859375
provenance,Data2txt,2,10,0.0001,2304,1152,1024,1024,6,True,13,10.920610280035818,15.331837518487806,19.863294858463046,-4.5314573399752405,-31.278263730421664,-40.42287337599614,0.06763619635798782,0.3589513993570077,0.2,0.11480070680798726,2.236066537358217,0.1298828125,1.6046869285554237e-15,0.0107421875,0.0458984375
provenance,Data2txt,2,10,0.001,2304,1152,1024,1024,6,True,14,13.539447430789746,12.376361483283816,16.810965963178724,-4.4346044798949045,-25.235268529035395,-34.16324312988007,0.06761095971104898,0.4526540822627094,0.2,0.1148007068079873,2.2360678279439052,0.108642578125,5.569986085312172e-11,0.0244140625,0.08984375
provenance,Data2txt,2,11,1e-06,2304,1152,1024,1024,6,True,15,9.359024539708628,19.25603665040958,23.641758241951873,-4.3857215915422945,-39.078101373611474,-47.687239545314725,0.13051128611432078,0.38455025226397227,0.2,0.09108881793086533,2.235893471164986,0.2236328125,1.799185579231154e-45,0.0,0.0068359375
provenance,Data2txt,2,11,0.0001,2304,1152,1024,1024,6,True,14,11.394200522250056,14.01278399069559,18.46723111392837,-4.4544471232327805,-28.68513740610741,-37.50210718984624,0.1268481312186019,0.46006200823446614,0.2,0.09108881793086532,2.2360662245679066,0.132080078125,4.885827320051343e-16,0.013671875,0.03125
provenance,Data2txt,2,11,0.001,2304,1152,1024,1024,6,True,13,13.647932267142187,11.577641185825446,15.964400621544575,-4.386759435719129,-23.871633662593073,-32.60126505672608,0.1248463123315693,0.5305796805737034,0.2,0.09108881793086532,2.2360677950899768,0.125,2.097112125854559e-14,0.0234375,0.064453125
provenance,Data2txt,2,12,1e-06,2304,1152,1024,1024,6,True,12,8.828461173801077,15.784236890543184,19.81520354764727,-4.030966657104085,-32.2154038355599,-40.57003863254347,0.07992135165352775,0.4768182775884015,0.06666666666666667,0.08212488093404594,2.235920825843561,0.405029296875,2.85481558913256e-152,0.0,0.0
provenance,Data2txt,2,12,0.0001,2304,1152,1024,1024,6,True,14,10.236272458062903,11.615764577293348,15.615337887489158,-3.99957331019581,-23.751900809818174,-32.022660064490445,0.07955093629971921,0.5014762436334859,0.06666666666666667,0.08212488093404595,2.236066501930172,0.290283203125,6.511816894176926e-77,0.0078125,0.021484375
provenance,Data2txt,2,12,0.001,2304,1152,1024,1024,6,True,13,11.593582608410541,9.702945165909926,13.538388753930326,-3.835443588020401,-19.874794351323555,-27.79806579686914,0.08469698390953694,0.5297637250532625,0.06666666666666667,0.08212488093404592,2.2360678263043527,0.19482421875,1.588334195804092e-34,0.033203125,0.0517578125
provenance,Data2txt,2,13,1e-06,2304,1152,1024,1024,6,True,13,12.43753067439969,21.54981896363079,26.115634342736698,-4.565815379105905,-42.396738362564236,-51.178375230565536,0.06268047485493031,0.26478066468449485,0.2,0.08964094858037738,2.2359065458676763,0.170166015625,2.156539516854391e-26,0.0029296875,0.0205078125
provenance,Data2txt,2,13,0.0001,2304,1152,1024,1024,6,True,13,15.435481269613593,15.531634855660958,20.269903648375376,-4.738268792714422,-30.93113913344165,-40.10761769964441,0.060550643523706205,0.3688347298478739,0.2,0.08964094858037744,2.2360663553340814,0.12109375,1.5255375407237243e-13,0.0341796875,0.0673828125
provenance,Data2txt,2,13,0.001,2304,1152,1024,1024,6,True,14,18.94694092739389,12.792126504225065,17.49904575628051,-4.706919252055448,-25.75899464681683,-34.874629232215234,0.05921935884016197,0.467122122088402,0.2,0.08964094858037742,2.2360678081680385,0.14794921875,4.983543568853217e-20,0.05859375,0.0888671875
provenance,Data2txt,2,14,1e-06,2304,1152,1024,1024,6,True,14,7.683768734054966,19.734020856744106,24.01887673124121,-4.284855874497104,-40.173167786998576,-48.78217482162658,0.10588943807843068,0.5707156683608878,0.2,0.15164705173987494,2.235945234448984,0.16845703125,7.171005278868756e-26,0.0,0.00390625
provenance,Data2txt,2,14,0.0001,2304,1152,1024,1024,6,True,14,9.366856449157751,14.044358860053485,18.436850860046782,-4.392491999993297,-28.40295977311514,-37.16926053983226,0.09310691783193022,0.5113810915091906,0.2,0.1516470517398749,2.2360667460309815,0.133544921875,2.1865179824177331e-16,0.0283203125,0.064453125
provenance,Data2txt,2,14,0.001,2304,1152,1024,1024,6,True,12,11.29708956136783,11.433894220680944,15.761913783082157,-4.328019562401213,-23.058216154942272,-31.64671219086904,0.09204438904307465,0.5148151376537005,0.2,0.15164705173987486,2.236067850700914,0.1533203125,1.746809109844139e-21,0.0576171875,0.0908203125
provenance,Data2txt,2,15,1e-06,2304,1152,1024,1024,6,True,14,5.749071570481362,20.049840295917846,24.878931145099575,-4.829090849181728,-39.68992922456674,-49.1326042577207,0.10380473182137116,0.49125417965481805,0.2,0.1480985423597008,2.235986763726866,0.16357421875,2.073806233267369e-24,0.0,0.0009765625
provenance,Data2txt,2,15,0.0001,2304,1152,1024,1024,6,True,13,6.954378774209243,13.892293096911033,18.74511482382742,-4.852821726916392,-27.718593710849248,-37.284458645749964,0.09079593780256201,0.51595634233678,0.2,0.14809854235970085,2.2360671628227773,0.126220703125,1.113336853091984e-14,0.0068359375,0.044921875
provenance,Data2txt,2,15,0.001,2304,1152,1024,1024,6,True,12,8.323928619986352,11.033195123887435,15.755936803920822,-4.722741680033387,-22.188364758579404,-31.519779456148974,0.08872458868581366,0.5585766444214542,0.2,0.14809854235970088,2.2360678937262195,0.122802734375,6.45346337731856e-14,0.0400390625,0.080078125
provenance,Data2txt,2,16,1e-06,2304,1152,1024,1024,6,True,14,6.05073278524984,20.326631365443234,25.027740704739557,-4.701109339296323,-40.504970091605635,-49.81717896304961,0.11571938791556487,0.59503783075434,0.2,0.11491847358713451,2.235961485503141,0.150390625,1.1030630226492864e-20,0.0,0.0009765625
provenance,Data2txt,2,16,0.0001,2304,1152,1024,1024,6,True,13,7.414800409457671,14.21343775724699,18.926452431909723,-4.713014674662737,-28.353005089217056,-37.702637979063795,0.1031959508210376,0.5664483674925129,0.2,0.1149184735871343,2.2360669088304355,0.125,2.097112125854559e-14,0.001953125,0.0126953125
provenance,Data2txt,2,16,0.001,2304,1152,1024,1024,6,True,12,9.043047127403813,11.38171384765992,15.950002909303509,-4.568289061643588,-22.737134951937303,-31.813254875500117,0.0943447787063523,0.5799488430847821,0.2,0.11491847358713445,2.2360678672334724,0.10498046875,2.793504529908204e-10,0.0126953125,0.0771484375
provenance,Data2txt,2,17,1e-06,2304,1152,1024,1024,6,True,15,9.15179187992434,21.71997162956425,26.551049732915082,-4.831078103350831,-44.58086402214879,-54.27805778975899,0.0843112426927996,0.5254252069512814,0.2,0.11822992053989544,2.2359314723987813,0.15478515625,6.857399885017456e-22,0.0068359375,0.01953125
provenance,Data2txt,2,17,0.0001,2304,1152,1024,1024,6,True,14,11.239498617124944,15.358287992499559,20.270906922460867,-4.91261892996131,-31.645101609469705,-41.51565075994792,0.06850217875403186,0.5407527097377668,0.2,0.11822992053989544,2.2360666058465797,0.12353515625,4.44675391343378e-14,0.0263671875,0.0634765625
provenance,Data2txt,2,17,0.001,2304,1152,1024,1024,6,True,13,13.787771801026413,12.428740352135266,17.201915916860933,-4.773175564725668,-25.69863238390619,-35.27496775157263,0.05780354420585972,0.5827364976032089,0.2,0.11822992053989537,2.2360678343385403,0.117919921875,7.298834567866022e-13,0.041015625,0.09375
provenance,Data2txt,2,18,1e-06,2304,1152,1024,1024,6,True,14,11.363519525139376,25.42874494446491,30.62505111054368,-5.196306166078774,-53.09641946501376,-63.60781401793892,0.05431607948295114,0.45460137383671717,0.2,0.09737999636514859,2.2359295455679296,0.201171875,8.386567270583948e-37,0.009765625,0.0322265625
provenance,Data2txt,2,18,0.0001,2304,1152,1024,1024,6,True,13,14.064118163676866,17.822267119740758,23.10143576502969,-5.279168645288933,-36.93133258216689,-47.557734253599115,0.05989588408219354,0.5350757842585764,0.2,0.0973799963651486,2.236066583494512,0.16796875,1.0085105003586541e-25,0.0283203125,0.0673828125
provenance,Data2txt,2,18,0.001,2304,1152,1024,1024,6,True,12,17.685271424470706,14.272250814818115,19.446472187020454,-5.1742213722023385,-29.443397674285972,-39.802123384668796,0.06517780272135913,0.6140136855352084,0.2,0.0973799963651486,2.2360678292677854,0.162353515625,4.7335902564590826e-24,0.0498046875,0.09375
provenance,Data2txt,2,19,1e-06,2304,1152,1024,1024,6,True,15,13.178546382608202,27.775865306201336,33.417526392175844,-5.641661085974504,-56.46469193652307,-67.86979229487284,0.05455842329912808,0.5224280458713433,0.4,0.1375072478850029,2.235911459716234,0.3046875,7.33242943797846e-85,0.0244140625,0.064453125
provenance,Data2txt,2,19,0.0001,2304,1152,1024,1024,6,True,13,16.235322648711968,19.140032728116495,24.783285847886674,-5.643253119770177,-38.82412690824841,-50.19869565764655,0.048632255573504805,0.5935854043103815,0.4,0.13750724788500296,2.2360663968712475,0.2822265625,1.196234636637064e-72,0.0517578125,0.09375
provenance,Data2txt,2,19,0.001,2304,1152,1024,1024,6,True,13,20.390802892176044,15.174504210856984,20.61290504508958,-5.438400834232595,-30.74226327283187,-41.6478225858564,0.049965563164581436,0.6614854699669808,0.4,0.1375072478850029,2.23606780532339,0.255126953125,3.0042250845066587e-59,0.0615234375,0.1162109375
provenance,Data2txt,2,20,1e-06,2304,1152,1024,1024,6,True,14,11.980526948074486,27.379953140534987,32.808914619101856,-5.428961478566872,-54.77257299501295,-65.51163035825847,0.06546545824955505,0.4904168624668243,0.4,0.10734521215366886,2.2358996334310963,0.288818359375,3.9686480953613825e-76,0.0078125,0.0400390625
provenance,Data2txt,2,20,0.0001,2304,1152,1024,1024,6,True,14,14.71295800546772,18.81912616170361,24.232469593017875,-5.413343431314262,-37.72508750327928,-48.432431851535966,0.05880250867531133,0.5617697390769638,0.4,0.1073452121536689,2.236066273251571,0.24365234375,5.23359496937801e-54,0.0400390625,0.0869140625
provenance,Data2txt,2,20,0.001,2304,1152,1024,1024,6,True,12,18.390403956749754,14.856110261527265,20.05651748954442,-5.200407228017153,-29.888249290143044,-40.11169963415272,0.05452813969235809,0.6319434418688501,0.4,0.10734521215366896,2.236067788051157,0.237548828125,2.5284730350712936e-51,0.0673828125,0.1279296875
provenance,Data2txt,2,21,1e-06,2304,1152,1024,1024,6,True,14,7.461183635522592,24.787334937134826,29.870106992469218,-5.082772055334386,-50.58967683496589,-60.84725544877969,0.08846795435317911,0.6491134633069072,0.2,0.13463905602406706,2.2359406967224515,0.240478515625,1.3288332372972248e-52,0.001953125,0.037109375
provenance,Data2txt,2,21,0.0001,2304,1152,1024,1024,6,True,15,9.170612633291489,17.00524444925159,22.040241020304954,-5.034996571053366,-34.7328179710469,-44.89650596734311,0.08205993641658849,0.6486172733682644,0.2,0.13463905602406703,2.2360666965334324,0.2060546875,1.3189809255198038e-38,0.033203125,0.099609375
provenance,Data2txt,2,21,0.001,2304,1152,1024,1024,6,True,12,11.483783409102841,13.310978847445071,18.180851242907693,-4.869872395462621,-27.231678915745512,-37.03457677128561,0.07413767504069234,0.6740654563331834,0.2,0.13463905602406703,2.236067841967479,0.189697265625,9.665598367735833e-33,0.064453125,0.125
provenance,Data2txt,2,22,1e-06,2304,1152,1024,1024,6,True,16,12.64153626362976,26.748475826958014,32.07344528724464,-5.324969460286629,-53.45240832521174,-63.940374343137904,0.06990904733995075,0.5211040891654232,0.26666666666666666,0.11702056652259928,2.235888741973203,0.26953125,3.4295897715161833e-66,0.015625,0.033203125
provenance,Data2txt,2,22,0.0001,2304,1152,1024,1024,6,True,15,15.639185390674326,18.578687753825633,23.866311726815937,-5.287623972990305,-37.247426819900404,-47.6835998617756,0.06325887565195301,0.5564162485025699,0.26666666666666666,0.11702056652259925,2.236066168332616,0.24609375,4.217428079523844e-55,0.0302734375,0.0732421875
provenance,Data2txt,2,22,0.001,2304,1152,1024,1024,6,True,12,19.696991317524603,14.809206412806903,19.878403957970498,-5.069197545163597,-29.779856061721922,-39.78151533460948,0.057643998933527535,0.6126506127651008,0.26666666666666666,0.11702056652259926,2.2360677812468994,0.215087890625,4.628666006891704e-42,0.056640625,0.09375
provenance,Data2txt,2,23,1e-06,2304,1152,1024,1024,6,True,13,20.07802360271989,28.425000808373674,33.64789547861876,-5.222894670245083,-57.89228752101441,-68.26085239394925,0.03360659572736167,0.4972325486045582,0.2,0.1059224593959226,2.2358289627991157,0.267333984375,4.174092907395716e-65,0.0185546875,0.0439453125
provenance,Data2txt,2,23,0.0001,2304,1152,1024,1024,6,True,14,25.262085727888152,19.94315394787642,25.11955121204305,-5.17639726416663,-40.6593960067714,-50.89512139080496,0.03545070545771092,0.5704148598432806,0.2,0.10592245939592253,2.2360655606239606,0.21337890625,2.142399826684085e-41,0.0322265625,0.06640625
provenance,Data2txt,2,23,0.001,2304,1152,1024,1024,6,True,13,32.60844372595069,16.093963779009247,21.038583269303672,-4.944619490294423,-32.87278944688795,-42.615155549650346,0.03726373511872606,0.6467134305861187,0.2,0.10592245939592251,2.2360677114439826,0.167724609375,1.1955434901476523e-25,0.0546875,0.0947265625
provenance,Data2txt,2,24,1e-06,2304,1152,1024,1024,6,True,14,14.324099008568952,29.38234655489935,34.82629799838575,-5.4439514434864,-57.590587018409536,-68.48218078251898,0.05920775777110783,0.5682884693834097,0.2,0.10288808856138723,2.2358758985442315,0.328369140625,7.574136891549065e-99,0.009765625,0.029296875
provenance,Data2txt,2,24,0.0001,2304,1152,1024,1024,6,True,13,17.821324050794694,20.359326516538133,25.6453827533292,-5.286056236791071,-40.03980117519202,-50.68196079531853,0.05403640829916735,0.5976240747601907,0.2,0.10288808856138727,2.2360660257838862,0.276611328125,9.404601127362301e-70,0.0283203125,0.048828125
provenance,Data2txt,2,24,0.001,2304,1152,1024,1024,6,True,13,22.713410941957665,16.184455511545913,21.18344516734939,-4.998989655803479,-31.908058956395003,-42.00201430083701,0.0578562370122767,0.6487317956234792,0.2,0.10288808856138727,2.236067754025179,0.233154296875,1.954335018027739e-49,0.0341796875,0.064453125
provenance,Data2txt,2,25,1e-06,2304,1152,1024,1024,6,True,13,15.725752783968671,30.049558470188966,35.462456773844266,-5.4128983036552984,-60.44261750900622,-71.42339774943358,0.04648540258660068,0.5559634305424892,0.2,0.11223289432353507,2.2357863907091784,0.32958984375,1.3399070563194202e-99,0.013671875,0.04296875
provenance,Data2txt,2,25,0.0001,2304,1152,1024,1024,6,True,15,19.740638063648184,20.807619056512102,25.98956425742967,-5.181945200917571,-41.743569942351684,-52.25531205900657,0.040921030920261975,0.5861472735345836,0.2,0.11223289432353516,2.236065101033243,0.279052734375,5.2736012410344e-71,0.03125,0.0830078125
provenance,Data2txt,2,25,0.001,2304,1152,1024,1024,6,True,13,25.700904414576385,16.5478186721652,21.401023551958154,-4.85320487979295,-33.09019420142947,-42.94154242973437,0.044704495951695754,0.6435163867530233,0.2,0.11223289432353512,2.2360676344191766,0.25439453125,6.605525027829767e-59,0.0458984375,0.1025390625
provenance,Data2txt,2,26,1e-06,2304,1152,1024,1024,6,True,15,9.847439765642065,26.454390535987166,31.994505026248735,-5.540114490261574,-52.54377293142769,-63.52595484566301,0.09358538434275226,0.6580368310858103,0.4,0.14217174538263358,2.235823850326339,0.271728515625,2.7568594336522486e-67,0.001953125,0.03515625
provenance,Data2txt,2,26,0.0001,2304,1152,1024,1024,6,True,13,12.061007550398449,18.348561858734527,23.843110054774993,-5.494548196040467,-36.50373237366202,-47.40755170341114,0.09408322861964273,0.6826053974924597,0.4,0.1421717453826336,2.2360654954526815,0.245361328125,9.002919669990753e-55,0.03515625,0.0859375
provenance,Data2txt,2,26,0.001,2304,1152,1024,1024,6,True,12,15.066192493014523,14.524197445214549,19.810839771769526,-5.2866423265549765,-28.941130947753273,-39.427094280948324,0.09102981152393909,0.7170062639365634,0.4,0.1421717453826336,2.2360676920288456,0.230224609375,3.382048220841527e-48,0.0791015625,0.1201171875
provenance,Data2txt,2,27,1e-06,2304,1152,1024,1024,6,True,14,12.495381645253607,27.33161292236469,32.733381090127835,-5.401768167763146,-55.536058803771915,-66.55494345560918,0.07159032362310888,0.6545195837130401,0.26666666666666666,0.12932512178566127,2.2358551664870134,0.27001953125,1.962318032863611e-66,0.0126953125,0.0546875
provenance,Data2txt,2,27,0.0001,2304,1152,1024,1024,6,True,15,15.409916933558621,19.01505337923593,24.36670256066535,-5.351649181429423,-38.354035810047286,-49.24941438385747,0.06467212241697018,0.6730146871739964,0.26666666666666666,0.12932512178566133,2.2360658211209867,0.25927734375,3.303623224092758e-61,0.048828125,0.0791015625
provenance,Data2txt,2,27,0.001,2304,1152,1024,1024,6,True,12,19.413863784270905,15.177515024072633,20.27471075412968,-5.097195730057048,-30.434558608588056,-40.81218084816842,0.058874517832356955,0.7071650530848002,0.26666666666666666,0.1293251217856613,2.2360677360385663,0.23046875,2.6707048467164698e-48,0.0673828125,0.0927734375
provenance,Data2txt,2,28,1e-06,2304,1152,1024,1024,6,True,14,7.2573473582149735,20.88738043664126,25.723938221932237,-4.836557785290977,-41.40594497177778,-50.85300977785944,0.11372324669633907,0.5654604975658113,0.4,0.12866108352469874,2.2358736956204686,0.146240234375,1.4109024110339131e-19,0.0009765625,0.0048828125
provenance,Data2txt,2,28,0.0001,2304,1152,1024,1024,6,True,13,8.735943504647405,14.79874774891924,19.652843335159247,-4.854095586240005,-29.54617794402378,-39.05616849166814,0.10032107674486164,0.5991122156395624,0.4,0.12866108352469877,2.2360660182394128,0.11767578125,8.218486843173454e-13,0.0068359375,0.033203125
provenance,Data2txt,2,28,0.001,2304,1152,1024,1024,6,True,13,10.447819872112149,11.95034521383138,16.633090306345174,-4.6827450925137954,-23.994571346028494,-33.19048677672091,0.09861924552449314,0.6386135636204988,0.4,0.1286610835246987,2.236067766608388,0.13232421875,4.275746942813385e-16,0.021484375,0.06640625
provenance,Data2txt,2,29,1e-06,2304,1152,1024,1024,6,True,13,8.152734047747302,26.88204982656751,32.383486171259506,-5.501436344691999,-53.07601144434699,-63.84948194170512,0.10250839444821298,0.6001644430444907,0.4,0.13362235634251862,2.23593668844932,0.313720703125,4.635597031879095e-90,0.0107421875,0.041015625
provenance,Data2txt,2,29,0.0001,2304,1152,1024,1024,6,True,14,10.173574324099201,18.364162444060632,23.836689981819994,-5.4725275377593645,-36.40050028697138,-47.09207597357178,0.0913140783254651,0.6485463759393856,0.4,0.1336223563425187,2.2360666527283324,0.300048828125,2.955474261117769e-82,0.04296875,0.0703125
provenance,Data2txt,2,29,0.001,2304,1152,1024,1024,6,True,12,12.683780975517053,14.403870786382168,19.64515587578441,-5.24128508940224,-28.65272180219781,-38.888295916026436,0.08895035894811752,0.6960591424648763,0.4,0.13362235634251873,2.236067834167064,0.2802734375,1.2361078975581312e-71,0.060546875,0.0908203125
provenance,Data2txt,2,30,1e-06,2304,1152,1024,1024,6,True,14,6.046838965391575,21.018109373601625,25.77333764552189,-4.755228271920266,-41.74678823602641,-51.09815162463879,0.15082761544608422,0.6352148369652584,0.26666666666666666,0.10638462641604923,2.2358692238162248,0.147705078125,5.786704333623032e-20,0.0,0.0009765625
provenance,Data2txt,2,30,0.0001,2304,1152,1024,1024,6,True,14,7.341702863055763,14.67017145783851,19.44205394150053,-4.771882483662019,-29.22286450003532,-38.62372330253729,0.15023176794520027,0.6304912685767589,0.26666666666666666,0.10638462641604929,2.236065975671192,0.12353515625,4.44675391343378e-14,0.0009765625,0.0380859375
provenance,Data2txt,2,30,0.001,2304,1152,1024,1024,6,True,13,8.848895575054243,11.709638590737805,16.33299982977089,-4.623361239033089,-23.355363179078164,-32.49811244342637,0.14709112936757282,0.6478486240249686,0.26666666666666666,0.1063846264160492,2.236067764334919,0.119873046875,2.7993528262764863e-13,0.0263671875,0.072265625
provenance,Data2txt,2,31,1e-06,2304,1152,1024,1024,6,True,13,3.1604410993989527,19.388565417772703,23.763402400944834,-4.37483698317213,-39.03113591111477,-47.61739989189262,0.29887651326628006,0.6463628897959874,0.26666666666666666,0.08073537355273057,2.2359183363643673,0.25634765625,8.037464399451888e-60,0.0,0.0
provenance,Data2txt,2,31,0.0001,2304,1152,1024,1024,6,True,13,4.29052122260438,13.422415610487018,17.960566113486315,-4.538150502999299,-27.031376454580887,-35.93933491511273,0.2728381224479405,0.6559349229264245,0.26666666666666666,0.08073537355273058,2.236066472874288,0.1826171875,2.3363634846360253e-30,0.005859375,0.01171875
provenance,Data2txt,2,31,0.001,2304,1152,1024,1024,6,True,13,5.486104657336191,10.6472754056321,15.163799782325198,-4.516524376693097,-21.458232713735818,-30.306640600370883,0.25609022141791504,0.6914749845389392,0.26666666666666666,0.08073537355273058,2.236067819576635,0.147216796875,7.796322835790805e-20,0.033203125,0.0361328125
provenance,Data2txt,3,0,1e-06,4608,2304,1024,1024,6,True,11,2.8059125177447823,25.816808247964882,30.93201268852988,-5.1152044405649955,-51.897354357198594,-62.188676142157945,0.22016380641991268,0.5601161686841605,0.06666666666666667,0.06985926599800914,1.4141945451383844,0.42041015625,1.4685320142482535e-164,0.0,0.0
provenance,Data2txt,3,0,0.0001,4608,2304,1024,1024,6,True,13,3.638325592306071,16.559681440685093,21.681691493350236,-5.122010052665142,-33.26067908281746,-43.60491926462603,0.23046505758642571,0.5066768987349233,0.06666666666666667,0.0698592659980091,1.4142133715838603,0.319580078125,1.601259227349313e-93,0.0,0.0
provenance,Data2txt,3,0,0.001,4608,2304,1024,1024,6,True,13,4.541476956379214,12.174268065700094,17.19335952512609,-5.019091459425997,-24.423432653918148,-34.58236247167436,0.2424797764349003,0.5203863552399344,0.06666666666666667,0.06985926599800914,1.4142135427301206,0.26953125,3.4295897715161833e-66,0.0,0.0
provenance,Data2txt,3,1,1e-06,4608,2304,1024,1024,6,True,11,7.8336005012551615,15.13547686123919,18.421773129979734,-3.2862962687405424,-30.460219262626744,-37.14991374189178,0.0930027837085286,0.4433472363613517,0.2,0.17645357651676916,0.6632508253600549,0.25732421875,2.785717414247219e-60,0.1142578125,0.2392578125
provenance,Data2txt,3,1,0.0001,4608,2304,1024,1024,6,True,9,9.783952343066309,12.37828700366454,15.903383955102317,-3.525096951437779,-24.701275091313768,-31.87060808583122,0.07702841894869325,0.4831641449636224,0.2,0.17645357651676924,0.6647696842392338,0.2060546875,1.3189809255198038e-38,0.07421875,0.1796875
provenance,Data2txt,3,1,0.001,4608,2304,1024,1024,6,True,10,11.989225219683554,11.082803313865458,14.701327715995582,-3.618524402130125,-22.01743259327204,-29.364176820399756,0.07445145667251907,0.5419807868669195,0.2,0.1764535765167692,0.6780463499955827,0.142333984375,1.4536941769332194e-18,0.0615234375,0.146484375
provenance,Data2txt,3,2,1e-06,4608,2304,1024,1024,6,True,12,19.553675944224878,27.60254314382296,32.25844395155833,-4.655900807735374,-54.54115068105868,-63.609852903548074,0.043181858239157704,0.5829611867724639,0.6666666666666666,0.09761784052281682,1.5982043261343701,0.322265625,3.928951232837679e-95,0.0634765625,0.1845703125
provenance,Data2txt,3,2,0.0001,4608,2304,1024,1024,6,True,11,25.93708714124377,20.63573627824224,25.60086536822231,-4.9651290899800635,-40.786329973831045,-50.47808837091143,0.04206472158645194,0.6838089697129683,0.6666666666666666,0.09761784052281687,1.680439352640739,0.273681640625,2.878984771512318e-68,0.0517578125,0.10546875
provenance,Data2txt,3,2,0.001,4608,2304,1024,1024,6,True,11,35.024674725839375,17.148340129832484,22.25712279213416,-5.108782662301678,-33.93074757725584,-43.93850893135136,0.04442711224269558,0.7587075186683954,0.6666666666666666,0.09761784052281688,1.959382496909316,0.2734375,3.822066366858824e-68,0.0537109375,0.109375
provenance,Data2txt,3,3,1e-06,4608,2304,1024,1024,6,True,14,13.597023217698162,22.75366792629537,27.003525730427924,-4.249857804132553,-44.7932549068189,-53.185011174655884,0.0704900432442273,0.476828531353088,0.4666666666666667,0.03802343913403255,2.203798112086373,0.17578125,3.811813540871831e-28,0.005859375,0.029296875
provenance,Data2txt,3,3,0.0001,4608,2304,1024,1024,6,True,14,16.80307501379699,17.787859522371924,22.453985947714877,-4.66612642534295,-35.391537220248026,-44.662691425863784,0.07056122074422551,0.5612296527176035,0.4666666666666667,0.038023439134032576,2.229706841825355,0.117431640625,9.251714133525346e-13,0.0078125,0.03125
provenance,Data2txt,3,3,0.001,4608,2304,1024,1024,6,True,12,21.17663995912598,14.806160974939903,19.401149974775848,-4.594988999835946,-29.620032642016874,-38.751036265135426,0.07122302428432427,0.6395859168760912,0.4666666666666667,0.038023439134032576,2.2351626240529456,0.129638671875,1.8290750459630266e-15,0.0234375,0.0498046875
provenance,Data2txt,3,4,1e-06,4608,2304,1024,1024,6,True,14,10.974288042434333,22.332486037323733,26.610639920155315,-4.278153882831584,-44.49276790127483,-52.96678740033035,0.07592106365352824,0.37025682417580696,0.4,0.0486344424031011,2.2349039858303543,0.149658203125,1.7387170657903212e-20,0.0009765625,0.0048828125
provenance,Data2txt,3,4,0.0001,4608,2304,1024,1024,6,True,13,13.696623231436453,16.57414053952366,21.108590156525565,-4.534449617001904,-33.23035051833194,-42.25451809377001,0.07390847486293689,0.45290544172452724,0.4,0.048634442403101066,2.236038996086026,0.120361328125,2.1974957472589798e-13,0.001953125,0.0166015625
provenance,Data2txt,3,4,0.001,4608,2304,1024,1024,6,True,13,17.25077385141452,13.674181915271612,18.023067377064727,-4.348885461793117,-27.49958801176869,-36.153929526686376,0.07262862622329574,0.5433099917961889,0.4,0.04863444240310109,2.236064781087472,0.119140625,4.017366536295922e-13,0.0107421875,0.0439453125
provenance,Data2txt,3,5,1e-06,4608,2304,1024,1024,6,True,14,9.282367342009692,21.975661140110628,26.554937082179404,-4.579275942068778,-43.90462833624349,-53.021523116091416,0.09678257779352258,0.4215451162490704,0.3333333333333333,0.05658358911383926,2.235833755821914,0.1357421875,6.436427488854304e-17,0.0,0.0029296875
provenance,Data2txt,3,5,0.0001,4608,2304,1024,1024,6,True,14,11.604708271947922,15.851378730743694,20.49600118084133,-4.6446224500976365,-31.830327157902442,-41.05167510406096,0.09464352540604555,0.5242449580324283,0.3333333333333333,0.05658358911383921,2.236065401763475,0.11083984375,2.0608509422184353e-11,0.00390625,0.0205078125
provenance,Data2txt,3,5,0.001,4608,2304,1024,1024,6,True,12,14.478722559235788,12.985630589438298,17.50409419175074,-4.518463602312446,-26.198699622532885,-35.144953219772056,0.09253554392671703,0.6086633627804502,0.3333333333333333,0.05658358911383926,2.2360677002223706,0.10009765625,2.198994720070489e-09,0.0107421875,0.05078125
provenance,Data2txt,3,6,1e-06,4608,2304,1024,1024,6,True,14,8.228733039419929,19.130056249947238,23.61185668525379,-4.4818004353065515,-38.23349953655956,-47.12445513530105,0.11931150978866686,0.4607721045109905,0.2,0.09400158240336977,2.2358892361698266,0.237548828125,2.5284730350712936e-51,0.0,0.0029296875
provenance,Data2txt,3,6,0.0001,4608,2304,1024,1024,6,True,14,10.200414659885897,14.00286381624624,18.44692852521713,-4.444064708970889,-28.075163551703135,-36.90241212947092,0.1031356085704077,0.48618123334702557,0.2,0.09400158240336975,2.236066174840505,0.1416015625,2.2351137467981045e-18,0.005859375,0.0146484375
provenance,Data2txt,3,6,0.001,4608,2304,1024,1024,6,True,13,12.420730588980142,11.649170879793445,15.912011400898061,-4.262840521104616,-23.40747171836525,-31.85918978431389,0.09550422763974499,0.5378669449291175,0.2,0.09400158240336978,2.2360677896127874,0.131591796875,6.374773541909027e-16,0.013671875,0.056640625
provenance,Data2txt,3,7,1e-06,4608,2304,1024,1024,6,True,15,8.269483733422064,18.00645226140441,22.480934439438755,-4.474482178034343,-35.784846477266,-44.62045418058939,0.12747358466256178,0.39984357361856254,0.2,0.08247768461605072,2.235848967902473,0.32763671875,2.1340391094606694e-98,0.0,0.0
provenance,Data2txt,3,7,0.0001,4608,2304,1024,1024,6,True,13,10.167166967799814,13.22717648949215,17.654712937829583,-4.427536448337433,-26.4211287430981,-35.205898965083165,0.11892081726832714,0.42523553186368346,0.2,0.08247768461605066,2.236065777861285,0.232177734375,5.076367441390888e-49,0.0,0.0029296875
provenance,Data2txt,3,7,0.001,4608,2304,1024,1024,6,True,12,12.182202253694218,11.046351746365607,15.284347865617868,-4.2379961192522595,-22.139116396746505,-30.571982665732556,0.11373830399164236,0.47993106117178946,0.2,0.08247768461605072,2.2360677489492735,0.164306640625,1.2600727001643896e-24,0.0029296875,0.01171875
provenance,Data2txt,3,8,1e-06,4608,2304,1024,1024,6,True,14,8.488050715649393,19.583453641160055,23.89264600648509,-4.309192365325037,-39.84927928740143,-48.386763581351445,0.11052542406081717,0.2947491740077311,0.2,0.10804904289481958,2.2359120377841784,0.163818359375,1.7569278705476555e-24,0.0,0.0
provenance,Data2txt,3,8,0.0001,4608,2304,1024,1024,6,True,14,10.45091357182993,14.002698490412389,18.398629879036733,-4.395931388624343,-28.590860811948637,-37.28014298875431,0.10671061668428965,0.3332272536006716,0.2,0.10804904289481956,2.2360664118890883,0.115478515625,2.364709674742813e-12,0.0009765625,0.0234375
provenance,Data2txt,3,8,0.001,4608,2304,1024,1024,6,True,13,12.717888891543957,11.4581659672185,15.764584795138909,-4.3064188279204085,-23.47766340489877,-31.966695929654534,0.10394291704003622,0.41311182092010107,0.2,0.10804904289481958,2.2360678153221243,0.117431640625,9.251714133525346e-13,0.017578125,0.064453125
provenance,Data2txt,3,9,1e-06,4608,2304,1024,1024,6,True,13,7.332225365396107,19.761809207624843,24.12122744530366,-4.359418237678819,-39.00886293183462,-47.52401598595506,0.12110956625652261,0.35674873469710494,0.2,0.12469401365603601,2.2359352742542082,0.202880859375,1.983892799565446e-37,0.0,0.00390625
provenance,Data2txt,3,9,0.0001,4608,2304,1024,1024,6,True,13,8.928257772423454,14.163479249356785,18.54001776487449,-4.376538515517709,-28.107126597231137,-36.67802934111983,0.1185114550535756,0.37666142508867073,0.2,0.12469401365603601,2.236066645073819,0.153076171875,2.0395921827044052e-21,0.01171875,0.037109375
provenance,Data2txt,3,9,0.001,4608,2304,1024,1024,6,True,12,10.722044448492555,11.556022259999464,15.845369929126509,-4.289347669127045,-23.03408691524207,-31.44073103319626,0.1173706512448397,0.4366100587499381,0.2,0.12469401365603601,2.2360678393681703,0.134521484375,1.2728912836604195e-16,0.0341796875,0.0615234375
provenance,Data2txt,3,10,1e-06,4608,2304,1024,1024,6,True,15,7.265925867731832,20.446359268281384,24.9534352028875,-4.5070759346061156,-41.80408832199605,-50.90699778009593,0.09137303325150364,0.43901586110363433,0.2,0.12068197593539547,2.2359536000543287,0.1513671875,5.9919089637652535e-21,0.0,0.0
provenance,Data2txt,3,10,0.0001,4608,2304,1024,1024,6,True,13,8.946197901567253,14.318791465729976,18.89387293784746,-4.575081472117483,-29.165063032896068,-38.38078740161552,0.06315208903638228,0.4375275112845078,0.2,0.12068197593539548,2.2360668299575672,0.1162109375,1.666303695708935e-12,0.0029296875,0.0283203125
provenance,Data2txt,3,10,0.001,4608,2304,1024,1024,6,True,14,10.940805657638467,11.539856423955808,15.988907092647114,-4.449050668691307,-23.444844875949443,-32.371280661101494,0.06096441296176686,0.4840873564322499,0.2,0.12068197593539551,2.236067859335045,0.10888671875,4.992365978808892e-11,0.0185546875,0.076171875
provenance,Data2txt,3,11,1e-06,4608,2304,1024,1024,6,True,13,7.815605692976572,17.716941210181048,22.151986985513492,-4.435045775332446,-36.076806699505745,-44.77519435975174,0.1372025176537786,0.41341861668435886,0.26666666666666666,0.11535351348410663,2.2359152298990503,0.27734375,3.973846351981374e-70,0.0,0.0009765625
provenance,Data2txt,3,11,0.0001,4608,2304,1024,1024,6,True,14,9.520706633545272,12.837074837398738,17.26525537488139,-4.4281805374826515,-26.41206768873532,-35.140077419818454,0.13108392840406763,0.4461361766963479,0.26666666666666666,0.11535351348410669,2.2360664444270726,0.159912109375,2.4198965756563943e-23,0.00390625,0.0205078125
provenance,Data2txt,3,11,0.001,4608,2304,1024,1024,6,True,13,11.330445484335392,10.586511715897444,14.88890851914508,-4.302396803247635,-21.95320091394158,-30.448920038057565,0.12768104208456307,0.4987660982185939,0.26666666666666666,0.11535351348410662,2.2360678191387344,0.133056640625,2.8614247968598543e-16,0.021484375,0.0517578125
provenance,Data2txt,3,12,1e-06,4608,2304,1024,1024,6,True,13,7.8164024410831585,15.2639368107226,19.328133376765955,-4.064196566043359,-31.17054630931592,-39.47987619931686,0.102153659156596,0.4374691790657261,0.06666666666666667,0.11726843035022398,2.2359451694472723,0.419189453125,1.452513485392334e-163,0.0,0.0
provenance,Data2txt,3,12,0.0001,4608,2304,1024,1024,6,True,13,9.037159544826377,11.132641647046754,15.080917397151136,-3.948275750104382,-22.782137062210296,-30.844807090177667,0.09348321142023998,0.4509525814964587,0.06666666666666667,0.117268430350224,2.236066746477062,0.301025390625,8.428425727241898e-83,0.0009765625,0.0078125
provenance,Data2txt,3,12,0.001,4608,2304,1024,1024,6,True,14,10.20455297467944,9.241476813834412,12.982511222840511,-3.7410344090060974,-18.933942458633478,-26.577492130859916,0.09286831017701587,0.4763654360989342,0.06666666666666667,0.11726843035022405,2.236067851754607,0.207275390625,4.596040379279762e-39,0.017578125,0.0380859375
provenance,Data2txt,3,13,1e-06,4608,2304,1024,1024,6,True,13,9.53383447301072,21.615533460702217,26.189366315396878,-4.573832854694665,-42.98397412123472,-52.09765285379706,0.06177658934722065,0.37028444134153304,0.2,0.11888652874584106,2.2359399542965575,0.164794921875,9.028121619828325e-25,0.0029296875,0.015625
provenance,Data2txt,3,13,0.0001,4608,2304,1024,1024,6,True,15,11.763648970944084,15.300362788812462,19.98891519250604,-4.688552403693582,-30.54956734477039,-39.88928576919156,0.058560211768667825,0.36762537869895334,0.2,0.11888652874584109,2.2360666923360877,0.124755859375,2.378459905195169e-14,0.02734375,0.0576171875
provenance,Data2txt,3,13,0.001,4608,2304,1024,1024,6,True,13,14.420993351149091,12.438467064762829,17.057055853661844,-4.6185887888990145,-24.916728509336657,-34.08933821904283,0.05767398918811134,0.4262270378339175,0.2,0.11888652874584103,2.236067844514818,0.131103515625,8.309164378861734e-16,0.0537109375,0.0908203125
provenance,Data2txt,3,14,1e-06,4608,2304,1024,1024,6,True,14,7.049849173549855,20.318510165553874,24.849927575756528,-4.531417410202655,-39.84820591327409,-48.622892623309696,0.11231865685651019,0.5716295361857024,0.2,0.14684085745029074,2.235961734041301,0.1484375,3.6933850954573555e-20,0.0,0.0029296875
provenance,Data2txt,3,14,0.0001,4608,2304,1024,1024,6,True,13,8.584404168692249,14.184610106620983,18.727843233943613,-4.543233127322626,-28.101106933909243,-36.94017699336972,0.0985282220815275,0.5332618053346757,0.2,0.1468408574502907,2.236066911652633,0.126220703125,1.113336853091984e-14,0.013671875,0.0673828125
provenance,Data2txt,3,14,0.001,4608,2304,1024,1024,6,True,12,10.327361705216713,11.378387336547435,15.782233551648396,-4.403846215100961,-22.748654678516584,-31.33042797413067,0.09739685551502536,0.5451301003844957,0.2,0.1468408574502907,2.2360678678241293,0.1533203125,1.746809109844139e-21,0.05078125,0.0947265625
provenance,Data2txt,3,15,1e-06,4608,2304,1024,1024,6,True,14,4.986718893467561,19.538029654383497,24.26508187230033,-4.7270522179168335,-39.664304641161515,-49.208710057713674,0.13377877724934711,0.5175658525424666,0.2,0.15469180522617498,2.2359868726122807,0.1357421875,6.436427488854304e-17,0.0,0.0
provenance,Data2txt,3,15,0.0001,4608,2304,1024,1024,6,True,14,6.0616424450277275,13.485293234502029,18.23242032436128,-4.747127089859251,-27.39385723534383,-36.96293485233517,0.11481053762164545,0.5291851449679633,0.2,0.15469180522617493,2.2360671640244196,0.10546875,2.2603510775725193e-10,0.00390625,0.03515625
provenance,Data2txt,3,15,0.001,4608,2304,1024,1024,6,True,11,7.304712182864906,10.674522544605196,15.315573464114674,-4.641050919509478,-21.705597213545822,-31.037990634146844,0.10717394469651165,0.5660097684501558,0.2,0.15469180522617493,2.2360678939500787,0.112548828125,9.379100976846719e-12,0.033203125,0.0751953125
provenance,Data2txt,3,16,1e-06,4608,2304,1024,1024,6,True,13,5.225121793058655,20.68057151727847,25.56333660577935,-4.882765088500881,-40.23685071988421,-49.753701330722805,0.16481108911699344,0.6466312652701562,0.2,0.13089787166794534,2.235977892447798,0.17333984375,2.240372492043375e-27,0.0,0.0
provenance,Data2txt,3,16,0.0001,4608,2304,1024,1024,6,True,14,6.39538353890852,14.23688050563675,19.11544490435751,-4.8785643987207585,-27.871569392798122,-37.40589008296298,0.15200158812117004,0.620541661351833,0.2,0.13089787166794534,2.2360670738003643,0.14794921875,4.983543568853217e-20,0.0,0.01953125
provenance,Data2txt,3,16,0.001,4608,2304,1024,1024,6,True,13,7.7751210733718,11.252705252011165,15.989962907604625,-4.737257655593461,-22.13967448239258,-31.432990019471838,0.14240786418084042,0.6301829870154609,0.2,0.13089787166794542,2.2360678845458155,0.1474609375,6.717615482074674e-20,0.0205078125,0.080078125
provenance,Data2txt,3,17,1e-06,4608,2304,1024,1024,6,True,14,7.119279232623183,21.996535253656255,26.89779552229366,-4.9012602686374045,-42.017603609008674,-51.623408209759184,0.11823775176446857,0.5263074307367339,0.2,0.12210223505597549,2.235946825944684,0.204833984375,3.760831813983377e-38,0.0,0.005859375
provenance,Data2txt,3,17,0.0001,4608,2304,1024,1024,6,True,14,8.7368548032753,15.418057206677803,20.32376899304179,-4.905711786363986,-29.684092748540408,-39.3802701920948,0.10676262812616802,0.5160847299152641,0.2,0.12210223505597541,2.2360667606571547,0.1728515625,3.182968375835223e-27,0.0126953125,0.041015625
provenance,Data2txt,3,17,0.001,4608,2304,1024,1024,6,True,12,10.676183869600928,12.371318328958235,17.112764535405283,-4.7414462064470495,-23.97447387640357,-33.39162651655067,0.09816695178037577,0.5474386906816896,0.2,0.1221022350559755,2.236067850977232,0.150634765625,9.473392527468065e-21,0.033203125,0.0703125
provenance,Data2txt,3,18,1e-06,4608,2304,1024,1024,6,True,14,9.379057676958341,25.983079613665886,31.24556329740546,-5.262483683739576,-51.938803496507504,-62.57937771073672,0.07399656171307359,0.4795826653837302,0.2,0.12128413143348635,2.2359374825768836,0.251708984375,1.1631060049304657e-57,0.0048828125,0.044921875
provenance,Data2txt,3,18,0.0001,4608,2304,1024,1024,6,True,14,11.579020709549539,18.04007107620477,23.318868782136096,-5.278797705931325,-35.98644310761556,-46.685592070688564,0.07407150475412412,0.5212544584502392,0.2,0.12128413143348646,2.2360666642344116,0.212890625,3.3113994624169933e-41,0.0390625,0.0703125
provenance,Data2txt,3,18,0.001,4608,2304,1024,1024,6,True,13,14.47785706606968,14.329703638384299,19.46938608521237,-5.13968244682807,-28.53918591048287,-38.97470492758902,0.08047234815144655,0.5838391920663578,0.2,0.12128413143348633,2.2360678385936748,0.186767578125,9.610915131462965e-32,0.048828125,0.0830078125
provenance,Data2txt,3,19,1e-06,4608,2304,1024,1024,6,True,14,11.142748751377376,27.058903443982203,32.537580961083485,-5.4786775171012785,-53.490724658584696,-64.39320208586341,0.08337550069100275,0.5463076123936145,0.4,0.14416496410791393,2.235930662755597,0.296875,1.6911679958785697e-80,0.01953125,0.0556640625
provenance,Data2txt,3,19,0.0001,4608,2304,1024,1024,6,True,13,13.746799704100697,18.733208751241836,24.231144476978287,-5.497935725736446,-37.08744403485868,-48.0686916061833,0.07629759217993082,0.5971999227763122,0.4,0.14416496410791393,2.2360665930573984,0.27685546875,7.05908958966789e-70,0.0458984375,0.0908203125
provenance,Data2txt,3,19,0.001,4608,2304,1024,1024,6,True,12,17.206110675976955,14.87985732251142,20.18998088658457,-5.310123564073152,-29.509003696935174,-40.11757023024197,0.07030793682773029,0.6544585340338608,0.4,0.14416496410791396,2.2360678287432663,0.235107421875,2.8602477138413496e-50,0.0625,0.1044921875
provenance,Data2txt,3,20,1e-06,4608,2304,1024,1024,6,True,14,9.454284601828034,27.38487930334513,32.95155290822316,-5.566673604878025,-52.870292686117246,-63.80201693032955,0.09665916433746644,0.5674866331291968,0.4,0.11255895327263597,2.235934807958724,0.322265625,3.928951232837679e-95,0.01171875,0.0380859375
provenance,Data2txt,3,20,0.0001,4608,2304,1024,1024,6,True,14,11.609209535466446,18.71256644155566,24.23550709355362,-5.522940651997962,-36.401696014940526,-47.328812592290376,0.0886622312024268,0.605762535708165,0.4,0.11255895327263596,2.2360666334221806,0.29150390625,1.4331816092986258e-77,0.029296875,0.076171875
provenance,Data2txt,3,20,0.001,4608,2304,1024,1024,6,True,12,14.462975521232309,14.667297841448358,19.97070787255889,-5.303410031110534,-28.74637998272991,-39.26092662283658,0.08185968682745214,0.6554217980549255,0.4,0.11255895327263601,2.2360678317763307,0.265380859375,3.778527609097051e-64,0.0615234375,0.111328125
provenance,Data2txt,3,21,1e-06,4608,2304,1024,1024,6,True,14,6.966189519378675,24.939456765759672,30.027186565484172,-5.087729799724498,-50.08486768267276,-60.4623251044006,0.1359338081422663,0.6963629123066807,0.2,0.14325070319975833,2.235925115096877,0.251953125,8.973298712246548e-58,0.0,0.0244140625
provenance,Data2txt,3,21,0.0001,4608,2304,1024,1024,6,True,14,8.552510655839708,17.126673151747145,22.13905095864024,-5.012377806893099,-34.23862103972243,-44.52589856435671,0.12625700841860793,0.667086716071113,0.2,0.14325070319975838,2.2360665399150665,0.20947265625,6.778906015604454e-40,0.025390625,0.0771484375
provenance,Data2txt,3,21,0.001,4608,2304,1024,1024,6,True,14,10.666841465119987,13.449090998253034,18.27841102734422,-4.8293200290911855,-26.778777210023534,-36.71989740733921,0.11851991108379036,0.6748543185806822,0.2,0.14325070319975844,2.2360678255836155,0.211669921875,9.790728325773418e-41,0.046875,0.09375
provenance,Data2txt,3,22,1e-06,4608,2304,1024,1024,6,True,16,12.678469473309098,26.836861236816205,32.11168343131982,-5.2748221945036065,-52.62258238064705,-63.02965649367923,0.0692261006396853,0.5485595988385374,0.26666666666666666,0.11786365184034449,2.2358736257594156,0.30908203125,2.273579004492063e-87,0.015625,0.0322265625
provenance,Data2txt,3,22,0.0001,4608,2304,1024,1024,6,True,16,15.834451468186831,18.704103327486074,23.923694424288193,-5.219591096802116,-36.873388840961155,-47.275550658648186,0.061871629349626305,0.5726704170069166,0.26666666666666666,0.11786365184034452,2.2360660160842016,0.25830078125,9.613790751173981e-61,0.03125,0.0712890625
provenance,Data2txt,3,22,0.001,4608,2304,1024,1024,6,True,13,20.170946169028817,14.947036127049953,19.949785306687644,-5.002749179637686,-29.632209080810792,-39.663979397630484,0.05658109085884232,0.6244540570847497,0.26666666666666666,0.11786365184034446,2.236067765043742,0.222412109375,5.633448949656057e-45,0.0458984375,0.09375
provenance,Data2txt,3,23,1e-06,4608,2304,1024,1024,6,True,16,13.636365956137722,28.124325958322864,33.401877000971176,-5.277551042648309,-55.355643302567785,-66.00667847449519,0.07195956538023725,0.6664960599216302,0.2,0.11358394536104373,2.235880795699262,0.305908203125,1.487204009021279e-85,0.0185546875,0.033203125
provenance,Data2txt,3,23,0.0001,4608,2304,1024,1024,6,True,13,16.997579208057484,19.634196572556604,24.800061992075072,-5.165865419518466,-38.626236708035776,-49.11796693906834,0.06532491210122238,0.6635193689331352,0.2,0.11358394536104362,2.236066088815822,0.26611328125,1.657354800888635e-64,0.029296875,0.05078125
provenance,Data2txt,3,23,0.001,4608,2304,1024,1024,6,True,13,21.605072601454296,15.736265028766962,20.633451054715074,-4.897186025948109,-30.937492860553032,-40.91036299227318,0.06217787436007383,0.690623359221928,0.2,0.11358394536104367,2.236067773254619,0.228271484375,2.2156746328455845e-47,0.0341796875,0.0595703125
provenance,Data2txt,3,24,1e-06,4608,2304,1024,1024,6,True,14,12.15847850765393,28.768207939684736,34.167449999884894,-5.399242060200158,-56.12023209059838,-66.9441664064872,0.08497975160575276,0.6824673108237935,0.2,0.12282713242070963,2.2358810299799003,0.33251953125,2.0370580209894304e-101,0.017578125,0.0390625
provenance,Data2txt,3,24,0.0001,4608,2304,1024,1024,6,True,14,15.139468086695128,19.97888529654523,25.219135027018247,-5.240249730473018,-39.051346967249316,-49.64622117283159,0.07797969863043586,0.6767916230583096,0.2,0.12282713242070964,2.23606608352456,0.278564453125,9.403714969571795e-71,0.03125,0.0576171875
provenance,Data2txt,3,24,0.001,4608,2304,1024,1024,6,True,13,19.30784684864798,15.869305525757097,20.83427646736158,-4.964970941604481,-31.035893855226814,-41.14209196161392,0.07210706741203604,0.7009712170957131,0.2,0.12282713242070964,2.236067765704695,0.24951171875,1.1869044418635915e-56,0.0439453125,0.076171875
provenance,Data2txt,3,25,1e-06,4608,2304,1024,1024,6,True,15,12.63443606844969,28.745003557612044,34.1602081074557,-5.41520454984366,-57.293182186766856,-68.04171013612918,0.07531637214957031,0.7799884208260112,0.2,0.11103845752094713,2.235847816068655,0.324951171875,9.3154444753887e-97,0.01953125,0.0595703125
provenance,Data2txt,3,25,0.0001,4608,2304,1024,1024,6,True,13,15.891620577556786,20.011783096636417,25.255767952793533,-5.243984856157114,-39.897714432271535,-50.32163643080028,0.06828397698270458,0.7774322748419322,0.2,0.11103845752094715,2.236065748077576,0.289306640625,2.1750695462760424e-76,0.044921875,0.091796875
provenance,Data2txt,3,25,0.001,4608,2304,1024,1024,6,True,13,20.60270492424334,15.895009928648136,20.885387880037076,-4.990377951388938,-31.722851277699178,-41.63818736592404,0.062395343141139696,0.7949170725592306,0.2,0.11103845752094717,2.236067729168655,0.2685546875,1.044189651278236e-65,0.0712890625,0.103515625
provenance,Data2txt,3,26,1e-06,4608,2304,1024,1024,6,True,15,8.182903470105117,26.04651842981417,31.617753458103877,-5.571235028289703,-51.6243549808268,-62.88203978380041,0.1207505135752291,0.6885425305886135,0.4,0.11451789020630603,2.235844320417068,0.24951171875,1.1869044418635915e-56,0.0087890625,0.0263671875
provenance,Data2txt,3,26,0.0001,4608,2304,1024,1024,6,True,14,10.002406371238129,18.093294782261154,23.592405766397732,-5.499110984136578,-35.80945588621712,-46.98745169046789,0.12117472717791167,0.6910652843117429,0.4,0.11451789020630596,2.2360657111930675,0.21728515625,6.335032266846363e-43,0.0244140625,0.0615234375
provenance,Data2txt,3,26,0.001,4608,2304,1024,1024,6,True,13,12.43054730002369,14.310285754497638,19.573229817146025,-5.262944062648387,-28.262953650688722,-39.02551453687076,0.11741984633942532,0.7118594905234259,0.4,0.11451789020630596,2.236067723718193,0.20849609375,1.5911747158419447e-39,0.0458984375,0.0791015625
provenance,Data2txt,3,27,1e-06,4608,2304,1024,1024,6,True,15,11.23357235389882,26.998251852663273,32.31418131510959,-5.315929462446325,-53.0956933851164,-63.90052146934903,0.09332565098255534,0.668344369862024,0.4,0.14478751636969278,2.23585183607634,0.2890625,2.938444676457375e-76,0.0107421875,0.03125
provenance,Data2txt,3,27,0.0001,4608,2304,1024,1024,6,True,15,13.910070125583527,18.87951715634477,24.12162410519619,-5.242106948851417,-37.10882193581311,-47.82017660049626,0.0853284739713664,0.6671657159051633,0.4,0.14478751636969267,2.2360657925401486,0.246826171875,1.970943176846193e-55,0.029296875,0.0751953125
provenance,Data2txt,3,27,0.001,4608,2304,1024,1024,6,True,14,17.537800320840685,15.112282092987908,20.093563322966315,-4.981281229978408,-29.658139801576002,-39.915844744719095,0.07851940735879409,0.6925256528043159,0.4,0.1447875163696927,2.2360677375288542,0.235107421875,2.8602477138413496e-50,0.05078125,0.087890625
provenance,Data2txt,3,28,1e-06,4608,2304,1024,1024,6,True,14,6.294332732466594,20.478552583080113,25.298839303809224,-4.8202867207291105,-39.81614754778544,-49.49933136802407,0.16540545882429256,0.5821012966761071,0.3333333333333333,0.11745183478241236,2.2358945850134804,0.186279296875,1.4043118051603756e-31,0.0,0.0029296875
provenance,Data2txt,3,28,0.0001,4608,2304,1024,1024,6,True,14,7.598171215824971,14.537234100792844,19.30250616029591,-4.765272059503066,-28.326114673228126,-37.95712289230039,0.14969769837960414,0.5906780699267303,0.3333333333333333,0.11745183478241233,2.23606623167883,0.138671875,1.2212534223041393e-17,0.0126953125,0.03125
provenance,Data2txt,3,28,0.001,4608,2304,1024,1024,6,True,13,9.08764450511471,11.757263836406503,16.328347024257855,-4.571083187851353,-22.958347751379193,-32.22227965091827,0.1382305133638192,0.6186478129088393,0.3333333333333333,0.11745183478241239,2.2360677921003305,0.15673828125,1.9434736211256276e-22,0.0263671875,0.0546875
provenance,Data2txt,3,29,1e-06,4608,2304,1024,1024,6,True,14,8.375081543554638,26.278859182898863,31.57485536688511,-5.295996183986248,-52.03493557619534,-62.83829130926911,0.10906250277199855,0.596834923365565,0.3333333333333333,0.10193269461305116,2.2359313614660428,0.267822265625,2.3999417462882734e-65,0.005859375,0.0302734375
provenance,Data2txt,3,29,0.0001,4608,2304,1024,1024,6,True,13,10.215161879873982,18.156047406213066,23.398399253933015,-5.242351847719947,-35.87439412353516,-46.670033208780026,0.1004132812939825,0.6228716635271968,0.3333333333333333,0.10193269461305109,2.2360665995100524,0.240478515625,1.3288332372972248e-52,0.0322265625,0.0634765625
provenance,Data2txt,3,29,0.001,4608,2304,1024,1024,6,True,13,12.575305356628494,14.369839400084285,19.38039755553436,-5.010558155450072,-28.33713942071077,-38.69976071799205,0.09328630747914692,0.6612702338204907,0.3333333333333333,0.10193269461305109,2.236067828898315,0.224853515625,5.708709825893692e-46,0.044921875,0.0986328125
provenance,Data2txt,3,30,1e-06,4608,2304,1024,1024,6,True,15,5.4908254857916186,20.749512239906448,25.652653357379922,-4.903141117473475,-41.21166868420099,-51.19498146824277,0.17783813278960872,0.6617712007168735,0.26666666666666666,0.09584344279733555,2.2358792171245807,0.166015625,3.9055015477560346e-25,0.0,0.0029296875
provenance,Data2txt,3,30,0.0001,4608,2304,1024,1024,6,True,14,6.63312706178049,14.471840733828547,19.3416171193046,-4.869776385476055,-28.638192733304326,-38.6064075847011,0.17657393002911215,0.6485452248261622,0.26666666666666666,0.09584344279733555,2.2360660781784576,0.119384765625,3.562500362052451e-13,0.0068359375,0.03515625
provenance,Data2txt,3,30,0.001,4608,2304,1024,1024,6,True,13,7.999045592348385,11.519028828889011,16.202620079640326,-4.683591250751313,-22.754466350428775,-32.35814866090858,0.17315520783562555,0.6593389165763325,0.26666666666666666,0.09584344279733552,2.2360677769371136,0.115234375,2.656051662421289e-12,0.0361328125,0.0654296875
provenance,Data2txt,3,31,1e-06,4608,2304,1024,1024,6,True,15,3.0462084989631673,19.52441670995679,24.023332151347212,-4.498915441390423,-36.97425003719575,-45.45149551868972,0.32841560199469017,0.6363715443725284,0.26666666666666666,0.09368165166431972,2.2359383664171446,0.287353515625,2.394909915326407e-75,0.0,0.0
provenance,Data2txt,3,31,0.0001,4608,2304,1024,1024,6,True,14,4.12353412287246,13.457217010334112,18.08455278884179,-4.627335778507683,-25.87259106483702,-34.824304622714166,0.27591689055561097,0.6262013987798278,0.26666666666666666,0.09368165166431977,2.2360666755206586,0.220458984375,3.4513655291508687e-44,0.00390625,0.0126953125
provenance,Data2txt,3,31,0.001,4608,2304,1024,1024,6,True,13,5.252424470924486,10.630434954159803,15.195192311013683,-4.564757356853877,-20.699383957301585,-29.64127997028985,0.25590582972078313,0.6561941057256411,0.26666666666666666,0.09368165166431978,2.23606784197614,0.142822265625,1.089876412460505e-18,0.0322265625,0.041015625
provenance,Data2txt,4,0,1e-06,9216,4608,1024,1024,6,True,11,2.4971929873670358,25.274920568628296,30.394483312638044,-5.119562744009752,-50.382214316898725,-60.63500538670726,0.2528257796021826,0.4603676961792506,0.06666666666666667,0.061131485006565754,1.414197141993089,0.45556640625,9.794659733951426e-195,0.0,0.0
provenance,Data2txt,4,0,0.0001,9216,4608,1024,1024,6,True,14,3.275911017796103,16.187193608190825,21.298195328109514,-5.111001719918693,-32.270833843445374,-42.493442071001084,0.25926550143562027,0.44860711266225894,0.06666666666666667,0.06113148500656576,1.4142133976294693,0.411865234375,1.1510575456156904e-157,0.0,0.0
provenance,Data2txt,4,0,0.001,9216,4608,1024,1024,6,True,12,4.110605533565206,11.887494870519385,16.899259572269308,-5.011764701749923,-23.66657252654946,-33.71404917028273,0.2698397152815707,0.4909127358768169,0.06666666666666667,0.061131485006565775,1.414213545404915,0.324462890625,1.844083517333542e-96,0.0,0.0
provenance,Data2txt,4,1,1e-06,9216,4608,1024,1024,6,True,9,8.173907060472942,14.371016222522599,17.608467493240816,-3.237451270718217,-29.09895022466994,-35.49035251716709,0.06645360745080363,0.4614735065220353,0.26666666666666666,0.16905074697839542,0.5538127193003899,0.2568359375,4.73435177634125e-60,0.1103515625,0.2421875
provenance,Data2txt,4,1,0.0001,9216,4608,1024,1024,6,True,10,10.128997447489837,11.866852868241413,15.384664499506206,-3.5178116312647925,-24.146252690999546,-31.119674192742842,0.06061458549492177,0.5292457183967505,0.26666666666666666,0.16905074697839537,0.5549972607567983,0.1884765625,2.5282265463232907e-32,0.09375,0.1650390625
provenance,Data2txt,4,1,0.001,9216,4608,1024,1024,6,True,10,12.274561035888382,10.675756211446059,14.325158926126846,-3.6494027146807877,-21.7893642772735,-29.020459852665017,0.06616518494664157,0.590094697102937,0.26666666666666666,0.16905074697839542,0.5654292528850465,0.123046875,5.701438727206605e-14,0.0859375,0.14453125
provenance,Data2txt,4,2,1e-06,9216,4608,1024,1024,6,True,10,15.828564320814356,25.408429530255624,29.874553188966154,-4.466123658710531,-49.58357553291358,-58.48695312180813,0.05757092647883426,0.5160905329807849,0.6666666666666666,0.13009494783173997,1.4580956265825185,0.338134765625,5.94670457087406e-105,0.078125,0.185546875
provenance,Data2txt,4,2,0.0001,9216,4608,1024,1024,6,True,11,20.58836478469443,19.406809324760953,24.18732675031165,-4.780517425550697,-38.0075375761246,-47.56040990302617,0.05318476332007274,0.6172448638923544,0.6666666666666666,0.13009494783173994,1.5035671813750102,0.262939453125,5.790886078291096e-63,0.056640625,0.126953125
provenance,Data2txt,4,2,0.001,9216,4608,1024,1024,6,True,10,27.174723610842143,16.35931528040162,21.290487474795903,-4.931172194394283,-32.04507288484846,-42.01126953574327,0.05581600965544157,0.6985261094334229,0.6666666666666666,0.13009494783174003,1.7377262704692997,0.2333984375,1.5384196466222322e-49,0.060546875,0.1142578125
provenance,Data2txt,4,3,1e-06,9216,4608,1024,1024,6,True,14,12.520579551212398,20.702432564181176,24.682735373354163,-3.980302809172987,-41.573378436500924,-49.71197786991516,0.08331728615879791,0.45841703587920185,0.6,0.05566952119945822,2.182415378755534,0.1630859375,2.8871335922670975e-24,0.0068359375,0.0419921875
provenance,Data2txt,4,3,0.0001,9216,4608,1024,1024,6,True,14,15.399925325916284,16.976857757628864,21.41361565824825,-4.436757900619387,-33.939876646255705,-42.930296857533946,0.07904675184543411,0.5223899623471412,0.6,0.05566952119945825,2.216644188994893,0.115478515625,2.364709674742813e-12,0.0068359375,0.0380859375
provenance,Data2txt,4,3,0.001,9216,4608,1024,1024,6,True,12,19.270136838009797,14.436137251697382,18.900843807474928,-4.464706555777546,-28.758115144847217,-37.826890953751196,0.07942339830033632,0.5957671341154792,0.6,0.05566952119945827,2.2328069315226915,0.13330078125,2.5016237178931824e-16,0.021484375,0.0546875
provenance,Data2txt,4,4,1e-06,9216,4608,1024,1024,6,True,14,9.874572528762208,20.472779927593574,24.535167749418186,-4.062387821824613,-41.05816876774574,-49.10676979291033,0.09496889645861481,0.41515313357524203,0.4666666666666667,0.0574293236911622,2.2337823113414856,0.131591796875,6.374773541909027e-16,0.0009765625,0.0068359375
provenance,Data2txt,4,4,0.0001,9216,4608,1024,1024,6,True,14,12.25300076141153,15.75912833041605,20.233821660315087,-4.474693329899036,-31.622160971681023,-40.49701597513041,0.08717836971957756,0.4394782566933733,0.4666666666666667,0.05742932369116223,2.2359385816705872,0.118896484375,4.529183788613884e-13,0.00390625,0.015625
provenance,Data2txt,4,4,0.001,9216,4608,1024,1024,6,True,13,15.31219700270117,13.114784935971697,17.416686833758213,-4.301901897786517,-26.296160369936118,-34.81680018866146,0.08824257816383115,0.5076386063786217,0.4,0.05742932369116219,2.2360535631681504,0.115478515625,2.364709674742813e-12,0.009765625,0.0439453125
provenance,Data2txt,4,5,1e-06,9216,4608,1024,1024,6,True,13,7.766381590690736,21.02501533059425,25.570433340721248,-4.545418010126999,-41.78811894085844,-50.70438941087803,0.11594759682552574,0.39758712689593156,0.26666666666666666,0.054860362660540535,2.235912499765046,0.135498046875,7.380596902165452e-17,0.0,0.0048828125
provenance,Data2txt,4,5,0.0001,9216,4608,1024,1024,6,True,15,9.613379299124222,15.321104558056463,20.038762370728115,-4.717657812671655,-30.628166823365675,-39.95015942334187,0.115988427262107,0.4850466011711052,0.26666666666666666,0.05486036266054054,2.2360657262971007,0.109619140625,3.589360082053631e-11,0.0048828125,0.0146484375
provenance,Data2txt,4,5,0.001,9216,4608,1024,1024,6,True,13,11.836473599427714,12.538709842644149,17.137726042732865,-4.599016200088713,-25.125017070828484,-34.23428053280118,0.1189533026565693,0.5653830245068787,0.26666666666666666,0.05486036266054053,2.236067736982095,0.12451171875,2.6968808681573873e-14,0.0146484375,0.0400390625
provenance,Data2txt,4,6,1e-06,9216,4608,1024,1024,6,True,14,7.736079532770103,18.13763583409696,22.639431626259345,-4.501795792162383,-36.36614410421012,-45.218872948894266,0.11884635415996414,0.49782590633870283,0.2,0.10019919080115629,2.2358997374894445,0.27294921875,6.7307385484240026e-68,0.0,0.0
provenance,Data2txt,4,6,0.0001,9216,4608,1024,1024,6,True,14,9.498870540495364,13.380381538522043,17.872253112552944,-4.491871574030901,-26.93377681094599,-35.806581777703215,0.10571680955284282,0.5217699747843204,0.2,0.10019919080115636,2.2360661985317063,0.19287109375,7.699617324127239e-34,0.0009765625,0.01953125
provenance,Data2txt,4,6,0.001,9216,4608,1024,1024,6,True,13,11.4063522238696,11.171234889515041,15.485807160415554,-4.314572270900513,-22.51301669296526,-31.05207114529161,0.10752600109710772,0.5651264733034261,0.2,0.10019919080115636,2.236067792867096,0.1611328125,1.0736590092687661e-23,0.0185546875,0.056640625
provenance,Data2txt,4,7,1e-06,9216,4608,1024,1024,6,True,14,7.692219509173492,17.160026900380583,21.51698228718137,-4.356955386800788,-34.27421077890175,-43.02105172599491,0.12318734500527415,0.3928128578568042,0.26666666666666666,0.09655105372267024,2.23585021679035,0.371826171875,1.4524736627242278e-127,0.0,0.0
provenance,Data2txt,4,7,0.0001,9216,4608,1024,1024,6,True,14,9.465353383120645,12.694671640719351,17.034562403482433,-4.3398907627630825,-25.25169968198388,-33.92799971447104,0.12170680829875663,0.4152810674347989,0.26666666666666666,0.0965510537226703,2.2360657866164924,0.2939453125,6.800325666763161e-79,0.0,0.00390625
provenance,Data2txt,4,7,0.001,9216,4608,1024,1024,6,True,13,11.308179978331774,10.647539200119072,14.8346011700135,-4.187061969894428,-21.134048198642482,-29.471921250002904,0.12209881998796199,0.4686865644951214,0.26666666666666666,0.09655105372267028,2.236067750540116,0.212646484375,4.1152653970160566e-41,0.00390625,0.0126953125
provenance,Data2txt,4,8,1e-06,9216,4608,1024,1024,6,True,13,7.1573801252363625,18.54359497043683,22.820216946790936,-4.276621976354107,-36.63599512711018,-45.26459719319999,0.09033828709762509,0.311584206464162,0.2,0.10792887824098844,2.235923106942123,0.271484375,3.652011686497452e-67,0.0,0.0
provenance,Data2txt,4,8,0.0001,9216,4608,1024,1024,6,True,15,8.825943678719264,13.368344918725164,17.697986748553657,-4.329641829828493,-26.37129201625205,-35.09170509073442,0.09131938511664607,0.2998032883030455,0.2,0.10792887824098849,2.2360665236172323,0.184814453125,4.354043394820012e-31,0.0,0.0068359375
provenance,Data2txt,4,8,0.001,9216,4608,1024,1024,6,True,13,10.673321023412594,10.992470794201063,15.22986043967903,-4.2373896454779665,-21.6943547182983,-30.198820892330886,0.09543573820156928,0.3636634044343844,0.2,0.10792887824098844,2.236067827435789,0.13134765625,7.27889255315285e-16,0.005859375,0.0224609375
provenance,Data2txt,4,9,1e-06,9216,4608,1024,1024,6,True,13,6.399437055896985,18.1218178948357,22.182131203757773,-4.060313308922077,-37.52623848093542,-45.93216562731922,0.09025171469509216,0.36586175885787164,0.2,0.1291373233981244,2.2359358926645414,0.2255859375,2.857927745689442e-46,0.0,0.0
provenance,Data2txt,4,9,0.0001,9216,4608,1024,1024,6,True,13,7.843426960200622,13.15992423359149,17.327861972083817,-4.167937738492327,-26.89968322914645,-35.4324871880757,0.09989849868540357,0.35080121058437586,0.2,0.12913732339812437,2.236066651880151,0.166748046875,2.355070505509659e-25,0.0009765625,0.0185546875
provenance,Data2txt,4,9,0.001,9216,4608,1024,1024,6,True,12,9.445217563617938,10.838984110003361,14.987336148788991,-4.148352038785632,-21.950896536461435,-30.374886831396374,0.10787962196211327,0.400683452412701,0.2,0.1291373233981244,2.236067840620465,0.14599609375,1.6354073173890572e-19,0.0126953125,0.052734375
provenance,Data2txt,4,10,1e-06,9216,4608,1024,1024,6,True,14,6.63432355158969,19.362367902934245,23.979025893356663,-4.616657990422416,-37.96485005632551,-46.93681122788915,0.10054518283667893,0.43229550468082767,0.2,0.12638197391345463,2.2359557358816646,0.193115234375,6.326576836274527e-34,0.0,0.0
provenance,Data2txt,4,10,0.0001,9216,4608,1024,1024,6,True,13,8.169540389282721,13.586895443858182,18.20369996066874,-4.616804516810555,-26.90262544859948,-35.95114534060338,0.07561188437620303,0.4326321648402188,0.2,0.12638197391345468,2.2360668517092477,0.103271484375,5.816582299462623e-10,0.0009765625,0.0107421875
provenance,Data2txt,4,10,0.001,9216,4608,1024,1024,6,True,15,9.908029825767956,10.971605753737434,15.446080742518472,-4.474474988781039,-21.869812327049313,-30.6985297991976,0.08277402712267365,0.47861888214175086,0.2,0.12638197391345463,2.2360678618700165,0.104736328125,3.1043789655252536e-10,0.0107421875,0.0400390625
provenance,Data2txt,4,11,1e-06,9216,4608,1024,1024,6,True,13,6.647930691610654,17.31093880253095,21.786789859289172,-4.4758510567582235,-33.96467674948504,-42.760187737578846,0.1283504682830111,0.354338477561891,0.26666666666666666,0.12029694770074699,2.235903571814395,0.362548828125,4.28001501400222e-121,0.0,0.0
provenance,Data2txt,4,11,0.0001,9216,4608,1024,1024,6,True,13,8.069162799635908,12.582422040927684,17.024846397060987,-4.442424356133303,-24.72597672895475,-33.48226385873506,0.12505982748177474,0.377180852856077,0.26666666666666666,0.12029694770074706,2.236066327096487,0.25830078125,9.613790751173981e-61,0.0,0.0
provenance,Data2txt,4,11,0.001,9216,4608,1024,1024,6,True,14,9.532514523194811,10.391930984777272,14.71739646282064,-4.325465478043369,-20.448073676685965,-28.973755698541545,0.13018120224372753,0.43120054848048484,0.26666666666666666,0.12029694770074709,2.2360678067303668,0.19287109375,7.699617324127239e-34,0.0009765625,0.0126953125
provenance,Data2txt,4,12,1e-06,9216,4608,1024,1024,6,True,13,8.33005877966518,14.878287788854877,19.148643098562566,-4.270355309707689,-29.961868206841938,-38.359822752727304,0.0831914023543468,0.4255675429151706,0.06666666666666667,0.13442638146514582,2.2359474156064936,0.4765625,3.3973901291555846e-214,0.0,0.0
provenance,Data2txt,4,12,0.0001,9216,4608,1024,1024,6,True,13,9.431607120684976,10.80620683483531,14.893305365333934,-4.087098530498626,-21.818304782853083,-29.870535860716586,0.07933557682003356,0.4515313160321531,0.06666666666666667,0.1344263814651458,2.236066769175561,0.3935546875,1.8707479637962828e-143,0.0009765625,0.0087890625
provenance,Data2txt,4,12,0.001,9216,4608,1024,1024,6,True,13,10.482077468113161,8.940095663786924,12.795533365396778,-3.855437701609855,-18.090521655444896,-25.69143453027722,0.0800861647086298,0.4795170311011924,0.06666666666666667,0.1344263814651458,2.236067854240187,0.28173828125,2.148263303843345e-72,0.0185546875,0.0302734375
provenance,Data2txt,4,13,1e-06,9216,4608,1024,1024,6,True,14,8.130340764616133,20.03255365621024,24.57167476848071,-4.539121112270467,-40.036560053786424,-49.09865841563862,0.07645232962243752,0.3117222507491517,0.2,0.11103627456673866,2.235952427560823,0.1416015625,2.2351137467981045e-18,0.0,0.00390625
provenance,Data2txt,4,13,0.0001,9216,4608,1024,1024,6,True,13,10.032300729084081,14.32938520938701,19.00719448967768,-4.677809280290672,-28.632580456223618,-37.97358837098894,0.06420677414670434,0.31755104880785423,0.2,0.11103627456673873,2.2360668181266443,0.111328125,1.647798250737287e-11,0.0078125,0.0322265625
provenance,Data2txt,4,13,0.001,9216,4608,1024,1024,6,True,14,12.220773118868896,11.720547703966101,16.360935901281866,-4.640388197315767,-23.42756172086022,-32.70099694138735,0.0708307343592833,0.3875618016034534,0.2,0.11103627456673873,2.2360678580553013,0.120849609375,1.7233205177951567e-13,0.0283203125,0.076171875
provenance,Data2txt,4,14,1e-06,9216,4608,1024,1024,6,True,13,6.328578422137975,18.618138716795556,22.98005532682916,-4.361916610033605,-36.200484987864755,-44.6952638298563,0.09115080166316819,0.487497538602454,0.2,0.14612131022085567,2.2359614857093355,0.22314453125,2.842470389108709e-45,0.0,0.0
provenance,Data2txt,4,14,0.0001,9216,4608,1024,1024,6,True,12,7.702883243686765,13.162404245747075,17.49004093896017,-4.327636693213098,-25.759426661727787,-34.24446162383232,0.09003852365826652,0.4461495806213725,0.2,0.14612131022085556,2.2360669093839767,0.161376953125,9.119077373652906e-24,0.0009765625,0.01953125
provenance,Data2txt,4,14,0.001,9216,4608,1024,1024,6,True,11,9.201190190255964,10.659672880551573,14.854005319420322,-4.1943324388687495,-20.979778793427755,-29.2198506162294,0.09814863109566915,0.4650648595966172,0.2,0.14612131022085562,2.236067867794721,0.17333984375,2.240372492043375e-27,0.0263671875,0.0625
provenance,Data2txt,4,15,1e-06,9216,4608,1024,1024,6,True,13,4.482848707744295,19.3045518757262,24.11736882776345,-4.812816952037246,-37.013825606957255,-46.25951497326586,0.16154876186968983,0.5090213690363523,0.2,0.15887499548361936,2.2359892588151324,0.189453125,1.172111267234726e-32,0.0,0.0
provenance,Data2txt,4,15,0.0001,9216,4608,1024,1024,6,True,14,5.4201229228769074,13.317470750886663,18.10749336510474,-4.790022614218078,-25.747805841413147,-34.994383350980186,0.15134597959826337,0.520027911921867,0.2,0.1588749954836193,2.2360671880417113,0.10986328125,3.213944999556078e-11,0.0009765625,0.0087890625
provenance,Data2txt,4,15,0.001,9216,4608,1024,1024,6,True,12,6.466312402195275,10.517860043860292,15.197317984414221,-4.679457940553929,-20.464505000173943,-29.51089333421494,0.14546828036400875,0.5548709467396906,0.2,0.1588749954836194,2.236067896493072,0.1142578125,4.216888942751605e-12,0.009765625,0.0517578125
provenance,Data2txt,4,16,1e-06,9216,4608,1024,1024,6,True,14,4.681713419160067,19.384113593274833,24.13080244567116,-4.746688852396327,-37.73151941923533,-47.086591722496024,0.1805404746227615,0.6042929327164374,0.2,0.13185659822145485,2.2359820432414943,0.197021484375,2.63743207579983e-35,0.0,0.0
provenance,Data2txt,4,16,0.0001,9216,4608,1024,1024,6,True,12,5.721926644230519,13.491794886613846,18.22087857212359,-4.729083685509744,-26.243862741408087,-35.57975706223064,0.16753349977200324,0.5716740204695502,0.2,0.1318565982214549,2.2360671156431557,0.11474609375,3.3483445967418806e-12,0.0009765625,0.001953125
provenance,Data2txt,4,16,0.001,9216,4608,1024,1024,6,True,11,6.912550587775181,10.729338994992096,15.325252641880718,-4.595913646888622,-20.8789727771344,-29.954488841398685,0.158742953292764,0.5813847983200454,0.2,0.13185659822145487,2.2360678890350574,0.10107421875,1.4670647302507483e-09,0.00390625,0.037109375
provenance,Data2txt,4,17,1e-06,9216,4608,1024,1024,6,True,14,6.859449449868617,21.43751882519712,26.250208744086958,-4.8126899188898395,-42.118566018464506,-51.59522143266513,0.11295100556437271,0.5660868864457158,0.26666666666666666,0.13486318166951394,2.2359467638189785,0.1669921875,1.988655004958342e-25,0.0009765625,0.0068359375
provenance,Data2txt,4,17,0.0001,9216,4608,1024,1024,6,True,14,8.435788759978443,15.09961343952958,19.966374701400778,-4.866761261871197,-29.704152832740125,-39.28084553130253,0.10220987531648507,0.5471540938803844,0.26666666666666666,0.13486318166951405,2.2360667605832028,0.142822265625,1.089876412460505e-18,0.0126953125,0.0390625
provenance,Data2txt,4,17,0.001,9216,4608,1024,1024,6,True,13,10.339488316441539,12.130217628139484,16.887833677071686,-4.757616048932202,-23.92454450645029,-33.27456501822651,0.09916273265167475,0.5717392624748235,0.26666666666666666,0.13486318166951397,2.236067851472865,0.14404296875,5.281174852311641e-19,0.0302734375,0.07421875
provenance,Data2txt,4,18,1e-06,9216,4608,1024,1024,6,True,14,7.819762094383597,24.591949758380252,29.84618170711654,-5.254231948736285,-48.72914024393278,-59.021472774649965,0.08913596912960742,0.49883335802572604,0.2,0.12623964290741987,2.2359445404964875,0.2470703125,1.5286879415320575e-55,0.0048828125,0.0263671875
provenance,Data2txt,4,18,0.0001,9216,4608,1024,1024,6,True,13,9.625403984967125,17.070444137517345,22.388848254585433,-5.3184041170680825,-33.90208692929328,-44.30663356451694,0.08859524439624855,0.5379627965373214,0.2,0.12623964290741996,2.2360667363260167,0.18603515625,1.6968607854939458e-31,0.03125,0.0703125
provenance,Data2txt,4,18,0.001,9216,4608,1024,1024,6,True,13,11.928675024001056,13.529484498897586,18.754667592729895,-5.2251830938323085,-26.943868864125996,-37.158738569379494,0.0960494277646237,0.5949116245414953,0.2,0.12623964290741996,2.2360678471873143,0.177978515625,7.575459684957246e-29,0.0498046875,0.099609375
provenance,Data2txt,4,19,1e-06,9216,4608,1024,1024,6,True,14,8.874656435041537,25.96041302904014,31.320731082273248,-5.360318053233108,-51.507239304465834,-62.338737515778135,0.1059583634708898,0.539638381451261,0.4,0.1500953641782166,2.2359295567621,0.266845703125,7.2519504358532784e-65,0.01171875,0.041015625
provenance,Data2txt,4,19,0.0001,9216,4608,1024,1024,6,True,14,10.924617772134493,18.088832512034678,23.508933132347487,-5.420100620312805,-35.712984757811476,-46.65842083068853,0.09784421745161218,0.5646881585989083,0.4,0.15009536417821648,2.236066583999874,0.217529296875,5.072428751722809e-43,0.0400390625,0.0703125
provenance,Data2txt,4,19,0.001,9216,4608,1024,1024,6,True,12,13.596903327280536,14.426120620057027,19.71201920021687,-5.285898580159842,-28.32698255731221,-39.00755322502822,0.09118925716839504,0.6126487497433623,0.4,0.15009536417821656,2.236067829680653,0.197998046875,1.1795462472954756e-35,0.05859375,0.099609375
provenance,Data2txt,4,20,1e-06,9216,4608,1024,1024,6,True,14,8.457215959368636,25.524469397608918,30.944443896380115,-5.419974498771197,-50.22933866407675,-60.80981624812624,0.10025736600215827,0.6049777859719684,0.3333333333333333,0.11704206811361778,2.2359441402071454,0.269775390625,2.5945645822478356e-66,0.013671875,0.037109375
provenance,Data2txt,4,20,0.0001,9216,4608,1024,1024,6,True,13,10.375526753192224,17.61823935870003,23.060338135001537,-5.442098776301506,-34.955955694821434,-45.62664231377707,0.09157227106876789,0.6308968493525595,0.3333333333333333,0.11704206811361773,2.2360667305604878,0.2392578125,4.555719611593698e-52,0.03125,0.078125
provenance,Data2txt,4,20,0.001,9216,4608,1024,1024,6,True,13,12.847494059636476,13.902699701252951,19.160523071894133,-5.257823370641181,-27.77862546362088,-38.14412969801896,0.08458609408846081,0.6706354968693876,0.3333333333333333,0.1170420681136178,2.2360678449910125,0.21826171875,2.5997906013217147e-43,0.0576171875,0.115234375
provenance,Data2txt,4,21,1e-06,9216,4608,1024,1024,6,True,13,6.607359071261172,24.314333302048123,29.316890630055255,-5.00255732800713,-47.94833264075246,-57.77183779480607,0.1258983175942811,0.6487171048186241,0.2,0.13879422786944376,2.2359379356829097,0.22216796875,7.07250864333553e-45,0.0029296875,0.01953125
provenance,Data2txt,4,21,0.0001,9216,4608,1024,1024,6,True,14,8.163770503597737,16.81517014798457,21.799654284039327,-4.984484136054755,-33.20951778118433,-43.02559762517297,0.11591264388904864,0.6253222644530351,0.2,0.13879422786944368,2.2360666698454437,0.20703125,5.677793719641583e-39,0.0185546875,0.0576171875
provenance,Data2txt,4,21,0.001,9216,4608,1024,1024,6,True,14,10.206868173164084,13.23846649235491,18.068509009774466,-4.8300425174195585,-26.167446966926278,-35.732194646368015,0.1085893943177777,0.6419526236931444,0.2,0.13879422786944362,2.2360678401493113,0.1826171875,2.3363634846360253e-30,0.041015625,0.08984375
provenance,Data2txt,4,22,1e-06,9216,4608,1024,1024,6,True,14,10.375136378969406,26.424423929185913,31.729215032708527,-5.304791103522614,-51.75638980871108,-62.09829451803623,0.08673491943420367,0.5844954318392258,0.26666666666666666,0.12061282396321014,2.235891599268172,0.301513671875,4.493479546824071e-83,0.0087890625,0.0380859375
provenance,Data2txt,4,22,0.0001,9216,4608,1024,1024,6,True,14,12.890623398534576,18.367198403225792,23.648999776255202,-5.281801373029413,-36.11821683268444,-46.45519148794058,0.07890033663795785,0.5974867894557244,0.26666666666666666,0.12061282396321009,2.236066199676284,0.27294921875,6.7307385484240026e-68,0.03125,0.0712890625
provenance,Data2txt,4,22,0.001,9216,4608,1024,1024,6,True,12,16.30138037805222,14.593707332151482,19.70609640415231,-5.112389072000823,-28.806181521857415,-38.827625188663376,0.0744066651219516,0.6395551028845187,0.26666666666666666,0.12061282396321014,2.2360677869255845,0.233154296875,1.954335018027739e-49,0.0576171875,0.1044921875
provenance,Data2txt,4,23,1e-06,9216,4608,1024,1024,6,True,14,12.010383798627144,26.499231099821827,31.54386365576244,-5.0446325559406135,-52.93825368108601,-63.0570877405228,0.06880792576469977,0.6190598635579981,0.2,0.11493100719295483,2.2359178189082423,0.256591796875,6.169470592429247e-60,0.0185546875,0.0380859375
provenance,Data2txt,4,23,0.0001,9216,4608,1024,1024,6,True,14,14.969069474257095,18.68431028782786,23.691601170029646,-5.007290882201787,-37.28543406989807,-47.35483088166959,0.06150620811135951,0.6370213845347787,0.2,0.11493100719295482,2.2360664638715204,0.207275390625,4.596040379279762e-39,0.0322265625,0.0576171875
provenance,Data2txt,4,23,0.001,9216,4608,1024,1024,6,True,12,18.948070365265757,15.049997414198177,19.875485863875774,-4.825488449677595,-30.001960194065326,-39.71244638867243,0.06566590647423595,0.6768369129746544,0.2,0.11493100719295474,2.2360678151510625,0.1826171875,2.3363634846360253e-30,0.0498046875,0.0751953125
provenance,Data2txt,4,24,1e-06,9216,4608,1024,1024,6,True,13,10.992372907897611,27.57899243507947,32.86354820651974,-5.284555771440268,-54.36122376963775,-64.75362736591984,0.07920035799936688,0.6855626081496689,0.2,0.11488571656779954,2.2358926053307204,0.282958984375,4.9604386280578783e-73,0.01953125,0.041015625
provenance,Data2txt,4,24,0.0001,9216,4608,1024,1024,6,True,15,13.711220222132148,19.211688868269235,24.40728785701927,-5.195598988750037,-37.968582600300735,-48.21182737918908,0.07148061244028002,0.6963890355350091,0.2,0.11488571656779956,2.2360662044471318,0.239501953125,3.562618361406231e-52,0.03515625,0.0654296875
provenance,Data2txt,4,24,0.001,9216,4608,1024,1024,6,True,12,17.45952177957309,15.274967784994832,20.250003185927746,-4.975035400932912,-30.243837169331215,-40.09671523255609,0.06890348288165582,0.727077662871176,0.2,0.1148857165677996,2.2360677825359123,0.214599609375,7.180381789473696e-42,0.0517578125,0.0830078125
provenance,Data2txt,4,25,1e-06,9216,4608,1024,1024,6,True,13,10.93552853609033,28.02453157150494,33.39992823979872,-5.375396668293783,-56.227300878254454,-66.75783218951298,0.06832943067839735,0.7272022041687853,0.2,0.1180134824590757,2.2359002622499586,0.298583984375,1.9245747635986584e-81,0.02734375,0.0634765625
provenance,Data2txt,4,25,0.0001,9216,4608,1024,1024,6,True,14,13.686372318354165,19.447872403079963,24.704952147134275,-5.2570797440543116,-39.23521935865931,-49.55935934016598,0.06096339813441182,0.7457862280504483,0.2,0.11801348245907568,2.2360662811113956,0.26611328125,1.657354800888635e-64,0.0537109375,0.09765625
provenance,Data2txt,4,25,0.001,9216,4608,1024,1024,6,True,12,17.551841222465345,15.355172643503462,20.394603008340873,-5.03943036483741,-31.132476331055308,-41.034386499727646,0.060647080572068926,0.7755701963325369,0.2,0.11801348245907572,2.2360677902819335,0.254638671875,5.081186073847235e-59,0.0693359375,0.10546875
provenance,Data2txt,4,26,1e-06,9216,4608,1024,1024,6,True,14,8.027845801621028,24.595813171973845,30.09457013590837,-5.498756963934529,-50.270917341312575,-61.139918637189034,0.10777170337164171,0.704655373898237,0.4,0.1194188139598953,2.2358724666449894,0.211181640625,1.5078114587409725e-40,0.0166015625,0.037109375
provenance,Data2txt,4,26,0.0001,9216,4608,1024,1024,6,True,14,9.838962305840443,17.15314142018187,22.60667374634445,-5.453532326162578,-35.18945479263757,-45.98208434121408,0.10752733115001949,0.7194268082287598,0.4,0.1194188139598953,2.2360660013636497,0.175048828125,6.502023823476134e-28,0.0380859375,0.0771484375
provenance,Data2txt,4,26,0.001,9216,4608,1024,1024,6,True,13,12.24381566803915,13.575776112841417,18.83119900747861,-5.255422894637192,-27.920378188346653,-38.325793878469966,0.10326525500592465,0.7453103054653933,0.4,0.11941881395989525,2.236067760701286,0.183837890625,9.210658412695608e-31,0.0595703125,0.11328125
provenance,Data2txt,4,27,1e-06,9216,4608,1024,1024,6,True,13,9.053639374052146,26.334810290386915,31.724858185192083,-5.390047894805163,-52.843190628625635,-63.68596857834831,0.10896796485985902,0.6874502476324873,0.4,0.13061629603820177,2.2359007317806796,0.26123046875,3.8511585677263284e-62,0.0146484375,0.0361328125
provenance,Data2txt,4,27,0.0001,9216,4608,1024,1024,6,True,14,11.14807333381052,18.289444181446108,23.596846763302565,-5.307402581856456,-36.56989407235898,-47.27918113011334,0.1005051323787302,0.6897581839662269,0.4,0.1306162960382018,2.2360662901725785,0.24169921875,3.8504573773664197e-53,0.0341796875,0.0732421875
provenance,Data2txt,4,27,0.001,9216,4608,1024,1024,6,True,13,13.966256007494026,14.495945355142748,19.563784939001756,-5.067839583859012,-28.890642579225556,-39.157029594822646,0.09349996458294998,0.7137509727753631,0.4,0.13061629603820182,2.236067795202247,0.23583984375,1.3852959881632614e-50,0.048828125,0.1025390625
provenance,Data2txt,4,28,1e-06,9216,4608,1024,1024,6,True,13,6.258022395126911,19.783037381340154,24.48221202569433,-4.699174644354175,-40.80419685883669,-50.31145253192891,0.13011051965138373,0.5830229378966022,0.26666666666666666,0.10410177506448919,2.2359139551137313,0.14453125,3.9455609670812046e-19,0.0009765625,0.0078125
provenance,Data2txt,4,28,0.0001,9216,4608,1024,1024,6,True,14,7.541550481455453,14.083076309673174,18.77546633592889,-4.692390026255719,-28.965658173398836,-38.48964810647922,0.11587813567828106,0.6049411233825399,0.26666666666666666,0.10410177506448923,2.2360664278119615,0.113037109375,7.473246830274823e-12,0.0126953125,0.0380859375
provenance,Data2txt,4,28,0.001,9216,4608,1024,1024,6,True,13,9.026523903620708,11.392254220362027,15.916761591414973,-4.524507371052948,-23.404148709293715,-32.6108342842629,0.10615940422104067,0.6383854081440894,0.26666666666666666,0.10410177506448921,2.2360678139267107,0.120361328125,2.1974957472589798e-13,0.0361328125,0.0830078125
provenance,Data2txt,4,29,1e-06,9216,4608,1024,1024,6,True,13,7.838184825578594,25.738160790626708,31.12843348503289,-5.39027269440618,-51.819195409655876,-62.68435717613352,0.08899239783912932,0.6147917170570084,0.4,0.12478817801640454,2.235953767379835,0.247802734375,7.121320902468577e-56,0.0185546875,0.0458984375
provenance,Data2txt,4,29,0.0001,9216,4608,1024,1024,6,True,14,9.587087087605434,17.748294650099712,23.09674189050957,-5.348447240409856,-35.76905401555331,-46.63054691971804,0.08010714208657159,0.6539173591273686,0.4,0.12478817801640447,2.236066826858629,0.238525390625,9.511116567603013e-52,0.0439453125,0.076171875
provenance,Data2txt,4,29,0.001,9216,4608,1024,1024,6,True,12,11.83888716227969,13.976156086848444,19.12527758453546,-5.1491214976870125,-28.23452564606663,-38.69892300159944,0.07301759096109614,0.6965490740517744,0.4,0.12478817801640454,2.2360678546368966,0.2294921875,6.857363085917507e-48,0.0634765625,0.1083984375
provenance,Data2txt,4,30,1e-06,9216,4608,1024,1024,6,True,14,5.635806371479269,19.63701695903012,24.378196173267114,-4.741179214236995,-40.093127862913136,-49.63724716076657,0.1529940414482167,0.6489179119617877,0.26666666666666666,0.08567789634387823,2.235913943387915,0.1376953125,2.1338247603067346e-17,0.001953125,0.0048828125
provenance,Data2txt,4,30,0.0001,9216,4608,1024,1024,6,True,14,6.832235392282083,13.765300504920445,18.501455941712614,-4.736155436792172,-28.134808077531183,-37.66220264639563,0.15295114007888827,0.6528370227793523,0.26666666666666666,0.08567789634387821,2.2360664287824767,0.10693359375,1.1903445894910497e-10,0.0224609375,0.0458984375
provenance,Data2txt,4,30,0.001,9216,4608,1024,1024,6,True,13,8.252236521514357,10.984058739279693,15.57283390286625,-4.5887751635865595,-22.519689309398604,-31.7366385908206,0.1488272597371946,0.6734780611085373,0.26666666666666666,0.08567789634387823,2.236067815024297,0.116455078125,1.4820529019797564e-12,0.046875,0.0947265625
provenance,Data2txt,4,31,1e-06,9216,4608,1024,1024,6,True,14,2.9708930808571736,19.089730487492094,23.37402642628355,-4.284295938791455,-37.756993203045795,-46.393578130599956,0.30644665197578524,0.6263228759327284,0.13333333333333333,0.07402547713883044,2.2359529240662632,0.265869140625,2.1819002504865326e-64,0.0,0.0
provenance,Data2txt,4,31,0.0001,9216,4608,1024,1024,6,True,14,3.986915239436321,13.173330455811808,17.620424997670398,-4.447094541858588,-26.164082133956626,-35.15146568862603,0.2596044427929764,0.618607753897305,0.13333333333333333,0.0740254771388305,2.2360668221324773,0.202880859375,1.983892799565446e-37,0.0029296875,0.0107421875
provenance,Data2txt,4,31,0.001,9216,4608,1024,1024,6,True,13,5.057752294036744,10.406347297660165,14.825753358259675,-4.419406060599508,-20.75350631933789,-29.71650984120597,0.236246422058078,0.6481504732327056,0.13333333333333333,0.07402547713883051,2.2360678575753474,0.134033203125,1.669127085657496e-16,0.0146484375,0.037109375
provenance,Data2txt,5,0,1e-06,18432,9216,1024,1024,6,True,11,2.3719751642585463,25.202935222902422,30.3776749855988,-5.174739762696383,-49.924527451269746,-60.405877784753294,0.27429977325321914,0.461946966457246,0.06666666666666667,0.06042977200295506,1.4141996541413677,0.48828125,1.5272451999030447e-225,0.0,0.0
provenance,Data2txt,5,0,0.0001,18432,9216,1024,1024,6,True,13,3.1094717643939447,16.161718995908824,21.367667097832555,-5.205948101923731,-31.974391792581017,-42.482456393861526,0.27877033513188104,0.47372359942154796,0.06666666666666667,0.06042977200295506,1.4142134228195808,0.443115234375,1.0396587743337757e-183,0.0,0.0
provenance,Data2txt,5,0,0.001,18432,9216,1024,1024,6,True,12,3.8924008671858874,11.857600402908648,17.0134471018458,-5.155846698937154,-23.457438628212138,-33.80723473001055,0.2882934764739153,0.5217091251283106,0.06666666666666667,0.060429772002955066,1.4142135479864864,0.4013671875,2.0029379175790947e-149,0.0,0.0
provenance,Data2txt,5,1,1e-06,18432,9216,1024,1024,6,True,9,7.453924116024022,13.388404280260215,16.498438333023593,-3.1100340527633783,-27.240053544858306,-33.45066078939777,0.070115073063334,0.43083112658310546,0.2,0.17499035230703844,0.6469447982755291,0.25537109375,2.3090962611454176e-59,0.103515625,0.2177734375
provenance,Data2txt,5,1,0.0001,18432,9216,1024,1024,6,True,10,9.230515953849945,11.21851487776904,14.637416776854494,-3.418901899085454,-22.762539628009424,-29.560809840839887,0.0680729045818326,0.4919440161168583,0.2,0.17499035230703844,0.6484093170194973,0.18408203125,7.640253150321185e-31,0.07421875,0.1689453125
provenance,Data2txt,5,1,0.001,18432,9216,1024,1024,6,True,10,11.160714422639375,10.181059236367396,13.757279095023836,-3.57621985865644,-20.623292102482882,-27.72988648970329,0.0745345677950104,0.5537310812524766,0.2,0.1749903523070383,0.661315996971165,0.1328125,3.272156861760113e-16,0.0771484375,0.1484375
provenance,Data2txt,5,2,1e-06,18432,9216,1024,1024,6,True,10,14.91075073059436,23.348913706908807,27.52778761333766,-4.178873906428853,-48.92835875924337,-57.55656922694397,0.0476089265827943,0.5724179311183375,0.6666666666666666,0.12114134874230502,1.1585918227632805,0.28466796875,6.3000002912991035e-74,0.1083984375,0.2412109375
provenance,Data2txt,5,2,0.0001,18432,9216,1024,1024,6,True,11,19.65149626953388,18.086149457082858,22.71336434181509,-4.627214884732234,-37.342054274663056,-46.7864075728841,0.04894189284384382,0.6597687444432521,0.6666666666666666,0.12114134874230499,1.1791615387726608,0.210693359375,2.3196808169774954e-40,0.0673828125,0.1748046875
provenance,Data2txt,5,2,0.001,18432,9216,1024,1024,6,True,10,26.056609234530033,15.393586398547253,20.245062231200162,-4.851475832652909,-31.492615823977562,-41.316009710252786,0.05198551342296008,0.7301419546659954,0.6666666666666666,0.12114134874230513,1.3224308803034839,0.168212890625,8.505215387657867e-26,0.0703125,0.1455078125
provenance,Data2txt,5,3,1e-06,18432,9216,1024,1024,6,True,14,12.147528070518142,19.204341097981526,23.220594898732294,-4.016253800750767,-38.79104479692171,-46.90388219741856,0.10703658364641094,0.5710349339082836,0.6666666666666666,0.09388808555911354,2.1280071556581275,0.1455078125,2.195616765253677e-19,0.02734375,0.0595703125
provenance,Data2txt,5,3,0.0001,18432,9216,1024,1024,6,True,13,14.96286240978973,16.160246397452582,20.547193406806752,-4.38694700935417,-32.47154855073691,-41.3541496019687,0.0932418640996818,0.6051564580566857,0.6666666666666666,0.09388808555911354,2.1741153205542703,0.09375,2.7725404828324294e-08,0.0244140625,0.044921875
provenance,Data2txt,5,3,0.001,18432,9216,1024,1024,6,True,12,18.680817342715073,13.912148364526788,18.443809183139557,-4.531660818612771,-27.903306081187747,-37.08903045073741,0.0833702154649698,0.6548854695996611,0.6666666666666666,0.09388808555911356,2.2221334340454,0.127197265625,6.6785319560061816e-15,0.0361328125,0.0654296875
provenance,Data2txt,5,4,1e-06,18432,9216,1024,1024,6,True,14,9.037914948964536,19.57565692240285,23.588074082841658,-4.01241716043881,-39.437489093811415,-47.46819785998172,0.12079520444519874,0.4867037022602744,0.6,0.07114844208325342,2.2303779251492966,0.13671875,3.713398577358273e-17,0.001953125,0.0166015625
provenance,Data2txt,5,4,0.0001,18432,9216,1024,1024,6,True,14,11.213705715740467,15.439578374123883,19.956069480874703,-4.516491106750822,-30.960488859335264,-39.94845040871066,0.10503125924308436,0.4896132355954883,0.6,0.07114844208325342,2.2353981822079945,0.112060546875,1.175930828576573e-11,0.00390625,0.0234375
provenance,Data2txt,5,4,0.001,18432,9216,1024,1024,6,True,13,14.035933347926596,12.887526939026912,17.275984395393706,-4.388457456366791,-25.747878697837148,-34.4879880408686,0.09346222175668199,0.5403072811549205,0.6,0.07114844208325345,2.2359891322367353,0.1142578125,4.216888942751605e-12,0.013671875,0.04296875
provenance,Data2txt,5,5,1e-06,18432,9216,1024,1024,6,True,14,7.261063749475114,20.09670960900125,24.489052425797432,-4.3923428167961855,-39.62188018276099,-48.30295532353404,0.13395505669128183,0.389922849617718,0.3333333333333333,0.05838628765382761,2.235755208742253,0.162109375,5.578860453948448e-24,0.0,0.0048828125
provenance,Data2txt,5,5,0.0001,18432,9216,1024,1024,6,True,13,8.967076993621763,14.924453662762627,19.588923457582936,-4.664469794820309,-29.692742070091178,-38.99662452855686,0.11827869537685202,0.4634102728887054,0.3333333333333333,0.05838628765382765,2.236060617357178,0.12890625,2.704609422242061e-15,0.005859375,0.01953125
provenance,Data2txt,5,5,0.001,18432,9216,1024,1024,6,True,11,11.000379478691448,12.243757770207512,16.76642221174859,-4.522664441541081,-24.453770216473036,-33.534897982286466,0.12090408918832349,0.5399953946612295,0.3333333333333333,0.05838628765382764,2.236067196210255,0.128173828125,3.99026637596873e-15,0.015625,0.029296875
provenance,Data2txt,5,6,1e-06,18432,9216,1024,1024,6,True,14,7.262476523520068,17.19684553216879,21.49525575164488,-4.298410219476088,-35.182476857789695,-43.97820792849954,0.1398774644308229,0.501929203065693,0.13333333333333333,0.09335821822693224,2.2359119195302424,0.285888671875,1.431025517183338e-74,0.0,0.0
provenance,Data2txt,5,6,0.0001,18432,9216,1024,1024,6,True,14,8.972120178509726,12.848570826537724,17.281195009741538,-4.432624183203812,-26.181162526886208,-35.18179126096703,0.12151018576050614,0.5242193377246347,0.13333333333333333,0.0933582182269323,2.2360660517913473,0.207763671875,3.0092267670236424e-39,0.00390625,0.013671875
provenance,Data2txt,5,6,0.001,18432,9216,1024,1024,6,True,13,10.804278101986544,10.764445030718257,15.061571484863293,-4.297126454145037,-21.869826895558298,-30.55044112615318,0.11335338191238242,0.5671489817022213,0.13333333333333333,0.09335821822693224,2.2360677776214497,0.17333984375,2.240372492043375e-27,0.013671875,0.0419921875
provenance,Data2txt,5,7,1e-06,18432,9216,1024,1024,6,True,14,7.4154522593762735,16.208661118933733,20.50085624331249,-4.292195124378757,-32.82951742568872,-41.58950291263168,0.1328069090521842,0.42800551218862326,0.13333333333333333,0.11712242704301416,2.235869526374262,0.403564453125,3.9597498520084255e-151,0.0,0.0
provenance,Data2txt,5,7,0.0001,18432,9216,1024,1024,6,True,14,8.9289258227854,12.072680937831475,16.320981332640407,-4.248300394808933,-24.321246151876878,-32.917370652918564,0.12010379661710291,0.4323145684099686,0.13333333333333333,0.11712242704301415,2.236065923070975,0.321044921875,2.128247588891527e-94,0.001953125,0.0068359375
provenance,Data2txt,5,7,0.001,18432,9216,1024,1024,6,True,12,10.436338801339645,10.151783075091902,14.236801531018578,-4.085018455926676,-20.356034112298573,-28.603792289468984,0.1217964242774649,0.46855200670621444,0.13333333333333333,0.11712242704301416,2.236067765437566,0.258056640625,1.254815140320185e-60,0.0078125,0.0087890625
provenance,Data2txt,5,8,1e-06,18432,9216,1024,1024,6,True,14,6.447949026975235,17.771841547853505,22.011152953004636,-4.239311405151129,-36.97494337193912,-45.74273969697891,0.118927374611503,0.45074616501359854,0.2,0.11103130181015397,2.2359335477782496,0.23974609375,2.785266965706982e-52,0.0,0.0
provenance,Data2txt,5,8,0.0001,18432,9216,1024,1024,6,True,14,7.93332200644019,12.871036376093452,17.19735950242663,-4.326323126333175,-26.460515754043072,-35.28926394750149,0.09389890816898142,0.3931250413976102,0.2,0.11103130181015407,2.236066628577916,0.145751953125,1.8951595891968112e-19,0.0,0.0048828125
provenance,Data2txt,5,8,0.001,18432,9216,1024,1024,6,True,12,9.598626687263565,10.608308026133397,14.858320974716882,-4.250012948583485,-21.612248312140967,-30.22506023820617,0.09682689249667437,0.4154478140784172,0.2,0.11103130181015401,2.2360678386440567,0.111328125,1.647798250737287e-11,0.005859375,0.0302734375
provenance,Data2txt,5,9,1e-06,18432,9216,1024,1024,6,True,13,5.990624688290388,17.480880413329473,21.736913031506845,-4.256032618177375,-34.56566357508908,-43.032515647949,0.12167717345842821,0.31499901501114197,0.2,0.12527510941031153,2.2359427643317002,0.306640625,5.691030957775457e-86,0.0,0.0
provenance,Data2txt,5,9,0.0001,18432,9216,1024,1024,6,True,14,7.255960285319029,12.57418999022074,16.810156275883188,-4.235966285662446,-25.044836483505183,-33.52558204486695,0.11696731048195855,0.3414585958965115,0.2,0.1252751094103116,2.2360667212585557,0.236328125,8.53223332659794e-51,0.0,0.0029296875
provenance,Data2txt,5,9,0.001,18432,9216,1024,1024,6,True,13,8.584884990992398,10.2867253666267,14.42990932670628,-4.14318396007958,-20.55682923663643,-28.90253215356825,0.12041318994078917,0.4021646305629332,0.2,0.1252751094103115,2.236067848160319,0.170166015625,2.156539516854391e-26,0.0068359375,0.0302734375
provenance,Data2txt,5,10,1e-06,18432,9216,1024,1024,6,True,14,5.580092136891874,17.89373665050566,22.415590697000894,-4.521854046495231,-36.48496516939133,-45.603626568143724,0.14171818284214102,0.5106763402813187,0.2,0.13023474548833622,2.2359684757076708,0.219970703125,5.415782352768894e-44,0.0,0.0
provenance,Data2txt,5,10,0.0001,18432,9216,1024,1024,6,True,14,6.866101766165057,12.591469380568714,17.14386682717089,-4.552397446602177,-25.691721250758665,-34.863953449933554,0.10264713029271318,0.499429338248746,0.2,0.13023474548833608,2.2360669798059654,0.119873046875,2.7993528262764863e-13,0.0,0.00390625
provenance,Data2txt,5,10,0.001,18432,9216,1024,1024,6,True,13,8.294966160794763,10.178873019341623,14.63548983470562,-4.456616815363995,-20.75762751570916,-29.74950917958433,0.0852002375027098,0.5298932685310318,0.2,0.13023474548833625,2.2360678753117385,0.0986328125,4.005561203152352e-09,0.0029296875,0.0302734375
provenance,Data2txt,5,11,1e-06,18432,9216,1024,1024,6,True,13,6.246106652949248,16.119524374751688,20.59713831519424,-4.477613940442551,-32.31631193989971,-41.090603145797644,0.1415945319548081,0.4396993103427413,0.26666666666666666,0.1404666221973489,2.2359321407230257,0.3955078125,6.19878173809983e-145,0.0,0.0
provenance,Data2txt,5,11,0.0001,18432,9216,1024,1024,6,True,14,7.555461710906862,11.674458035418008,16.06471069574702,-4.390252660329011,-23.56485391131459,-32.220604481301365,0.13230029631183426,0.44607212790848005,0.26666666666666666,0.14046662219734893,2.236066614708906,0.28515625,3.4851382606661773e-74,0.0,0.001953125
provenance,Data2txt,5,11,0.001,18432,9216,1024,1024,6,True,13,8.87087935936851,9.60670081006932,13.871251147120653,-4.2645503370513325,-19.477159700801785,-27.932587039459698,0.12812446540833455,0.48252382784619274,0.26666666666666666,0.14046662219734896,2.2360678372277674,0.204345703125,5.708419985685137e-38,0.001953125,0.015625
provenance,Data2txt,5,12,1e-06,18432,9216,1024,1024,6,True,12,9.129684978475266,14.57334875048017,18.899928904385305,-4.326580153905137,-29.12627040578533,-37.83941418374742,0.050031891308358216,0.48227576843468134,0.06666666666666667,0.13184591373825114,2.2359376895630962,0.494873046875,4.409709889803336e-232,0.00390625,0.00390625
provenance,Data2txt,5,12,0.0001,18432,9216,1024,1024,6,True,12,9.81784739035919,10.547853817018634,14.601965702590373,-4.054111885571741,-21.04121367052849,-29.133864905218857,0.05875574118580373,0.5007554722265181,0.06666666666666667,0.1318459137382512,2.2360666718692337,0.43798828125,2.8056516901151365e-179,0.0087890625,0.02734375
provenance,Data2txt,5,12,0.001,18432,9216,1024,1024,6,True,13,10.582600131429894,8.703531504305342,12.491785413695688,-3.7882539093903453,-17.331051079488372,-24.84692099197538,0.06854510939744383,0.5184605845452332,0.06666666666666667,0.1318459137382512,2.236067844477034,0.343994140625,1.0359069651459814e-108,0.02734375,0.0361328125
provenance,Data2txt,5,13,1e-06,18432,9216,1024,1024,6,True,14,6.833188658238049,19.222341469401393,23.848875989945846,-4.6265345205444515,-38.32679310346232,-47.50958296103573,0.09068148833228853,0.337825986460422,0.2,0.11973704100124406,2.235974623470697,0.17138671875,9.072337975231869e-27,0.0,0.0
provenance,Data2txt,5,13,0.0001,18432,9216,1024,1024,6,True,13,8.377128781740648,13.667253868352185,18.41260392318255,-4.745350054830364,-27.405902320696697,-36.83327182219898,0.07436753348868476,0.37270678752204667,0.2,0.11973704100124406,2.2360670411283494,0.09619140625,1.0669333194455676e-08,0.0009765625,0.0234375
provenance,Data2txt,5,13,0.001,18432,9216,1024,1024,6,True,13,10.104258237477785,11.093748859306622,15.81899728261842,-4.725248423311799,-22.349962378167206,-31.740499575828522,0.07511933668334468,0.4394505533481392,0.2,0.11973704100124404,2.2360678812965804,0.113525390625,5.94875464238845e-12,0.0166015625,0.0634765625
provenance,Data2txt,5,14,1e-06,18432,9216,1024,1024,6,True,12,5.8928913971292864,17.013821503934317,21.322665047759884,-4.308843543825567,-34.235772632292175,-42.72406121850483,0.13030674195869524,0.5506200655178803,0.2,0.16295506489643657,2.2359632426197984,0.25537109375,2.3090962611454176e-59,0.0,0.0
provenance,Data2txt,5,14,0.0001,18432,9216,1024,1024,6,True,13,7.1311621801208505,12.076471236079733,16.32567861828803,-4.249207382208296,-24.43795369263088,-32.84546101964946,0.10964149836234147,0.5228968460035424,0.2,0.1629550648964365,2.2360669272336926,0.136962890625,3.234308675946685e-17,0.0009765625,0.009765625
provenance,Data2txt,5,14,0.001,18432,9216,1024,1024,6,True,12,8.433685551235577,9.806398151928093,13.918823795541925,-4.1124256436138324,-19.92957371523364,-28.080999474963036,0.10079738542092231,0.5376051043482797,0.2,0.1629550648964366,2.2360678698363743,0.124267578125,3.057168973570448e-14,0.015625,0.06640625
provenance,Data2txt,5,15,1e-06,18432,9216,1024,1024,6,True,13,4.086714345922674,17.23521302288176,21.737730018460216,-4.502516995578459,-34.440894770230194,-43.26213050166601,0.1751642662250263,0.5091690719070467,0.2,0.15773625253388415,2.2359872019342673,0.25634765625,8.037464399451888e-60,0.0009765625,0.0009765625
provenance,Data2txt,5,15,0.0001,18432,9216,1024,1024,6,True,14,5.00050545123232,11.997376311827653,16.511089122686055,-4.513712810858403,-24.033596429356614,-32.92966166420349,0.14815705148845829,0.527340548890888,0.2,0.15773625253388415,2.236067167639862,0.143310546875,8.162920435938228e-19,0.0009765625,0.0029296875
provenance,Data2txt,5,15,0.001,18432,9216,1024,1024,6,True,12,5.960703523897112,9.539735880512712,13.951691060058398,-4.411955179545687,-19.170521237502214,-27.910457281847002,0.13930300459035524,0.5641979107448425,0.2,0.15773625253388418,2.2360678946077175,0.106201171875,1.6421341147101565e-10,0.005859375,0.0322265625
provenance,Data2txt,5,16,1e-06,18432,9216,1024,1024,6,True,13,4.458167434350029,18.902114792342147,23.49683251354704,-4.594717721204898,-38.82450098805276,-48.15435710990952,0.14689572430729714,0.5701567249390513,0.2,0.1394021230927566,2.2359890922229777,0.17333984375,2.240372492043375e-27,0.0,0.0
provenance,Data2txt,5,16,0.0001,18432,9216,1024,1024,6,True,13,5.440804060506669,13.144552675653605,17.763103559738724,-4.618550884085119,-26.92882232580721,-36.295965619238686,0.12330270959350985,0.5462293601132041,0.2,0.13940212309275662,2.236067186471152,0.094482421875,2.0872876455671235e-08,0.0,0.0009765625
provenance,Data2txt,5,16,0.001,18432,9216,1024,1024,6,True,12,6.574117699849242,10.438254478439568,14.960262513911996,-4.522008035472428,-21.297045430599923,-30.459316687834637,0.11646440941036326,0.5630756139014103,0.2,0.13940212309275668,2.2360678964240694,0.107666015625,8.609301763165992e-11,0.001953125,0.03515625
provenance,Data2txt,5,17,1e-06,18432,9216,1024,1024,6,True,14,5.447637544413608,20.02145916178545,24.774926794497915,-4.753467632712464,-40.210287642185975,-49.81562927870257,0.14162808090119444,0.5896455477249678,0.2,0.1511548118922625,2.2359580392303595,0.13232421875,4.275746942813385e-16,0.0,0.0
provenance,Data2txt,5,17,0.0001,18432,9216,1024,1024,6,True,14,6.6870118523513264,14.056717911643961,18.843344420465307,-4.786626508821345,-28.130696890995566,-37.80266457273463,0.12988404419901495,0.5571259791515238,0.2,0.15115481189226254,2.2360668745342522,0.11181640625,1.3162255997804745e-11,0.001953125,0.017578125
provenance,Data2txt,5,17,0.001,18432,9216,1024,1024,6,True,13,8.149379844252437,11.25828119774474,15.941977449707139,-4.683696251962401,-22.462759524737905,-31.913768872304388,0.12151105054575062,0.5716405464332369,0.2,0.15115481189226238,2.236067863958872,0.11083984375,2.0608509422184353e-11,0.0146484375,0.060546875
provenance,Data2txt,5,18,1e-06,18432,9216,1024,1024,6,True,13,6.303061008977242,23.517643471657536,28.71084853187436,-5.193205060216821,-47.17356264514686,-57.65559719226911,0.11838825324848154,0.4860964209351161,0.2,0.12945854917885136,2.235957655228364,0.201171875,8.386567270583948e-37,0.0009765625,0.0078125
provenance,Data2txt,5,18,0.0001,18432,9216,1024,1024,6,True,15,7.7469647033105655,16.368056608619657,21.623874069031594,-5.255817460411935,-32.74425698023535,-43.373876299933414,0.10941973311017741,0.5133524795174571,0.2,0.1294585491788514,2.2360668688403234,0.163330078125,2.447217036390277e-24,0.0068359375,0.0615234375
provenance,Data2txt,5,18,0.001,18432,9216,1024,1024,6,True,13,9.566385772781485,12.950945048721767,18.123306666831326,-5.172361618109559,-25.85414845092791,-36.333560049387856,0.11149010115691249,0.5670202715029536,0.2,0.12945854917885133,2.236067861684442,0.13720703125,2.8163241287846335e-17,0.037109375,0.087890625
provenance,Data2txt,5,19,1e-06,18432,9216,1024,1024,6,True,13,7.534309643178459,24.29165367275361,29.63475944582865,-5.34310577307504,-48.280374356707426,-58.8905205495178,0.1346435064314217,0.604387722634333,0.4,0.1651186955800306,2.2359548809426477,0.2314453125,1.0357840336072271e-48,0.0126953125,0.0390625
provenance,Data2txt,5,19,0.0001,18432,9216,1024,1024,6,True,13,9.246940423228796,17.002641910781854,22.40933432647391,-5.406692415692058,-33.73826478598306,-44.48811663832952,0.12545322623598681,0.6257280913037283,0.4,0.1651186955800305,2.236066840701951,0.192626953125,9.368238808188336e-34,0.0400390625,0.0810546875
provenance,Data2txt,5,19,0.001,18432,9216,1024,1024,6,True,13,11.408105839140054,13.554894882059308,18.845772621150815,-5.290877739091505,-26.875036041714964,-37.3949096993378,0.11818612553519062,0.6634392333432113,0.4,0.16511869558003056,2.2360678585096294,0.190185546875,6.56771776845409e-33,0.06640625,0.0947265625
provenance,Data2txt,5,20,1e-06,18432,9216,1024,1024,6,True,14,7.250779203586701,23.803940686172993,29.05811532463016,-5.254174638457163,-48.97922692045254,-59.66992519229444,0.10873589963864902,0.5658507626847935,0.4,0.13623061618075238,2.2359344167471127,0.21533203125,3.7148436376549505e-42,0.001953125,0.021484375
provenance,Data2txt,5,20,0.0001,18432,9216,1024,1024,6,True,14,8.863690306477235,16.58512101939559,21.89852284203437,-5.313401822638782,-33.97220443128097,-44.74004115995718,0.0994100100808223,0.5961544815545025,0.4,0.13623061618075236,2.2360666337655077,0.18896484375,1.7223247100079161e-32,0.01953125,0.078125
provenance,Data2txt,5,20,0.001,18432,9216,1024,1024,6,True,12,10.915756197917966,13.173554591026768,18.3552324282766,-5.181677837249835,-26.876637125521185,-37.31844620699827,0.09632675508543703,0.640835979558576,0.4,0.13623061618075236,2.2360678357263084,0.161865234375,6.573406281014918e-24,0.0537109375,0.119140625
provenance,Data2txt,5,21,1e-06,18432,9216,1024,1024,6,True,14,5.457410962270534,23.10769386773228,28.135245842155943,-5.027551974423667,-45.41864620336285,-55.32038166765551,0.1400658940357576,0.5840545634620715,0.2,0.13641947980311478,2.2359515171640276,0.221435546875,1.3973012959209995e-44,0.0,0.0078125
provenance,Data2txt,5,21,0.0001,18432,9216,1024,1024,6,True,13,6.6963055626835315,15.885444923140675,20.903325790668653,-5.0178808675279765,-31.37660534276062,-41.27132780323735,0.12894767050452205,0.5824901475547963,0.2,0.1364194798031149,2.236066807399046,0.201171875,8.386567270583948e-37,0.009765625,0.044921875
provenance,Data2txt,5,21,0.001,18432,9216,1024,1024,6,True,12,8.272468538607333,12.426982991229082,17.306479117989923,-4.879496126760845,-24.637711050617632,-34.29082166342937,0.12107528404870999,0.6127286168864056,0.2,0.13641947980311492,2.2360678554912967,0.189697265625,9.665598367735833e-33,0.0224609375,0.0869140625
provenance,Data2txt,5,22,1e-06,18432,9216,1024,1024,6,True,13,7.39186777269804,25.108986653457162,30.46035680337956,-5.351370149922398,-49.37852665180387,-59.97693629256487,0.10701926250734567,0.5801090564760809,0.26666666666666666,0.13107007202830565,2.2359267065917265,0.28076171875,6.905693837535103e-72,0.001953125,0.0263671875
provenance,Data2txt,5,22,0.0001,18432,9216,1024,1024,6,True,14,9.107075499605074,17.31264730809148,22.656586896028273,-5.34393958793679,-34.23116301009469,-44.84433295638481,0.09771691592407954,0.5858574027609528,0.26666666666666666,0.13107007202830556,2.236066556575802,0.242431640625,1.8253998558707663e-53,0.0234375,0.07421875
provenance,Data2txt,5,22,0.001,18432,9216,1024,1024,6,True,13,11.346244024178205,13.623981453000667,18.813142756380593,-5.189161303379927,-27.034450414563214,-37.346585253861406,0.0952043402186958,0.6221913771793138,0.26666666666666666,0.1310700720283056,2.2360678279328225,0.215087890625,4.628666006891704e-42,0.046875,0.107421875
provenance,Data2txt,5,23,1e-06,18432,9216,1024,1024,6,True,14,10.842684755169152,25.454652399123635,30.509458664089664,-5.054806264966031,-50.65892693709991,-60.64391692541746,0.07086132651601246,0.6157790939088331,0.2,0.11709972894880995,2.235917398080081,0.267333984375,4.174092907395716e-65,0.01953125,0.0390625
provenance,Data2txt,5,23,0.0001,18432,9216,1024,1024,6,True,13,13.531033196326852,17.953434318707007,22.99195045322817,-5.038516134521165,-35.899898603492645,-45.88072140512017,0.06474164827929907,0.6347170355072314,0.2,0.11709972894881013,2.2360664616318178,0.21240234375,5.112947245134769e-41,0.041015625,0.072265625
provenance,Data2txt,5,23,0.001,18432,9216,1024,1024,6,True,13,17.104769547395623,14.452200601220122,19.32496636456137,-4.872765763341247,-28.98657366116654,-38.681466422747434,0.06951107404538026,0.6752390730731674,0.2,0.11709972894881004,2.236067816738278,0.169921875,2.5623249702874032e-26,0.0498046875,0.095703125
provenance,Data2txt,5,24,1e-06,18432,9216,1024,1024,6,True,13,10.429376201470705,27.440239956813755,32.821278998591225,-5.381039041777472,-55.27204841230571,-66.0823227149146,0.07585538740056466,0.6410282383405013,0.3333333333333333,0.1195016853688759,2.235898430627143,0.285888671875,1.431025517183338e-74,0.021484375,0.04296875
provenance,Data2txt,5,24,0.0001,18432,9216,1024,1024,6,True,14,12.9808993591559,19.11042896647531,24.449083362971752,-5.338654396496439,-38.43402391583518,-49.119192476885004,0.06894635735154425,0.666568524981198,0.3333333333333333,0.11950168536887583,2.236066265776029,0.239013671875,5.824114478049213e-52,0.0400390625,0.068359375
provenance,Data2txt,5,24,0.001,18432,9216,1024,1024,6,True,13,16.485395749483345,15.152595049238041,20.317480026982437,-5.164884977744396,-30.44570140507839,-40.71666960447584,0.07469972691168116,0.7075885519195603,0.3333333333333333,0.11950168536887583,2.2360677914900013,0.22607421875,1.7995261476493398e-46,0.0517578125,0.083984375
provenance,Data2txt,5,25,1e-06,18432,9216,1024,1024,6,True,13,10.220574634782915,27.870349320271927,33.06971663023619,-5.199367309964261,-56.38144329110047,-66.95996586216219,0.07770817162644654,0.6245960385010135,0.4,0.13043702433242377,2.2358853751582544,0.272216796875,1.569736570179524e-67,0.0146484375,0.05078125
provenance,Data2txt,5,25,0.0001,18432,9216,1024,1024,6,True,13,12.831066460953158,19.444063230251338,24.5415111775659,-5.0974479473145635,-39.163501044019796,-49.53861075371237,0.07021166389730091,0.6544035193480041,0.4,0.13043702433242377,2.2360661296409807,0.24169921875,3.8504573773664197e-53,0.0439453125,0.083984375
provenance,Data2txt,5,25,0.001,18432,9216,1024,1024,6,True,12,16.53040634499077,15.40235609876986,20.323372972935527,-4.921016874165666,-30.909199571806464,-40.90578873070365,0.06764111879888625,0.7008046694217528,0.4,0.13043702433242377,2.236067772762873,0.22314453125,2.842470389108709e-45,0.068359375,0.09375
provenance,Data2txt,5,26,1e-06,18432,9216,1024,1024,6,True,14,6.929916736644967,24.425338623087747,29.903536698462176,-5.478198075374429,-49.499254693520456,-60.558881916495636,0.11379849196779604,0.6437658074131619,0.3333333333333333,0.14424690984452299,2.235849570320558,0.227294921875,5.635523992467498e-47,0.0029296875,0.0224609375
provenance,Data2txt,5,26,0.0001,18432,9216,1024,1024,6,True,14,8.499924843122363,17.026955562139424,22.52078605801993,-5.493830495880503,-34.46474815652641,-45.555642422212486,0.11335879003776383,0.66223344590737,0.3333333333333333,0.14424690984452299,2.236065768944956,0.1923828125,1.1395548593419021e-33,0.0244140625,0.0830078125
provenance,Data2txt,5,26,0.001,18432,9216,1024,1024,6,True,13,10.57868723579675,13.443089150692106,18.772310611794772,-5.329221461102664,-27.17797373660498,-37.92688727867432,0.10817856560926041,0.6941641424292223,0.3333333333333333,0.14424690984452307,2.2360677343212614,0.18798828125,3.707420266478488e-32,0.0576171875,0.10546875
provenance,Data2txt,5,27,1e-06,18432,9216,1024,1024,6,True,15,8.370921090474305,26.51690170913102,32.07218168272094,-5.555279973589912,-51.66444899540887,-62.57357057968006,0.13642102813079815,0.6871342042699666,0.4,0.1661492290434077,2.235897870966032,0.288330078125,7.233274452556799e-76,0.0068359375,0.0341796875
provenance,Data2txt,5,27,0.0001,18432,9216,1024,1024,6,True,14,10.349675110612473,18.396013661868075,23.93352686709728,-5.537513205229208,-35.86345627207175,-46.75283191234594,0.12721789358189928,0.692668584508603,0.4,0.16614922904340768,2.2360662630792083,0.27294921875,6.7307385484240026e-68,0.0341796875,0.0810546875
provenance,Data2txt,5,27,0.001,18432,9216,1024,1024,6,True,13,12.99810600591168,14.529259148975704,19.877254635161734,-5.3479954861860275,-28.362431096048944,-38.912064284504126,0.11953355846823426,0.7187497444164043,0.4,0.16614922904340768,2.23606779389001,0.2568359375,4.73435177634125e-60,0.064453125,0.1044921875
provenance,Data2txt,5,28,1e-06,18432,9216,1024,1024,6,True,14,5.032943860026333,20.33731279547812,25.03369965622466,-4.696386860746541,-40.805178713908695,-50.475569999203024,0.1911903430769278,0.5348298796479699,0.4,0.14736156776737855,2.235903055920023,0.15576171875,3.658015076895767e-22,0.001953125,0.001953125
provenance,Data2txt,5,28,0.0001,18432,9216,1024,1024,6,True,13,6.108354299679854,14.32135859428786,19.01923735887371,-4.697878764585849,-28.598381427461412,-38.256104825522954,0.17319036160761972,0.5471532519129746,0.4,0.1473615677673786,2.2360663179888163,0.10986328125,3.213944999556078e-11,0.0029296875,0.0126953125
provenance,Data2txt,5,28,0.001,18432,9216,1024,1024,6,True,14,7.337985783602822,11.496748573754257,16.04526296600681,-4.5485143922525495,-22.82558606434076,-32.18613955419704,0.16099002563144432,0.5811955063515307,0.4,0.1473615677673786,2.2360678021941096,0.1181640625,6.480479851691585e-13,0.013671875,0.048828125
provenance,Data2txt,5,29,1e-06,18432,9216,1024,1024,6,True,13,6.933345012764992,26.137385826954812,31.632620895248365,-5.495235068293552,-50.539191729930266,-61.02939095680935,0.13078568223624565,0.5987768305982711,0.4,0.1523885825422028,2.235952288784379,0.311279296875,1.2237469033751782e-88,0.0078125,0.048828125
provenance,Data2txt,5,29,0.0001,18432,9216,1024,1024,6,True,14,8.62541804701548,17.876590642782787,23.35199595996639,-5.475405317183602,-34.9081535606845,-45.40217151747173,0.11685661854200785,0.6465182631180889,0.4,0.1523885825422029,2.236066812404192,0.28076171875,6.905693837535103e-72,0.04296875,0.0849609375
provenance,Data2txt,5,29,0.001,18432,9216,1024,1024,6,True,12,10.71817612384328,13.962574744601945,19.24332743013987,-5.280752685537923,-27.544096241443903,-37.70435011498685,0.11149724130079211,0.6934736036682001,0.4,0.1523885825422029,2.2360678534979987,0.28662109375,5.861435521028182e-75,0.0654296875,0.11328125
provenance,Data2txt,5,30,1e-06,18432,9216,1024,1024,6,True,14,5.0602110721944005,19.40683417003168,24.22965020212736,-4.822816032095682,-39.97902546192338,-49.64258380491363,0.17020037110792727,0.6677107544359964,0.2,0.07136303396265278,2.2359152508929667,0.141357421875,2.578441600519114e-18,0.0009765625,0.0029296875
provenance,Data2txt,5,30,0.0001,18432,9216,1024,1024,6,True,14,6.179346930589425,13.496568688421904,18.290998973681166,-4.7944302852592635,-27.964189349686734,-37.6232748136061,0.16839304573560482,0.6625481055227299,0.2,0.07136303396265278,2.23606644302051,0.104736328125,3.1043789655252536e-10,0.01171875,0.0390625
provenance,Data2txt,5,30,0.001,18432,9216,1024,1024,6,True,13,7.486862285895255,10.694601135905714,15.327624843958501,-4.633023708052786,-22.27699643218245,-31.632889059394625,0.16302084165779165,0.6780007845351569,0.2,0.0713630339626528,2.2360678175161866,0.12060546875,1.946261106116027e-13,0.048828125,0.0830078125
provenance,Data2txt,5,31,1e-06,18432,9216,1024,1024,6,True,13,3.188396975225275,18.758590696519015,22.999105416712567,-4.2405147201935565,-37.364219958128686,-45.61281242896018,0.29638242704386314,0.625131885960457,0.26666666666666666,0.06318870602135435,2.2359532852771213,0.279296875,3.9476058261024905e-71,0.0,0.0
provenance,Data2txt,5,31,0.0001,18432,9216,1024,1024,6,True,14,4.227264651253184,13.012425475196395,17.418675854307004,-4.406250379110611,-25.892247732860184,-34.52020098073153,0.26805487194276956,0.6183034778448684,0.26666666666666666,0.0631887060213544,2.2360668261347714,0.2021484375,3.6855719682946846e-37,0.0048828125,0.01171875
provenance,Data2txt,5,31,0.001,18432,9216,1024,1024,6,True,14,5.3146779627503244,10.329875716864349,14.72566505430965,-4.395789337445299,-20.540114866259856,-29.17597004522745,0.248430277194989,0.6451649096699505,0.26666666666666666,0.06318870602135437,2.236067858333882,0.1298828125,1.6046869285554237e-15,0.03125,0.0361328125
provenance,Data2txt,6,0,1e-06,35936,18432,1024,1024,6,True,11,2.6311739920450083,25.002427514898105,30.106180497519496,-5.103752982621392,-49.782765252120285,-60.194286885793204,0.24120157681902743,0.4244770689692862,0.06666666666666667,0.059183978105656676,1.4141957681540953,0.4970703125,2.749044609275965e-234,0.0,0.0
provenance,Data2txt,6,0,0.0001,35936,18432,1024,1024,6,True,13,3.4194152132779383,16.158901343030358,21.313125898438493,-5.154224555408131,-32.11726046837515,-42.550989507226376,0.25107206380216945,0.4347332701952814,0.06666666666666667,0.05918397810565668,1.4142133838071302,0.45947265625,2.8427839831027023e-198,0.0,0.0
provenance,Data2txt,6,0,0.001,35936,18432,1024,1024,6,True,12,4.245965986437604,11.956419757126312,17.067270219809913,-5.110850462683605,-23.70039084238011,-33.966017408528685,0.2644249874650001,0.4863009296377913,0.06666666666666667,0.059183978105656655,1.414213543945827,0.41650390625,2.1850986108527236e-161,0.0,0.0
provenance,Data2txt,6,1,1e-06,35936,18432,1024,1024,6,True,9,6.928062422140329,14.27469301077354,17.516250814215113,-3.241557803441572,-27.617431584638435,-33.96900109636994,0.1004154060212705,0.3883900412424,0.4,0.16106083941841487,0.6509738617575002,0.236572265625,6.693465018342676e-51,0.09765625,0.2041015625
provenance,Data2txt,6,1,0.0001,35936,18432,1024,1024,6,True,10,8.537309261962065,11.790949050104011,15.331397173749377,-3.540448123645368,-22.88183281852703,-29.842836650951366,0.09453735165984477,0.45761207077432736,0.4,0.16106083941841487,0.6521691533401666,0.201904296875,4.528380063679344e-37,0.060546875,0.134765625
provenance,Data2txt,6,1,0.001,35936,18432,1024,1024,6,True,10,10.279227783654129,10.584479948839356,14.273694968697967,-3.6892150198586124,-20.593198747551316,-27.872818256316968,0.1011362381456321,0.5249604265114898,0.4,0.16106083941841481,0.6626629178420492,0.1455078125,2.195616765253677e-19,0.05859375,0.119140625
provenance,Data2txt,6,2,1e-06,35936,18432,1024,1024,6,True,11,13.26010465056193,23.23007445199843,27.274506106310366,-4.044431654311935,-46.829928298564624,-54.86475992325907,0.05424475211562713,0.5808583288138875,0.6666666666666666,0.10067496796866635,1.2255363168054572,0.29443359375,3.6841603427803465e-79,0.078125,0.2060546875
provenance,Data2txt,6,2,0.0001,35936,18432,1024,1024,6,True,10,17.45168327055624,17.960746607541438,22.470842298380774,-4.510095690839336,-36.07237552602804,-44.98981766319591,0.05966535768230245,0.6788084751893451,0.6666666666666666,0.10067496796866635,1.2480397873973301,0.212158203125,6.350851828520386e-41,0.0615234375,0.1396484375
provenance,Data2txt,6,2,0.001,35936,18432,1024,1024,6,True,10,22.937639017986914,15.212847047707841,19.998107779622075,-4.785260731914237,-30.54417146489504,-39.95409718581203,0.06295654285432548,0.7494350286137466,0.6666666666666666,0.10067496796866639,1.4008703319896678,0.19384765625,3.504276159914183e-34,0.0703125,0.126953125
provenance,Data2txt,6,3,1e-06,35936,18432,1024,1024,6,True,14,10.151837409575936,18.980559440074906,22.913983139965584,-3.9334236998906773,-36.87607590120126,-44.7064077977968,0.11013726041898217,0.4573576582474416,0.6666666666666666,0.08234644603556156,2.126799650789399,0.1796875,2.125332401757362e-29,0.015625,0.0380859375
provenance,Data2txt,6,3,0.0001,35936,18432,1024,1024,6,True,13,12.36242106383506,15.820806082791757,20.108687765525133,-4.287881682733378,-31.059414670489588,-39.64206069164262,0.0979710792263438,0.5160190456428687,0.6666666666666666,0.08234644603556163,2.1690524047890305,0.095703125,1.2940285165576641e-08,0.015625,0.033203125
provenance,Data2txt,6,3,0.001,35936,18432,1024,1024,6,True,12,15.202130538968161,13.553516775099784,18.016683570521778,-4.463166795421994,-26.699328145272574,-35.68364138381737,0.09831960579320688,0.5836169315386287,0.6666666666666666,0.0823464460355616,2.220009435730102,0.1240234375,3.4647259329090906e-14,0.021484375,0.0419921875
provenance,Data2txt,6,4,1e-06,35936,18432,1024,1024,6,True,15,8.557456799616608,19.98383587710334,24.13755129192494,-4.153715414821599,-39.00234095081208,-46.93193165796291,0.1064399526508931,0.4519500960503887,0.5333333333333333,0.06219454358493086,2.2298263197880672,0.18310546875,1.6112889989582033e-30,0.00390625,0.017578125
provenance,Data2txt,6,4,0.0001,35936,18432,1024,1024,6,True,13,10.521388470979968,15.56060401540559,20.18250528946153,-4.621901274055939,-30.69088682586704,-39.61219465534545,0.09680570408025371,0.49527208646420257,0.5333333333333333,0.062194543584930866,2.2351867143323982,0.104248046875,3.8309165973470304e-10,0.0068359375,0.017578125
provenance,Data2txt,6,4,0.001,35936,18432,1024,1024,6,True,12,13.062484972506608,12.818014240762452,17.325521423516584,-4.507507182754132,-25.446091808738437,-34.18719097242568,0.09932575111853056,0.5612962957851965,0.5333333333333333,0.06219454358493085,2.2359624070905753,0.10498046875,2.793504529908204e-10,0.0146484375,0.041015625
provenance,Data2txt,6,5,1e-06,35936,18432,1024,1024,6,True,13,7.023863619008067,18.37943259991012,22.55515449838078,-4.175721898470661,-37.47847865411586,-45.829276683810136,0.12650632970831777,0.41670678573471875,0.4,0.06521530053092876,2.235585313687705,0.16552734375,5.464810722655566e-25,0.0,0.0009765625
provenance,Data2txt,6,5,0.0001,35936,18432,1024,1024,6,True,13,8.654366885887493,14.04235756636459,18.621973674633693,-4.579616108269102,-28.529937736060354,-37.67815994426988,0.12698508971798597,0.489916238498451,0.4,0.06521530053092872,2.2360520340585848,0.14599609375,1.6354073173890572e-19,0.0009765625,0.0166015625
provenance,Data2txt,6,5,0.001,35936,18432,1024,1024,6,True,12,10.562349542121709,11.630958900732864,16.111943952444207,-4.480985051711343,-23.591138087124236,-32.509315550251,0.12930408221194872,0.5615608691906296,0.4,0.06521530053092874,2.236066282876575,0.109619140625,3.589360082053631e-11,0.017578125,0.048828125
provenance,Data2txt,6,6,1e-06,35936,18432,1024,1024,6,True,14,7.187593329305123,16.351800970699223,20.45064392274677,-4.098842952047544,-33.79081009025059,-42.07096578079763,0.15008809537075593,0.44527152140002685,0.2,0.08594633698482229,2.2359357604092627,0.3076171875,1.5749056709211759e-86,0.0,0.0
provenance,Data2txt,6,6,0.0001,35936,18432,1024,1024,6,True,14,8.768936877443958,12.243861842696894,16.51337876911534,-4.269516926418446,-25.348257663612006,-33.904389096805915,0.13642129093885091,0.4933459044786807,0.2,0.08594633698482232,2.236066034892479,0.19189453125,1.6848268805905192e-33,0.0,0.0068359375
provenance,Data2txt,6,6,0.001,35936,18432,1024,1024,6,True,12,10.428227782577977,10.1911513047227,14.339844965472365,-4.1486936607496645,-21.176296529278385,-29.443623033911116,0.13183859209579732,0.5468829337312339,0.2,0.0859463369848223,2.236067776056514,0.134765625,1.111166976835318e-16,0.0087890625,0.0380859375
provenance,Data2txt,6,7,1e-06,35936,18432,1024,1024,6,True,14,8.382809814015056,15.864508175747185,20.170174343786986,-4.305666168039803,-31.84563621271785,-40.511579461976964,0.11011898319008748,0.38693021911216025,0.2,0.12205288419931554,2.2358897117387473,0.436767578125,3.117417136413201e-178,0.0009765625,0.0009765625
provenance,Data2txt,6,7,0.0001,35936,18432,1024,1024,6,True,13,9.756103069960433,11.854320368872212,16.10893630635367,-4.254615937481455,-23.76472022413217,-32.25507027675641,0.11067612244459889,0.4308848218951802,0.2,0.12205288419931552,2.2360660127164675,0.34130859375,5.58658655904525e-107,0.0009765625,0.001953125
provenance,Data2txt,6,7,0.001,35936,18432,1024,1024,6,True,13,11.093530472130405,9.943544779618739,14.03514486226792,-4.091600082649181,-19.93731576730107,-28.064280199938352,0.11392273687972149,0.4761418530141616,0.2,0.12205288419931555,2.2360677749519353,0.23974609375,2.785266965706982e-52,0.001953125,0.0107421875
provenance,Data2txt,6,8,1e-06,35936,18432,1024,1024,6,True,13,6.494536563804226,17.049627907927775,21.341996549211828,-4.292368641284055,-33.96863869845714,-42.489711168047755,0.10586053378476344,0.29717015703775895,0.2,0.09849916411729691,2.2359279597751236,0.364013671875,4.191419191667217e-122,0.0,0.0
provenance,Data2txt,6,8,0.0001,35936,18432,1024,1024,6,True,14,7.929440489256623,12.31598560440301,16.59760680929233,-4.281621204889321,-24.59260625071144,-33.12912158717701,0.09926104163836397,0.29921856742328395,0.2,0.09849916411729691,2.236066566551568,0.25,7.096570609761518e-57,0.0,0.001953125
provenance,Data2txt,6,8,0.001,35936,18432,1024,1024,6,True,12,9.441473310930078,10.136984198278764,14.299230036219086,-4.162245837940324,-20.259621514186144,-28.57532550747327,0.10480010918452905,0.36054369202282294,0.2,0.09849916411729687,2.236067832580958,0.152099609375,3.781296472558513e-21,0.001953125,0.009765625
provenance,Data2txt,6,9,1e-06,35936,18432,1024,1024,6,True,13,5.490115872319657,16.60871747928907,20.781160329254693,-4.1724428499656225,-33.498905311432644,-41.880018496198005,0.1278460774313218,0.3818006941191045,0.2,0.1424593936539605,2.2359514427025418,0.307373046875,2.1723037135764247e-86,0.0,0.0
provenance,Data2txt,6,9,0.0001,35936,18432,1024,1024,6,True,13,6.6708065740787035,11.91972526695362,16.095406658618195,-4.175681391664576,-24.002883983698077,-32.42058915377076,0.11543265541302047,0.3686220802130462,0.2,0.14245939365396054,2.2360668086751367,0.236572265625,6.693465018342676e-51,0.0,0.0009765625
provenance,Data2txt,6,9,0.001,35936,18432,1024,1024,6,True,12,7.892206273522412,9.734623057242013,13.825314999824785,-4.0906919425827715,-19.59389595424439,-27.826953949554788,0.11747739007514585,0.408071543456722,0.2,0.14245939365396051,2.2360678574760158,0.163818359375,1.7569278705476555e-24,0.0009765625,0.033203125
provenance,Data2txt,6,10,1e-06,35936,18432,1024,1024,6,True,13,5.300628876562989,17.305287435362374,21.63423768904575,-4.3289502536833755,-35.24573566610346,-44.18288720019351,0.12386899248313699,0.45282062799337114,0.2,0.13461365307157594,2.23596362831303,0.2744140625,1.2284460506747203e-68,0.0,0.0
provenance,Data2txt,6,10,0.0001,35936,18432,1024,1024,6,True,13,6.500588992592241,12.285600536176046,16.655781376756096,-4.370180840580049,-24.9098459134929,-33.89542429983154,0.0885592455267967,0.44007959650265516,0.2,0.13461365307157602,2.2360669312690673,0.17578125,3.811813540871831e-28,0.0,0.001953125
provenance,Data2txt,6,10,0.001,35936,18432,1024,1024,6,True,12,7.802906920146136,9.978309048222505,14.28922981690114,-4.310920768678634,-20.15252478368685,-28.998696695993033,0.08885909757347232,0.4750043586107165,0.2,0.13461365307157605,2.2360678704038652,0.100341796875,1.9881156448584556e-09,0.0048828125,0.015625
provenance,Data2txt,6,11,1e-06,35936,18432,1024,1024,6,True,13,5.957288881383005,15.663956746608914,19.917465212161876,-4.25350846555296,-31.705357980839082,-40.464585090578126,0.13432778948137072,0.39984961384330164,0.26666666666666666,0.14677571803908193,2.2359314850438157,0.3984375,3.6030181614515836e-147,0.0,0.0
provenance,Data2txt,6,11,0.0001,35936,18432,1024,1024,6,True,13,7.137671255080704,11.430666092505527,15.609648817449036,-4.178982724943509,-23.09483279801848,-31.67579928689899,0.12551323883262328,0.3975304556309433,0.26666666666666666,0.14677571803908196,2.2360666083018725,0.306640625,5.691030957775457e-86,0.0,0.0
provenance,Data2txt,6,11,0.001,35936,18432,1024,1024,6,True,12,8.302181293681318,9.443319814726053,13.51398059906992,-4.070660784343869,-19.03966455662617,-27.40506319950808,0.1220333171403192,0.4314279826414414,0.26666666666666666,0.14677571803908196,2.236067836725241,0.247802734375,7.121320902468577e-56,0.0029296875,0.0126953125
provenance,Data2txt,6,12,1e-06,35936,18432,1024,1024,6,True,12,8.846800822731062,14.44422933260707,18.674485712657564,-4.230256380050496,-29.053402239963994,-37.43795378704442,0.04883739772719597,0.4582284754064061,0.06666666666666667,0.13407678332332598,2.2359448637031565,0.471435546875,2.4269448567276832e-209,0.0048828125,0.0048828125
provenance,Data2txt,6,12,0.0001,35936,18432,1024,1024,6,True,13,9.594704066299714,10.404278260016746,14.375876784891435,-3.9715985248746906,-20.975314247003777,-28.829916198203463,0.050538011813454284,0.4842104591877657,0.06666666666666667,0.13407678332332595,2.2360667437870028,0.39599609375,2.6365793932519086e-145,0.0078125,0.0166015625
provenance,Data2txt,6,12,0.001,35936,18432,1024,1024,6,True,13,10.380913335907001,8.548761386997425,12.263681665190854,-3.7149202781934267,-17.26809930205353,-24.60446204445845,0.05367896354638117,0.5072310497827384,0.06666666666666667,0.13407678332332598,2.236067851823895,0.3193359375,2.2392636053318843e-93,0.0205078125,0.033203125
provenance,Data2txt,6,13,1e-06,35936,18432,1024,1024,6,True,14,6.452433370132,18.532038906358675,23.079008596287572,-4.546969689928898,-36.839368878778146,-45.91788678533824,0.09278961090574492,0.3288532557492453,0.2,0.12476464947965424,2.2359713579453038,0.21240234375,5.112947245134769e-41,0.0,0.0
provenance,Data2txt,6,13,0.0001,35936,18432,1024,1024,6,True,14,7.868808513535285,13.259110913561015,17.90472742628092,-4.645616512719908,-26.3514406549862,-35.66690918179697,0.08112324334698932,0.33595827751857393,0.2,0.12476464947965418,2.2360670084805943,0.13525390625,8.461150554001235e-17,0.0009765625,0.01171875
provenance,Data2txt,6,13,0.001,35936,18432,1024,1024,6,True,12,9.412343100357376,10.811392362112088,15.42404291899603,-4.61265055688394,-21.490749931787743,-30.75916736790416,0.08570024982125021,0.394057366619331,0.2,0.12476464947965425,2.2360678780409544,0.121826171875,1.0566828237297333e-13,0.013671875,0.0458984375
provenance,Data2txt,6,14,1e-06,35936,18432,1024,1024,6,True,12,5.0610347438271575,16.373548640105795,20.472949359581634,-4.099400719475836,-33.16634496312581,-41.58553956546747,0.18451279721770253,0.48581509515384336,0.2,0.16177336335061013,2.2359699301895466,0.321044921875,2.128247588891527e-94,0.0009765625,0.0009765625
provenance,Data2txt,6,14,0.0001,35936,18432,1024,1024,6,True,13,6.098381414603461,11.524520645075114,15.555058122067457,-4.030537476992343,-23.44582205926843,-31.721391714520664,0.16225552348119815,0.45050276399579703,0.2,0.16177336335061013,2.236066994467099,0.18408203125,7.640253150321185e-31,0.0009765625,0.001953125
provenance,Data2txt,6,14,0.001,35936,18432,1024,1024,6,True,12,7.169280279816551,9.29658021814265,13.192548475199992,-3.8959682570573433,-18.96658522802594,-26.96776273985337,0.15088855837460222,0.46648892459413005,0.2,0.16177336335061013,2.2360678768834354,0.116455078125,1.4820529019797564e-12,0.0029296875,0.017578125
provenance,Data2txt,6,15,1e-06,35936,18432,1024,1024,6,True,12,3.8084873705515347,17.261405074134792,21.588155324761015,-4.326750250626226,-35.065751193581974,-44.166879106575344,0.14082911199592327,0.4894544005836562,0.2,0.15851158649435426,2.235991860653382,0.2392578125,4.555719611593698e-52,0.0,0.0029296875
provenance,Data2txt,6,15,0.0001,35936,18432,1024,1024,6,True,12,4.578942741893369,11.9926925771268,16.347439794617074,-4.35474721749027,-24.349116126611246,-33.38830963770108,0.11298878377842467,0.49991323442421065,0.2,0.1585115864943543,2.236067214363035,0.1376953125,2.1338247603067346e-17,0.0029296875,0.0029296875
provenance,Data2txt,6,15,0.001,35936,18432,1024,1024,6,True,13,5.412788981186635,9.505037527615695,13.79500286067389,-4.289965333058195,-19.259114065318876,-28.087258662075826,0.1288525328366271,0.5339151789570561,0.2,0.15851158649435423,2.2360678994021383,0.095947265625,1.175152490893381e-08,0.0048828125,0.0283203125
provenance,Data2txt,6,16,1e-06,35936,18432,1024,1024,6,True,13,4.276184868176864,18.432985726862086,22.96686383832145,-4.533878111459366,-38.059284020706215,-47.51482179844808,0.14170299708793233,0.502646424328846,0.13333333333333333,0.11908739337820252,2.2359947376245253,0.1982421875,9.639817057459614e-36,0.0,0.0
provenance,Data2txt,6,16,0.0001,35936,18432,1024,1024,6,True,14,5.19234916239974,12.785101410130208,17.32079588919596,-4.535694479065752,-26.3917922596522,-35.85757519893173,0.10179102481799945,0.4984199356206836,0.13333333333333333,0.11908739337820255,2.2360672431943964,0.110107421875,2.877081134989122e-11,0.0009765625,0.001953125
provenance,Data2txt,6,16,0.001,35936,18432,1024,1024,6,True,12,6.228541713877238,10.119042521100116,14.558211574901431,-4.439169053801316,-20.866678730121553,-30.11018754596438,0.09153571414388278,0.5276666455785594,0.13333333333333333,0.1190873933782025,2.2360679023405936,0.10302734375,6.452682690611927e-10,0.001953125,0.025390625
provenance,Data2txt,6,17,1e-06,35936,18432,1024,1024,6,True,14,5.708253473829698,19.278053305120885,23.8917772929734,-4.6137239878525165,-39.06574135335605,-48.34957955826048,0.10493945001404359,0.48491104899178117,0.2,0.13837411398949911,2.2359628457046723,0.151123046875,6.982130853095429e-21,0.0,0.0009765625
provenance,Data2txt,6,17,0.0001,35936,18432,1024,1024,6,True,14,6.970114962688462,13.594110018365896,18.23556134075538,-4.641451322389482,-27.688187525201755,-37.038348235642125,0.08311969853536642,0.484379360386341,0.2,0.13837411398949917,2.2360669229110783,0.104248046875,3.8309165973470304e-10,0.0029296875,0.0185546875
provenance,Data2txt,6,17,0.001,35936,18432,1024,1024,6,True,11,8.430581680648789,10.925391566380316,15.468343672265613,-4.5429521058852975,-22.29041959879911,-31.455669832496497,0.08814956185862731,0.5216933320731877,0.2,0.1383741139894992,2.236067869079588,0.112548828125,9.379100976846719e-12,0.015625,0.0556640625
provenance,Data2txt,6,18,1e-06,35936,18432,1024,1024,6,True,13,5.438883094125293,22.63917484745417,27.74402955756728,-5.104854710113109,-45.68310353854265,-56.079277672749285,0.11338129552179486,0.39737000636806635,0.3333333333333333,0.12362270282045873,2.235956327270643,0.1845703125,5.25301693603745e-31,0.0,0.0
provenance,Data2txt,6,18,0.0001,35936,18432,1024,1024,6,True,13,6.664792002035636,15.799663159880215,20.96478920233893,-5.165126042458715,-31.72987345623598,-42.2203124111258,0.12004060647422779,0.45466543091321004,0.3333333333333333,0.1236227028204587,2.236066855598434,0.135986328125,5.611637335613992e-17,0.0009765625,0.0234375
provenance,Data2txt,6,18,0.001,35936,18432,1024,1024,6,True,12,8.189897603793337,12.507945877913855,17.597745468950126,-5.089799591036271,-24.977695592934147,-35.29759201585664,0.1319824115949787,0.5274915493662273,0.3333333333333333,0.12362270282045877,2.2360678603960937,0.13134765625,7.27889255315285e-16,0.0166015625,0.0595703125
provenance,Data2txt,6,19,1e-06,35936,18432,1024,1024,6,True,14,6.926170223458558,24.47569000495946,29.77631894584359,-5.300628940884136,-47.994664629951195,-58.37660543401806,0.12266480368724539,0.5218173891346515,0.4,0.170063783548452,2.2359597004084586,0.242431640625,1.8253998558707663e-53,0.0009765625,0.029296875
provenance,Data2txt,6,19,0.0001,35936,18432,1024,1024,6,True,13,8.501995039754586,17.038466890895492,22.396582033093537,-5.358115142198045,-33.490514739764954,-44.03916082050008,0.11370247607222828,0.5643570121564476,0.4,0.17006378354845203,2.2360668890829487,0.213134765625,2.6638665931886105e-41,0.029296875,0.080078125
provenance,Data2txt,6,19,0.001,35936,18432,1024,1024,6,True,12,10.485590905779164,13.506375689016846,18.76653212730295,-5.260156438286105,-26.58686080754118,-36.9759505446324,0.10698084629703239,0.6184290986742883,0.4,0.17006378354845195,2.2360678635149065,0.19775390625,1.4429434058550922e-35,0.0625,0.1025390625
provenance,Data2txt,6,20,1e-06,35936,18432,1024,1024,6,True,13,6.868659471758926,23.19565430345085,28.442953575696805,-5.2472992722459555,-46.442212896074594,-56.819566079988675,0.11343638524300487,0.5539496042821076,0.4,0.11793799192704667,2.2359530033619794,0.21435546875,8.939720837253643e-42,0.00390625,0.0185546875
provenance,Data2txt,6,20,0.0001,35936,18432,1024,1024,6,True,14,8.423308617995149,16.129830020763226,21.401941461157165,-5.272111440393939,-32.46462167114661,-42.93682052719082,0.10325787590430512,0.5883320040429475,0.4,0.1179379919270466,2.236066821569679,0.18701171875,7.947830124923053e-32,0.0205078125,0.060546875
provenance,Data2txt,6,20,0.001,35936,18432,1024,1024,6,True,13,10.369440301263708,12.772145615975385,17.890929126999197,-5.118783511023812,-25.843533871922396,-36.03804270411139,0.10205730642795056,0.6356714528419125,0.4,0.11793799192704661,2.2360678562707377,0.14501953125,2.944765958055118e-19,0.0458984375,0.099609375
provenance,Data2txt,6,21,1e-06,35936,18432,1024,1024,6,True,13,5.352485088340275,21.56635041814119,26.291277309572838,-4.724926891431647,-43.98273177873614,-53.65063265668533,0.11112621831420465,0.511001223050116,0.2,0.12450813248222638,2.2359635580668957,0.15087890625,8.133948569845617e-21,0.0,0.0048828125
provenance,Data2txt,6,21,0.0001,35936,18432,1024,1024,6,True,13,6.574806569068587,14.99141417017631,19.745786264359072,-4.754372094182761,-30.571192869559265,-40.27480076504824,0.10007706904362267,0.5391314496598346,0.2,0.12450813248222642,2.236066928742463,0.12939453125,2.0843195178952173e-15,0.005859375,0.037109375
provenance,Data2txt,6,21,0.001,35936,18432,1024,1024,6,True,12,8.109095386776003,11.828460151704968,16.512734482145387,-4.684274330440418,-24.100203878457048,-33.61989190337436,0.10081901978421565,0.5882732855729846,0.2,0.12450813248222643,2.236067868474928,0.122802734375,6.45346337731856e-14,0.0341796875,0.0927734375
provenance,Data2txt,6,22,1e-06,35936,18432,1024,1024,6,True,14,6.777842805297614,23.814622493847395,29.001724647135745,-5.187102153288352,-48.25358729253156,-58.7200609885403,0.08998859918540189,0.5008100971530793,0.4,0.12846394116700696,2.235946633416602,0.216552734375,1.2321646314246463e-42,0.0048828125,0.0224609375
provenance,Data2txt,6,22,0.0001,35936,18432,1024,1024,6,True,14,8.321431020122137,16.512638068491874,21.719333942702526,-5.206695874210657,-33.470848538105116,-43.97798110842885,0.08890075539579394,0.5336089924461663,0.4,0.1284639411670069,2.236066757651527,0.185546875,2.475586726774482e-31,0.0205078125,0.06640625
provenance,Data2txt,6,22,0.001,35936,18432,1024,1024,6,True,13,10.30965415691476,13.030410504657695,18.108439906294805,-5.078029401637114,-26.400940006012057,-36.64527230826412,0.09787610889291709,0.5878287738282573,0.4,0.12846394116700693,2.2360678496831174,0.166748046875,2.355070505509659e-25,0.0458984375,0.0927734375
provenance,Data2txt,6,23,1e-06,35936,18432,1024,1024,6,True,14,9.52949107307271,24.95631705070837,29.83860167552477,-4.882284624816404,-49.223489006309734,-58.882051927539884,0.07117379157893067,0.49919325747456045,0.2,0.11298792871750563,2.2359244532363722,0.231201171875,1.313044913129647e-48,0.009765625,0.025390625
provenance,Data2txt,6,23,0.0001,35936,18432,1024,1024,6,True,13,11.824102650294236,17.634253592392287,22.5003512460792,-4.866097653686916,-34.936174400139535,-44.57604944105957,0.07642156802016517,0.5359144044291957,0.2,0.11298792871750572,2.23606653272585,0.182861328125,1.94049444713657e-30,0.03125,0.0595703125
provenance,Data2txt,6,23,0.001,35936,18432,1024,1024,6,True,12,14.815756304172096,14.193460687739167,18.924576441488803,-4.731115753749636,-28.17684434285134,-37.56041378297784,0.0820647299470629,0.5951183305678002,0.2,0.11298792871750568,2.23606782433876,0.1572265625,1.4144502558105868e-22,0.041015625,0.078125
provenance,Data2txt,6,24,1e-06,35936,18432,1024,1024,6,True,13,9.605370052255024,27.215621767474175,32.57032248390375,-5.354700716429582,-55.71644106940464,-66.43870949834974,0.05956972646588787,0.6285345118023564,0.3333333333333333,0.11511051366339468,2.2359523431361445,0.25537109375,2.3090962611454176e-59,0.0224609375,0.04296875
provenance,Data2txt,6,24,0.0001,35936,18432,1024,1024,6,True,14,11.936055331738391,18.85192113469144,24.153643146427854,-5.301722011736414,-38.56216069666619,-49.1776252818937,0.06732265070638127,0.671487262128964,0.3333333333333333,0.1151105136633947,2.236066811089506,0.21875,1.662853572756688e-43,0.04296875,0.072265625
provenance,Data2txt,6,24,0.001,35936,18432,1024,1024,6,True,12,15.144738184104096,14.797014199237912,19.943961396670538,-5.146947197432628,-30.360761391271563,-40.62039974343859,0.07408233959873672,0.7202129621623597,0.3333333333333333,0.1151105136633947,2.2360678516555774,0.210693359375,2.3196808169774954e-40,0.0498046875,0.083984375
provenance,Data2txt,6,25,1e-06,35936,18432,1024,1024,6,True,13,10.600118875753545,27.56382681455478,32.81064620297662,-5.246819388421841,-56.513396402242805,-66.70763037356765,0.0623706208089197,0.686616016004282,0.4,0.13383048073500242,2.235926495916894,0.287353515625,2.394909915326407e-75,0.0322265625,0.0595703125
provenance,Data2txt,6,25,0.0001,35936,18432,1024,1024,6,True,12,13.345780074072634,19.189868503555928,24.364189930697776,-5.174321427141852,-39.39495068211623,-49.38357074982484,0.055338807526343375,0.7250043076000737,0.4,0.1338304807350024,2.2360665475538606,0.232421875,4.000238782317457e-49,0.056640625,0.08203125
provenance,Data2txt,6,25,0.001,35936,18432,1024,1024,6,True,12,17.268861334123223,15.12328956840211,20.155408455128935,-5.032118886726826,-31.1504083098252,-40.782851607520385,0.06157616891383061,0.7680639710403394,0.4,0.1338304807350024,2.236067820670596,0.211181640625,1.5078114587409725e-40,0.0654296875,0.0888671875
provenance,Data2txt,6,26,1e-06,35936,18432,1024,1024,6,True,13,6.480828015976126,24.377449323691508,29.79364624997948,-5.41619692628797,-48.516174023149986,-59.37722366436691,0.13709587855884103,0.5974152342668547,0.4,0.14270929932799797,2.2358731017814595,0.2177734375,4.060410399660794e-43,0.001953125,0.017578125
provenance,Data2txt,6,26,0.0001,35936,18432,1024,1024,6,True,14,7.911178786313991,17.047478149154156,22.460207404323658,-5.4127292551695065,-33.809435032814946,-44.66658914672517,0.1348290726469159,0.611442600164598,0.4,0.142709299327998,2.2360660061612347,0.181640625,4.897147011994986e-30,0.017578125,0.052734375
provenance,Data2txt,6,26,0.001,35936,18432,1024,1024,6,True,13,9.791662735531272,13.466753719887167,18.71454217315216,-5.24778845326499,-26.625069935631863,-37.15873746202601,0.12959696575437268,0.6454532807019716,0.4,0.14270929932799806,2.2360677597542984,0.173828125,1.5753113560921231e-27,0.0439453125,0.0947265625
provenance,Data2txt,6,27,1e-06,35936,18432,1024,1024,6,True,13,7.793775902778241,25.979371463384577,31.31284331434181,-5.333471850957232,-51.4582811753082,-62.26362960164731,0.13153721397919602,0.6061450013049346,0.4,0.16260006725517548,2.235917861904192,0.257568359375,2.1359984128643974e-60,0.009765625,0.03125
provenance,Data2txt,6,27,0.0001,35936,18432,1024,1024,6,True,14,9.618551967476893,18.144126925039874,23.47992101222043,-5.335794087180556,-35.69594952057593,-46.500516461218496,0.12238430250557211,0.614295249318528,0.4,0.1626000672551754,2.2360664646208632,0.2275390625,4.464245270415982e-47,0.0283203125,0.0595703125
provenance,Data2txt,6,27,0.001,35936,18432,1024,1024,6,True,13,12.051793252434258,14.381051061785762,19.56792625535637,-5.1868751935706054,-28.13874296475976,-38.66466444211825,0.11499495742471746,0.6496207356073515,0.4,0.1626000672551754,2.2360678155212463,0.22265625,4.486025562320275e-45,0.041015625,0.0888671875
provenance,Data2txt,6,28,1e-06,35936,18432,1024,1024,6,True,13,5.739263717785935,20.53445899796629,25.349270056871582,-4.8148110589052955,-40.0918574154347,-49.45935735675137,0.14394618004237983,0.523166407354387,0.4,0.1548128734478105,2.235912541922649,0.158447265625,6.363435512782307e-23,0.0,0.001953125
provenance,Data2txt,6,28,0.0001,35936,18432,1024,1024,6,True,15,6.906388576101559,14.438384680516895,19.221582965029526,-4.783198284512632,-28.419811357026433,-37.72945285248713,0.12937924923656308,0.5639084440163088,0.4,0.15481287344781056,2.236066413496819,0.111083984375,1.8430164026408002e-11,0.0068359375,0.0244140625
provenance,Data2txt,6,28,0.001,35936,18432,1024,1024,6,True,12,8.25154392190639,11.562342868643979,16.183880558195597,-4.621537689551616,-22.914565586219776,-31.899843520680314,0.11990704573313538,0.6095316542498399,0.4,0.15481287344781047,2.2360678123289555,0.134521484375,1.2728912836604195e-16,0.021484375,0.0634765625
provenance,Data2txt,6,29,1e-06,35936,18432,1024,1024,6,True,13,6.381350521370439,26.955251446628395,32.42577636002516,-5.470524913396769,-52.36922322758916,-63.34873179502173,0.13801868641985243,0.49132164739003936,0.4,0.15520611553690294,2.235955231956018,0.306396484375,7.841009465946423e-86,0.0068359375,0.0244140625
provenance,Data2txt,6,29,0.0001,35936,18432,1024,1024,6,True,13,7.923384575013006,18.46954706536267,23.8868133231185,-5.417266257755829,-35.85114220900131,-46.7973146217403,0.12458838230081838,0.5416884263229075,0.4,0.155206115536903,2.236066841021543,0.279296875,3.9476058261024905e-71,0.0234375,0.0654296875
provenance,Data2txt,6,29,0.001,35936,18432,1024,1024,6,True,12,9.856856715472702,14.420052852193049,19.640327808681985,-5.220274956488933,-27.996639905014312,-38.589118563558486,0.11535863754002193,0.6017192881981785,0.4,0.15520611553690306,2.236067855607712,0.278564453125,9.403714969571795e-71,0.056640625,0.087890625
provenance,Data2txt,6,30,1e-06,35936,18432,1024,1024,6,True,14,4.892201783307433,19.965264787408174,24.802280279642638,-4.837015492234465,-39.2151780969374,-48.70258541686086,0.1782645947729289,0.5585748319129136,0.4,0.09986360808849641,2.2359049528020827,0.184326171875,6.335979958156866e-31,0.0009765625,0.0009765625
provenance,Data2txt,6,30,0.0001,35936,18432,1024,1024,6,True,14,5.892602608570266,13.913942866422904,18.705931029470285,-4.791988163047378,-27.50625116552449,-36.89371682558335,0.16342825717839324,0.5638018686497085,0.4,0.09986360808849648,2.2360663385532775,0.11474609375,3.3483445967418806e-12,0.0029296875,0.0126953125
provenance,Data2txt,6,30,0.001,35936,18432,1024,1024,6,True,13,7.0557399302525,11.036275650695583,15.655443094156738,-4.619167443461155,-21.925927125448176,-30.97465869060434,0.15677436827350535,0.5906189025460841,0.4,0.09986360808849645,2.2360678057169494,0.113525390625,5.94875464238845e-12,0.0146484375,0.048828125
provenance,Data2txt,6,31,1e-06,35936,18432,1024,1024,6,True,13,2.9879828590998008,18.85009951883898,23.003855459643425,-4.153755940804441,-37.645893014686536,-45.89868317555815,0.289565415089478,0.5738403699321116,0.2,0.069955411287604,2.2359718226943506,0.2666015625,9.554885357057135e-65,0.0,0.0
provenance,Data2txt,6,31,0.0001,35936,18432,1024,1024,6,True,13,3.984376961588898,12.969027226412258,17.298478911461537,-4.329451685049282,-25.918086853448322,-34.51608899087418,0.23667683841628004,0.5727309405192562,0.2,0.06995541128760403,2.236067012271511,0.197021484375,2.63743207579983e-35,0.0,0.0009765625
provenance,Data2txt,6,31,0.001,35936,18432,1024,1024,6,True,13,5.031898985932024,10.215143728759031,14.542072660513693,-4.32692893175466,-20.45697088051627,-29.035064139520692,0.2159107675244126,0.6083711174281383,0.2,0.06995541128760405,2.236067877633431,0.11767578125,8.218486843173454e-13,0.0087890625,0.0419921875
provenance,Data2txt,7,0,1e-06,25440,10880,1024,1024,6,True,12,2.6178437610349348,25.41383796155928,30.528874900429823,-5.115036938870541,-50.62159814942636,-60.76101568975824,0.23733927362253657,0.4159859597020193,0.06666666666666667,0.0581269407933544,1.414198582058684,0.4716796875,1.4303130526973063e-209,0.0,0.0
provenance,Data2txt,7,0,0.0001,25440,10880,1024,1024,6,True,12,3.4125618768486077,16.375516463494357,21.528862163227,-5.153345699732644,-32.75880145623691,-42.97414834346198,0.24196129389383844,0.4542502290702908,0.06666666666666667,0.05812694079335443,1.4142134120535588,0.447998046875,5.4691123169743814e-188,0.0,0.0
provenance,Data2txt,7,0,0.001,25440,10880,1024,1024,6,True,11,4.252760172366721,12.067591737678596,17.180729769385575,-5.113138031706978,-24.19765915047589,-34.339542081647686,0.2547935439536655,0.5151321235089743,0.06666666666666667,0.058126940793354405,1.4142135468685675,0.40966796875,6.407624484664662e-156,0.0,0.0
provenance,Data2txt,7,1,1e-06,25440,10880,1024,1024,6,True,10,7.024647719078844,14.74355516706088,18.090701085105017,-3.347145918044137,-28.31007119298933,-34.75094275685194,0.09884521822496961,0.42666006359064595,0.4,0.14509719970597673,0.7816143931268867,0.245849609375,5.4317721377884876e-55,0.09375,0.171875
provenance,Data2txt,7,1,0.0001,25440,10880,1024,1024,6,True,8,8.612267132932057,12.109112613514782,15.767722119831404,-3.658609506316622,-23.37103439956789,-30.438519944820055,0.10793995792676221,0.5039988357841205,0.4,0.14509719970597676,0.7830201313728763,0.20947265625,6.778906015604454e-40,0.0771484375,0.1435546875
provenance,Data2txt,7,1,0.001,25440,10880,1024,1024,6,True,10,10.33402469782551,10.79955806466909,14.608235414871917,-3.8086773502028235,-20.956850413139463,-28.31321515307174,0.11383202526351807,0.569014841285146,0.4,0.1450971997059768,0.7952599070612589,0.16259765625,4.0153735626230505e-24,0.068359375,0.12109375
provenance,Data2txt,7,2,1e-06,25440,10880,1024,1024,6,True,10,12.520075953843657,22.95623784292848,26.992131840659447,-4.035893997730962,-44.99638299792878,-52.79368832280022,0.0597558186976966,0.5607602932107622,0.6666666666666666,0.07710753966316697,1.2460335265766567,0.294921875,1.9937371022253064e-79,0.05859375,0.1689453125
provenance,Data2txt,7,2,0.0001,25440,10880,1024,1024,6,True,10,16.319574665523596,17.756307046721425,22.217130013108914,-4.460822966387488,-35.04137950848794,-43.73640204410835,0.06535892960851038,0.6614929734282744,0.6666666666666666,0.07710753966316695,1.2681955990045968,0.215576171875,2.9806586116918254e-42,0.0419921875,0.123046875
provenance,Data2txt,7,2,0.001,25440,10880,1024,1024,6,True,10,21.206809584537847,15.03664160451796,19.773470208669902,-4.736828604151941,-29.839208618422354,-39.114240779471764,0.06884735180491344,0.7339952240688753,0.6666666666666666,0.07710753966316694,1.4187438623553037,0.176513671875,2.22956252868353e-28,0.0537109375,0.1181640625
provenance,Data2txt,7,3,1e-06,25440,10880,1024,1024,6,True,13,9.497591356931329,19.780583933054977,23.807197194103132,-4.026613261048155,-38.26657685655772,-46.040430316471166,0.10616771790197387,0.4904126685055631,0.5333333333333333,0.05250129549023445,2.138977328036533,0.19970703125,2.8565502036857447e-36,0.0146484375,0.0537109375
provenance,Data2txt,7,3,0.0001,25440,10880,1024,1024,6,True,13,11.51137278957408,16.06082581880944,20.418684444657202,-4.357858625847764,-31.506878290569148,-39.98408081473878,0.10594815245632118,0.5650931772899156,0.5333333333333333,0.05250129549023445,2.178431723577284,0.089111328125,1.589786431094275e-07,0.017578125,0.0478515625
provenance,Data2txt,7,3,0.001,25440,10880,1024,1024,6,True,12,14.10452046934684,13.544429664395096,18.09005955570366,-4.545629891308566,-26.78083028188895,-35.67157672106577,0.10740743428403787,0.6337537774359584,0.5333333333333333,0.05250129549023444,2.2227307089002157,0.123046875,5.701438727206605e-14,0.0234375,0.0546875
provenance,Data2txt,7,4,1e-06,25440,10880,1024,1024,6,True,13,8.196004208916037,19.74110425754215,23.766525505409906,-4.025421247867752,-38.85454375873799,-46.73194104868678,0.10682822106616202,0.4314492864910384,0.4,0.059231813916534704,2.2293224250815693,0.163818359375,1.7569278705476555e-24,0.001953125,0.0224609375
provenance,Data2txt,7,4,0.0001,25440,10880,1024,1024,6,True,13,10.047917714610309,15.394462149164344,19.92432857777721,-4.529866428612863,-30.651741720641617,-39.54544370171581,0.09732724322815735,0.4891857493336805,0.4,0.059231813916534634,2.2350545572853986,0.101318359375,1.3250640921288622e-09,0.0068359375,0.021484375
provenance,Data2txt,7,4,0.001,25440,10880,1024,1024,6,True,13,12.434832386442327,12.65949116352439,17.122422960248876,-4.462931796724486,-25.364949944774338,-34.14496499689855,0.10089254311835794,0.5614454831825957,0.4,0.05923181391653471,2.235946008158238,0.11474609375,3.3483445967418806e-12,0.0224609375,0.0478515625
provenance,Data2txt,7,5,1e-06,25440,10880,1024,1024,6,True,13,6.801647567210721,18.442044061848435,22.632508483278002,-4.190464421429567,-37.13309820907544,-45.480094267906246,0.13035288025471872,0.41865700827842983,0.4,0.0685109136542168,2.2355818880700284,0.161865234375,6.573406281014918e-24,0.0,0.0
provenance,Data2txt,7,5,0.0001,25440,10880,1024,1024,6,True,14,8.357738516622721,14.130303995345365,18.731785461472498,-4.601481466127135,-28.429876761149902,-37.54968388552812,0.12955448205705153,0.48624300780760055,0.4,0.06851091365421674,2.236050965451391,0.146240234375,1.4109024110339131e-19,0.0009765625,0.015625
provenance,Data2txt,7,5,0.001,25440,10880,1024,1024,6,True,12,10.175152935613717,11.686877945357436,16.210005583895736,-4.523127638538301,-23.49568998467599,-32.41231541276973,0.13275691322947458,0.5556846522613959,0.4,0.06851091365421677,2.2360661685517536,0.117431640625,9.251714133525346e-13,0.015625,0.0390625
provenance,Data2txt,7,6,1e-06,25440,10880,1024,1024,6,True,13,6.949575488361436,16.64067702904127,20.803559385655827,-4.162882356614558,-32.65916475793873,-40.73349353954541,0.12833841253199826,0.3875684698692163,0.2,0.08484917428410153,2.23595096492891,0.345458984375,1.1595050417425486e-109,0.0,0.0
provenance,Data2txt,7,6,0.0001,25440,10880,1024,1024,6,True,14,8.442315012885445,12.406608417963108,16.68413654251246,-4.277528124549351,-24.594411745861116,-32.99617527188941,0.12784296208476292,0.4418197794985873,0.2,0.08484917428410156,2.236066211552861,0.2666015625,9.554885357057135e-65,0.0,0.005859375
provenance,Data2txt,7,6,0.001,25440,10880,1024,1024,6,True,12,9.978451738916407,10.294694015128963,14.410732259296205,-4.116038244167244,-20.528380531188233,-28.623073853983456,0.12974598354339634,0.500496899966728,0.2,0.08484917428410152,2.236067794351896,0.21875,1.662853572756688e-43,0.005859375,0.03125
provenance,Data2txt,7,7,1e-06,25440,10880,1024,1024,6,True,13,8.94616478310032,15.659309222784994,19.89778792855953,-4.238478705774538,-31.44844139882707,-40.390431029315536,0.1073533007139337,0.41284758702704044,0.2,0.11363812985457544,2.235901953138323,0.44384765625,2.391748643751904e-184,0.0009765625,0.001953125
provenance,Data2txt,7,7,0.0001,25440,10880,1024,1024,6,True,13,9.912389258758246,11.696646472343067,15.904567727273104,-4.207921254930037,-23.52577093965261,-32.256932841181225,0.11090197529528122,0.4543856177455293,0.2,0.11363812985457547,2.2360661089280827,0.359375,6.337717241888054e-119,0.001953125,0.00390625
provenance,Data2txt,7,7,0.001,25440,10880,1024,1024,6,True,13,10.932925349447206,9.790541489218295,13.846602000619388,-4.056060511401093,-19.688699771912805,-28.040872700420266,0.11671314122744182,0.4926640287536815,0.2,0.11363812985457544,2.236067784897431,0.253173828125,2.4427480575837237e-58,0.0048828125,0.0126953125
provenance,Data2txt,7,8,1e-06,25440,10880,1024,1024,6,True,13,6.5794367671331315,16.372600293119227,20.56903730096611,-4.1964370078468765,-33.132458630313764,-41.2367546157675,0.12876888323171282,0.3056547249581178,0.06666666666666667,0.10078276835854587,2.2359350175840627,0.36572265625,2.7494003744553456e-123,0.0,0.0
provenance,Data2txt,7,8,0.0001,25440,10880,1024,1024,6,True,13,7.97812824893359,11.894629031195294,16.08898012759304,-4.194351096397748,-24.215963344653996,-32.396652707705705,0.12257155630787983,0.35748203704988524,0.06666666666666667,0.10078276835854583,2.2360666334605477,0.2265625,1.1319051349521608e-46,0.0,0.001953125
provenance,Data2txt,7,8,0.001,25440,10880,1024,1024,6,True,12,9.398696201623968,9.801756222161828,13.907245794005824,-4.1054895718439965,-20.036297458943864,-28.081667424784307,0.1204180157544657,0.4232115360527459,0.06666666666666667,0.10078276835854584,2.236067839575661,0.150146484375,1.28406146873018e-20,0.001953125,0.0166015625
provenance,Data2txt,7,9,1e-06,25440,10880,1024,1024,6,True,12,5.748431167053393,16.510291112778695,20.738316312158453,-4.228025199379754,-32.77764340616284,-41.16143420644889,0.10157796278049426,0.3408334996057228,0.2,0.13646825525847503,2.235947716806533,0.331298828125,1.1714015211026618e-100,0.0,0.0
provenance,Data2txt,7,9,0.0001,25440,10880,1024,1024,6,True,13,6.890473171208733,11.887679495870064,16.090061195620237,-4.202381699750177,-23.73477820438619,-32.041662473826946,0.10953324591744265,0.356640163543051,0.2,0.13646825525847506,2.2360667711539164,0.24365234375,5.23359496937801e-54,0.0,0.0
provenance,Data2txt,7,9,0.001,25440,10880,1024,1024,6,True,12,8.049611977006347,9.712306432996758,13.842252704514149,-4.1299462715173885,-19.47691752280144,-27.618651227986355,0.11927353416300697,0.40518585510173444,0.2,0.1364682552584751,2.236067853485998,0.18310546875,1.6112889989582033e-30,0.0009765625,0.0234375
provenance,Data2txt,7,10,1e-06,25440,10880,1024,1024,6,True,14,5.533483512197151,16.95231116246626,21.391507481876207,-4.43919631940995,-33.42149329946759,-42.103891746438066,0.13682810470136206,0.4681244552327684,0.2,0.1409936324111808,2.235967490105137,0.338623046875,2.9092950021858997e-105,0.0,0.0
provenance,Data2txt,7,10,0.0001,25440,10880,1024,1024,6,True,13,6.748870378256525,12.097196042220231,16.531686207172754,-4.434490164952526,-23.874495405332347,-32.598910586213094,0.11082612207813566,0.4695674412209632,0.2,0.14099363241118082,2.2360669699886366,0.209228515625,8.393981970196368e-40,0.0,0.0
provenance,Data2txt,7,10,0.001,25440,10880,1024,1024,6,True,12,8.01707928638091,9.853343821731382,14.206828373072298,-4.353484551340914,-19.46461744534519,-28.05523372329305,0.0976984680544917,0.5043393603213462,0.2,0.14099363241118085,2.236067874366198,0.134521484375,1.2728912836604195e-16,0.001953125,0.0126953125
provenance,Data2txt,7,11,1e-06,25440,10880,1024,1024,6,True,13,6.284335550370944,15.587887132495926,19.82706399177212,-4.239176859276196,-31.097367722901396,-39.677944343180584,0.10367001390595167,0.3748500212209305,0.26666666666666666,0.15188296159190154,2.235918703828916,0.417236328125,5.588626418626479e-162,0.0,0.0
provenance,Data2txt,7,11,0.0001,25440,10880,1024,1024,6,True,13,7.496792538446442,11.37732132186737,15.482274858962139,-4.104953537094769,-22.695176129839908,-31.05710656745429,0.1109334420338046,0.37910913027475535,0.26666666666666666,0.1518829615919015,2.2360664800271968,0.342041015625,1.8894620068099736e-107,0.0,0.0
provenance,Data2txt,7,11,0.001,25440,10880,1024,1024,6,True,11,8.670604275833934,9.408425280248075,13.388056423505983,-3.979631143257909,-18.748632586582147,-26.889197483628205,0.11874909741982105,0.41555612442066836,0.26666666666666666,0.15188296159190162,2.2360678234859224,0.26513671875,4.970395538587701e-64,0.0,0.00390625
provenance,Data2txt,7,12,1e-06,25440,10880,1024,1024,6,True,13,8.317808407368307,14.494733496627433,18.6478455102612,-4.153112013633764,-28.97926950973668,-37.33507961087099,0.04138973297743336,0.4623624144096707,0.06666666666666667,0.1277026464499537,2.2359419058396313,0.479248046875,9.160570185249105e-217,0.0,0.0048828125
provenance,Data2txt,7,12,0.0001,25440,10880,1024,1024,6,True,13,9.07062808834312,10.458189310284151,14.360745214611033,-3.9025559043268805,-20.889707489849773,-28.768525969144207,0.049670618888574006,0.48489410437570285,0.06666666666666667,0.12770264644995374,2.236066714163507,0.416015625,5.4145078037764825e-161,0.0068359375,0.015625
provenance,Data2txt,7,12,0.001,25440,10880,1024,1024,6,True,13,9.840478395740003,8.603401142823564,12.25869810906047,-3.6552969662369046,-17.165874229760306,-24.56488346328375,0.05793635321018964,0.5049476686935789,0.06666666666666667,0.12770264644995374,2.2360678488231676,0.348876953125,6.722017532234551e-112,0.025390625,0.03515625
provenance,Data2txt,7,13,1e-06,25440,10880,1024,1024,6,True,13,6.386298134346331,18.227607396613934,22.88930452328718,-4.661697126673245,-36.442395450080724,-45.541554632675975,0.10190828440390023,0.34016531530303246,0.2,0.11578585546788345,2.235972030436653,0.23681640625,5.2495818887954243e-51,0.0,0.0
provenance,Data2txt,7,13,0.0001,25440,10880,1024,1024,6,True,13,7.809469972192325,13.030084261728375,17.78202181645814,-4.751937554729766,-26.203091645318928,-35.506750192770596,0.08299110785787753,0.37827406171327915,0.2,0.1157858554678834,2.236067015280221,0.109619140625,3.589360082053631e-11,0.0,0.0048828125
provenance,Data2txt,7,13,0.001,25440,10880,1024,1024,6,True,13,9.357207958754238,10.607585034723861,15.341331282697912,-4.733746247974052,-21.4217419293375,-30.69177650214614,0.08253965327364102,0.4429068255398764,0.2,0.1157858554678834,2.236067878789217,0.10595703125,1.827140731480382e-10,0.0048828125,0.0322265625
provenance,Data2txt,7,14,1e-06,25440,10880,1024,1024,6,True,12,5.277645728564655,15.94489490857151,20.05940791855339,-4.114513009981878,-32.79731337353443,-41.139194751513074,0.16080065219741838,0.4407573462016953,0.2,0.1559551182853389,2.235955372950062,0.32373046875,5.125324026682564e-96,0.0,0.0
provenance,Data2txt,7,14,0.0001,25440,10880,1024,1024,6,True,13,6.413519914839067,11.364223383711693,15.428854047049231,-4.064630663337541,-23.27690555059511,-31.47387851076582,0.13715190902962132,0.4274981666319368,0.2,0.1559551182853389,2.236066848282289,0.20556640625,2.007213993074553e-38,0.0,0.0009765625
provenance,Data2txt,7,14,0.001,25440,10880,1024,1024,6,True,12,7.593713061143784,9.252862709982633,13.20647285979522,-3.953610149812588,-18.899939987406093,-26.848056781413977,0.12516455481808686,0.4598190368461967,0.2,0.15595511828533884,2.2360678617135656,0.1455078125,2.195616765253677e-19,0.001953125,0.0185546875
provenance,Data2txt,7,15,1e-06,25440,10880,1024,1024,6,True,13,3.946530534906536,16.950848987226024,21.27540857048781,-4.324559583261786,-34.59272214529809,-43.287591029718754,0.12258506679154893,0.4599335449353063,0.2,0.15403694489250913,2.2359927290898916,0.249267578125,1.5343553447796837e-56,0.0009765625,0.0009765625
provenance,Data2txt,7,15,0.0001,25440,10880,1024,1024,6,True,12,4.739347180752658,11.821809035015,16.13496508763656,-4.313156052621558,-24.209273357706046,-32.888504174776784,0.09635968113772125,0.48541044954707285,0.2,0.1540369448925091,2.2360672230988077,0.16064453125,1.487194927601522e-23,0.0009765625,0.0009765625
provenance,Data2txt,7,15,0.001,25440,10880,1024,1024,6,True,13,5.582921505660226,9.389024651010974,13.619947166887957,-4.230922515876985,-19.24534773103753,-27.78520457203632,0.10739365217018229,0.5265155169767283,0.2,0.15403694489250913,2.2360679003224906,0.1083984375,6.212896255297747e-11,0.0029296875,0.0263671875
provenance,Data2txt,7,16,1e-06,25440,10880,1024,1024,6,True,13,4.231233750348297,17.575461346190195,22.030113104675472,-4.454651758485274,-35.66186497117829,-44.610107944149284,0.1428309967435622,0.49408921856827265,0.2,0.13380787950922277,2.235997650792066,0.23486328125,3.6402266440657636e-50,0.0,0.0
provenance,Data2txt,7,16,0.0001,25440,10880,1024,1024,6,True,13,5.1278149449045225,12.249258018832807,16.713670113548638,-4.4644120947158346,-24.897729400752464,-33.83909187895857,0.11362389749785977,0.5038590432008482,0.2,0.1338078795092227,2.236067272460268,0.1435546875,7.061813316611733e-19,0.0,0.0009765625
provenance,Data2txt,7,16,0.001,25440,10880,1024,1024,6,True,12,6.113074579625006,9.735890240397453,14.120286685105821,-4.384396444708367,-19.79335814666765,-28.569866376033293,0.09977317150206083,0.5387019069609026,0.2,0.1338078795092227,2.236067905388801,0.103759765625,4.722809111692726e-10,0.001953125,0.0185546875
provenance,Data2txt,7,17,1e-06,25440,10880,1024,1024,6,True,14,5.520698749719493,19.375246005674448,24.021734812044592,-4.646488806370142,-38.803892672346244,-48.03976887805121,0.13801302834762444,0.5115672559086913,0.2,0.1380030214396037,2.2359754894904165,0.161376953125,9.119077373652906e-24,0.0,0.0
provenance,Data2txt,7,17,0.0001,25440,10880,1024,1024,6,True,14,6.763649806381308,13.696594237788549,18.39193243195496,-4.6953381941664105,-27.34166674681328,-36.66095234243237,0.12302404776283227,0.5138927340104685,0.2,0.13800302143960372,2.2360670497701998,0.094482421875,2.0872876455671235e-08,0.0029296875,0.0205078125
provenance,Data2txt,7,17,0.001,25440,10880,1024,1024,6,True,12,8.207354581116109,10.991236602600452,15.626902112941506,-4.635665510341054,-21.92455708730256,-31.105804575320725,0.11734152575022808,0.5500803533941911,0.2,0.13800302143960375,2.2360678821432303,0.121826171875,1.0566828237297333e-13,0.0205078125,0.0654296875
provenance,Data2txt,7,18,1e-06,25440,10880,1024,1024,6,True,13,5.431286937699185,22.272566969479968,27.502818304703815,-5.2302513352238496,-44.9339605356747,-55.21439078497788,0.12258296601981614,0.4639897363898141,0.3333333333333333,0.14252096864431618,2.2359615598248475,0.1826171875,2.3363634846360253e-30,0.0009765625,0.0029296875
provenance,Data2txt,7,18,0.0001,25440,10880,1024,1024,6,True,14,6.65608764720301,15.436812858218653,20.729719710678374,-5.292906852459722,-31.243708154525365,-41.6344289543059,0.1105465714831156,0.5230554783632031,0.3333333333333333,0.1425209686443161,2.2360669083004296,0.13818359375,1.6151015338232255e-17,0.0087890625,0.037109375
provenance,Data2txt,7,18,0.001,25440,10880,1024,1024,6,True,13,8.16177777997679,12.144574485211098,17.38146789806563,-5.236893412854531,-24.647650511100583,-34.89641222827068,0.1226975080149982,0.587651861418652,0.3333333333333333,0.14252096864431618,2.236067866008233,0.13916015625,9.225216397156194e-18,0.02734375,0.0703125
provenance,Data2txt,7,19,1e-06,25440,10880,1024,1024,6,True,13,6.841067817461533,23.78478206866191,28.99525754970194,-5.210475481040023,-47.89870582277658,-58.35253360010549,0.12965019556568105,0.49589455936170135,0.4,0.1565864501669367,2.235961927455963,0.200927734375,1.0293756479355197e-36,0.001953125,0.02734375
provenance,Data2txt,7,19,0.0001,25440,10880,1024,1024,6,True,14,8.363780200363092,16.68877703113432,21.970023176378156,-5.281246145243838,-33.432571170968146,-44.05786997490672,0.12120105272219617,0.541281336772476,0.4,0.15658645016693667,2.2360669115622605,0.17431640625,1.1065492191854461e-27,0.017578125,0.0703125
provenance,Data2txt,7,19,0.001,25440,10880,1024,1024,6,True,12,10.259512580754974,13.292794010222856,18.50046696225243,-5.207672952029572,-26.535697491214282,-37.039083816731534,0.11495593621140177,0.5979487015431092,0.4,0.15658645016693656,2.236067865952898,0.17138671875,9.072337975231869e-27,0.0517578125,0.099609375
provenance,Data2txt,7,20,1e-06,25440,10880,1024,1024,6,True,14,6.003146842975043,22.796845958821578,27.922154315068763,-5.125308356247184,-45.06424270697856,-55.228133293473505,0.15977893857304723,0.49509091772548486,0.4,0.1195551132061423,2.235954887222146,0.1875,5.431035537744984e-32,0.0,0.00390625
provenance,Data2txt,7,20,0.0001,25440,10880,1024,1024,6,True,13,7.314079706718039,15.942973481076093,21.095831160631143,-5.15285767955505,-31.48525350533812,-41.737710638445975,0.1496859168573609,0.5180160438323623,0.4,0.11955511320614239,2.2360668406214574,0.15625,2.6676645876640017e-22,0.0087890625,0.0361328125
provenance,Data2txt,7,20,0.001,25440,10880,1024,1024,6,True,12,8.91826276269353,12.680164786784596,17.69746702155224,-5.0173022347676435,-24.98765155249172,-35.00009892301641,0.1421917481392212,0.5650490557987813,0.4,0.11955511320614232,2.2360678583705846,0.140625,3.952545553120118e-18,0.02734375,0.0654296875
provenance,Data2txt,7,21,1e-06,25440,10880,1024,1024,6,True,13,5.438366417731606,21.123039163376575,25.746338266751195,-4.623299103374626,-42.665441146179724,-51.80022571925156,0.12218012682525942,0.5184858450504626,0.2,0.12873226941354646,2.2359668661958003,0.15283203125,2.38084871938781e-21,0.0,0.005859375
provenance,Data2txt,7,21,0.0001,25440,10880,1024,1024,6,True,13,6.643914077741404,14.763687716769553,19.420153924869393,-4.65646620809984,-29.868528577134104,-39.064888229375185,0.1112846644753572,0.5469234727976465,0.2,0.12873226941354654,2.236066962222559,0.12109375,1.5255375407237243e-13,0.0087890625,0.0517578125
provenance,Data2txt,7,21,0.001,25440,10880,1024,1024,6,True,12,8.125880209062387,11.690322474457165,16.288563697524946,-4.598241223067781,-23.702948923101292,-32.79022560826486,0.10455046239571895,0.5937089727181072,0.2,0.12873226941354654,2.236067872186749,0.121337890625,1.3501176564092715e-13,0.046875,0.09765625
provenance,Data2txt,7,22,1e-06,25440,10880,1024,1024,6,True,13,7.155275868478532,23.990604987668725,29.28684087519757,-5.296235887528845,-48.48231561042951,-58.953822363143885,0.10071023167299223,0.5338412495613263,0.4,0.14719928272636038,2.235943243506722,0.212646484375,4.1152653970160566e-41,0.0068359375,0.0234375
provenance,Data2txt,7,22,0.0001,25440,10880,1024,1024,6,True,13,8.817847650645543,16.66070607628049,21.995796867442206,-5.335090791161711,-33.718531192141896,-44.27817707670934,0.09189057108148901,0.5741003576915701,0.4,0.14719928272636043,2.236066723499124,0.184814453125,4.354043394820012e-31,0.02734375,0.068359375
provenance,Data2txt,7,22,0.001,25440,10880,1024,1024,6,True,13,10.978839122339405,13.134301149137553,18.356231239723847,-5.221930090586294,-26.653199226615207,-36.99816789951312,0.09463007447143931,0.6285793107250168,0.4,0.14719928272636043,2.236067846037683,0.160888671875,1.2637816166154616e-23,0.060546875,0.11328125
provenance,Data2txt,7,23,1e-06,25440,10880,1024,1024,6,True,15,9.34001672517833,23.586685555690188,28.437748693422314,-4.851063137732124,-48.79116420974103,-58.45467904181534,0.07062052344886814,0.5803883557700547,0.3333333333333333,0.13123283246967213,2.2359268693172045,0.181640625,4.897147011994986e-30,0.013671875,0.0419921875
provenance,Data2txt,7,23,0.0001,25440,10880,1024,1024,6,True,13,11.57393385000589,16.76802226730248,21.642080856182872,-4.874058588880388,-34.69348941580243,-44.34419010172056,0.07017171289937504,0.6224496480392085,0.3333333333333333,0.13123283246967213,2.236066558067321,0.141845703125,1.9370152436231243e-18,0.0400390625,0.0703125
provenance,Data2txt,7,23,0.001,25440,10880,1024,1024,6,True,12,14.46227686809472,13.538004975743839,18.32347597661692,-4.7854710008730805,-28.00248670300138,-37.41055818746466,0.07613960460796762,0.6732005900846254,0.3333333333333333,0.13123283246967207,2.236067827956343,0.145751953125,1.8951595891968112e-19,0.064453125,0.1044921875
provenance,Data2txt,7,24,1e-06,25440,10880,1024,1024,6,True,13,8.14949562773797,27.640032503721237,32.94870888912342,-5.3086763854021815,-54.74184476229088,-65.49763241419343,0.09760089681708323,0.5146435286265143,0.3333333333333333,0.11551074503973342,2.2359449738456494,0.284423828125,8.46686359251012e-74,0.0107421875,0.0322265625
provenance,Data2txt,7,24,0.0001,25440,10880,1024,1024,6,True,13,10.08784960090409,19.144445503468233,24.38196615835158,-5.237520654883344,-37.827591472590825,-48.505007425133385,0.08979104506112133,0.5544326566177017,0.3333333333333333,0.11551074503973334,2.2360667356680666,0.254638671875,5.081186073847235e-59,0.02734375,0.0517578125
provenance,Data2txt,7,24,0.001,25440,10880,1024,1024,6,True,12,12.705955541407056,15.058226137533383,20.11259768604123,-5.054371548507845,-29.64643231385351,-40.02689652788844,0.09623803430098771,0.6140547399189343,0.3333333333333333,0.11551074503973346,2.2360678425307143,0.24169921875,3.8504573773664197e-53,0.0380859375,0.0595703125
provenance,Data2txt,7,25,1e-06,25440,10880,1024,1024,6,True,13,9.342717129853263,27.416021528375346,32.67719309090006,-5.261171562524716,-55.44847762286527,-65.67383411863463,0.07814815500038129,0.6786241837999134,0.4,0.15204512057865188,2.235928926873129,0.294677734375,2.710585748947676e-79,0.02734375,0.0615234375
provenance,Data2txt,7,25,0.0001,25440,10880,1024,1024,6,True,14,11.693107214082792,18.957566743218017,24.126323396060748,-5.168756652842729,-38.70786470692171,-48.78777372035292,0.070532854154809,0.7147458109567539,0.4,0.15204512057865194,2.2360665742251027,0.251220703125,1.952568561057661e-57,0.060546875,0.09765625
provenance,Data2txt,7,25,0.001,25440,10880,1024,1024,6,True,12,14.971887921140125,14.84664915474018,19.87082985156861,-5.024180696828431,-30.541568054700384,-40.31020309560395,0.0676709793168309,0.756564806198106,0.4,0.15204512057865174,2.236067825507789,0.23876953125,7.443686412138879e-52,0.0771484375,0.1025390625
provenance,Data2txt,7,26,1e-06,25440,10880,1024,1024,6,True,14,5.828115366402159,24.368168725049266,29.72499706120974,-5.356828336160473,-47.78153849137602,-58.27261431066448,0.15101583068486502,0.5798123542370462,0.4,0.1451953936403555,2.235885723168969,0.2333984375,1.5384196466222322e-49,0.0009765625,0.005859375
provenance,Data2txt,7,26,0.0001,25440,10880,1024,1024,6,True,14,7.19784743679187,16.949111430911426,22.278044196026634,-5.328932765115207,-33.35045358824397,-43.86241848369376,0.14563286832008543,0.6001979196353645,0.4,0.14519539364035552,2.2360661357131995,0.201416015625,6.830972289412356e-37,0.013671875,0.052734375
provenance,Data2txt,7,26,0.001,25440,10880,1024,1024,6,True,13,8.932142682615435,13.305044361341416,18.46565782183032,-5.160613460488905,-26.233875227560876,-36.45562463958497,0.13880163425740086,0.6381594687047643,0.4,0.14519539364035547,2.236067775761616,0.178955078125,3.6699067996302704e-29,0.0361328125,0.0791015625
provenance,Data2txt,7,27,1e-06,25440,10880,1024,1024,6,True,13,8.02782995013339,26.510122740652044,31.99021959348474,-5.4800968528326965,-52.55563995983183,-63.454835360216705,0.11744201819724155,0.628920944297275,0.4,0.16692881611571214,2.2359374767479667,0.265625,2.8716880070106443e-64,0.0126953125,0.048828125
provenance,Data2txt,7,27,0.0001,25440,10880,1024,1024,6,True,14,9.919054958505495,18.314891399333334,23.764877775240794,-5.449986375907459,-36.481140129564224,-47.39218178133872,0.10896134593797807,0.656739397971789,0.4,0.16692881611571217,2.2360666625394123,0.240966796875,8.102740920435503e-53,0.0498046875,0.0966796875
provenance,Data2txt,7,27,0.001,25440,10880,1024,1024,6,True,12,12.451733351395593,14.372444013036622,19.65766962650318,-5.2852256134665545,-28.723628141193096,-39.3542701658862,0.10223876716311799,0.6975148487184879,0.4,0.1669288161157121,2.236067836920273,0.2255859375,2.857927745689442e-46,0.07421875,0.109375
provenance,Data2txt,7,28,1e-06,25440,10880,1024,1024,6,True,13,5.329651808945959,21.073647682764935,25.889567216560927,-4.8159195337959915,-40.28601618577448,-49.51222193171678,0.17463280983625656,0.4681459501764256,0.4,0.14737909318044107,2.2359299635171412,0.181396484375,5.888661234036625e-30,0.0,0.0
provenance,Data2txt,7,28,0.0001,25440,10880,1024,1024,6,True,14,6.437891049092291,14.805556726663706,19.574187142171848,-4.768630415508141,-28.572942596422823,-37.80278444038622,0.1579610217102364,0.511399987305041,0.4,0.14737909318044107,2.2360665884891198,0.11865234375,5.104936980345208e-13,0.00390625,0.0263671875
provenance,Data2txt,7,28,0.001,25440,10880,1024,1024,6,True,13,7.684925506436716,11.840591874321701,16.429853212494457,-4.589261338172754,-22.994819886742917,-31.96192674186284,0.14767082155940847,0.5617641132126188,0.4,0.14737909318044107,2.236067830521106,0.142822265625,1.089876412460505e-18,0.021484375,0.05078125
provenance,Data2txt,7,29,1e-06,25440,10880,1024,1024,6,True,13,6.004377209092085,25.932753917107696,31.21136426855636,-5.278610351448662,-52.72414007778095,-63.485580369179345,0.12034012033197812,0.5032976586561188,0.4,0.15303104678672036,2.235962017439086,0.25537109375,2.3090962611454176e-59,0.0029296875,0.0390625
provenance,Data2txt,7,29,0.0001,25440,10880,1024,1024,6,True,13,7.457988938118782,17.781055674282563,23.02444295318461,-5.24338727890205,-35.96668791607415,-46.64448157708591,0.10718662661034287,0.5580979728667205,0.4,0.15303104678672036,2.2360669106882454,0.220703125,2.7541387142531e-44,0.0224609375,0.0634765625
provenance,Data2txt,7,29,0.001,25440,10880,1024,1024,6,True,12,9.298621732582527,13.872877282393475,18.94574690951791,-5.072869627124435,-27.947645123972073,-38.29072971812899,0.09831515764126397,0.6187494733064152,0.4,0.15303104678672033,2.2360678642351073,0.23046875,2.6707048467164698e-48,0.0546875,0.0830078125
provenance,Data2txt,7,30,1e-06,25440,10880,1024,1024,6,True,14,4.532114483152039,19.478029871638157,24.208479837709195,-4.730449966071037,-38.20750751407545,-47.546783655409115,0.2083635167368499,0.5015503888168849,0.4,0.11212277280046484,2.2359254901150276,0.197509765625,1.764703637869718e-35,0.0009765625,0.0009765625
provenance,Data2txt,7,30,0.0001,25440,10880,1024,1024,6,True,13,5.421643695914207,13.643003385456266,18.32315391940653,-4.680150533950265,-26.878345035608568,-36.16332614090446,0.19419108281523267,0.5213917052797206,0.4,0.11212277280046484,2.236066545022009,0.130615234375,1.081971838558059e-15,0.0009765625,0.0078125
provenance,Data2txt,7,30,0.001,25440,10880,1024,1024,6,True,13,6.446880324370431,10.847877737138631,15.374242906055027,-4.526365168916396,-21.398886706020615,-30.423212607490427,0.18569021277726405,0.5586445656626763,0.4,0.11212277280046486,2.2360678273465933,0.116455078125,1.4820529019797564e-12,0.0078125,0.03515625
provenance,Data2txt,7,31,1e-06,25440,10880,1024,1024,6,True,13,3.0885215500214254,18.770304209551487,22.78717670787703,-4.016872498325541,-36.72435306480406,-44.69924835185348,0.284795892087585,0.5630914285321724,0.2,0.0691892259154871,2.235968458986196,0.301025390625,8.428425727241898e-83,0.0,0.0
provenance,Data2txt,7,31,0.0001,25440,10880,1024,1024,6,True,14,4.069550568808791,13.023429045276123,17.243913725751717,-4.220484680475591,-25.471072715699446,-33.87048882445069,0.2454030012662702,0.545078109575583,0.2,0.06918922591548718,2.2360669783346383,0.225830078125,2.2680967439940656e-46,0.0009765625,0.0009765625
provenance,Data2txt,7,31,0.001,25440,10880,1024,1024,6,True,13,5.082932247543831,10.332451434132098,14.558662692785742,-4.226211258653645,-20.204389422063898,-28.65609231075278,0.2340694053654935,0.5734577301179103,0.2,0.06918922591548714,2.236067873966624,0.152587890625,2.7785028461465695e-21,0.0029296875,0.0341796875
provenance,Summary,2,0,1e-06,256,128,256,128,6,True,11,2.690163673359542,25.992563417138214,30.9386443720906,-4.946080954952388,-52.942936229464856,-62.71158526537741,0.3237740463240702,0.5901414646751275,0.06666666666666667,0.06810255809776837,1.4141939460319428,0.39794921875,8.479929164004117e-19,0.0,0.0
provenance,Summary,2,0,0.0001,256,128,256,128,6,True,12,3.487398947179429,16.505315120643303,21.456724807026127,-4.951409686382821,-33.72491976966338,-43.45206994555079,0.29330165642991757,0.5431197318675413,0.06666666666666667,0.06810255809776836,1.4142133655826248,0.301025390625,8.747830261308544e-11,0.0,0.0
provenance,Summary,2,0,0.001,256,128,256,128,6,True,13,4.361121893333912,12.040841406637753,16.89844684438082,-4.857605437743069,-24.605812021878172,-34.11188577340262,0.27904803587181,0.5554713636063924,0.06666666666666667,0.0681025580977684,1.4142135421208566,0.242919921875,3.9055055755093783e-07,0.0,0.0
provenance,Summary,2,1,1e-06,256,128,256,128,6,True,10,10.02442779847727,13.813766004639508,16.660786608953032,-2.847020604313527,-29.544357472534482,-35.48447704955444,0.09077047996286422,0.38215526049256615,0.3333333333333333,0.17725866392126147,0.6456390110228352,0.32080078125,3.2162320661014974e-12,0.09375,0.2578125
provenance,Summary,2,1,0.0001,256,128,256,128,6,True,9,12.63388276413973,11.822975376316492,14.809015647276409,-2.9860402709599185,-25.07970488199144,-31.310040697947002,0.08070858087329494,0.4577861137712844,0.3333333333333333,0.1772586639212615,0.647413378329308,0.21875,7.381061347748238e-06,0.046875,0.1875
provenance,Summary,2,1,0.001,256,128,256,128,6,True,10,15.597777135648112,10.883927781436197,13.971216929465204,-3.087289148029006,-22.928934860574294,-29.357143725768893,0.07417781947833532,0.5350921631269655,0.3333333333333333,0.17725866392126138,0.6629025999012713,0.174560546875,0.000699718492148782,0.0703125,0.1796875
provenance,Summary,2,2,1e-06,256,128,256,128,6,True,13,17.05627966499703,26.38245364586254,30.940858390091666,-4.558404744229128,-55.55336496913594,-65.07553858283397,0.041417567128451405,0.5494741289849517,0.4666666666666667,0.056271341364470207,1.5401991736106537,0.246337890625,2.511082424881326e-07,0.03125,0.171875
provenance,Summary,2,2,0.0001,256,128,256,128,6,True,13,22.04075913391473,19.907767076147195,24.64385839212261,-4.736091315975415,-41.10551997482657,-51.06942236476334,0.046184301548455,0.6517618838969098,0.4666666666666667,0.056271341364470144,1.654389196971709,0.192138671875,0.00012980428528389828,0.0234375,0.0703125
provenance,Summary,2,2,0.001,256,128,256,128,6,True,12,29.208553740837488,16.514800003705545,21.463403963458596,-4.948603959753045,-33.60533417442565,-44.027132546686985,0.04962367250757402,0.7321121343187957,0.4666666666666667,0.056271341364470186,1.9827415284646577,0.169189453125,0.0011328830797107114,0.0234375,0.09375
provenance,Summary,2,3,1e-06,256,128,256,128,6,True,13,14.106638594417968,22.475443013124654,26.40841260952311,-3.9329695963984572,-44.98003794670514,-52.85882636458048,0.05499022694156022,0.3278635138854492,0.4666666666666667,0.0682851541749265,2.2283511416010775,0.1298828125,0.02420499828348155,0.0,0.0
provenance,Summary,2,3,0.0001,256,128,256,128,6,True,14,17.587442380035284,17.45543117467032,21.91942222619504,-4.4639910515247205,-35.071628846974846,-43.98452516650772,0.05573572082739167,0.451650876693352,0.4666666666666667,0.06828515417492648,2.235455137352431,0.1357421875,0.016146290878383263,0.0,0.0
provenance,Summary,2,3,0.001,256,128,256,128,6,True,12,22.260660510568155,14.601500592122036,18.95063435995993,-4.3491337678378965,-29.412833362522576,-38.16896693098629,0.05696524995256487,0.5576173372587515,0.4666666666666667,0.06828515417492646,2.2359897468120393,0.131591796875,0.02154899241386765,0.0,0.0234375
provenance,Summary,2,4,1e-06,256,128,256,128,6,True,14,9.921550153876304,23.57028069912353,28.170949993046918,-4.600669293923389,-43.6067763569645,-52.33395938182008,0.12327717411662079,0.3214064261558086,0.3333333333333333,0.04657661070643803,2.235776841566122,0.192626953125,0.0001235773457710378,0.0,0.0
provenance,Summary,2,4,0.0001,256,128,256,128,6,True,13,12.243175201359588,17.012357225885754,21.60484743171832,-4.592490205832567,-32.04030608379965,-40.96026615337357,0.11129528581759661,0.2795074957240677,0.3333333333333333,0.046576610706437996,2.236064205963544,0.194091796875,0.00010655016763074633,0.0,0.0
provenance,Summary,2,4,0.001,256,128,256,128,6,True,12,15.09928820118194,13.915297273541782,18.287560637336362,-4.3722633637945805,-26.474851425145975,-35.14165305158137,0.1023757581269154,0.3506688722021053,0.3333333333333333,0.046576610706438024,2.236067548747002,0.178466796875,0.0004881353760051362,0.0,0.015625
provenance,Summary,2,5,1e-06,256,128,256,128,6,True,14,9.408625101367505,24.762792560110288,29.57373200701275,-4.810939446902465,-50.17800053950143,-59.9903317923666,0.14392577750408014,0.43313146274406394,0.26666666666666666,0.08049569379042416,2.235804246117175,0.18505859375,0.0002609857547645738,0.0078125,0.015625
provenance,Summary,2,5,0.0001,256,128,256,128,6,True,14,11.643487506218989,17.5129177933052,22.29848945857597,-4.785571665270768,-35.19509880395821,-45.03185682274213,0.1349758492640487,0.43779301462603776,0.26666666666666666,0.08049569379042411,2.2360652878171354,0.154052734375,0.00405644650067738,0.015625,0.0234375
provenance,Summary,2,5,0.001,256,128,256,128,6,True,12,14.538533685267579,14.184679099925313,18.808666124262913,-4.623987024337602,-28.20074380177192,-37.818694482081234,0.12727735986143673,0.49676010030357054,0.26666666666666666,0.08049569379042414,2.2360676817068095,0.1455078125,0.007900297530871625,0.015625,0.0546875
provenance,Summary,2,6,1e-06,256,128,256,128,6,True,13,7.330964067224448,20.27915572954182,24.55853061406157,-4.279374884519752,-40.47645209828416,-49.03503592504239,0.18742633076428936,0.707464238710159,0.2,0.0842254016364768,2.235789659944803,0.2158203125,1.031290058824391e-05,0.0,0.0
provenance,Summary,2,6,0.0001,256,128,256,128,6,True,15,9.075947088961323,14.634031668139523,18.8108346604888,-4.17680299234928,-28.907002610558408,-37.35522732914515,0.17282018434275892,0.5417650590064875,0.2,0.08422540163647677,2.2360651742913777,0.1865234375,0.00022636936075197568,0.0,0.0078125
provenance,Summary,2,6,0.001,256,128,256,128,6,True,13,11.156277530754945,12.042289233924208,16.032176593444383,-3.9898873595201767,-23.589346364153776,-31.749742656467703,0.16142017794052327,0.4799923865708506,0.2,0.08422540163647685,2.2360676790665868,0.141845703125,0.010389711458417272,0.0078125,0.015625
provenance,Summary,2,7,1e-06,256,128,256,128,6,True,13,8.021865528763433,21.155363555208982,25.678642956055242,-4.523279400846256,-39.48015887636136,-47.90338176061437,0.22310342066647876,0.78996307824632,0.2,0.0902337448570821,2.235831529355058,0.236572265625,8.718518858607939e-07,0.0,0.0
provenance,Summary,2,7,0.0001,256,128,256,128,6,True,13,9.77380227457759,15.015379837228963,19.453183011246885,-4.437803174017924,-28.281898537993484,-36.704127886116346,0.21113142026288992,0.5928688060376294,0.2,0.0902337448570821,2.236065599092294,0.198486328125,6.782479066883927e-05,0.0,0.0078125
provenance,Summary,2,7,0.001,256,128,256,128,6,True,13,11.770102795813175,12.231024686153766,16.428239166163735,-4.197214480009971,-23.1532551866322,-31.248376213462745,0.20201453104184017,0.49386468843559833,0.2,0.09023374485708215,2.236067727067346,0.220947265625,5.725805277060485e-06,0.0078125,0.0234375
provenance,Summary,2,8,1e-06,256,128,256,128,6,True,14,8.911554032282783,22.17305418681126,26.26726806706472,-4.09421388025346,-46.32055177909491,-55.21536742720036,0.10531678029667069,0.6609877912585258,0.2,0.10133241351855173,2.2358482255134944,0.15869140625,0.0027796018809057577,0.0,0.0
provenance,Summary,2,8,0.0001,256,128,256,128,6,True,14,10.90505749031137,15.777049105929349,19.889830966358517,-4.112781860429163,-32.344306938041086,-41.262242195956034,0.09719653960398708,0.47129596479434954,0.2,0.10133241351855177,2.2360657653029095,0.12646484375,0.0303998342730758,0.0,0.03125
provenance,Summary,2,8,0.001,256,128,256,128,6,True,13,13.389152522766254,12.8795448990532,16.837452611803734,-3.9579077127505355,-25.943996165492408,-34.56846718341663,0.09140335761218595,0.3869346203283196,0.2,0.10133241351855174,2.236067742969845,0.163330078125,0.0018831105650851665,0.015625,0.0703125
provenance,Summary,2,9,1e-06,256,128,256,128,6,True,13,8.935940383087402,21.574536079726123,26.011155054006128,-4.4366189742800035,-42.82963986883832,-51.598051936216976,0.1518840826205879,0.6813345392373583,0.2,0.1380125101849976,2.235889745433386,0.1728515625,0.0008170150324580128,0.0,0.0078125
provenance,Summary,2,9,0.0001,256,128,256,128,6,True,13,10.954076791493675,15.552209500673744,20.000672779223517,-4.44846327854977,-30.800782944081,-39.61367910015585,0.1424841878022122,0.5547686555528154,0.2,0.1380125101849976,2.2360661859891815,0.1513671875,0.005022638619460396,0.0078125,0.046875
provenance,Summary,2,9,0.001,256,128,256,128,6,True,12,13.32492737702323,12.797906861083348,17.059303266111137,-4.26139640502779,-25.243138343805906,-33.765293914336,0.13549678148414626,0.5137055892808348,0.2,0.13801251018499766,2.2360677900207353,0.177978515625,0.0005108360379280442,0.03125,0.0703125
provenance,Summary,2,10,1e-06,256,128,256,128,6,True,15,10.667341498483148,23.5118580710267,28.111525718167208,-4.599667647140505,-47.41826266231904,-56.75386420467156,0.13765985638403197,0.7227699019801365,0.2,0.11750596675590443,2.23584318966874,0.201904296875,4.739000668998325e-05,0.0,0.0
provenance,Summary,2,10,0.0001,256,128,256,128,6,True,14,13.177925354411986,16.618451591302517,21.205186266063784,-4.586734674761262,-33.27050828461917,-42.66207237569514,0.12927471935898888,0.618198631396241,0.2,0.11750596675590438,2.236065714178592,0.16796875,0.001261290693128525,0.0078125,0.0703125
provenance,Summary,2,10,0.001,256,128,256,128,6,True,14,16.377392454631554,13.518096154850067,17.879187595040726,-4.361091440190661,-26.870775856869926,-35.93007033994884,0.12448986035133755,0.5870312039176386,0.2,0.11750596675590458,2.236067737161201,0.156005859375,0.00346438642423863,0.0390625,0.1015625
provenance,Summary,2,11,1e-06,256,128,256,128,6,True,14,9.50636600711165,19.718221405023236,24.046266810327605,-4.328045405304366,-39.47718601192194,-48.084158817442535,0.1555930283826587,0.7726919938447729,0.2,0.0887149539145585,2.235785765438538,0.25634765625,6.635159709309016e-08,0.0,0.0078125
provenance,Summary,2,11,0.0001,256,128,256,128,6,True,14,11.72208071144889,14.533928517518568,18.811947365442023,-4.278018847923455,-29.024572130827753,-37.63348754481345,0.1435985286001528,0.6645371522751587,0.2,0.08871495391455846,2.236065137076002,0.23388671875,1.216422345854816e-06,0.0234375,0.03125
provenance,Summary,2,11,0.001,256,128,256,128,6,True,13,14.214518281363246,12.171532084141507,16.244867128282177,-4.073335044140669,-24.222014032995045,-32.533849528120314,0.1350407687978128,0.6279910797685395,0.2,0.0887149539145585,2.2360676769278838,0.2421875,4.289574463648891e-07,0.03125,0.0546875
provenance,Summary,2,12,1e-06,256,128,256,128,6,True,14,9.080210868630036,16.65976473439027,20.932690578894682,-4.272925844504411,-32.47216947198578,-40.207246201389424,0.10686215136254092,0.5743017041017205,0.06666666666666667,0.06600088632305572,2.235884838038695,0.399169921875,6.475158884753958e-19,0.0,0.0
provenance,Summary,2,12,0.0001,256,128,256,128,6,True,15,10.668961054496137,12.214757906833494,16.275403893118913,-4.060645986285418,-23.96976430812748,-31.483161685080628,0.10572382046937794,0.5767446794946584,0.06666666666666667,0.06600088632305577,2.236066138449608,0.341064453125,8.569281537014723e-14,0.0234375,0.0234375
provenance,Summary,2,12,0.001,256,128,256,128,6,True,13,12.200054081784552,10.187066156983025,14.006818505227612,-3.819752348244587,-20.09548422011538,-27.235643820650772,0.10696500372443905,0.593087918467882,0.06666666666666667,0.06600088632305576,2.236067786693022,0.28369140625,1.3123518687759511e-09,0.0234375,0.0390625
provenance,Summary,2,13,1e-06,256,128,256,128,6,True,14,10.834586439953386,25.3265228708146,30.281208347644476,-4.9546854768298765,-50.49983528632016,-60.39890850643132,0.12686118969754273,0.6792463115001086,0.2,0.10709841001006877,2.2358915226220204,0.27880859375,2.7278490708826233e-09,0.0078125,0.03125
provenance,Summary,2,13,0.0001,256,128,256,128,6,True,12,13.223164771961343,17.6159545794306,22.603451497653467,-4.987496918222865,-34.88939590229023,-44.89669834885613,0.12095306660658083,0.5874082828697661,0.2,0.10709841001006871,2.236066199665613,0.252685546875,1.086769459560287e-07,0.0390625,0.078125
provenance,Summary,2,13,0.001,256,128,256,128,6,True,13,16.24270607963235,14.123771986229139,18.915478648954192,-4.791706662725054,-27.774079679945658,-37.47624616536757,0.11578375594915966,0.561220351458272,0.2,0.10709841001006883,2.236067787620744,0.21533203125,1.0899172126797143e-05,0.0546875,0.078125
provenance,Summary,2,14,1e-06,256,128,256,128,6,True,13,6.783897821427092,20.019421961814256,24.28931940272328,-4.269897440909022,-44.78903932801273,-54.251788406067575,0.14808217673855673,0.920612105390515,0.26666666666666666,0.1310470957477393,2.235922202389843,0.245361328125,2.850711864215132e-07,0.0,0.015625
provenance,Summary,2,14,0.0001,256,128,256,128,6,True,15,8.190758570554834,14.28961009946546,18.58431205748375,-4.294701958018291,-30.845119566395795,-40.234513593232435,0.13850246055803067,0.8404166190349626,0.26666666666666666,0.13104709574773937,2.236066513921335,0.148681640625,0.006195356466290436,0.0390625,0.078125
provenance,Summary,2,14,0.001,256,128,256,128,6,True,12,9.864564411868482,11.660460247282735,15.801387797817815,-4.14092755053508,-24.438890354039447,-33.450550352250154,0.13066992458043514,0.8013952027219362,0.26666666666666666,0.13104709574773934,2.236067825867945,0.142333984375,0.010021183888072271,0.078125,0.0859375
provenance,Summary,2,15,1e-06,256,128,256,128,6,True,12,5.299337102707185,20.839522385952883,25.634265743011888,-4.794743357059009,-42.567651990029056,-52.24249171536315,0.19157512407304178,0.7411002747459817,0.2,0.1330140346672457,2.2359492959795344,0.15869140625,0.0027796018809057577,0.0,0.0078125
provenance,Summary,2,15,0.0001,256,128,256,128,6,True,13,6.397276144017903,14.507397109801598,19.254368741098176,-4.746971631296578,-29.386484707528464,-38.96530808972502,0.18005879113594117,0.7034101199322635,0.2,0.13301403466724573,2.2360667851286635,0.1259765625,0.031390105044876715,0.015625,0.03125
provenance,Summary,2,15,0.001,256,128,256,128,6,True,13,7.686379816526655,11.548199888430215,16.109968617813557,-4.561768729383342,-23.219887861188617,-32.43475807294558,0.17109360355323386,0.6972697034749519,0.2,0.13301403466724585,2.236067853213028,0.156494140625,0.0033293520374215735,0.03125,0.078125
provenance,Summary,2,16,1e-06,256,128,256,128,6,True,14,4.912327857888157,21.276115384687948,26.17688094881015,-4.900765564122201,-42.965180370984655,-52.62598839392837,0.1850128821567855,0.7694473120266764,0.13333333333333333,0.11328157695627074,2.2359492395086598,0.1923828125,0.0001266545824609767,0.0,0.0
provenance,Summary,2,16,0.0001,256,128,256,128,6,True,14,5.984735779521563,14.718582706075733,19.54575404076719,-4.827171334691456,-29.5828945275753,-39.07397856296832,0.1722521359044436,0.709453042012434,0.13333333333333333,0.11328157695627067,2.2360667849536404,0.153076171875,0.00438608876999258,0.0,0.0078125
provenance,Summary,2,16,0.001,256,128,256,128,6,True,12,7.282174021704493,11.675374680926009,16.277298839708926,-4.601924158782916,-23.28133191181511,-32.37339972367327,0.16231136696999182,0.690416428290639,0.13333333333333333,0.11328157695627064,2.2360678535543737,0.12646484375,0.0303998342730758,0.0078125,0.046875
provenance,Summary,2,17,1e-06,256,128,256,128,6,True,14,5.462365929066443,23.722822329566746,28.905666444015207,-5.182844114448459,-46.8777954931616,-57.31332610189987,0.16253542981405178,0.7361243893688343,0.26666666666666666,0.11272024516145215,2.2359474229497573,0.2412109375,4.858801381936691e-07,0.0,0.0078125
provenance,Summary,2,17,0.0001,256,128,256,128,6,True,14,6.663035440427563,16.30967081658507,21.452445470709065,-5.1427746541240005,-32.01342471644124,-42.37892172649814,0.1517459379298869,0.6484095920689852,0.26666666666666666,0.11272024516145222,2.2360667657892876,0.2109375,1.782257225451088e-05,0.0078125,0.015625
provenance,Summary,2,17,0.001,256,128,256,128,6,True,12,8.16780237630222,12.848296282435221,17.7806246459485,-4.932328363513279,-24.980403677262597,-35.01673423357757,0.14292582303327753,0.6188812371574395,0.26666666666666666,0.11272024516145221,2.23606785071984,0.188232421875,0.00019146400066605358,0.0078125,0.03125
provenance,Summary,2,18,1e-06,256,128,256,128,6,True,14,11.366093469138196,25.29170516050992,30.429462499181753,-5.137757338671833,-52.17894842128939,-62.48657633184998,0.08209382292008678,0.44834823284870357,0.2,0.0914722530727619,2.2358727701521044,0.174072265625,0.0007315142432222643,0.015625,0.0234375
provenance,Summary,2,18,0.0001,256,128,256,128,6,True,14,14.154799687620542,17.733769132804408,22.923263421945123,-5.189494289140713,-36.56835508769261,-46.908685178171545,0.0840119474794245,0.537288628066125,0.2,0.09147225307276186,2.236066008848347,0.145751953125,0.007755394206755639,0.0234375,0.0546875
provenance,Summary,2,18,0.001,256,128,256,128,6,True,12,17.918556089956155,14.212228680892537,19.26059923702276,-5.048370556130223,-29.30756332660879,-39.29891192545418,0.0855665052007946,0.6208917026331366,0.2,0.09147225307276192,2.2360677655363017,0.146484375,0.007335056169663234,0.03125,0.0859375
provenance,Summary,2,19,1e-06,256,128,256,128,6,True,15,10.888146082156945,26.069419008303548,31.41048610841898,-5.341067100115427,-54.29525198507635,-65.46208687506197,0.06990663132144995,0.5869593008089253,0.26666666666666666,0.10677886369563644,2.23594105116733,0.218017578125,8.028326411060222e-06,0.015625,0.0390625
provenance,Summary,2,19,0.0001,256,128,256,128,6,True,13,13.492740438004782,18.330893807346154,23.695863391466,-5.3649695841198435,-37.734065451416974,-48.91934933786432,0.06273637042231343,0.6256981973866252,0.26666666666666666,0.10677886369563644,2.23606669682997,0.18408203125,0.0002867733972323445,0.03125,0.0625
provenance,Summary,2,19,0.001,256,128,256,128,6,True,12,17.0330634710762,14.7578647134272,19.938785741332776,-5.180921027905576,-29.960049810883103,-40.76929094363972,0.056933284827845064,0.6750949477758258,0.26666666666666666,0.10677886369563641,2.2360678390084163,0.19775390625,7.318072947394907e-05,0.046875,0.0859375
provenance,Summary,2,20,1e-06,256,128,256,128,6,True,14,7.6240775913492085,25.224434702265963,30.729820948506486,-5.505386246240526,-48.81300183586582,-59.387966811494294,0.16030708875182137,0.7459720305817062,0.2,0.10162340403361361,2.235927916120153,0.272705078125,6.679289897803344e-09,0.0078125,0.015625
provenance,Summary,2,20,0.0001,256,128,256,128,6,True,14,9.301565802419393,17.291467419589196,22.713932723313967,-5.422465303724766,-33.91363173067583,-44.42807676651686,0.1501068328119098,0.724838528029197,0.2,0.1016234040336137,2.236066566877699,0.274169921875,5.397977094780752e-09,0.015625,0.0703125
provenance,Summary,2,20,0.001,256,128,256,128,6,True,12,11.421609317930795,13.608432116642158,18.738566782921204,-5.130134666279044,-26.91256984154475,-36.97153846240893,0.1413671940265307,0.7299816381260151,0.2,0.10162340403361354,2.2360678273133847,0.239990234375,5.673486222049625e-07,0.0390625,0.09375
provenance,Summary,2,21,1e-06,256,128,256,128,6,True,14,5.871375601927377,23.091308689392008,28.134034444888446,-5.042725755496441,-48.220406388207024,-58.57490997217904,0.16300468659719566,0.8294395503006065,0.26666666666666666,0.13517475257674375,2.2359258076986173,0.189697265625,0.00016565515892617621,0.0078125,0.015625
provenance,Summary,2,21,0.0001,256,128,256,128,6,True,14,7.203986646396186,16.071096703701148,21.053600311511154,-4.982503607810008,-33.13194527455079,-43.33139363427945,0.15211037100226404,0.7734952011326798,0.26666666666666666,0.13517475257674363,2.2360665482825803,0.150146484375,0.005527914324344518,0.0078125,0.0390625
provenance,Summary,2,21,0.001,256,128,256,128,6,True,12,8.942332963316927,12.780445537719533,17.565171220759336,-4.784725683039804,-25.927049696393553,-35.72398795178262,0.14348343610011272,0.7560903230130191,0.26666666666666666,0.1351747525767437,2.2360678277458934,0.147705078125,0.006680314192656689,0.03125,0.078125
provenance,Summary,2,22,1e-06,256,128,256,128,6,True,13,8.46576408160486,23.970859170032988,29.068346131873714,-5.097486961840723,-50.39092953075014,-61.028089398090685,0.09529854623711927,0.7164007509542526,0.2,0.10173592054934293,2.235901357082351,0.1796875,0.0004354569877453,0.0078125,0.0234375
provenance,Summary,2,22,0.0001,256,128,256,128,6,True,14,10.395364170976332,16.85196025638286,21.902019995042167,-5.050059738659307,-35.09792825292077,-45.63869590880819,0.08089871107457156,0.6879291457377588,0.2,0.10173592054934291,2.2360662989032525,0.153564453125,0.0042183140811626885,0.0234375,0.0625
provenance,Summary,2,22,0.001,256,128,256,128,6,True,13,12.92709609700669,13.51316579587828,18.319631429910196,-4.806465634031916,-27.86246609560385,-37.93638539365034,0.075301083138463,0.6940730907176417,0.2,0.10173592054934294,2.236067798354316,0.15771484375,0.0030126851839679114,0.046875,0.09375
provenance,Summary,2,23,1e-06,256,128,256,128,6,True,14,11.188695598038914,23.81247099333145,28.943723300061386,-5.131252306729935,-52.34750718336848,-62.82500986170423,0.10579942880697445,0.8107883663470481,0.06666666666666667,0.09305382894220256,2.2359413465940667,0.177001953125,0.0005592399817839168,0.03125,0.0546875
provenance,Summary,2,23,0.0001,256,128,256,128,6,True,14,13.93825358727895,16.96109619579765,22.078337666509224,-5.11724147071157,-36.95751243505807,-47.36119355024255,0.0942579955580872,0.8146597405743391,0.06666666666666667,0.09305382894220253,2.236066703130013,0.176025390625,0.0006119189655557911,0.0546875,0.09375
provenance,Summary,2,23,0.001,256,128,256,128,6,True,12,17.594779876654098,13.74495684304628,18.661104464493945,-4.916147621447665,-29.74065412969385,-39.73910609717694,0.08833841698043048,0.8292729199006019,0.06666666666666667,0.0930538289422025,2.2360678427160954,0.16552734375,0.0015597112468146435,0.0859375,0.109375
provenance,Summary,2,24,1e-06,256,128,256,128,6,True,13,10.730511649008205,26.28736053489527,31.689288561918026,-5.401928027022761,-54.320138337704876,-65.00675586112021,0.08254251531001479,0.77145684697619,0.2,0.11520211100071555,2.2359124694480164,0.24609375,2.592123269824214e-07,0.0234375,0.078125
provenance,Summary,2,24,0.0001,256,128,256,128,6,True,14,13.345045885267645,18.27522366080925,23.619717986697413,-5.344494325888162,-37.92519251028556,-48.49033069199692,0.07178406239818892,0.7836547598687713,0.2,0.11520211100071559,2.236066406279912,0.1943359375,0.00010393805587802473,0.0703125,0.109375
provenance,Summary,2,24,0.001,256,128,256,128,6,True,12,16.923908367964962,14.49227365315827,19.634853215353857,-5.142579562195588,-30.181949680431714,-40.33986540383388,0.06617011377109214,0.8047551548608852,0.2,0.11520211100071556,2.236067805633431,0.187255859375,0.00021073211689610932,0.1015625,0.1171875
provenance,Summary,2,25,1e-06,256,128,256,128,6,True,13,9.363098666419425,26.834594254505593,31.748225896228185,-4.913631641722587,-56.24080934488083,-67.30935564105631,0.11088138051452498,0.7604632052247459,0.2,0.07772299526941975,2.2358035125931446,0.2080078125,2.4593577198166267e-05,0.0,0.03125
provenance,Summary,2,25,0.0001,256,128,256,128,6,True,14,11.673286601166732,19.129586443107215,23.849452432891518,-4.719865989784308,-39.139789187931925,-49.82695765957362,0.10262495194071554,0.7036481297915443,0.2,0.07772299526941981,2.236065294690037,0.1796875,0.0004354569877453,0.03125,0.046875
provenance,Summary,2,25,0.001,256,128,256,128,6,True,12,14.91528795889533,15.469349890243855,19.96266819210646,-4.493318301862605,-30.875004363281523,-41.07330498418994,0.09595737532616364,0.7003018359623,0.2,0.07772299526941977,2.2360676743872814,0.20361328125,3.9519149331483166e-05,0.0390625,0.0625
provenance,Summary,2,26,1e-06,256,128,256,128,6,True,14,7.8491228550564145,21.75683213617305,26.886944981111796,-5.130112844938749,-49.83213245093071,-60.76673928996923,0.15750513124752907,0.7536086015671286,0.2,0.11876642530101793,2.2358237923651707,0.183837890625,0.000293585578999323,0.015625,0.0546875
provenance,Summary,2,26,0.0001,256,128,256,128,6,True,14,9.635250649840048,15.610938778555076,20.787490594896077,-5.176551816341002,-34.87645929029826,-45.743004741920316,0.1513897997121073,0.7642455181282447,0.2,0.1187664253010179,2.236065508918689,0.14599609375,0.007612909873257245,0.0546875,0.1015625
provenance,Summary,2,26,0.001,256,128,256,128,6,True,13,12.014927204687684,12.606516040624772,17.678039943574827,-5.071523902950053,-27.694757288429148,-38.16006820779215,0.14194915467500818,0.7842586547532727,0.2,0.11876642530101789,2.2360677063015095,0.1591796875,0.0026694074018926983,0.078125,0.140625
provenance,Summary,2,27,1e-06,256,128,256,128,6,True,13,9.088894761793378,23.789557917591274,28.97964383642255,-5.190085918831275,-52.71966817400047,-63.921129814084864,0.10682165371580032,0.780686883944565,0.2,0.137381385060654,2.235863801324436,0.1728515625,0.0008170150324580128,0.0234375,0.046875
provenance,Summary,2,27,0.0001,256,128,256,128,6,True,13,11.180927587050942,16.94323846879587,22.12536936697259,-5.18213089817672,-36.63275105304437,-47.70165747196158,0.09620789300665526,0.7736385993421235,0.2,0.137381385060654,2.2360659187733467,0.14599609375,0.007612909873257245,0.046875,0.09375
provenance,Summary,2,27,0.001,256,128,256,128,6,True,12,13.938432148849618,13.720728686534308,18.70165417993374,-4.980925493399431,-29.048872522885738,-39.597131646642154,0.08865946348583305,0.7845575815229286,0.2,0.1373813850606539,2.236067756188083,0.160400390625,0.002411325250454621,0.078125,0.109375
provenance,Summary,2,28,1e-06,256,128,256,128,6,True,14,5.566349219349436,16.772303670555623,21.270428015371436,-4.498124344815811,-37.977216684486386,-47.380583130860664,0.21364815344756038,0.6866404253593448,0.26666666666666666,0.07029788099566331,2.2358910518327098,0.231689453125,1.592731555844999e-06,0.0,0.0
provenance,Summary,2,28,0.0001,256,128,256,128,6,True,14,6.636639280402889,12.236157724716772,16.766550403458773,-4.530392678742004,-27.07249187040214,-36.32326492022206,0.20231213514364832,0.6914608556674915,0.26666666666666666,0.07029788099566338,2.236066200133733,0.144287109375,0.00866237621023902,0.0,0.0390625
provenance,Summary,2,28,0.001,256,128,256,128,6,True,13,7.813746847092576,10.061828244196938,14.490786441120001,-4.428958196923061,-21.92360345630554,-30.7690339725933,0.19240315929147003,0.7078603817947158,0.26666666666666666,0.07029788099566334,2.236067792434454,0.137451171875,0.01429937227595468,0.0390625,0.078125
provenance,Summary,2,29,1e-06,256,128,256,128,6,True,13,7.469144572118887,22.946054175072263,27.634897609252555,-4.688843434180292,-51.401407815701226,-62.064059711871295,0.08299440665421975,0.638365624091663,0.26666666666666666,0.10929143577754512,2.235915799663446,0.20703125,2.7352006658291592e-05,0.0078125,0.0390625
provenance,Summary,2,29,0.0001,256,128,256,128,6,True,14,9.154544857800175,16.561317827523734,21.256756599105273,-4.695438771581542,-35.7206695363969,-46.28954222521655,0.08454671656641674,0.6738705605812445,0.26666666666666666,0.10929143577754516,2.236066443115318,0.14892578125,0.006079243867865292,0.03125,0.0703125
provenance,Summary,2,29,0.001,256,128,256,128,6,True,13,11.327464597277347,13.465613631194069,18.04051250019422,-4.574898869000155,-28.281090857545472,-38.36571394475382,0.08268238431492851,0.7123156566180788,0.26666666666666666,0.10929143577754517,2.23606781256349,0.1650390625,0.001626766130665258,0.0546875,0.09375
provenance,Summary,2,30,1e-06,256,128,256,128,6,True,15,5.389214014056499,18.474681587938164,23.234741778234973,-4.760060190296809,-41.40998795100565,-51.343455203645206,0.2034385154272078,0.7008373785535699,0.2,0.12356366627508013,2.235844887944688,0.184326171875,0.000280110341090898,0.0,0.0
provenance,Summary,2,30,0.0001,256,128,256,128,6,True,13,6.533979943687804,13.06080921945149,17.87057359460109,-4.809764375149596,-28.83881996433366,-38.68840437995838,0.19190344504341156,0.6901542093884578,0.2,0.12356366627508018,2.2360657341714743,0.125,0.03345596830001085,0.015625,0.046875
provenance,Summary,2,30,0.001,256,128,256,128,6,True,13,7.909439785629797,10.512503048104618,15.211954312741998,-4.699451264637379,-22.94285681659006,-32.38338002378371,0.17874260200009118,0.7000719137217201,0.2,0.12356366627508006,2.236067741940131,0.13427734375,0.01789628415473299,0.046875,0.109375
provenance,Summary,2,31,1e-06,256,128,256,128,6,True,13,2.912929666496923,18.85107067054007,23.122326736018838,-4.271256065478767,-38.229774475078145,-46.94084177708558,0.3157923619598369,0.6795704311903471,0.13333333333333333,0.08932958049817673,2.2359168752419114,0.30908203125,2.3414161812170555e-11,0.0,0.0
provenance,Summary,2,31,0.0001,256,128,256,128,6,True,14,3.9315292155201713,13.149739974044378,17.550749665570738,-4.401009691526361,-26.46667696737685,-35.366341221203044,0.2830405176061115,0.6450249913195768,0.13333333333333333,0.0893295804981768,2.2360664581767966,0.227783203125,2.5550304405507688e-06,0.0,0.0
provenance,Summary,2,31,0.001,256,128,256,128,6,True,13,5.016868194964523,10.502366374482378,14.86171753394788,-4.359351159465505,-20.977920093151518,-29.741746677981716,0.26659209510768855,0.6627166287068469,0.13333333333333333,0.08932958049817671,2.2360678180292406,0.18505859375,0.0002609857547645738,0.0078125,0.03125
provenance,Summary,3,0,1e-06,512,256,512,256,6,True,11,2.6432564757062056,25.136536693088154,29.654024962397337,-4.517488269309181,-52.618298551953416,-62.48015830046472,0.41136711630784933,0.6315426655717237,0.06666666666666667,0.06553875376571403,1.4141929581406418,0.40283203125,5.029162349285257e-38,0.0,0.0
provenance,Summary,3,0,0.0001,512,256,512,256,6,True,12,3.457534389846292,15.991193001166431,20.745454586486844,-4.754261585320409,-33.62748580916389,-43.67625193980032,0.38202683254390757,0.585885358716383,0.06666666666666667,0.06553875376571405,1.4142133556749132,0.324951171875,1.4503649558645082e-24,0.0,0.0
provenance,Summary,3,0,0.001,512,256,512,256,6,True,12,4.350256261922425,11.659448731865236,16.404071477153725,-4.744622745288488,-24.60619216379755,-34.47762626060181,0.3671658127825306,0.595456082699082,0.06666666666666667,0.06553875376571405,1.4142135411038639,0.231689453125,1.4477480784320265e-12,0.0,0.0
provenance,Summary,3,1,1e-06,512,256,512,256,6,True,11,7.986044067773478,14.703030522765738,17.79820006934344,-3.0951695465777016,-28.99904149626814,-35.350811273429954,0.1279802689406339,0.4691534862148979,0.2,0.19530635875337993,0.44702381196916663,0.234619140625,7.057222479723627e-13,0.0703125,0.1875
provenance,Summary,3,1,0.0001,512,256,512,256,6,True,9,9.865676460864059,12.2924439473333,15.604682654210123,-3.3122387068768226,-23.962911048903777,-30.786809367192724,0.10702743690216943,0.4589043081127078,0.2,0.1953063587533799,0.4483097455507512,0.1962890625,4.063357220339594e-09,0.0625,0.13671875
provenance,Summary,3,1,0.001,512,256,512,256,6,True,9,11.927309032437861,11.137875917272746,14.553103963038863,-3.4152280457661175,-21.564196977929324,-28.56454187051084,0.09762201942186764,0.4958537593365305,0.2,0.19530635875337984,0.4596345823526912,0.16650390625,1.1343129683173067e-06,0.0625,0.12109375
provenance,Summary,3,2,1e-06,512,256,512,256,6,True,12,15.78861829388518,27.578276461100394,32.148541294478456,-4.5702648333780616,-53.07048209215222,-62.150787456881396,0.07408441019145182,0.36066034289066423,0.6666666666666666,0.09163344685359985,1.434415902637,0.3603515625,2.8104621190951724e-30,0.04296875,0.12890625
provenance,Summary,3,2,0.0001,512,256,512,256,6,True,12,20.28349207923229,20.515377772518555,25.192628321944966,-4.677250549426407,-39.4101391793799,-48.889593147070485,0.06818260552348132,0.4761936178588831,0.6666666666666666,0.09163344685359986,1.5185236779890012,0.277587890625,6.227358646516643e-18,0.015625,0.06640625
provenance,Summary,3,2,0.001,512,256,512,256,6,True,12,26.63099285232472,16.99587659584079,21.80960746058001,-4.81373086473922,-32.47634775869476,-42.42808655791307,0.06309139453172538,0.5852147530780188,0.6666666666666666,0.09163344685359992,1.8433970540463502,0.244384765625,6.007034501466949e-14,0.015625,0.05078125
provenance,Summary,3,3,1e-06,512,256,512,256,6,True,14,12.085257724154358,20.90472141819671,25.076951283988386,-4.17222986579168,-40.34412069388382,-48.153923027584696,0.09956673865766566,0.5688181104964762,0.4666666666666667,0.05998367636863257,2.202754874714733,0.200927734375,1.5514462348540162e-09,0.015625,0.05078125
provenance,Summary,3,3,0.0001,512,256,512,256,6,True,14,14.886555949829697,16.698230722766024,21.34853098983502,-4.650300267068998,-32.727758066720554,-41.79294501737388,0.08633527458272501,0.5956764304610821,0.4666666666666667,0.059983676368632506,2.226595217353297,0.1513671875,1.381771055827972e-05,0.015625,0.046875
provenance,Summary,3,3,0.001,512,256,512,256,6,True,12,18.523688800215925,14.017321281399767,18.61047882252216,-4.593157541122395,-27.692434414945748,-36.680409975117115,0.0823260253774999,0.6423092856262022,0.4666666666666667,0.0599836763686325,2.234679732777597,0.173828125,3.1008445060528697e-07,0.03125,0.05859375
provenance,Summary,3,4,1e-06,512,256,512,256,6,True,14,9.219445799044353,19.5446528555084,23.39190566833541,-3.847252812827014,-41.787711302027304,-49.92430938413267,0.1118994410842907,0.5455447076533518,0.3333333333333333,0.06614682664062131,2.234682568608968,0.190185546875,1.3922800056037709e-08,0.0078125,0.02734375
provenance,Summary,3,4,0.0001,512,256,512,256,6,True,14,11.394434451881889,15.103742532177872,19.42394908951899,-4.320206557341118,-31.28676822651036,-40.13698465213306,0.09832675013115304,0.5533412821978066,0.3333333333333333,0.0661468266406213,2.2360052722786783,0.1083984375,0.004489478975964343,0.015625,0.03125
provenance,Summary,3,4,0.001,512,256,512,256,6,True,13,14.113578230377582,12.62224933438111,16.79020022592603,-4.167950891544918,-25.817824754320743,-34.35265302900693,0.08817484421459502,0.594185197188643,0.3333333333333333,0.06614682664062119,2.236061092393206,0.108154296875,0.0046139707281729276,0.02734375,0.0390625
provenance,Summary,3,5,1e-06,512,256,512,256,6,True,13,7.621765777210127,22.109409677492334,26.655419948229213,-4.546010270736883,-43.78003195757741,-52.91398815801111,0.194597024091727,0.4611414608456978,0.26666666666666666,0.06764151084240964,2.235882224136887,0.1435546875,4.567328876024532e-05,0.0,0.0
provenance,Summary,3,5,0.0001,512,256,512,256,6,True,14,9.384087592664999,15.923268918954381,20.48899340778042,-4.5657244888260395,-31.236073263337218,-40.44438686473322,0.1821062766647557,0.463557353224125,0.26666666666666666,0.0676415108424098,2.2360656745162535,0.124755859375,0.0006236074107803859,0.0,0.0078125
provenance,Summary,3,5,0.001,512,256,512,256,6,True,13,11.529667998359816,12.99024086921429,17.36331577552501,-4.373074906310721,-25.322805542959983,-34.23676245653695,0.17189772749074805,0.511306141791502,0.26666666666666666,0.0676415108424097,2.236067730053602,0.143798828125,4.404119347794454e-05,0.0078125,0.03125
provenance,Summary,3,6,1e-06,512,256,512,256,6,True,14,7.058573729672695,18.67384519561793,22.872290348276834,-4.198445152658907,-37.97873595498908,-46.568688570098544,0.1933262415418594,0.5221253431885082,0.2,0.0642924347595988,2.2358453636241062,0.288818359375,2.1076003558524888e-19,0.0,0.0
provenance,Summary,3,6,0.0001,512,256,512,256,6,True,13,8.716336150914548,13.702091427603243,17.81334182394736,-4.111250396344119,-27.414188312662247,-35.83594795307748,0.1768115752339329,0.4758873648714718,0.2,0.0642924347595988,2.2360656780120687,0.17578125,2.1731393879081404e-07,0.0,0.0
provenance,Summary,3,6,0.001,512,256,512,256,6,True,12,10.595167846649689,11.405561527029331,15.302220647633291,-3.8966591206039594,-22.56355543910556,-30.60150323373633,0.16467492848826093,0.4940014591124718,0.2,0.06429243475959878,2.236067735616881,0.123291015625,0.0007527023909575396,0.0,0.02734375
provenance,Summary,3,7,1e-06,512,256,512,256,6,True,13,6.434424001049408,17.788652385455737,22.143967218224294,-4.355314832768559,-34.940267784366014,-43.64470709464955,0.24030114202100175,0.6897867317617616,0.06666666666666667,0.08762835095347861,2.235878459320344,0.33544921875,3.4360711719739567e-26,0.0,0.0
provenance,Summary,3,7,0.0001,512,256,512,256,6,True,13,7.8952633475440415,12.938990281539471,17.18903080121765,-4.250040519678182,-25.190859720735723,-33.76425222522515,0.22161344717243056,0.6167745945342213,0.06666666666666667,0.0876283509534787,2.2360660730205453,0.271484375,3.691981280716888e-17,0.0078125,0.0078125
provenance,Summary,3,7,0.001,512,256,512,256,6,True,13,9.450994290908007,10.716837939372226,14.744943107773139,-4.028105168400912,-20.74930299800312,-28.92271384507744,0.208408033931056,0.6024363427633099,0.06666666666666667,0.08762835095347865,2.2360677797691104,0.2412109375,1.353434653641476e-13,0.0078125,0.015625
provenance,Summary,3,8,1e-06,512,256,512,256,6,True,14,7.054102230404556,19.386524195238437,23.5548411872244,-4.168316991985963,-39.70758125017302,-48.41183888841525,0.18393004855863848,0.5770489630385973,0.2,0.11140170986728655,2.235875275788907,0.205810546875,5.491132345129471e-10,0.0,0.0
provenance,Summary,3,8,0.0001,512,256,512,256,6,True,12,8.564574130011298,13.99842969980446,18.158609002798126,-4.160179302993667,-28.152941539814456,-36.88378817709618,0.17337942070491275,0.4409717859689313,0.2,0.11140170986728656,2.2360660411414246,0.134521484375,0.00016797924248914529,0.0,0.00390625
provenance,Summary,3,8,0.001,512,256,512,256,6,True,13,10.275417041561155,11.535497800932417,15.518409539669705,-3.982911738737288,-22.839436929361405,-31.279133539211777,0.1656652770377699,0.39950659735890276,0.2,0.11140170986728654,2.2360677754223133,0.12451171875,0.0006435726028318844,0.00390625,0.0234375
provenance,Summary,3,9,1e-06,512,256,512,256,6,True,13,6.98892972082244,17.979989129593683,21.939233541808203,-3.9592444122145225,-36.894057610873865,-45.06879080747693,0.18986224445221542,0.5591185206541721,0.2,0.12722347988433855,2.235907461978955,0.24365234375,7.252730629780474e-14,0.0,0.0
provenance,Summary,3,9,0.0001,512,256,512,256,6,True,13,8.487021900650666,13.158747458757865,17.063948786642815,-3.9052013278849493,-26.668518005400752,-34.755324677939484,0.17840459469035494,0.4824503686588354,0.2,0.12722347988433852,2.2360663664330573,0.167236328125,9.989021475189537e-07,0.0,0.0
provenance,Summary,3,9,0.001,512,256,512,256,6,True,12,10.115746392436474,10.941463984391492,14.693611388159882,-3.7521474037683915,-21.935836393247335,-29.76074255697901,0.17116943801849133,0.4763750894934124,0.2,0.12722347988433858,2.2360678110591534,0.147705078125,2.439503973308266e-05,0.00390625,0.04296875
provenance,Summary,3,10,1e-06,512,256,512,256,6,True,12,6.842188042901387,21.349654137905617,25.90788543129355,-4.558231293387935,-41.38301626201674,-50.33999885258669,0.22392798327749822,0.7084104912123617,0.2,0.13307623031064728,2.235910684943851,0.169921875,6.236877815108629e-07,0.0,0.0078125
provenance,Summary,3,10,0.0001,512,256,512,256,6,True,13,8.382458324344611,15.033158107883878,19.53440434715211,-4.501246239268233,-28.87660315144791,-37.7575738513216,0.21235497220262387,0.5842040796338893,0.2,0.13307623031064716,2.2360663972684187,0.160888671875,2.949791922892699e-06,0.0078125,0.01171875
provenance,Summary,3,10,0.001,512,256,512,256,6,True,14,10.203032131348362,12.166010216451777,16.43750252130296,-4.271492304851185,-23.187404576657933,-31.697944362214404,0.20279391036143957,0.5399339574496385,0.2,0.1330762303106472,2.2360678128572857,0.15576171875,6.856175277608973e-06,0.01171875,0.04296875
provenance,Summary,3,11,1e-06,512,256,512,256,6,True,13,7.439497737144913,18.144704859468533,22.37191835091827,-4.227213491449734,-35.404333822278645,-43.89863298180911,0.19612688353455027,0.4708432236175212,0.2,0.09175577696790374,2.235825354369064,0.35791015625,7.312650142529376e-30,0.0,0.0
provenance,Summary,3,11,0.0001,512,256,512,256,6,True,13,9.010072344537026,13.39294637548214,17.505280067003866,-4.112333691521727,-25.93108780088931,-34.27156387640156,0.18202330919497262,0.3732819358562878,0.2,0.0917557769679037,2.236065539162365,0.296142578125,2.1419960378177883e-20,0.0,0.0
provenance,Summary,3,11,0.001,512,256,512,256,6,True,12,10.653921258069802,11.213259616309935,15.110092899155653,-3.8968332828457184,-21.55332673783198,-29.544847868459335,0.17320674472279193,0.3670394524043555,0.2,0.09175577696790366,2.2360677227619403,0.2421875,1.055377574927736e-13,0.0,0.01171875
provenance,Summary,3,12,1e-06,512,256,512,256,6,True,14,8.671585874600648,15.543654254575493,19.541546568300376,-3.9978923137248823,-30.171935420421534,-38.45871875500745,0.1194519479302687,0.4436647932914693,0.06666666666666667,0.054532574638903715,2.2358148098604667,0.515380859375,1.0959702034084525e-63,0.0,0.0
provenance,Summary,3,12,0.0001,512,256,512,256,6,True,13,9.59858790020677,11.47449914464791,15.203770999178651,-3.7292718545307424,-22.025146303818673,-29.79346574268919,0.12299604152232928,0.4519856969984932,0.06666666666666667,0.05453257463890374,2.2360654371950104,0.488525390625,7.721737992829316e-57,0.0,0.01171875
provenance,Summary,3,12,0.001,512,256,512,256,6,True,14,10.516651788193222,9.615804767747441,13.067825070705087,-3.452020302957646,-18.28150752797526,-25.496838395452674,0.12783245813338204,0.46631309510280167,0.06666666666666667,0.054532574638903736,2.2360677158017355,0.450439453125,6.297683663317668e-48,0.0234375,0.03125
provenance,Summary,3,13,1e-06,512,256,512,256,6,True,14,8.52667896982219,21.452834145936933,25.73445254321966,-4.2816183972827275,-44.6358851287375,-53.797589176774935,0.14151376440747657,0.4186749832750871,0.2,0.0886390956102167,2.2358569321935136,0.173583984375,3.240819212472444e-07,0.0,0.0
provenance,Summary,3,13,0.0001,512,256,512,256,6,True,14,10.418686774334539,15.307046548013187,19.65144002300982,-4.344393474996634,-31.198732087869022,-40.442800518437984,0.13371153152913418,0.2634232446789842,0.2,0.08863909561021668,2.2360658550649366,0.142333984375,5.473559219179205e-05,0.00390625,0.02734375
provenance,Summary,3,13,0.001,512,256,512,256,6,True,13,12.688748191697824,12.545480708573354,16.736125854160324,-4.190645145586967,-25.07953871159623,-34.032808838705805,0.1273010812468403,0.2500072358907627,0.2,0.08863909561021671,2.2360677544133676,0.130615234375,0.00028729011580930995,0.02734375,0.03515625
provenance,Summary,3,14,1e-06,512,256,512,256,6,True,13,6.714347203867879,19.396772964128438,23.53294012717555,-4.136167163047111,-38.45148351573161,-46.85126108712201,0.15385614354172736,0.6311010625357139,0.2,0.1324660539664484,2.235953445022536,0.197265625,3.324239788400392e-09,0.0,0.0
provenance,Summary,3,14,0.0001,512,256,512,256,6,True,13,8.122842235640244,13.864305833411626,17.942112129167374,-4.077806295755748,-27.238569617968196,-35.52157557178535,0.14237392704045554,0.5284623106584028,0.2,0.13246605396644834,2.2360668280013667,0.198486328125,2.582693603701384e-09,0.0,0.02734375
provenance,Summary,3,14,0.001,512,256,512,256,6,True,13,9.684373552103386,11.322098083420078,15.21369304984996,-3.891594966429883,-22.10589311980597,-30.00947329087013,0.13427397971871768,0.4997341779923782,0.2,0.13246605396644842,2.2360678587660185,0.19287109375,8.138467223143359e-09,0.02734375,0.0546875
provenance,Summary,3,15,1e-06,512,256,512,256,6,True,14,5.743239675245807,21.32444139860371,26.015346857490563,-4.690905458886853,-40.2707903574481,-49.591379384690754,0.20472227802495385,0.5487376866518616,0.2,0.1419455109606559,2.2359325305446274,0.203857421875,8.345216600705989e-10,0.0,0.0
provenance,Summary,3,15,0.0001,512,256,512,256,6,True,13,6.966101567474509,14.956578685571273,19.59654686500782,-4.639968179436546,-28.123367200557226,-37.40947470484882,0.1930464551335547,0.466060863214332,0.2,0.14194551096065602,2.236066616928404,0.16748046875,9.573364748596858e-07,0.0,0.01171875
provenance,Summary,3,15,0.001,512,256,512,256,6,True,14,8.382436096289387,12.015911501533736,16.48528493061903,-4.4693734290852944,-22.486198503184593,-31.46959522510489,0.18451396500436196,0.4569881730518622,0.2,0.1419455109606559,2.2360678359065043,0.168701171875,7.733214947351546e-07,0.01171875,0.03515625
provenance,Summary,3,16,1e-06,512,256,512,256,6,True,14,5.557830584655681,21.47873893433296,26.197380905472244,-4.71864197113928,-40.75168995270282,-50.09343916577475,0.17569914881021279,0.723975433336101,0.2,0.1355470278594698,2.235925552732843,0.194580078125,5.759665709469479e-09,0.0,0.0078125
provenance,Summary,3,16,0.0001,512,256,512,256,6,True,14,6.806562208003267,15.00721933133859,19.683371454295816,-4.676152122957225,-28.322215375704555,-37.56524433598717,0.1621778227643482,0.6178062536720917,0.2,0.13554702785946982,2.236066546144845,0.16845703125,8.071533241771576e-07,0.0078125,0.015625
provenance,Summary,3,16,0.001,512,256,512,256,6,True,13,8.295396744024139,12.014674881373313,16.48848856342987,-4.473813682056555,-22.570858048322457,-31.426400252625964,0.1518292786324528,0.5788275478782982,0.2,0.1355470278594698,2.236067827912172,0.174072265625,2.966726922053321e-07,0.015625,0.0390625
provenance,Summary,3,17,1e-06,512,256,512,256,6,True,14,7.579670022327876,24.268349683278466,29.27432472631063,-5.005975043032164,-45.153948880628775,-55.01489203880903,0.1453074445088387,0.5735779076791103,0.26666666666666666,0.12722308598329238,2.2359004999226944,0.26220703125,5.093536581916937e-16,0.0,0.0
provenance,Summary,3,17,0.0001,512,256,512,256,6,True,14,9.307135923357896,16.90346578018768,21.852577731219792,-4.949111951032115,-31.5626736568667,-41.470813459439384,0.134597842912172,0.48778995120632523,0.26666666666666666,0.1272230859832925,2.2360662916888985,0.228271484375,3.3080347427732993e-12,0.0,0.03125
provenance,Summary,3,17,0.001,512,256,512,256,6,True,12,11.467348715696243,13.495272261353861,18.220512532498613,-4.725240271144752,-25.273598106315866,-34.85593330692545,0.1259620408885789,0.48152023444266523,0.26666666666666666,0.12722308598329243,2.236067798882243,0.19873046875,2.4550771278621323e-09,0.01171875,0.05859375
provenance,Summary,3,18,1e-06,512,256,512,256,6,True,14,9.517666382125137,26.48825290112687,31.58064545821598,-5.092392557089115,-50.01041668163769,-60.23390420220963,0.1112831320076854,0.3505027926979181,0.2,0.09050615004012354,2.235861037522974,0.299072265625,8.43493731000854e-21,0.0,0.01171875
provenance,Summary,3,18,0.0001,512,256,512,256,6,True,14,11.75612989150416,18.49196070501102,23.56454512097049,-5.072584415959469,-34.982460040731766,-45.25435761934065,0.10283978377228768,0.3033854361504115,0.2,0.09050615004012358,2.2360658879695787,0.22607421875,5.588943364142235e-12,0.0078125,0.02734375
provenance,Summary,3,18,0.001,512,256,512,256,6,True,13,14.66306128191652,14.817448621178968,19.672059431777992,-4.854610810599022,-27.99038207982641,-37.945307716492835,0.09581951746838982,0.3685937162934083,0.2,0.09050615004012359,2.2360677501974218,0.2333984375,9.531434527830028e-13,0.0234375,0.04296875
provenance,Summary,3,19,1e-06,512,256,512,256,6,True,14,10.201981100645042,28.19924387202909,33.72993877563666,-5.530694903607573,-52.94921032712645,-63.78369549087971,0.11256002754847146,0.5984603876017197,0.26666666666666666,0.14343145940803054,2.235913322726579,0.363525390625,8.018658607212417e-31,0.01171875,0.04296875
provenance,Summary,3,19,0.0001,512,256,512,256,6,True,14,12.586331344410674,19.415000244592086,24.934149317349362,-5.519149072757272,-36.72898804672251,-47.62946948951726,0.10480310853473261,0.6054925056360088,0.26666666666666666,0.1434314594080305,2.2360664149309812,0.319091796875,1.1062713949439756e-23,0.04296875,0.046875
provenance,Summary,3,19,0.001,512,256,512,256,6,True,12,15.746624686921571,15.368348637133963,20.667651769276695,-5.29930313214273,-29.191736528630834,-39.720861366074125,0.09824256209616979,0.6396629757890259,0.26666666666666666,0.14343145940803048,2.236067806603644,0.2841796875,8.68530400755666e-19,0.04296875,0.0625
provenance,Summary,3,20,1e-06,512,256,512,256,6,True,13,9.395678718288444,27.87902775596352,33.30227134744119,-5.423243591477672,-53.09018706040359,-63.874607544003396,0.1491379890987952,0.5055082078401602,0.26666666666666666,0.11607021255116426,2.2358557414509455,0.30517578125,1.1720805595235497e-21,0.00390625,0.0078125
provenance,Summary,3,20,0.0001,512,256,512,256,6,True,15,11.501857526398412,19.30517232051385,24.68238994306062,-5.377217622546772,-36.52702775430711,-47.253622096280886,0.14113233832243177,0.46261139613464264,0.26666666666666666,0.1160702125511643,2.2360658175567627,0.282958984375,1.2555774140440586e-18,0.00390625,0.05078125
provenance,Summary,3,20,0.001,512,256,512,256,6,True,12,14.286720969843117,15.31368393077901,20.4482898590785,-5.134605928299488,-28.800269425306702,-39.09571481677969,0.13407296079155828,0.4883326115280202,0.26666666666666666,0.11607021255116427,2.2360677271160423,0.279296875,3.754688541083612e-18,0.02734375,0.06640625
provenance,Summary,3,21,1e-06,512,256,512,256,6,True,13,7.476409184258429,26.48364138584018,31.431696146162864,-4.948054760322686,-51.859380114754146,-62.240977989615914,0.17064158986763622,0.9017409131775893,0.2,0.13277302437283256,2.2358565917626643,0.25634765625,2.541863372502452e-15,0.0,0.0078125
provenance,Summary,3,21,0.0001,512,256,512,256,6,True,14,9.166279828365493,18.46473313211552,23.30485859109386,-4.8401254589783385,-35.493385807083506,-45.69964347360417,0.161799581279911,0.7059492526242488,0.2,0.13277302437283256,2.2360658390220247,0.218017578125,3.6540470236176825e-11,0.0078125,0.03515625
provenance,Summary,3,21,0.001,512,256,512,256,6,True,13,11.432493467167053,14.721811767458213,19.329110375169275,-4.60729860771106,-27.761557400110227,-37.560043459483595,0.15460743204016203,0.5932846081562492,0.2,0.1327730243728326,2.2360677411840175,0.2275390625,3.942266471938523e-12,0.015625,0.0390625
provenance,Summary,3,22,1e-06,512,256,512,256,6,True,14,12.015466035656951,28.112078377918046,33.47126285776759,-5.359184479849544,-52.68066814081159,-62.94670765520385,0.13200430870013707,0.674406972601912,0.26666666666666666,0.14738687257053737,2.2357845096578854,0.339111328125,9.02679665306023e-27,0.00390625,0.02734375
provenance,Summary,3,22,0.0001,512,256,512,256,6,True,15,14.90832090795089,19.546380507677725,24.811188321417248,-5.264807813739524,-36.84060961134478,-47.056318324523566,0.1245406520125173,0.6100241556204312,0.26666666666666666,0.1473868725705373,2.236065096116744,0.30322265625,2.214566328259704e-21,0.0234375,0.0390625
provenance,Summary,3,22,0.001,512,256,512,256,6,True,12,18.846752790664024,15.58172655576324,20.56977755420989,-4.988050998446651,-29.512284280059145,-39.331553863323066,0.11802305858919324,0.6072848250995655,0.26666666666666666,0.1473868725705373,2.236067646713722,0.290283203125,1.3407432285788124e-19,0.03125,0.0546875
provenance,Summary,3,23,1e-06,512,256,512,256,6,True,16,14.09434529931302,30.26222803973317,35.833158055297126,-5.570930015563955,-55.688864347585096,-66.25073751680358,0.13152524536473437,0.688784712113102,0.26666666666666666,0.12111461423062371,2.2358625255712927,0.412841796875,5.359598745464667e-40,0.015625,0.03515625
provenance,Summary,3,23,0.0001,512,256,512,256,6,True,16,17.597986285059523,20.901840155952108,26.315986797595407,-5.414146641643301,-38.83528226128422,-49.26947405743795,0.12493253496499711,0.6695726664187732,0.26666666666666666,0.12111461423062371,2.2360658924795196,0.375244140625,7.010755584590728e-33,0.03515625,0.05078125
provenance,Summary,3,23,0.001,512,256,512,256,6,True,13,22.463768940072452,16.586820316659708,21.69357164871845,-5.106751332058741,-31.10347353939649,-41.0558380889867,0.11891133728548657,0.6872789260785697,0.26666666666666666,0.12111461423062374,2.2360677411082657,0.3544921875,2.7550328529587116e-29,0.04296875,0.0625
provenance,Summary,3,24,1e-06,512,256,512,256,6,True,13,12.820734206682639,29.752377440348656,35.30512180519743,-5.552744364848765,-57.468856805990946,-68.42455462403376,0.11385441671129731,0.7121163435657137,0.26666666666666666,0.15803374610731308,2.2358109894901723,0.3623046875,1.3008714114825123e-30,0.0234375,0.0390625
provenance,Summary,3,24,0.0001,512,256,512,256,6,True,14,15.99728650556878,20.668461533689293,26.06982029617786,-5.401358762488567,-39.76466730910912,-50.524365059397226,0.10725933507859302,0.6993405151019524,0.26666666666666666,0.15803374610731308,2.2360653518481293,0.316650390625,2.5486246837508747e-23,0.03515625,0.046875
provenance,Summary,3,24,0.001,512,256,512,256,6,True,12,20.515497269621317,16.43458755680817,21.55275715408758,-5.118169597279407,-31.499074329485936,-41.785334537761415,0.10151567378537563,0.7170194475679836,0.26666666666666666,0.15803374610731322,2.236067663890766,0.30908203125,3.2395513399158893e-22,0.04296875,0.0546875
provenance,Summary,3,25,1e-06,512,256,512,256,6,True,13,13.610180839016433,28.73351058240785,34.1673159162834,-5.4338053338755525,-58.87440781844315,-69.56217304093425,0.06682749818318211,0.7805450052183666,0.2,0.09347072452320071,2.2358154387314686,0.29736328125,1.454467066293749e-20,0.03125,0.06640625
provenance,Summary,3,25,0.0001,512,256,512,256,6,True,15,17.16160579067515,19.8843547925563,25.15258148868442,-5.268226696128119,-40.892344573120205,-51.23608157770681,0.06644092318939762,0.8020652070467668,0.2,0.09347072452320071,2.2360654033550875,0.24072265625,1.5320738190794992e-13,0.0625,0.08984375
provenance,Summary,3,25,0.001,512,256,512,256,6,True,12,22.42038882019335,15.712064797387807,20.726581228215583,-5.0145164308277765,-32.43003456285342,-42.25236645829419,0.06329675527913722,0.8279143272823387,0.2,0.09347072452320072,2.2360676754913227,0.220458984375,2.0841510680861185e-11,0.07421875,0.109375
provenance,Summary,3,26,1e-06,512,256,512,256,6,True,14,10.205394580967655,27.079373917769644,32.395672445888096,-5.316298528118452,-51.85721952363057,-62.5642500919773,0.1437989285466846,0.7256849681322484,0.3333333333333333,0.10532271157478759,2.2357360190003166,0.2666015625,1.487307840550272e-16,0.0078125,0.01953125
provenance,Summary,3,26,0.0001,512,256,512,256,6,True,15,12.547527905963296,18.9588594372825,24.218577295944662,-5.259717858662165,-36.316362658702246,-46.97879187369607,0.14106209168113937,0.6845143726942831,0.3333333333333333,0.10532271157478762,2.2360645851024397,0.21533203125,6.725697039230967e-11,0.015625,0.03515625
provenance,Summary,3,26,0.001,512,256,512,256,6,True,12,15.742264260245054,15.146116999998881,20.18462687489192,-5.0385098748930375,-28.963836003523923,-39.207375577967056,0.1372119653472187,0.682646632368605,0.3333333333333333,0.10532271157478766,2.2360675717162652,0.247802734375,2.4734690030639702e-14,0.03515625,0.05078125
provenance,Summary,3,27,1e-06,512,256,512,256,6,True,14,12.000900972277691,26.61331556525665,31.86238267222788,-5.249067106971237,-53.21878937236045,-63.710672294294206,0.11118476571393404,0.6622227034219501,0.26666666666666666,0.13709765201250762,2.2358333039011034,0.246826171875,3.191419690223411e-14,0.015625,0.01953125
provenance,Summary,3,27,0.0001,512,256,512,256,6,True,15,14.865186466889694,18.697332004951424,23.88341027478417,-5.186078269832745,-37.19840808674599,-47.63066879349134,0.10346078264730121,0.6688021461496217,0.26666666666666666,0.1370976520125076,2.2360655959019664,0.22216796875,1.4013697096949277e-11,0.01953125,0.0625
provenance,Summary,3,27,0.001,512,256,512,256,6,True,12,18.76545006331479,15.023244534668057,19.95478720917199,-4.93154267450393,-29.779814231658435,-39.73312690611009,0.09739602413702123,0.6978010105204827,0.26666666666666666,0.13709765201250762,2.2360677074901116,0.211181640625,1.7002318362351097e-10,0.0390625,0.09375
provenance,Summary,3,28,1e-06,512,256,512,256,6,True,14,7.149053435033725,20.72709095282238,25.52586012024232,-4.798769167419939,-39.791200154885445,-48.8478520411315,0.1827878877369936,0.6211692988615767,0.26666666666666666,0.09424667162104518,2.235841763175882,0.18212890625,6.654149925269618e-08,0.0,0.00390625
provenance,Summary,3,28,0.0001,512,256,512,256,6,True,14,8.616326355024718,14.766779276657287,19.53980840651888,-4.773029129861591,-28.54191840497807,-37.64394470651792,0.18225557662355996,0.6326423047016663,0.26666666666666666,0.09424667162104523,2.236065696394216,0.15478515625,8.025683786331283e-06,0.00390625,0.03125
provenance,Summary,3,28,0.001,512,256,512,256,6,True,12,10.295869914116317,11.973173273141219,16.548099492696593,-4.574926219555376,-23.29557787600641,-32.07186655735213,0.1797922995066295,0.6578248099957604,0.26666666666666666,0.09424667162104523,2.236067732156181,0.186767578125,2.7266944420972877e-08,0.0234375,0.05078125
provenance,Summary,3,29,1e-06,512,256,512,256,6,True,14,9.209925376115867,24.54292942166309,29.601153766630265,-5.058224344967178,-53.159950694829284,-63.79225664988656,0.10312741116503826,0.6937728760869278,0.4,0.10519738397422253,2.235885551563772,0.186767578125,2.7266944420972877e-08,0.0078125,0.04296875
provenance,Summary,3,29,0.0001,512,256,512,256,6,True,14,11.295119340899364,17.29412230269115,22.31164355058634,-5.017521247895187,-36.7233060482331,-47.27257484114081,0.10471935236644087,0.7261445157965535,0.4,0.10519738397422253,2.2360661354680893,0.16552734375,1.3426447331666476e-06,0.04296875,0.0703125
provenance,Summary,3,29,0.001,512,256,512,256,6,True,12,14.058990841397272,13.893605190183695,18.67433120822592,-4.7807260180422215,-29.062681220431205,-39.14015210975317,0.1031433590504704,0.7595363131656282,0.4,0.10519738397422265,2.2360677770846724,0.163330078125,1.9548641880835414e-06,0.0625,0.08984375
provenance,Summary,3,30,1e-06,512,256,512,256,6,True,14,6.240535640688454,23.170053181695618,28.25286711173721,-5.08281393004159,-41.33960081380004,-50.93909721686129,0.23257379692118457,0.6763673385417537,0.26666666666666666,0.07736363149051616,2.2358409088076114,0.24853515625,2.0417166678301408e-14,0.0,0.0
provenance,Summary,3,30,0.0001,512,256,512,256,6,True,15,7.549231107470928,15.915206679860697,20.87512482477849,-4.959918144917796,-29.01562723975915,-38.63737626746418,0.2328465161818235,0.6563523053333229,0.26666666666666666,0.0773636314905162,2.2360656860918335,0.20703125,4.218322937183862e-10,0.01171875,0.02734375
provenance,Summary,3,30,0.001,512,256,512,256,6,True,13,9.12475426654668,12.536063584013618,17.246031127345724,-4.709967543332109,-23.254491838817863,-32.532807741959246,0.2287480538487237,0.6627163283558569,0.26666666666666666,0.07736363149051617,2.2360677295095646,0.22216796875,1.4013697096949277e-11,0.01953125,0.04296875
provenance,Summary,3,31,1e-06,512,256,512,256,6,True,14,3.0033561750111493,20.065269440532525,24.427047842497327,-4.361778401964805,-39.94590247952931,-48.836706716893644,0.33771483469759633,0.6994045190000447,0.13333333333333333,0.07898021025891408,2.2358841232459854,0.25830078125,1.4938362078152907e-15,0.0,0.0
provenance,Summary,3,31,0.0001,512,256,512,256,6,True,14,4.113002388617945,13.876206705441025,18.333251399105677,-4.457044693664652,-27.491409465216044,-36.643698056883856,0.31004759603749943,0.659160577730021,0.13333333333333333,0.07898021025891411,2.2360661271723843,0.210693359375,1.8939018028133455e-10,0.01171875,0.015625
provenance,Summary,3,31,0.001,512,256,512,256,6,True,14,5.324706857367897,10.994027680852739,15.393426690797803,-4.399399009945064,-21.695102832002828,-30.760320777881752,0.28998800256352025,0.6769221908457493,0.13333333333333333,0.0789802102589141,2.236067781766219,0.17041015625,5.720279893588272e-07,0.03125,0.03515625
provenance,Summary,4,0,1e-06,1024,512,1024,512,6,True,12,2.2759054744079905,24.709029104910144,29.618234025395147,-4.909204920485001,-51.623596441701686,-61.773511071565935,0.4442000615699683,0.5967573915682638,0.06666666666666667,0.06556777889175834,1.4141929179233588,0.439697265625,1.2387435856789566e-90,0.0,0.0
provenance,Summary,4,0,0.0001,1024,512,1024,512,6,True,13,2.9937972710990968,15.757883940868691,20.641976132033598,-4.88409219116491,-32.842614448378235,-43.08372042631411,0.40182140988983966,0.5522424498936201,0.06666666666666667,0.06556777889175833,1.4142133552324843,0.401123046875,7.108734339887792e-75,0.0,0.0
provenance,Summary,4,0,0.001,1024,512,1024,512,6,True,12,3.7749476254821284,11.523590853309283,16.315779926626288,-4.7921890733170045,-23.92415738203842,-34.02545175509022,0.3794011280716067,0.5652850903223742,0.06666666666666667,0.06556777889175834,1.4142135410226195,0.319580078125,5.193756476864792e-47,0.0,0.0
provenance,Summary,4,1,1e-06,1024,512,1024,512,6,True,10,7.681897112282538,13.667975869015688,16.729652529244213,-3.0616766602285272,-27.877838079611628,-34.164866714665166,0.11113107403063342,0.4651616964353117,0.2,0.19291108077379426,0.6006925394734081,0.25634765625,3.7307840631523404e-30,0.10546875,0.251953125
provenance,Summary,4,1,0.0001,1024,512,1024,512,6,True,10,9.581376141427848,11.447468967748252,14.763890902307004,-3.3164219345587522,-23.139686221004972,-29.92951933541404,0.08510292280800448,0.5004261632183961,0.2,0.19291108077379424,0.6020791291754818,0.196044921875,1.02334561823004e-17,0.0859375,0.18359375
provenance,Summary,4,1,0.001,1024,512,1024,512,6,True,10,11.678350835246942,10.396468455230085,13.814344768701151,-3.4178763134710666,-20.915213261886986,-27.890356429031833,0.07174578730448478,0.5536885737144229,0.2,0.19291108077379426,0.6143240288735153,0.1484375,2.598662355234453e-10,0.076171875,0.16015625
provenance,Summary,4,2,1e-06,1024,512,1024,512,6,True,11,14.931076157048672,24.353242770957074,28.77368250054635,-4.420439729589276,-49.33978027520181,-58.031843041438805,0.05279200033390194,0.6166636303874358,0.6666666666666666,0.1234595435037506,1.3214919778920493,0.340576171875,1.6589534577871702e-53,0.140625,0.236328125
provenance,Summary,4,2,0.0001,1024,512,1024,512,6,True,11,19.420060769416843,18.362636257584935,23.03114254994017,-4.668506292355237,-37.4620414690049,-46.72255801072118,0.047313081470199435,0.6961849894349814,0.6666666666666666,0.12345954350375055,1.3478752116411619,0.271484375,7.925177087789929e-34,0.078125,0.169921875
provenance,Summary,4,2,0.001,1024,512,1024,512,6,True,11,25.53051952814758,15.395620764868568,20.172559081656217,-4.776938316787652,-31.434989488586197,-41.05345615017704,0.05083594906789911,0.759190858609266,0.6666666666666666,0.12345954350375062,1.5193749545892252,0.225830078125,1.996225813965175e-23,0.076171875,0.16796875
provenance,Summary,4,3,1e-06,1024,512,1024,512,6,True,14,11.39250649108817,19.550284478831003,23.475693151925107,-3.9254086730941022,-39.131467506014744,-46.983878194693034,0.08277021185624642,0.510525901688368,0.5333333333333333,0.04561323695450351,2.148116048833038,0.160888671875,4.790855109816525e-12,0.015625,0.05078125
provenance,Summary,4,3,0.0001,1024,512,1024,512,6,True,14,14.065596301936697,16.12310132700872,20.469725630737845,-4.346624303729126,-32.388617713537144,-41.097089957983314,0.08146000653687234,0.5838874943067509,0.5333333333333333,0.04561323695450354,2.1879714987759424,0.088134765625,0.0006554272423109122,0.013671875,0.04296875
provenance,Summary,4,3,0.001,1024,512,1024,512,6,True,11,17.614701211038135,13.74164299480067,18.26883395461937,-4.527190959818703,-27.643915142580504,-36.64496738860807,0.08177439732426296,0.6537243672720641,0.5333333333333333,0.045613236954503554,2.225751817438004,0.11767578125,1.2363849431697971e-06,0.017578125,0.060546875
provenance,Summary,4,4,1e-06,1024,512,1024,512,6,True,14,8.129194384383233,19.39183865347811,23.257972848784597,-3.8661341953064863,-39.736437485244736,-47.78962911518153,0.10790798077470552,0.33978858072541074,0.4,0.046782594892010705,2.230637254502318,0.1396484375,3.576351628068465e-09,0.0,0.00390625
provenance,Summary,4,4,0.0001,1024,512,1024,512,6,True,14,10.063129721954159,15.183784469998379,19.57239721434826,-4.38861274434988,-30.725203422644885,-39.801473958157125,0.09849984186055355,0.4167330728765469,0.4,0.04678259489201072,2.235501650090063,0.13623046875,9.488717725531023e-09,0.001953125,0.00390625
provenance,Summary,4,4,0.001,1024,512,1024,512,6,True,13,12.552591389745288,12.633599595136953,16.916295480651804,-4.282695885514849,-25.373444107866295,-34.18741286112045,0.10036346747242422,0.5082808671965366,0.4,0.04678259489201074,2.236002430967849,0.12548828125,1.7368888949822497e-07,0.00390625,0.013671875
provenance,Summary,4,5,1e-06,1024,512,1024,512,6,True,14,6.211732997366303,21.899564763814183,26.44030474852038,-4.540739984706196,-41.70994894153921,-50.63388993163964,0.13037752375402709,0.31801098965207075,0.3333333333333333,0.057692059805638525,2.235829080219789,0.18701171875,3.7732989564876387e-16,0.0,0.001953125
provenance,Summary,4,5,0.0001,1024,512,1024,512,6,True,14,7.64009956901039,15.709408096231204,20.462366389715722,-4.752958293484518,-30.2246541609035,-39.692232950018195,0.1361152053285697,0.3988153487737313,0.3333333333333333,0.05769205980563857,2.236063361786034,0.16357421875,1.9393200625331913e-12,0.0,0.001953125
provenance,Summary,4,5,0.001,1024,512,1024,512,6,True,13,9.368020518564514,12.62386421546801,17.243512051160558,-4.619647835692543,-24.409747139036867,-33.64548281160526,0.14121441437997562,0.4872913190282035,0.3333333333333333,0.057692059805638574,2.2360674876038273,0.14013671875,3.104786866999481e-09,0.001953125,0.005859375
provenance,Summary,4,6,1e-06,1024,512,1024,512,6,True,13,5.985813854698573,18.25463946921731,22.774886711197436,-4.520247241980125,-34.132896388747966,-42.70613552176068,0.19860908525131088,0.36458718677134494,0.26666666666666666,0.09892951047100365,2.235922364403911,0.365966796875,5.548481557938828e-62,0.0,0.0
provenance,Summary,4,6,0.0001,1024,512,1024,512,6,True,14,7.363542815787569,13.242499267462538,17.73194290497682,-4.489443637514281,-24.892920238339826,-33.50892591089503,0.17881165168889226,0.3504254396865741,0.26666666666666666,0.09892951047100373,2.236066337090103,0.290771484375,7.788292946283473e-39,0.0,0.0
provenance,Summary,4,6,0.001,1024,512,1024,512,6,True,13,8.82553234799202,10.883628033525811,15.180524883306557,-4.296896849780746,-20.535085758670547,-28.835615489928884,0.16590500833677227,0.3986068558865334,0.26666666666666666,0.09892951047100373,2.2360678073014615,0.2626953125,1.1453284407482374e-31,0.0,0.01171875
provenance,Summary,4,7,1e-06,1024,512,1024,512,6,True,14,6.7548283468145085,17.54827542647079,22.22831840424142,-4.680042977770631,-33.1337049421049,-42.02302125902764,0.14699143354481561,0.4145073675782615,0.26666666666666666,0.11048435887784402,2.2358897527209787,0.4130859375,1.4094120891342268e-79,0.0,0.0
provenance,Summary,4,7,0.0001,1024,512,1024,512,6,True,13,8.291169793864432,12.703699688375341,17.243286193783995,-4.5395865054086535,-24.288869163808442,-33.068816520636105,0.1477153181847537,0.4140475448273808,0.26666666666666666,0.110484358877844,2.2360661732607037,0.342529296875,3.909979917416266e-54,0.0,0.0
provenance,Summary,4,7,0.001,1024,512,1024,512,6,True,13,9.861061336693894,10.476348837529393,14.797148826460091,-4.320799988930699,-20.223179562742136,-28.68619689284571,0.14942766417235373,0.4557189568710883,0.26666666666666666,0.11048435887784407,2.2360677908608646,0.265869140625,1.9395962353511898e-32,0.001953125,0.00390625
provenance,Summary,4,8,1e-06,1024,512,1024,512,6,True,14,6.399622741658429,20.819734693655583,25.59639615082306,-4.776661457167479,-37.13992161024329,-45.86804948122996,0.11929391707886478,0.32305660802917996,0.2,0.10849729846355931,2.2359392073503774,0.25390625,1.390617598662005e-29,0.0,0.0
provenance,Summary,4,8,0.0001,1024,512,1024,512,6,True,13,7.914491935592057,14.544373946778016,19.30283092658604,-4.758456979808023,-26.44217528798331,-35.260990346345466,0.1266553355292444,0.3175210620461554,0.2,0.10849729846355932,2.2360666845045936,0.183837890625,1.2855774896900971e-15,0.0,0.0
provenance,Summary,4,8,0.001,1024,512,1024,512,6,True,12,9.630248938169473,11.641162510157613,16.272247652947296,-4.631085142789681,-21.544934223421855,-30.18816877002018,0.13495680667794954,0.38284709924711124,0.2,0.1084972984635594,2.2360678434001278,0.197265625,6.200825201941585e-18,0.0,0.0078125
provenance,Summary,4,9,1e-06,1024,512,1024,512,6,True,12,5.746165939236542,18.794916957268278,23.348688729437193,-4.553771772168917,-34.58459059182303,-43.04585491590615,0.13048530073444298,0.3957687920709611,0.2,0.1408027601075787,2.2359567542662573,0.30126953125,1.02217391942583e-41,0.0,0.0
provenance,Summary,4,9,0.0001,1024,512,1024,512,6,True,14,7.004038894673378,13.287877868684006,17.76893994855218,-4.481062079868174,-24.78750904965133,-33.22248417801809,0.1402758674871607,0.3670805554035907,0.2,0.14080276010757878,2.2360668615094785,0.24658203125,6.647902661102398e-28,0.0,0.0
provenance,Summary,4,9,0.001,1024,512,1024,512,6,True,12,8.335995296688944,10.732715765938606,15.087211295475743,-4.354495529537138,-20.245292790488158,-28.491258821343234,0.14821200426835565,0.40215080762563055,0.2,0.1408027601075787,2.2360678624960966,0.231201171875,1.5168928862176186e-24,0.0,0.02734375
provenance,Summary,4,10,1e-06,1024,512,1024,512,6,True,14,5.325047605522592,20.698124470944045,25.49452699328085,-4.796402522336806,-38.55498632372745,-47.89074373797936,0.14065149522359705,0.5291303139888592,0.2,0.14911431793879285,2.235973310359551,0.202392578125,7.300841477123795e-19,0.0,0.0
provenance,Summary,4,10,0.0001,1024,512,1024,512,6,True,14,6.5432785411402925,14.221086877099374,19.004592033320126,-4.783505156220753,-26.712792373995292,-36.04276295030691,0.12960710316058366,0.4572855120944933,0.2,0.14911431793879285,2.236067027987425,0.17333984375,6.357736412035366e-14,0.0,0.0
provenance,Summary,4,10,0.001,1024,512,1024,512,6,True,13,7.949185713433053,11.266067200548683,15.917388885500943,-4.6513216849522605,-21.29555533219803,-30.384713312125903,0.12163333717667782,0.46122828568828944,0.2,0.14911431793879285,2.2360678799744447,0.17431640625,4.4670040466982274e-14,0.0,0.03125
provenance,Summary,4,11,1e-06,1024,512,1024,512,6,True,13,5.786548574373834,17.723332668841614,22.338782997866154,-4.615450329024542,-33.5588004440347,-42.40419278797138,0.14604469080699475,0.46351385076064566,0.26666666666666666,0.12963822666837244,2.2359211437352173,0.346435546875,2.1124466027438925e-55,0.0,0.0
provenance,Summary,4,11,0.0001,1024,512,1024,512,6,True,13,7.117265654392476,12.6656000253171,17.218897594829375,-4.553297569512273,-24.198457741221098,-32.952228643913394,0.15244542778826242,0.43745058752054816,0.26666666666666666,0.12963822666837244,2.236066503509672,0.272216796875,5.194991219139863e-34,0.0,0.0
provenance,Summary,4,11,0.001,1024,512,1024,512,6,True,13,8.507947667478541,10.326844235511,14.759372330334267,-4.432528094823269,-19.880382072473324,-28.390121269096404,0.15767559454615132,0.46590433490557664,0.26666666666666666,0.12963822666837252,2.2360678249893606,0.25048828125,8.579070492835889e-29,0.0,0.009765625
provenance,Summary,4,12,1e-06,1024,512,1024,512,6,True,13,8.498157682494476,14.625896535612046,19.152640322240032,-4.526743786627984,-29.35344844049518,-38.208855412691065,0.18878056755655934,0.5137511538264182,0.06666666666666667,0.11475179809912504,2.235945633795765,0.516845703125,1.2728986602667532e-127,0.00390625,0.005859375
provenance,Summary,4,12,0.0001,1024,512,1024,512,6,True,13,9.33996453318872,10.540210137630172,14.821414594522015,-4.281204456891842,-21.283528075334935,-29.613057891553602,0.20909304387482597,0.5341106353133552,0.06666666666666667,0.11475179809912506,2.2360667512496817,0.439208984375,2.010832028516841e-90,0.009765625,0.03125
provenance,Summary,4,12,0.001,1024,512,1024,512,6,True,13,10.170306193818888,8.65604319150167,12.677232829463687,-4.021189637962017,-17.574223907664578,-25.352322833496043,0.22147667791754355,0.5518913248873846,0.06666666666666667,0.11475179809912504,2.236067852350466,0.34130859375,9.659005540605267e-54,0.033203125,0.03515625
provenance,Summary,4,13,1e-06,1024,512,1024,512,6,True,16,8.003653622897478,23.072038536949783,27.922498593486754,-4.850460056536969,-45.23234792111039,-55.06554376250462,0.10856896886337361,0.7100029326673284,0.2,0.14313893945388095,2.235965370448928,0.21630859375,1.647269920922382e-21,0.0,0.015625
provenance,Summary,4,13,0.0001,1024,512,1024,512,6,True,16,9.849975527785237,16.10566879863665,21.101924108430254,-4.996255309793603,-31.486801720997907,-41.59152030791127,0.09729492862745662,0.5807299068879509,0.2,0.14313893945388098,2.236066947914441,0.19873046875,3.3846785980633645e-18,0.0234375,0.091796875
provenance,Summary,4,13,0.001,1024,512,1024,512,6,True,13,12.124817963997554,12.891356439318237,17.856788930452183,-4.965432491133946,-25.173751632191397,-35.18481761459914,0.09324304717829163,0.5318796058880633,0.2,0.143138939453881,2.236067871353654,0.212158203125,1.05986789533398e-20,0.076171875,0.111328125
provenance,Summary,4,14,1e-06,1024,512,1024,512,6,True,12,5.656697404077561,20.211616822180126,24.9196116727398,-4.707994850559675,-36.82785465214574,-45.611251642634045,0.10513544466953526,0.7289022970925413,0.2,0.1913004615244934,2.2359696858445086,0.20263671875,6.584383488011578e-19,0.0,0.0
provenance,Summary,4,14,0.0001,1024,512,1024,512,6,True,13,6.910788662225174,14.021667593016709,18.73418796982792,-4.712520376811213,-25.840793383386583,-34.649729471253785,0.11672814814331087,0.6282534171716565,0.2,0.1913004615244934,2.236066991604716,0.193603515625,2.760448299754679e-17,0.0,0.025390625
provenance,Summary,4,14,0.001,1024,512,1024,512,6,True,13,8.30538375478929,11.155936001725582,15.76015927979037,-4.6042232780647865,-20.823420850442893,-29.419786774047807,0.12552676147685693,0.5951519908129509,0.2,0.19130046152449343,2.2360678762122057,0.22998046875,2.740013083519398e-24,0.017578125,0.072265625
provenance,Summary,4,15,1e-06,1024,512,1024,512,6,True,14,3.9801783723476323,19.11921935579257,23.808946587174745,-4.689727231382175,-36.693965586013874,-46.21345244702354,0.19254578737504777,0.456353170908012,0.2,0.15313443360854562,2.235987058997372,0.235107421875,2.236711622623825e-25,0.0,0.0
provenance,Summary,4,15,0.0001,1024,512,1024,512,6,True,14,4.805919322206092,13.24629447796009,17.93741254100208,-4.691118063041989,-25.27607396143661,-34.78251015040655,0.1821069372895043,0.4271702432604294,0.2,0.1531344336085455,2.236067165967262,0.16552734375,9.950091878027965e-13,0.0,0.0
provenance,Summary,4,15,0.001,1024,512,1024,512,6,True,12,5.719517095723426,10.50403539279955,15.066375798751116,-4.562340405951567,-19.927692970909607,-29.22058280859647,0.18495846147810382,0.4493869037650409,0.2,0.15313443360854556,2.2360678942169443,0.12744140625,1.0423685684180494e-07,0.001953125,0.0234375
provenance,Summary,4,16,1e-06,1024,512,1024,512,6,True,13,4.54109258293551,20.048046016899733,24.766875626502163,-4.718829609602429,-38.99151151284647,-48.611822937066265,0.18047020683032958,0.6628018090247896,0.2,0.12542044817746603,2.2359809915146216,0.190673828125,8.928234701535841e-17,0.0,0.0
provenance,Summary,4,16,0.0001,1024,512,1024,512,6,True,13,5.567021332451295,13.880133355351806,18.58771214418406,-4.707578788832253,-26.955130550401716,-36.57048740110667,0.1678995085880033,0.5919512519822496,0.2,0.125420448177466,2.2360671050296226,0.1328125,2.4565424591987364e-08,0.0,0.0
provenance,Summary,4,16,0.001,1024,512,1024,512,6,True,11,6.7569797537292136,11.006351267169034,15.584383014502865,-4.5780317473338314,-21.331041930659076,-30.685313619066804,0.15883129266978657,0.5770777739284316,0.2,0.12542044817746603,2.236067887885966,0.1240234375,2.5340282201630983e-07,0.0,0.02734375
provenance,Summary,4,17,1e-06,1024,512,1024,512,6,True,14,5.66524158229029,21.71147452579477,26.642639715815207,-4.931165190020433,-41.97965403990379,-51.92396675536497,0.11507515977418008,0.5740695119302383,0.2,0.14233492668451173,2.2359480991593754,0.21728515625,1.0572073323003774e-21,0.0,0.0
provenance,Summary,4,17,0.0001,1024,512,1024,512,6,True,14,6.953901083567617,14.973435621095124,19.892543783943033,-4.919108162847908,-29.253898248302768,-39.29076238894001,0.1030443149137945,0.5158400133992372,0.2,0.1423349266845118,2.236066774221064,0.1923828125,4.511967059826682e-17,0.001953125,0.017578125
provenance,Summary,4,17,0.001,1024,512,1024,512,6,True,12,8.507152277081603,11.853283040005591,16.608856351819803,-4.755573311814212,-23.29731244685516,-33.123056159571824,0.09400992066276707,0.5197027035020764,0.2,0.1423349266845117,2.236067853098038,0.173583984375,5.821887406240394e-14,0.009765625,0.05078125
provenance,Summary,4,18,1e-06,1024,512,1024,512,6,True,13,5.831038186205376,25.53325604239906,30.772484633015395,-5.239228590616332,-47.817241059794874,-58.38820094365643,0.1866004998855888,0.3511957208886424,0.2,0.11464093597070515,2.235943467919841,0.284912109375,2.830527496794714e-37,0.0,0.001953125
provenance,Summary,4,18,0.0001,1024,512,1024,512,6,True,14,7.117522927283194,17.537705375819726,22.74428693168918,-5.206581555869452,-33.03838565401154,-43.661667589177924,0.17724528329581582,0.2984951811783833,0.2,0.11464093597070532,2.2360667249556503,0.247802734375,3.518711533314954e-28,0.001953125,0.01953125
provenance,Summary,4,18,0.001,1024,512,1024,512,6,True,13,8.727975134685925,13.748063248528188,18.816197947713206,-5.06813469918502,-25.939700365414577,-36.37751630665885,0.16990814718151037,0.34979084381050163,0.2,0.11464093597070522,2.23606784545876,0.22021484375,2.760036456009608e-22,0.0078125,0.029296875
provenance,Summary,4,19,1e-06,1024,512,1024,512,6,True,13,8.595913749732036,25.963539559602708,31.344510902317772,-5.380971342715065,-50.402538926704864,-61.16815467628369,0.15261335967848672,0.6321942106845797,0.4,0.16352089882078627,2.235929412303514,0.283447265625,6.864652695231892e-37,0.005859375,0.037109375
provenance,Summary,4,19,0.0001,1024,512,1024,512,6,True,14,10.592974231435289,18.10357680324776,23.51125099462245,-5.407674191374691,-35.19064276247081,-46.10381912407575,0.14403154548659242,0.634015355464916,0.4,0.1635208988207864,2.236066582923989,0.248046875,3.0970651694355607e-28,0.033203125,0.08984375
provenance,Summary,4,19,0.001,1024,512,1024,512,6,True,11,13.176788439149469,14.405217238422171,19.669934192686362,-5.264716954264193,-28.029494106191294,-38.70903341290602,0.13695619740445292,0.6618808589797031,0.4,0.16352089882078633,2.236067829913357,0.227783203125,7.877660797418948e-24,0.052734375,0.10546875
provenance,Summary,4,20,1e-06,1024,512,1024,512,6,True,13,7.358959693044476,26.710460618081914,32.041747292749946,-5.331286674668028,-50.36917445969481,-60.93165827464544,0.16425360731052316,0.42452193349919515,0.26666666666666666,0.10636778906793833,2.235897073344273,0.30126953125,1.02217391942583e-41,0.0,0.0078125
provenance,Summary,4,20,0.0001,1024,512,1024,512,6,True,13,9.004271770957626,18.43781158940068,23.739376669770728,-5.301565080370048,-34.859567740627824,-45.43262166267729,0.15515074312585153,0.42418116043282084,0.26666666666666666,0.1063677890679383,2.2360662482889606,0.29541015625,4.282679726273055e-40,0.00390625,0.03515625
provenance,Summary,4,20,0.001,1024,512,1024,512,6,True,12,11.129724460054184,14.523843820403496,19.63784500721748,-5.114001186813979,-27.47759733843807,-37.73302325019039,0.14761413120520717,0.4772917432429305,0.26666666666666666,0.10636778906793833,2.2360677861469824,0.269775390625,2.1132080406398733e-33,0.017578125,0.060546875
provenance,Summary,4,21,1e-06,1024,512,1024,512,6,True,13,6.138764299563693,24.811932418994527,29.987831707157667,-5.175899288163144,-46.70565476373579,-56.46950377696948,0.14052852881167435,0.6353415910914302,0.2,0.14984294791249247,2.2359468510332237,0.27978515625,6.153954831417311e-36,0.0,0.01953125
provenance,Summary,4,21,0.0001,1024,512,1024,512,6,True,14,7.536934026156432,16.952068603708,22.076238904682494,-5.1241703009744946,-32.40456558881976,-42.148333825548455,0.12977427617120835,0.6179921205538991,0.2,0.14984294791249253,2.236066758762863,0.25830078125,1.2897111443722832e-30,0.01953125,0.060546875
provenance,Summary,4,21,0.001,1024,512,1024,512,6,True,12,9.337879356595629,13.204964215219825,18.159843313637396,-4.954879098417571,-25.567670092618982,-35.07611637230205,0.12191746177972348,0.6360546389498374,0.2,0.14984294791249245,2.2360678488158885,0.241943359375,7.235859738505408e-27,0.041015625,0.08203125
provenance,Summary,4,22,1e-06,1024,512,1024,512,6,True,15,9.839414601256994,26.27835807564637,31.38830907762495,-5.109951001978578,-51.19412756120215,-61.42698702206758,0.09654020404849852,0.45187773623394867,0.26666666666666666,0.12195830400406914,2.2358808102569183,0.2978515625,9.120344342543433e-41,0.001953125,0.033203125
provenance,Summary,4,22,0.0001,1024,512,1024,512,6,True,14,12.197585924077094,18.26997061873255,23.369721224499813,-5.099750605767262,-35.75611096732288,-46.013172409227266,0.08856827713232926,0.45449056002825006,0.26666666666666666,0.12195830400406917,2.2360660885807553,0.249755859375,1.2626996325271497e-28,0.033203125,0.05859375
provenance,Summary,4,22,0.001,1024,512,1024,512,6,True,13,15.3586984551035,14.539779027864618,19.472676411503677,-4.932897383639062,-28.510750383976287,-38.46888718665457,0.08205440569013414,0.5107444043183915,0.26666666666666666,0.12195830400406918,2.2360677728836866,0.22314453125,7.071483800951802e-23,0.044921875,0.076171875
provenance,Summary,4,23,1e-06,1024,512,1024,512,6,True,13,10.30480547082465,27.75215881907918,32.81125261577303,-5.0590937966938485,-51.89069451534206,-62.15777404571892,0.11889874999954955,0.6059275302306394,0.2,0.11848298045054534,2.2358259459111443,0.337890625,1.1921128015084022e-52,0.0,0.013671875
provenance,Summary,4,23,0.0001,1024,512,1024,512,6,True,14,12.830246618339144,19.430080329097258,24.447097847634545,-5.017017518537283,-36.42953896141657,-46.70006918678953,0.11072558645090844,0.3990859363708357,0.2,0.11848298045054534,2.2360655298173557,0.294921875,5.82554266716305e-40,0.01171875,0.029296875
provenance,Summary,4,23,0.001,1024,512,1024,512,6,True,13,16.214777421044598,15.58808643167285,20.40323539769227,-4.8151489660194216,-29.18465723302403,-39.161814608506134,0.10629766468417783,0.3388652771984466,0.2,0.11848298045054535,2.236067707783463,0.27197265625,5.9811541169649045e-34,0.0234375,0.044921875
provenance,Summary,4,24,1e-06,1024,512,1024,512,6,True,13,10.659804197759584,30.15519774492745,35.68013073905676,-5.5249329941293155,-57.3346646290055,-68.26285163224284,0.11322229625685012,0.5529837989786557,0.2,0.11171911450791361,2.2358619871985623,0.400390625,1.3627864194458196e-74,0.005859375,0.01953125
provenance,Summary,4,24,0.0001,1024,512,1024,512,6,True,13,13.309359994393853,20.826024208480774,26.230051508573236,-5.404027300092461,-39.55265662792677,-50.333763345415335,0.10627671267424393,0.5020112842016201,0.2,0.11171911450791365,2.2360658784161793,0.368896484375,5.268688754634005e-63,0.017578125,0.0390625
provenance,Summary,4,24,0.001,1024,512,1024,512,6,True,12,17.041489163319092,16.401820667230588,21.574163577399204,-5.1723429101686165,-31.087760418260615,-41.50549211325863,0.10046870187651438,0.5299019412368736,0.2,0.11171911450791351,2.2360677317190167,0.334716796875,1.198879235477053e-51,0.0234375,0.048828125
provenance,Summary,4,25,1e-06,1024,512,1024,512,6,True,14,11.076948431015051,29.7656418565484,35.0795899549292,-5.313948098380803,-59.879640501921116,-70.48224929854328,0.07271842636125456,0.6442537895849024,0.26666666666666666,0.12837340027174712,2.235862991042446,0.311279296875,1.4382761370904864e-44,0.017578125,0.052734375
provenance,Summary,4,25,0.0001,1024,512,1024,512,6,True,14,14.606599917663292,20.641441245898825,25.81332302981662,-5.171881783917793,-41.455830272112266,-51.79127688293846,0.06061472446957574,0.6809975828276839,0.26666666666666666,0.12837340027174715,2.236065889853755,0.286865234375,8.620599258629493e-38,0.044921875,0.068359375
provenance,Summary,4,25,0.001,1024,512,1024,512,6,True,12,19.484961204514473,16.28241326643325,21.227884377513703,-4.945471111080454,-32.62889020708833,-42.53207352646454,0.057438773186742904,0.7316019087932655,0.26666666666666666,0.1283734002717471,2.2360677341488833,0.25732421875,2.19589362950214e-30,0.0625,0.091796875
provenance,Summary,4,26,1e-06,1024,512,1024,512,6,True,14,7.401958407136002,25.37001796765551,30.791255729620445,-5.4212377619649335,-50.15613192343585,-60.92847552858467,0.1547971950634437,0.6834815389310562,0.4,0.12654111846887417,2.235787149495052,0.228759765625,4.9331571491989974e-24,0.0,0.0078125
provenance,Summary,4,26,0.0001,1024,512,1024,512,6,True,14,9.072270911740297,17.789913704457568,23.21097622743012,-5.4210625229725515,-34.99525537702996,-45.727096310240974,0.15437919913525605,0.6870122815775089,0.4,0.12654111846887414,2.236065126441012,0.200439453125,1.660419894221681e-18,0.015625,0.0703125
provenance,Summary,4,26,0.001,1024,512,1024,512,6,True,13,11.297281322101679,14.10577787547642,19.34272346683135,-5.236945591354935,-27.641859614797823,-37.98679259667649,0.14926949789973767,0.7073222535922961,0.4,0.12654111846887414,2.2360676533662054,0.19873046875,3.3846785980633645e-18,0.041015625,0.103515625
provenance,Summary,4,27,1e-06,1024,512,1024,512,6,True,13,9.211483705590126,26.356976343335084,31.759347311377578,-5.402370968042492,-53.042279702245054,-63.77446194444254,0.12281471991931214,0.7592303415477781,0.26666666666666666,0.12026108627048354,2.235900384717295,0.27880859375,1.0987874200470017e-35,0.01171875,0.052734375
provenance,Summary,4,27,0.0001,1024,512,1024,512,6,True,14,11.396805770342796,18.28651556251343,23.634098619662012,-5.347583057148584,-36.802105034289156,-47.44678852367902,0.11446545005459796,0.7525562340190952,0.26666666666666666,0.12026108627048353,2.2360662881885274,0.2451171875,1.420178112956978e-27,0.0390625,0.09765625
provenance,Summary,4,27,0.001,1024,512,1024,512,6,True,12,14.358676031642444,14.476051099012569,19.597299657272004,-5.121248558259436,-29.107969171754846,-39.34612539763561,0.10744933064767355,0.7665299089822895,0.26666666666666666,0.12026108627048356,2.2360677963725766,0.230224609375,2.4350459538637657e-24,0.07421875,0.115234375
provenance,Summary,4,28,1e-06,1024,512,1024,512,6,True,13,5.867708603374603,20.921266600076798,25.550075548542694,-4.628808948465893,-40.29491282343335,-49.50364000113865,0.210570928315857,0.4751548963260446,0.4,0.13729573712874937,2.2358450505980856,0.241943359375,7.235859738505408e-27,0.0,0.001953125
provenance,Summary,4,28,0.0001,1024,512,1024,512,6,True,14,7.166855464735945,14.959342138570872,19.567165589063844,-4.607823450492974,-28.60412562055035,-37.770537839652576,0.19218252077810016,0.4363489210463665,0.4,0.1372957371287494,2.236065729768203,0.176513671875,2.0039675385623238e-14,0.001953125,0.00390625
provenance,Summary,4,28,0.001,1024,512,1024,512,6,True,13,8.638937082279224,12.183264852209604,16.60820734225099,-4.424942490041387,-23.121355044238317,-31.976779223641415,0.1795769085715902,0.459841357511571,0.4,0.13729573712874937,2.2360677359497387,0.143798828125,1.0581013673226298e-09,0.001953125,0.01953125
provenance,Summary,4,29,1e-06,1024,512,1024,512,6,True,14,6.22308851456271,26.580170677679284,31.805836418175996,-5.225665740496712,-53.50724102519062,-64.58115189995966,0.15924181852781724,0.5365495103390051,0.4,0.15733745304305558,2.235912351634524,0.2626953125,1.1453284407482374e-31,0.0,0.013671875
provenance,Summary,4,29,0.0001,1024,512,1024,512,6,True,13,7.914184079137892,18.32423018100461,23.475742385796146,-5.151512204791539,-36.436175741563844,-47.33571312598792,0.14077482578321038,0.5364056088582857,0.4,0.15733745304305566,2.2360664071920273,0.2607421875,3.3777067540594144e-31,0.015625,0.0546875
provenance,Summary,4,29,0.001,1024,512,1024,512,6,True,11,10.011011690023398,14.453394435164245,19.40340801106561,-4.950013575901366,-28.375741441621866,-38.83439486840767,0.12847127070473513,0.580422938734938,0.4,0.15733745304305577,2.236067807646819,0.2529296875,2.3450211614904782e-29,0.029296875,0.0859375
provenance,Summary,4,30,1e-06,1024,512,1024,512,6,True,14,5.35205629123095,21.612311603683118,26.543209308968336,-4.930897705285222,-40.89433463093146,-50.63796818675462,0.2374614781974709,0.6683233017923801,0.26666666666666666,0.1266037010615598,2.235865018261055,0.1884765625,2.1273609474872171e-16,0.0,0.0
provenance,Summary,4,30,0.0001,1024,512,1024,512,6,True,13,6.497384868962765,15.073556258381807,19.943336315686516,-4.869780057304709,-28.57045913886587,-38.23746734931032,0.22214334641937228,0.6090781010361203,0.26666666666666666,0.12660370106155983,2.236065933096398,0.1630859375,2.288523679795535e-12,0.0,0.021484375
provenance,Summary,4,30,0.001,1024,512,1024,512,6,True,13,7.880466273904151,12.000407240181579,16.671807961041132,-4.671400720859551,-22.753445159148203,-32.07343395119955,0.2123850222542407,0.5977635189058402,0.26666666666666666,0.12660370106155985,2.2360677596057146,0.155517578125,2.7926918452185234e-11,0.013671875,0.0390625
provenance,Summary,4,31,1e-06,1024,512,1024,512,6,True,14,2.8317263508331347,19.427739709405024,23.71329460682301,-4.285554897417982,-38.11860341268297,-46.38235008939493,0.34961565366467495,0.6894040816833269,0.2,0.08047165750866968,2.235914604931755,0.27294921875,3.401194099550704e-34,0.0,0.0
provenance,Summary,4,31,0.0001,1024,512,1024,512,6,True,14,3.856796064138023,13.468587873942067,17.94846260694643,-4.479874733004358,-26.2932107600328,-34.99867373176465,0.31363691230104895,0.6479972646160925,0.2,0.08047165750866964,2.2360664357916136,0.22998046875,2.740013083519398e-24,0.0,0.0
provenance,Summary,4,31,0.001,1024,512,1024,512,6,True,13,4.95977401790619,10.685814897418354,15.14168942071796,-4.455874523299605,-20.791295848510806,-29.49824470884018,0.29523413340666044,0.6631028838560163,0.2,0.08047165750866965,2.2360678160855216,0.17431640625,4.4670040466982274e-14,0.00390625,0.03125
provenance,Summary,5,0,1e-06,2048,1024,1024,1024,6,True,11,2.345591152537767,24.734011112469563,29.753702686384344,-5.019691573914775,-50.7230074294252,-60.99163993463808,0.4267654054755998,0.5817652980602164,0.06666666666666667,0.06095075716480938,1.4141957415174062,0.465087890625,2.0080120379125102e-203,0.0,0.0
provenance,Summary,5,0,0.0001,2048,1024,1024,1024,6,True,13,3.0677392772899297,15.811358447048516,20.817288612609005,-5.005930165560489,-32.475294260101336,-42.84267664100735,0.38685494260372455,0.5663266869108404,0.06666666666666667,0.060950757164809376,1.4142133835693576,0.42529296875,1.4164927190662356e-168,0.0,0.0
provenance,Summary,5,0,0.001,2048,1024,1024,1024,6,True,12,3.8406956923620594,11.571679401646385,16.503004896762675,-4.931325495116294,-23.790781984362784,-34.061358891944074,0.36739906587068927,0.591742950493495,0.06666666666666667,0.06095075716480936,1.414213543948353,0.38720703125,1.0523150252268533e-138,0.0,0.0
provenance,Summary,5,1,1e-06,2048,1024,1024,1024,6,True,9,7.37754552673109,13.512120165481775,16.535860875601706,-3.0237407101199274,-28.662754686710848,-34.984191505596925,0.0898092958430998,0.4641384394744854,0.2,0.19047025451748636,0.6593603418533966,0.273193359375,5.0727018115098246e-68,0.1005859375,0.2314453125
provenance,Summary,5,1,0.0001,2048,1024,1024,1024,6,True,10,9.129650983183359,11.362656240989438,14.67828978537433,-3.3156335443848928,-23.696127246570875,-30.536407438360712,0.05958194405858903,0.5046005583089611,0.2,0.19047025451748645,0.6611529623513243,0.174072265625,1.3204556111328597e-27,0.0888671875,0.1767578125
provenance,Summary,5,1,0.001,2048,1024,1024,1024,6,True,10,11.068623024586143,10.322973586812815,13.789420669676801,-3.4664470828639855,-21.272313569174642,-28.3666682489362,0.05359607085383836,0.5582704089787984,0.2,0.19047025451748645,0.6769371570965953,0.11474609375,3.3483445967418806e-12,0.080078125,0.1552734375
provenance,Summary,5,2,1e-06,2048,1024,1024,1024,6,True,11,14.009618391660645,22.146372959850574,26.30979221585733,-4.163419256006752,-48.327699823158454,-56.82307956304071,0.05990011662292023,0.6243178889810267,0.6666666666666666,0.13253968762342155,1.2668534972159105,0.29638671875,3.138898305324613e-80,0.126953125,0.2529296875
provenance,Summary,5,2,0.0001,2048,1024,1024,1024,6,True,11,18.263768825114013,17.2957372671798,21.840250801115275,-4.544513533935478,-36.977430221041914,-46.27043748047806,0.05581582817534492,0.6966337434484058,0.6666666666666666,0.13253968762342155,1.2849599908765612,0.182373046875,2.812272970461465e-30,0.1083984375,0.1875
provenance,Summary,5,2,0.001,2048,1024,1024,1024,6,True,11,23.914041417872237,14.767880190251546,19.489860537102793,-4.721980346851247,-31.147875347202344,-40.88650835515125,0.057502487452902706,0.7554927290033644,0.6666666666666666,0.13253968762342147,1.4134300266932305,0.143798828125,6.107702812648459e-19,0.08984375,0.1630859375
provenance,Summary,5,3,1e-06,2048,1024,1024,1024,6,True,13,11.996107682587526,17.83139908555492,21.607903876587976,-3.7765047910330583,-40.08056809588582,-48.004404177921316,0.1290148553367892,0.631805301158112,0.6666666666666666,0.07865083153893244,2.11794026429598,0.20751953125,3.719423319962731e-39,0.04296875,0.111328125
provenance,Summary,5,3,0.0001,2048,1024,1024,1024,6,True,13,14.805079395163492,15.221488996655264,19.439479263812707,-4.217990267157443,-32.99725257765177,-41.666556931404216,0.12493538560091773,0.6776322802268048,0.6666666666666666,0.07865083153893244,2.155283948355621,0.09521484375,1.567910033926746e-08,0.04296875,0.091796875
provenance,Summary,5,3,0.001,2048,1024,1024,1024,6,True,11,18.543868654676636,13.187289244821631,17.71429482887315,-4.527005584051521,-28.1435229040095,-37.02459570097061,0.12251018616353901,0.7256203729613703,0.6666666666666666,0.07865083153893249,2.213743089222679,0.123779296875,3.925636664949228e-14,0.056640625,0.103515625
provenance,Summary,5,4,1e-06,2048,1024,1024,1024,6,True,14,8.153569022291427,18.240111412623317,22.045875024534993,-3.805763611911676,-40.38571440787408,-48.4663851416177,0.1510221174985398,0.5017160280496632,0.4,0.0572960468361323,2.228178555520101,0.197509765625,1.764703637869718e-35,0.0029296875,0.03515625
provenance,Summary,5,4,0.0001,2048,1024,1024,1024,6,True,15,10.069691370888478,14.557859477761841,18.981017293122463,-4.423157815360623,-31.225426513400738,-40.17943294066097,0.14643400206872867,0.5582553020219329,0.4,0.0572960468361323,2.234506662375445,0.104248046875,3.8309165973470304e-10,0.005859375,0.046875
provenance,Summary,5,4,0.001,2048,1024,1024,1024,6,True,13,12.567115885642576,12.066063604704556,16.459387952464574,-4.393324347760014,-25.713155298643578,-34.440165424121545,0.14386161849597273,0.6230676730210847,0.4,0.05729604683613227,2.235870850762319,0.112548828125,9.379100976846719e-12,0.03125,0.076171875
provenance,Summary,5,5,1e-06,2048,1024,1024,1024,6,True,14,6.665233940244743,19.86233714892095,24.155108166520755,-4.292771017599801,-39.70084290263149,-48.25642094468031,0.11788411978744688,0.39483331845209046,0.4,0.08226227949181103,2.235393942702135,0.127197265625,6.6785319560061816e-15,0.0,0.0009765625
provenance,Summary,5,5,0.0001,2048,1024,1024,1024,6,True,13,8.205041174915442,14.810873272402837,19.488800926205705,-4.677927653802868,-29.584886257511666,-38.690190007206795,0.12229423251744716,0.4451728394504444,0.4,0.08226227949181109,2.2360427110275007,0.114501953125,3.758072056192224e-12,0.0009765625,0.0068359375
provenance,Summary,5,5,0.001,2048,1024,1024,1024,6,True,11,10.04803417081268,12.061461972735838,16.62363049455731,-4.562168521821471,-24.191201960718708,-33.116969925346396,0.12660794905038947,0.5152894495306914,0.4,0.08226227949181113,2.2360652802864815,0.128662109375,3.0797259045738463e-15,0.0048828125,0.025390625
provenance,Summary,5,6,1e-06,2048,1024,1024,1024,6,True,13,5.965764254204874,17.35292328846214,21.596130498369916,-4.243207209907778,-33.639379215275156,-42.01495018728428,0.2014367395344099,0.4045068566146897,0.3333333333333333,0.1058565474035375,2.2359499080243816,0.3330078125,1.009839480329538e-101,0.0,0.0
provenance,Summary,5,6,0.0001,2048,1024,1024,1024,6,True,14,7.237775070382076,12.829837080605355,17.147654557634503,-4.31781747702915,-24.79587315735176,-33.28439357751617,0.18355462331200506,0.3888604123941512,0.3333333333333333,0.10585654740353753,2.2360662899778316,0.27880859375,7.043078114329337e-71,0.0,0.0009765625
provenance,Summary,5,6,0.001,2048,1024,1024,1024,6,True,12,8.57555699796448,10.60178708970587,14.750147557497545,-4.148360467791676,-20.465445707990526,-28.659257239093947,0.17297125719395914,0.42555465877032134,0.3333333333333333,0.10585654740353755,2.236067802332787,0.24462890625,1.9172631031906033e-54,0.0009765625,0.0087890625
provenance,Summary,5,7,1e-06,2048,1024,1024,1024,6,True,14,6.991285264504696,16.24688600503176,20.79493749614702,-4.548051491115267,-31.70367683912375,-40.13710343726784,0.1418515964823878,0.44635713337155414,0.26666666666666666,0.12076024521657922,2.2359061288462545,0.446044921875,2.8603838514909e-186,0.0,0.0
provenance,Summary,5,7,0.0001,2048,1024,1024,1024,6,True,15,8.419952919614394,11.907217029910925,16.278339516828893,-4.371122486917968,-23.36264693616334,-31.554633490827996,0.1396252069941078,0.4524622372154824,0.26666666666666666,0.12076024521657916,2.236066225972572,0.345703125,8.041250956802626e-110,0.0,0.0009765625
provenance,Summary,5,7,0.001,2048,1024,1024,1024,6,True,12,9.827753908047818,9.89026875129755,14.039154081514303,-4.148885330216753,-19.472386378316656,-27.307024421175225,0.14183062106292377,0.48672097892062355,0.26666666666666666,0.12076024521657924,2.2360677969404814,0.27490234375,6.953093616492915e-69,0.0009765625,0.0029296875
provenance,Summary,5,8,1e-06,2048,1024,1024,1024,6,True,14,5.825105284599975,18.221827799194845,22.5144589487004,-4.292631149505554,-36.00086693357601,-44.693652402578664,0.14434971533676838,0.46576125100354804,0.2,0.12079409435675346,2.2359346610115742,0.2890625,2.938444676457375e-76,0.0,0.0
provenance,Summary,5,8,0.0001,2048,1024,1024,1024,6,True,13,7.104789308463015,13.090492691420343,17.38745408966569,-4.296961398245349,-25.70699048234687,-34.404121064832616,0.1325318547801599,0.36337261267504944,0.2,0.12079409435675346,2.236066637922429,0.194580078125,1.9365265229208025e-34,0.0,0.001953125
provenance,Summary,5,8,0.001,2048,1024,1024,1024,6,True,12,8.500405136972683,10.721289123536096,14.905254478493546,-4.183965354957451,-20.919913301353674,-29.385496219154106,0.1271821153848863,0.3582338651719762,0.2,0.12079409435675345,2.236067839551197,0.132080078125,4.885827320051343e-16,0.0029296875,0.0087890625
provenance,Summary,5,9,1e-06,2048,1024,1024,1024,6,True,12,5.364250212290722,17.61611583966578,21.871299299332115,-4.255183459666333,-34.21453124495771,-42.63299178858563,0.11920272056624157,0.4452756612419165,0.2,0.14881886794421897,2.2359569202098544,0.28662109375,5.861435521028182e-75,0.0,0.0
provenance,Summary,5,9,0.0001,2048,1024,1024,1024,6,True,13,6.468616116218018,12.61107444219946,16.804858107417267,-4.193783665217809,-24.527593618658386,-32.860398952114366,0.1307292474029682,0.393537157530837,0.2,0.14881886794421897,2.2360668634257266,0.222412109375,5.633448949656057e-45,0.0,0.001953125
provenance,Summary,5,9,0.001,2048,1024,1024,1024,6,True,13,7.625150256733734,10.268141920285558,14.349235587813448,-4.081093667527888,-19.96896012305017,-28.100819720115513,0.14067002182815655,0.4078722134908023,0.2,0.14881886794421895,2.236067862923741,0.198486328125,7.876091247271715e-36,0.001953125,0.0205078125
provenance,Summary,5,10,1e-06,2048,1024,1024,1024,6,True,14,4.980068887840067,19.711352671882402,24.483430100618687,-4.772077428736286,-36.61367003249699,-45.62892619854006,0.19167745397908373,0.5556886106794525,0.2,0.147822548443618,2.2359736685323264,0.238037109375,1.551580314679546e-51,0.0,0.0
provenance,Summary,5,10,0.0001,2048,1024,1024,1024,6,True,13,6.11744248364699,13.659844491662467,18.404604703444058,-4.744760211781587,-25.449973810927922,-34.45260783675576,0.17625885493353222,0.4944713256277929,0.2,0.14782254844361792,2.2360670317491333,0.162841796875,3.4052685320551895e-24,0.0,0.0009765625
provenance,Summary,5,10,0.001,2048,1024,1024,1024,6,True,12,7.396950953287308,10.879912222878453,15.493634465196081,-4.613722242317627,-20.330907882654,-29.130220488606323,0.16943135113472982,0.4989791372100816,0.2,0.14782254844361792,2.236067880515906,0.146240234375,1.4109024110339131e-19,0.0009765625,0.0126953125
provenance,Summary,5,11,1e-06,2048,1024,1024,1024,6,True,12,5.204694570707545,16.769805344038836,21.158037164305853,-4.388231820267018,-33.15425236888909,-41.87493998027054,0.13887645092768588,0.5155880245124269,0.26666666666666666,0.1420199196488282,2.235922416114756,0.374755859375,1.2030246115578857e-129,0.0,0.0
provenance,Summary,5,11,0.0001,2048,1024,1024,1024,6,True,13,6.369959809938499,12.04451904435415,16.336838263921866,-4.292319219567718,-23.79181267540057,-32.339024016712884,0.14227374684552901,0.4435555435095068,0.26666666666666666,0.1420199196488282,2.236066516677753,0.278564453125,9.403714969571795e-71,0.0,0.0
provenance,Summary,5,11,0.001,2048,1024,1024,1024,6,True,12,7.584297077666173,9.857211416206763,14.011751704054067,-4.154540287847304,-19.41659435316345,-27.725087549903648,0.15038990612837214,0.4452691795239484,0.26666666666666666,0.1420199196488282,2.236067826712953,0.23291015625,2.482040802281331e-49,0.0,0.005859375
provenance,Summary,5,12,1e-06,2048,1024,1024,1024,6,True,13,8.550918426809258,14.586621959265063,18.971138874284,-4.384516915018942,-29.107794664070706,-37.68436432812382,0.060858330517539715,0.5174234346645962,0.06666666666666667,0.1453776005432221,2.2359545814792705,0.499755859375,5.327589236456721e-237,0.0048828125,0.0048828125
provenance,Summary,5,12,0.0001,2048,1024,1024,1024,6,True,14,9.273024275659681,10.539014279357744,14.633614079488254,-4.094599800130512,-21.022872135615117,-29.02624443043298,0.064572912204667,0.5362563020925608,0.06666666666666667,0.14537760054322216,2.236066841133641,0.449462890625,2.7730800140377732e-189,0.01171875,0.0263671875
provenance,Summary,5,12,0.001,2048,1024,1024,1024,6,True,12,10.029379028892063,8.675273333692001,12.493194312245747,-3.817920978553744,-17.303224983704503,-24.765620766750224,0.07191357260480447,0.5538345292665403,0.06666666666666667,0.14537760054322213,2.2360678617049516,0.36865234375,2.490656718554075e-125,0.0283203125,0.0322265625
provenance,Summary,5,13,1e-06,2048,1024,1024,1024,6,True,14,6.244470851776152,20.33153749324838,24.97843047798392,-4.646892984735544,-41.52123398731787,-51.03838578453863,0.09763217722110673,0.5445722275738653,0.2,0.13169464659325994,2.235973734364647,0.13525390625,8.461150554001235e-17,0.0,0.0
provenance,Summary,5,13,0.0001,2048,1024,1024,1024,6,True,14,7.594079423366398,14.397119277290361,19.200137467740042,-4.803018190449682,-29.100200402216622,-38.88304024862677,0.08050489803238604,0.4460674551570351,0.2,0.13169464659325988,2.2360670321424174,0.1083984375,6.212896255297747e-11,0.00390625,0.0224609375
provenance,Summary,5,13,0.001,2048,1024,1024,1024,6,True,13,9.15055425075129,11.665346589516444,16.435460390228716,-4.770113800712272,-23.303615713471704,-33.05142734413988,0.09089889287384936,0.42922349441268676,0.2,0.13169464659325988,2.236067880311406,0.115966796875,1.872995164567525e-12,0.015625,0.0556640625
provenance,Summary,5,14,1e-06,2048,1024,1024,1024,6,True,13,5.057700789647038,18.303023220344837,22.743112058125384,-4.440088837780548,-35.338244376051776,-43.87690068357116,0.11136491810352855,0.6576198869787859,0.2,0.1759249814268666,2.2359675978088536,0.238525390625,9.511116567603013e-52,0.0,0.0
provenance,Summary,5,14,0.0001,2048,1024,1024,1024,6,True,13,6.160114007011204,12.74233725524801,17.092462843412846,-4.350125588164838,-24.781902543602335,-33.161668011268816,0.11011497872065681,0.5766804777244907,0.2,0.17592498142686663,2.23606697083823,0.142333984375,1.4536941769332194e-18,0.0,0.0029296875
provenance,Summary,5,14,0.001,2048,1024,1024,1024,6,True,13,7.356351162153792,10.194539206234772,14.379586778898377,-4.1850475726636045,-19.926124989769896,-28.01959859423907,0.12133248932554187,0.5590315031312377,0.2,0.17592498142686652,2.236067874241858,0.140869140625,3.4288297062514728e-18,0.005859375,0.0380859375
provenance,Summary,5,15,1e-06,2048,1024,1024,1024,6,True,13,3.960858141015228,18.164728667588676,22.792152255758065,-4.627423588169389,-37.25177895610841,-46.55861298505083,0.15921291245033603,0.5725101490853772,0.2,0.16636332539227852,2.2359905695501414,0.183837890625,9.210658412695608e-31,0.001953125,0.001953125
provenance,Summary,5,15,0.0001,2048,1024,1024,1024,6,True,13,4.790319856576186,12.471136910144551,17.100001994387494,-4.628865084242945,-25.70206798363636,-34.88057658805604,0.12897301636022113,0.5625779020576371,0.2,0.16636332539227852,2.2360672013972014,0.09521484375,1.567910033926746e-08,0.001953125,0.00390625
provenance,Summary,5,15,0.001,2048,1024,1024,1024,6,True,12,5.7229347950567515,9.810131542025992,14.334507525075786,-4.524375983049795,-20.22806189911249,-29.136677309181287,0.1222378126483844,0.5833726292921992,0.2,0.16636332539227858,2.2360678980560333,0.1064453125,1.4754945866212534e-10,0.005859375,0.0439453125
provenance,Summary,5,16,1e-06,2048,1024,1024,1024,6,True,13,4.322056983855583,18.893322931825377,23.57956800765605,-4.686245075830675,-37.06294473061213,-46.29867789769468,0.16869208398658797,0.625414433786838,0.2,0.1417379546495615,2.2359890386058607,0.2314453125,1.0357840336072271e-48,0.0,0.0
provenance,Summary,5,16,0.0001,2048,1024,1024,1024,6,True,12,5.274063412520858,13.113449644476347,17.77210611823716,-4.658656473760814,-25.810798981688826,-34.96274333097944,0.15307396500170112,0.5841698398459565,0.2,0.14173795464956152,2.2360671859909282,0.124755859375,2.378459905195169e-14,0.0,0.001953125
provenance,Summary,5,16,0.001,2048,1024,1024,1024,6,True,12,6.344638138434611,10.410848810892288,14.942928403328917,-4.532079592436629,-20.507303393763177,-29.388346294502043,0.1455496769087135,0.5869358960386452,0.2,0.14173795464956163,2.2360678964276315,0.100830078125,1.6238809792137741e-09,0.001953125,0.0166015625
provenance,Summary,5,17,1e-06,2048,1024,1024,1024,6,True,14,5.394137197205246,20.70185532786853,25.61527000901457,-4.913414681146038,-41.16478393882298,-50.88853558587692,0.13248271154519176,0.6335686151943904,0.2,0.15944329967278634,2.235961511050194,0.182861328125,1.94049444713657e-30,0.0009765625,0.00390625
provenance,Summary,5,17,0.0001,2048,1024,1024,1024,6,True,15,6.612568264584413,14.2917003117406,19.20817237822637,-4.9164720664857695,-28.69465364803053,-38.4356310583525,0.12077566370513969,0.6098945496289602,0.2,0.15944329967278645,2.236066909359365,0.14990234375,1.4943833060040605e-20,0.009765625,0.0341796875
provenance,Summary,5,17,0.001,2048,1024,1024,1024,6,True,12,8.068533232506287,11.297689796341166,16.088678439015737,-4.790988642674572,-22.831010957802025,-32.31889076646821,0.11236715768402142,0.6238057343229289,0.2,0.15944329967278642,2.2360678675369265,0.122314453125,8.261997941836841e-14,0.029296875,0.0771484375
provenance,Summary,5,18,1e-06,2048,1024,1024,1024,6,True,13,5.785570726380083,24.753458921486015,30.098786758440014,-5.345327836954,-46.46275830345989,-56.75172037961919,0.1656195206534547,0.5126166799290682,0.2,0.13120139967099811,2.2359626694415167,0.2783203125,1.2552151355068646e-70,0.001953125,0.005859375
provenance,Summary,5,18,0.0001,2048,1024,1024,1024,6,True,13,7.096546169038263,16.999060026085324,22.321805976036373,-5.322745949951047,-32.19383537961499,-42.477367120183054,0.15579588544511142,0.5247712831433206,0.2,0.13120139967099817,2.2360669187003337,0.235595703125,1.7644556318964638e-50,0.0107421875,0.044921875
provenance,Summary,5,18,0.001,2048,1024,1024,1024,6,True,13,8.742324916950851,13.253785643994368,18.465274027062915,-5.211488383068547,-25.350679729108435,-35.414025820197075,0.14840951688609086,0.5693291341076286,0.2,0.13120139967099814,2.2360678664069344,0.201171875,8.386567270583948e-37,0.03125,0.0732421875
provenance,Summary,5,19,1e-06,2048,1024,1024,1024,6,True,14,7.516274701006826,26.35583268699954,31.8147534061698,-5.458920719170252,-50.090637670368466,-60.73247717492253,0.1587944507303131,0.6151480406017993,0.4,0.15968305125682447,2.2359570669519133,0.31005859375,6.221825892313182e-88,0.0068359375,0.041015625
provenance,Summary,5,19,0.0001,2048,1024,1024,1024,6,True,14,9.27682352554032,18.271926964830808,23.751580054961504,-5.479653090130698,-34.8721940850701,-45.59194171722156,0.14992694655876754,0.6285222445401406,0.4,0.15968305125682447,2.236066861663088,0.254150390625,8.584866886581646e-59,0.041015625,0.083984375
provenance,Summary,5,19,0.001,2048,1024,1024,1024,6,True,12,11.561544031854064,14.40470915239042,19.779522124588258,-5.374812972197837,-27.60760603213502,-38.11398421013412,0.1428076554476534,0.6640005192331873,0.4,0.1596830512568245,2.236067859777023,0.2431640625,8.633134299751329e-54,0.0615234375,0.1064453125
provenance,Summary,5,20,1e-06,2048,1024,1024,1024,6,True,14,6.3401130059851685,25.895683040761526,31.29593259450352,-5.400249553742,-49.37576003878017,-60.02369703757489,0.16113171077402333,0.5299855873054693,0.4,0.11775424352404103,2.2359337145121754,0.2734375,3.822066366858824e-68,0.0,0.01171875
provenance,Summary,5,20,0.0001,2048,1024,1024,1024,6,True,14,7.726604753904534,17.807051290056087,23.15932412866012,-5.3522728386040335,-34.0227127042504,-44.66020686186543,0.15157285027341577,0.5418240382953318,0.4,0.1177542435240411,2.2360666233222632,0.259521484375,2.5276876723808537e-61,0.009765625,0.0556640625
provenance,Summary,5,20,0.001,2048,1024,1024,1024,6,True,12,9.479592511348967,13.92896238509126,19.090933590743973,-5.161971205652712,-26.703009867993934,-37.02214136645236,0.14375823691539474,0.5823018600096115,0.4,0.11775424352404107,2.2360678315362463,0.230712890625,2.1084237725346752e-48,0.0361328125,0.078125
provenance,Summary,5,21,1e-06,2048,1024,1024,1024,6,True,12,5.371104558535859,24.15836470631554,29.085113177498762,-4.926748471183224,-47.127843932443454,-56.693128494264954,0.17235682416406015,0.5838707438362021,0.2,0.13768717204192432,2.2359526865421575,0.22802734375,2.7991998522244725e-47,0.0009765625,0.01171875
provenance,Summary,5,21,0.0001,2048,1024,1024,1024,6,True,13,6.666531037613933,16.72412604752391,21.61267574426597,-4.8885496967420625,-32.53497863079191,-42.0343136975156,0.15816568690137647,0.5567842917556456,0.2,0.13768717204192435,2.2360668181329992,0.190185546875,6.56771776845409e-33,0.0107421875,0.0458984375
provenance,Summary,5,21,0.001,2048,1024,1024,1024,6,True,12,8.288022246207836,13.14102189750082,17.883759784083814,-4.742737886582995,-25.498872262298093,-34.760424453697325,0.14890240393489484,0.5789814627904926,0.2,0.1376871720419243,2.236067855680624,0.18359375,1.1101012504161948e-30,0.03515625,0.0771484375
provenance,Summary,5,22,1e-06,2048,1024,1024,1024,6,True,15,8.078835537221025,25.384839253821035,30.670181196168304,-5.285341942347268,-51.01009649125915,-61.442761472069265,0.11889604303054623,0.5853124909379301,0.26666666666666666,0.12094747185081768,2.2359197704151232,0.260009765625,1.4785628341764505e-61,0.00390625,0.0400390625
provenance,Summary,5,22,0.0001,2048,1024,1024,1024,6,True,13,9.94363973744546,17.545655633703525,22.81478966408719,-5.269134030383665,-35.31996253572693,-45.69496868639774,0.11044378719996856,0.6005959721411976,0.26666666666666666,0.12094747185081758,2.236066485234707,0.218505859375,2.079470660094402e-43,0.037109375,0.0703125
provenance,Summary,5,22,0.001,2048,1024,1024,1024,6,True,12,12.41114818824636,13.827492674664423,18.938414042168958,-5.110921367504533,-27.87368164249027,-37.92192541432118,0.10365954933943942,0.640567627951728,0.26666666666666666,0.12094747185081764,2.236067818986222,0.202392578125,2.9988504186540816e-37,0.0546875,0.09765625
provenance,Summary,5,23,1e-06,2048,1024,1024,1024,6,True,14,10.435040421918371,25.481561176643055,30.663217079440592,-5.181655902797541,-51.788897167551376,-61.9798481057031,0.07568087269009684,0.7099723536332965,0.2,0.1322912750561466,2.2359282907607922,0.2470703125,1.5286879415320575e-55,0.029296875,0.056640625
provenance,Summary,5,23,0.0001,2048,1024,1024,1024,6,True,14,12.984690100479215,17.81831283808834,22.96782451269361,-5.14951167460527,-36.46995932906489,-46.590844981264624,0.06658604858923166,0.7265632206315871,0.2,0.13229127505614657,2.2360665714143915,0.20361328125,1.0654228738194131e-37,0.0498046875,0.083984375
provenance,Summary,5,23,0.001,2048,1024,1024,1024,6,True,12,16.368239842214052,14.192899140921725,19.196870601448808,-5.003971460527083,-29.28292853899741,-39.07294310449122,0.0664256287466548,0.7556395864463527,0.2,0.1322912750561466,2.2360678284920925,0.171875,6.4051855485969134e-27,0.0673828125,0.1044921875
provenance,Summary,5,24,1e-06,2048,1024,1024,1024,6,True,13,9.40131963688969,28.441899906739756,33.93547005553923,-5.493570148799476,-57.79031768062134,-68.9323021711407,0.0781058524646414,0.6817659842583009,0.2,0.12127585933590343,2.235927517993148,0.29736328125,9.101558565534354e-81,0.0205078125,0.0537109375
provenance,Summary,5,24,0.0001,2048,1024,1024,1024,6,True,14,11.71759084725789,19.571391409908106,24.964326795678595,-5.392935385770489,-39.71315960612527,-50.70093884076563,0.07106129174658934,0.6938835141562035,0.2,0.12127585933590346,2.2360665592440077,0.26513671875,4.970395538587701e-64,0.0380859375,0.0751953125
provenance,Summary,5,24,0.001,2048,1024,1024,1024,6,True,12,14.9495685288705,15.322985803735378,20.504376174675144,-5.181390370939766,-31.013151426388205,-41.647375772589996,0.07472807590033943,0.7260215705660452,0.2,0.12127585933590342,2.236067823189535,0.222412109375,5.633448949656057e-45,0.0576171875,0.0908203125
provenance,Summary,5,25,1e-06,2048,1024,1024,1024,6,True,14,10.70497708529819,28.70081793576653,34.17637512220007,-5.475557186433543,-59.86574868918232,-70.74869575923239,0.06534470028627914,0.7425415395122958,0.2,0.11646596945138801,2.235921132740575,0.281982421875,1.6032868521360909e-72,0.03515625,0.0712890625
provenance,Summary,5,25,0.0001,2048,1024,1024,1024,6,True,14,13.48082490034453,19.795880579936522,25.145606599098016,-5.349726019161494,-41.24084581748855,-51.79367586307455,0.05595147156940333,0.7678866902591999,0.2,0.11646596945138794,2.236066491794065,0.24560546875,6.993910971010586e-55,0.0615234375,0.0908203125
provenance,Summary,5,25,0.001,2048,1024,1024,1024,6,True,12,17.51223399278135,15.4598521675161,20.61705968554992,-5.157207518033819,-32.250293195196285,-42.35113733519087,0.05555177505888836,0.800099126349277,0.2,0.11646596945138805,2.236067813144333,0.235107421875,2.8602477138413496e-50,0.0810546875,0.1162109375
provenance,Summary,5,26,1e-06,2048,1024,1024,1024,6,True,13,7.32819922466186,25.435503423222308,30.962925145969653,-5.527421722747343,-50.236902557593666,-60.993968531127194,0.13861443371018223,0.6762661412493648,0.4,0.1316583455776966,2.2358675350150863,0.2451171875,1.1585943049531359e-54,0.005859375,0.0302734375
provenance,Summary,5,26,0.0001,2048,1024,1024,1024,6,True,14,8.970184473200177,17.659946612170458,23.143691373311537,-5.483744761141081,-35.02831425756188,-45.70564296153377,0.1382641727386263,0.688981359598276,0.4,0.13165834557769665,2.2360659490064423,0.216796875,9.873592647247592e-43,0.0322265625,0.072265625
provenance,Summary,5,26,0.001,2048,1024,1024,1024,6,True,13,11.157743293135681,13.865486290220115,19.156754605787043,-5.291268315566927,-27.630845561961905,-37.94025740222701,0.13336061633039942,0.7157634942703776,0.4,0.13165834557769662,2.236067752678022,0.203125,1.6129899423415906e-37,0.052734375,0.1044921875
provenance,Summary,5,27,1e-06,2048,1024,1024,1024,6,True,13,9.189994201557953,26.539791951083586,32.04399852523176,-5.504206574148176,-52.432517568697165,-62.98174618052622,0.11854955790620751,0.7121814006741594,0.4,0.13165492765668432,2.2359238200545146,0.304443359375,1.0079994852620841e-84,0.01953125,0.048828125
provenance,Summary,5,27,0.0001,2048,1024,1024,1024,6,True,14,11.331653176146492,18.356954036887167,23.79961862406063,-5.442664587173461,-36.499299607053416,-46.97254324257155,0.11023261444687418,0.7247608723923118,0.4,0.1316549276566843,2.236066523885823,0.28564453125,1.925856225974307e-74,0.048828125,0.0908203125
provenance,Summary,5,27,0.001,2048,1024,1024,1024,6,True,12,14.202541979787757,14.454179087713452,19.68201758439858,-5.227838496685128,-28.939935380386544,-39.01875854530982,0.10347891972870074,0.7509861573714153,0.4,0.13165492765668438,2.236067821150179,0.25927734375,3.303623224092758e-61,0.0634765625,0.1123046875
provenance,Summary,5,28,1e-06,2048,1024,1024,1024,6,True,13,5.928094912688907,20.038888317169683,24.838452077747824,-4.799563760578141,-41.41537990120519,-50.849885903901594,0.1567316302743069,0.6238783571955001,0.4,0.11294882152537014,2.2359177656583857,0.116943359375,1.1715448287396727e-12,0.0029296875,0.0078125
provenance,Summary,5,28,0.0001,2048,1024,1024,1024,6,True,14,7.144912900397486,14.108197770211381,18.886189526605236,-4.777991756393853,-29.234300205667058,-38.65263096391908,0.14312669637624686,0.6428886021929314,0.4,0.11294882152537015,2.236066466724831,0.114013671875,4.7305467325030476e-12,0.0244140625,0.0458984375
provenance,Summary,5,28,0.001,2048,1024,1024,1024,6,True,12,8.56844313552658,11.314349330721498,15.908344483641445,-4.593995152919945,-23.5024306782078,-32.582079845767204,0.14027489957135952,0.6723890190645345,0.4,0.11294882152537014,2.236067818556138,0.124267578125,3.057168973570448e-14,0.0361328125,0.078125
provenance,Summary,5,29,1e-06,2048,1024,1024,1024,6,True,13,7.3333038823273835,26.362580018192574,31.78316172160558,-5.420581703413003,-53.90747664173861,-64.92926361242337,0.10441682428373164,0.5996821979014378,0.4,0.12451818280910644,2.235944406822721,0.263671875,2.5606216699215534e-63,0.0048828125,0.03125
provenance,Summary,5,29,0.0001,2048,1024,1024,1024,6,True,13,8.97750491905135,18.150318400777962,23.501785525944648,-5.351467125166684,-36.89690687843173,-47.756597691508944,0.09575042837143971,0.6408393863242197,0.4,0.12451818280910643,2.236066731586632,0.248779296875,2.5621208300861606e-56,0.0283203125,0.076171875
provenance,Summary,5,29,0.001,2048,1024,1024,1024,6,True,12,11.143650958200867,14.262582042864295,19.38469974687762,-5.12211770401332,-28.84489901760139,-39.214450428439655,0.09281483855377323,0.6860919041158441,0.4,0.12451818280910637,2.2360678435862473,0.233154296875,1.954335018027739e-49,0.0634765625,0.1181640625
provenance,Summary,5,30,1e-06,2048,1024,1024,1024,6,True,14,5.1944838810342056,21.012210796405967,26.021115183096907,-5.00890438669094,-40.985124902436986,-50.680651480252095,0.23370365581482055,0.6648726092241027,0.26666666666666666,0.0864830707756879,2.235893328316053,0.1806640625,1.0222842451872755e-29,0.0,0.0
provenance,Summary,5,30,0.0001,2048,1024,1024,1024,6,True,13,6.284079994008451,14.501346047834742,19.448587309642775,-4.947241261808033,-28.46878877403409,-38.1219836519431,0.21913313191096417,0.6444693388028201,0.26666666666666666,0.086483070775688,2.236066220723285,0.15576171875,3.658015076895767e-22,0.00390625,0.0244140625
provenance,Summary,5,30,0.001,2048,1024,1024,1024,6,True,12,7.590535041748561,11.421358731164894,16.170484749040014,-4.749126017875117,-22.569988929592704,-31.892772399397252,0.20802394388387155,0.652886958398316,0.26666666666666666,0.08648307077568794,2.2360677924905987,0.136474609375,4.262387688932207e-17,0.0263671875,0.06640625
provenance,Summary,5,31,1e-06,2048,1024,1024,1024,6,True,13,3.179230203919543,19.14898135283478,23.395024594945518,-4.246043242110743,-37.5594291644907,-45.81253069986782,0.3017017959866054,0.6282491539452139,0.13333333333333333,0.07199329154386183,2.235943373626605,0.254638671875,5.081186073847235e-59,0.0,0.0
provenance,Summary,5,31,0.0001,2048,1024,1024,1024,6,True,14,4.204744886394208,13.179225463840137,17.55916821260019,-4.379942748760053,-26.049618148397016,-34.71322409385513,0.27498945004285014,0.6247431976159562,0.13333333333333333,0.07199329154386179,2.2360667262662375,0.19482421875,1.588334195804092e-34,0.00390625,0.0087890625
provenance,Summary,5,31,0.001,2048,1024,1024,1024,6,True,13,5.278113773715176,10.3846513841943,14.72238581428482,-4.3377344300905225,-20.66499068902435,-29.31168855465221,0.2564291300546864,0.6516577748101322,0.13333333333333333,0.07199329154386187,2.2360678476651947,0.116943359375,1.1715448287396727e-12,0.03125,0.037109375
provenance,Summary,6,0,1e-06,3296,1760,1024,1024,6,True,11,2.267922542557966,24.491992485386756,29.436948551577874,-4.944956066191116,-51.548598625089475,-61.77441680155004,0.44323469104240326,0.5653071071057574,0.06666666666666667,0.05912574260788793,1.414197005250943,0.445068359375,2.0521802224330812e-185,0.0,0.0
provenance,Summary,6,0,0.0001,3296,1760,1024,1024,6,True,12,2.96806478867299,15.743707861539392,20.707717751192376,-4.964009889652986,-33.069301527844814,-43.42760045620384,0.40431044845340147,0.5509303240434914,0.06666666666666667,0.05912574260788795,1.4142133962405379,0.40576171875,7.633128620744222e-153,0.0,0.0
provenance,Summary,6,0,0.001,3296,1760,1024,1024,6,True,12,3.7160769475819153,11.572434303987928,16.465819512955655,-4.893385208967725,-24.23833786129484,-34.54817091368356,0.3857317665285431,0.577897172034848,0.06666666666666667,0.05912574260788794,1.4142135452462765,0.371826171875,1.4524736627242278e-127,0.0,0.0
provenance,Summary,6,1,1e-06,3296,1760,1024,1024,6,True,10,6.9087350531722125,14.576075381979807,17.693791794779983,-3.1177164128001777,-30.316295078368917,-36.9191688195045,0.11090163085910763,0.370558061772159,0.4,0.16335969282833585,0.6731915158648447,0.280517578125,9.240406298547158e-72,0.0947265625,0.2275390625
provenance,Summary,6,1,0.0001,3296,1760,1024,1024,6,True,10,8.535295997514796,11.98042669841738,15.345947424120297,-3.3655207257029174,-24.435702461015797,-31.49479589723549,0.09112769138952466,0.4311967708875953,0.4,0.16335969282833573,0.6745680891160967,0.192138671875,1.385801442796577e-33,0.068359375,0.16015625
provenance,Summary,6,1,0.001,3296,1760,1024,1024,6,True,10,10.36191038268572,10.726855607579195,14.19857455486301,-3.471718947283815,-21.585055037645315,-28.829884338756514,0.08420631448203483,0.5022294272852322,0.4,0.16335969282833587,0.6866603173750105,0.120361328125,2.1974957472589798e-13,0.0517578125,0.1298828125
provenance,Summary,6,2,1e-06,3296,1760,1024,1024,6,True,11,11.747099824850615,22.19672932980896,26.148584428331837,-3.951855098522878,-46.84949822584035,-55.34481115716214,0.07221866116365233,0.503585151098927,0.6,0.10298475173515571,1.195680837281962,0.267822265625,2.3999417462882734e-65,0.0615234375,0.19921875
provenance,Summary,6,2,0.0001,3296,1760,1024,1024,6,True,11,15.223593472946682,17.34682661096526,21.70637806532259,-4.359551454357333,-35.7249738437569,-44.950297211288174,0.06496857914057291,0.6045421053675208,0.6,0.10298475173515569,1.2134743301517337,0.184326171875,6.335979958156866e-31,0.046875,0.1279296875
provenance,Summary,6,2,0.001,3296,1760,1024,1024,6,True,11,19.81291470118254,14.795332187494278,19.382418881300886,-4.587086693806607,-29.975878962159598,-39.60059655479449,0.06885966800829771,0.6850339356646846,0.6,0.10298475173515573,1.3404981972834922,0.145751953125,1.8951595891968112e-19,0.0537109375,0.115234375
provenance,Summary,6,3,1e-06,3296,1760,1024,1024,6,True,14,10.453490627147955,18.581775735734645,22.4199877781902,-3.8382120424555533,-39.65721213144721,-47.68427048124862,0.10252144360961067,0.549728437105132,0.6,0.08960620867728879,2.124605634155648,0.188232421875,3.061960165682176e-32,0.0302734375,0.083984375
provenance,Summary,6,3,0.0001,3296,1760,1024,1024,6,True,14,12.835274781079164,15.49995251684474,19.703340324048277,-4.203387807203535,-32.45725408316541,-41.114746033648984,0.09873705016853247,0.6118202348536406,0.6,0.08960620867728882,2.1602534773409436,0.091796875,5.847186491629454e-08,0.0263671875,0.0693359375
provenance,Summary,6,3,0.001,3296,1760,1024,1024,6,True,11,15.984509930508391,13.29052141924834,17.74043977690274,-4.449918357654402,-27.56038531543973,-36.493102831700796,0.0969136873412704,0.6729916186144538,0.6,0.08960620867728882,2.215257318709652,0.118408203125,5.752449161263305e-13,0.041015625,0.0791015625
provenance,Summary,6,4,1e-06,3296,1760,1024,1024,6,True,13,7.623207432208206,19.03110535794263,22.88724628215367,-3.8561409242110436,-39.891817616917116,-47.95770532068353,0.09950263733713399,0.4103661818433454,0.4,0.053201464959708865,2.2277322645897595,0.16796875,1.0085105003586541e-25,0.0029296875,0.01953125
provenance,Summary,6,4,0.0001,3296,1760,1024,1024,6,True,14,9.383298850596255,15.111070472053406,19.481896966502518,-4.370826494449108,-31.02508696847371,-39.972953253030724,0.1018618720215469,0.4808587404858758,0.4,0.053201464959708844,2.2345372410314828,0.09716796875,7.231628248434568e-09,0.0029296875,0.0166015625
provenance,Summary,6,4,0.001,3296,1760,1024,1024,6,True,13,11.690368130330754,12.50679059018394,16.852106068425783,-4.345315478241844,-25.47745127650777,-34.264623424087475,0.10576295319905057,0.5612782425736786,0.4,0.05320146495970884,2.2358767086866207,0.115234375,2.656051662421289e-12,0.0126953125,0.0361328125
provenance,Summary,6,5,1e-06,3296,1760,1024,1024,6,True,14,6.3537819036428544,19.409362553481802,23.731053252126657,-4.3216906986448524,-38.01270136497802,-46.44105518217248,0.13366553645174936,0.36805708364536366,0.4,0.06706826680438174,2.235441238320749,0.1513671875,5.9919089637652535e-21,0.0,0.0009765625
provenance,Summary,6,5,0.0001,3296,1760,1024,1024,6,True,14,7.798684558096676,14.561996818421237,19.26618353313635,-4.704186714715112,-28.689085287046375,-37.847927842067044,0.13271460149006972,0.4535287527916761,0.4,0.0670682668043818,2.236043290263372,0.16748046875,1.4169032380653212e-25,0.0009765625,0.0048828125
provenance,Summary,6,5,0.001,3296,1760,1024,1024,6,True,12,9.500201648722701,11.86444998540024,16.46559932042703,-4.601149335026794,-23.50987462539751,-32.48557814155113,0.1373620537131671,0.5338038922089646,0.4,0.06706826680438181,2.2360653380939093,0.125244140625,1.848584058407013e-14,0.0048828125,0.017578125
provenance,Summary,6,6,1e-06,3296,1760,1024,1024,6,True,13,5.875337770962995,16.884339305562506,21.00631107245823,-4.1219717668957285,-33.13278375340069,-41.27577096203371,0.1787701290025174,0.33986663115780713,0.3333333333333333,0.09103924499430521,2.235965061488636,0.342529296875,9.158788263309377e-108,0.0,0.0
provenance,Summary,6,6,0.0001,3296,1760,1024,1024,6,True,14,7.148445748415182,12.53122150510828,16.809083860052354,-4.277862354944072,-24.59083313999364,-33.00407807298231,0.16050620668275709,0.37779216730635945,0.3333333333333333,0.09103924499430525,2.2360663083645838,0.278564453125,9.403714969571795e-71,0.0,0.0
provenance,Summary,6,6,0.001,3296,1760,1024,1024,6,True,12,8.48994946960424,10.329588006487127,14.477523404067547,-4.147935397580422,-20.293475480972976,-28.459957863364973,0.15008509355806737,0.4394676306115817,0.3333333333333333,0.09103924499430525,2.236067804097269,0.213623046875,1.7225653870546222e-41,0.0,0.005859375
provenance,Summary,6,7,1e-06,3296,1760,1024,1024,6,True,14,9.041461794089317,15.73719508606781,20.293789209638874,-4.5565941235710605,-31.263828260821697,-39.740244371611496,0.12705515917038201,0.40193742445520275,0.3333333333333333,0.125256020513507,2.2358896925087475,0.4599609375,1.020797353741903e-198,0.0,0.0
provenance,Summary,6,7,0.0001,3296,1760,1024,1024,6,True,13,10.294673901514587,11.719044125405503,16.099193194174738,-4.380149068769234,-23.348852187205733,-31.648303597594435,0.12913525252331995,0.4459692188993435,0.3333333333333333,0.12525602051350698,2.2360659389879385,0.35888671875,1.3612294911267394e-118,0.0,0.0
provenance,Summary,6,7,0.001,3296,1760,1024,1024,6,True,13,11.547812489672555,9.803455334698175,13.994011200396933,-4.190555865698759,-19.56356572520292,-27.52442489826003,0.13380627718337432,0.4879391198764928,0.3333333333333333,0.12525602051350707,2.236067767037575,0.249755859375,9.178885546347574e-57,0.0,0.00390625
provenance,Summary,6,8,1e-06,3296,1760,1024,1024,6,True,14,6.0193622078671645,16.769466706446305,20.877252937964542,-4.1077862315182365,-34.329493893051406,-42.83080506347639,0.10891257411287135,0.34184993662666496,0.2,0.10278796032951781,2.235928577679421,0.340087890625,3.3831227043165263e-106,0.0,0.0
provenance,Summary,6,8,0.0001,3296,1760,1024,1024,6,True,14,7.359673271884814,12.196125671364314,16.3365474187149,-4.1404217473505875,-24.780115883900475,-33.28122035264177,0.09921212228783194,0.31063937564979116,0.2,0.10278796032951781,2.2360665644811624,0.23779296875,1.9809504861237995e-51,0.0,0.0
provenance,Summary,6,8,0.001,3296,1760,1024,1024,6,True,13,8.789434155130843,10.082828128657418,14.138209707696337,-4.0553815790389205,-20.31482414694859,-28.622206904692362,0.10645431306727429,0.3556730911192105,0.2,0.10278796032951781,2.2360678324119636,0.14892578125,2.7344756014316845e-20,0.0,0.005859375
provenance,Summary,6,9,1e-06,3296,1760,1024,1024,6,True,13,5.17998306428411,16.795279969434304,20.778157830571146,-3.982877861136841,-34.81969516361912,-43.24713126976731,0.12489037002282667,0.47774182255231096,0.2,0.1483385532109818,2.2359397790961646,0.287109375,3.228344510721246e-75,0.0,0.0
provenance,Summary,6,9,0.0001,3296,1760,1024,1024,6,True,14,6.245658633525462,12.146925043411146,16.150658353497107,-4.003733310085961,-24.918130269408884,-33.34545769608623,0.11658291362833108,0.3816448215006513,0.2,0.1483385532109818,2.23606669149684,0.20947265625,6.778906015604454e-40,0.0,0.0009765625
provenance,Summary,6,9,0.001,3296,1760,1024,1024,6,True,13,7.3724846871111875,9.972698511237738,13.912173825912788,-3.9394753146750503,-20.21149099136137,-28.514479308449452,0.12595900057814957,0.3706020443530665,0.2,0.14833855321098177,2.236067845270151,0.156494140625,2.2772448627589477e-22,0.0009765625,0.0390625
provenance,Summary,6,10,1e-06,3296,1760,1024,1024,6,True,14,5.0162271925157835,18.01128998242074,22.582398988452727,-4.571109006031986,-34.554388253056466,-43.31504457841582,0.17028637807983787,0.5632405648500362,0.2,0.15351757908189745,2.2359677684345676,0.291259765625,1.9409771340865606e-77,0.0,0.0
provenance,Summary,6,10,0.0001,3296,1760,1024,1024,6,True,13,6.149709734719343,12.686586965588532,17.244514194082264,-4.557927228493729,-24.39084112861691,-33.149015227679094,0.1502253001439155,0.5149825138790656,0.2,0.1535175790818975,2.236066972780464,0.197998046875,1.1795462472954756e-35,0.0,0.0
provenance,Summary,6,10,0.001,3296,1760,1024,1024,6,True,12,7.375386814237617,10.23631087964277,14.69280578063863,-4.456494900995859,-19.685166774066087,-28.28744947174234,0.14523285127534669,0.5223266891598485,0.2,0.15351757908189753,2.2360678746531755,0.119873046875,2.7993528262764863e-13,0.0,0.0068359375
provenance,Summary,6,11,1e-06,3296,1760,1024,1024,6,True,13,5.814294692987993,16.04492576546966,20.326200833620646,-4.2812750681509835,-31.95675846220277,-40.45609693724659,0.15160501186570902,0.4368910706915028,0.26666666666666666,0.14594470857355094,2.235921893003873,0.394287109375,5.225494150805984e-144,0.0,0.0
provenance,Summary,6,11,0.0001,3296,1760,1024,1024,6,True,13,7.082000646837009,11.636945928180598,15.793423954933766,-4.156478026753169,-23.244290269934954,-31.50518374033883,0.14068728317389848,0.3971591929309561,0.26666666666666666,0.1459447085735509,2.2360665120017615,0.311279296875,1.2237469033751782e-88,0.0,0.0
provenance,Summary,6,11,0.001,3296,1760,1024,1024,6,True,12,8.359132045553345,9.588665225962341,13.615924088209582,-4.02725886224724,-19.133081061073547,-27.16664270890252,0.13596350805399088,0.418912590429138,0.26666666666666666,0.14594470857355096,2.236067826756173,0.231689453125,8.168544503518325e-49,0.0,0.01171875
provenance,Summary,6,12,1e-06,3296,1760,1024,1024,6,True,12,8.78610567339542,14.496489403541368,18.67262366160648,-4.176134258065108,-29.034402032690096,-37.29104221311177,0.07947493315119196,0.5161581680171435,0.06666666666666667,0.12642254629020472,2.235937174017446,0.508544921875,5.175408631836912e-246,0.009765625,0.0107421875
provenance,Summary,6,12,0.0001,3296,1760,1024,1024,6,True,13,9.511308986471146,10.465230102715994,14.353837512565061,-3.888607409849068,-20.959574022627745,-28.598992829012317,0.09637831903518235,0.5333183924902282,0.06666666666666667,0.12642254629020477,2.236066666718816,0.44189453125,1.1957670519431695e-182,0.015625,0.033203125
provenance,Summary,6,12,0.001,3296,1760,1024,1024,6,True,12,10.274444583976416,8.615357653267177,12.235041743360139,-3.61968409009296,-17.246826534939977,-24.31306214517796,0.10738301366215298,0.5488673359896304,0.06666666666666667,0.12642254629020475,2.2360678439671986,0.340576171875,1.6475001954488721e-106,0.0361328125,0.0380859375
provenance,Summary,6,13,1e-06,3296,1760,1024,1024,6,True,14,5.795679037960914,18.886647980853386,23.269752129148422,-4.383104148295034,-39.54743160337005,-48.87390031533442,0.1684570319984088,0.5529020677461445,0.2,0.12492724516320236,2.2359588643636235,0.17236328125,4.51754808366165e-27,0.0,0.0
provenance,Summary,6,13,0.0001,3296,1760,1024,1024,6,True,15,7.06579390704822,13.598438544622075,18.13891599950803,-4.540477454885952,-27.904508921509848,-37.45532562464557,0.14975045300191342,0.40664875104718223,0.2,0.12492724516320235,2.236066883142684,0.10986328125,3.213944999556078e-11,0.0,0.005859375
provenance,Summary,6,13,0.001,3296,1760,1024,1024,6,True,13,8.505760768961682,11.148298660225116,15.686717295655711,-4.538418635430596,-22.42382614619276,-31.95404716250542,0.14795011989154966,0.3609077856263239,0.2,0.1249272451632024,2.2360678651473203,0.11083984375,2.0608509422184353e-11,0.0029296875,0.03125
provenance,Summary,6,14,1e-06,3296,1760,1024,1024,6,True,13,4.8386404152922875,16.332346782945933,20.370862796765845,-4.038516013819913,-33.86956087562301,-42.365300108799474,0.17317332425878668,0.5498028225791095,0.2,0.16275931238518623,2.2359633967919033,0.282958984375,4.9604386280578783e-73,0.0,0.0
provenance,Summary,6,14,0.0001,3296,1760,1024,1024,6,True,13,5.830402664709427,11.578680805915067,15.563091115089929,-3.984410309174859,-23.88029831596245,-32.24449442724972,0.14717610760345468,0.47958163198610543,0.2,0.16275931238518612,2.2360669288890365,0.165771484375,4.620415053763332e-25,0.0,0.0009765625
provenance,Summary,6,14,0.001,3296,1760,1024,1024,6,True,12,6.870589684003129,9.403945308558576,13.257753978676833,-3.8538086701182572,-19.238916698880118,-27.361662109480335,0.13652836508137128,0.4732548392405195,0.2,0.16275931238518615,2.236067870106259,0.12890625,2.704609422242061e-15,0.0029296875,0.0244140625
provenance,Summary,6,15,1e-06,3296,1760,1024,1024,6,True,11,4.067373130595781,17.821275620507883,22.326590944933464,-4.5053153244255775,-34.343234187128516,-42.76333720813862,0.1643387381043874,0.5029464086003909,0.2,0.15887159619041802,2.2359900375442114,0.280517578125,9.240406298547158e-72,0.0,0.0
provenance,Summary,6,15,0.0001,3296,1760,1024,1024,6,True,12,4.943150464428228,12.381907691325992,16.832463045799983,-4.450555354473989,-24.009440539897568,-32.44301884112788,0.15411292738383583,0.4968246375906206,0.2,0.1588715961904181,2.236067196048444,0.167236328125,1.678822875166155e-25,0.0,0.0
provenance,Summary,6,15,0.001,3296,1760,1024,1024,6,True,12,5.873686758923169,9.825124520845398,14.148541973643814,-4.323417452798415,-19.10633159101428,-27.38640700028666,0.15028094163018602,0.5240730766899937,0.2,0.15887159619041807,2.2360678974950643,0.109130859375,4.4735367367272845e-11,0.0009765625,0.0244140625
provenance,Summary,6,16,1e-06,3296,1760,1024,1024,6,True,12,4.386009207737599,18.064113629107194,22.639957911126924,-4.5758442820197285,-35.3093955471296,-44.21926208848848,0.16866860053551416,0.5275928131555914,0.2,0.12561160642190713,2.235989061353708,0.27783203125,2.2346059928820265e-70,0.0,0.0
provenance,Summary,6,16,0.0001,3296,1760,1024,1024,6,True,13,5.3363003321781175,12.654245258293656,17.18790749366814,-4.53366223537448,-24.732301434101593,-33.60607487628891,0.154794259822958,0.5041008973743597,0.2,0.1256116064219072,2.236067186298809,0.16943359375,3.614573292176289e-26,0.0,0.0
provenance,Summary,6,16,0.001,3296,1760,1024,1024,6,True,12,6.376988228743979,10.108279622250713,14.504681611676306,-4.396401989425592,-19.746004575896755,-28.43099917003887,0.1495253318690014,0.5221351239983345,0.2,0.12561160642190722,2.236067896532306,0.104248046875,3.8309165973470304e-10,0.0,0.0029296875
provenance,Summary,6,17,1e-06,3296,1760,1024,1024,6,True,14,5.296822247736391,20.14528733009277,24.907322792695247,-4.762035462602479,-40.39393789607339,-49.934399262613184,0.163484911108238,0.5793092480621417,0.2,0.15205689436355257,2.235963924698908,0.162353515625,4.7335902564590826e-24,0.0009765625,0.0009765625
provenance,Summary,6,17,0.0001,3296,1760,1024,1024,6,True,14,6.481177761265608,14.022866582212167,18.804732716830713,-4.781866134618547,-28.24159036954453,-37.79907707147005,0.1504824244635387,0.5488689051325064,0.2,0.15205689436355244,2.2360669337584063,0.127197265625,6.6785319560061816e-15,0.0029296875,0.017578125
provenance,Summary,6,17,0.001,3296,1760,1024,1024,6,True,12,7.879417191117298,11.15206801578949,15.832549911589856,-4.680481895800366,-22.47983506331419,-31.845248026456556,0.14399572262686963,0.5641447351140572,0.2,0.15205689436355252,2.236067870216327,0.11474609375,3.3483445967418806e-12,0.01171875,0.0673828125
provenance,Summary,6,18,1e-06,3296,1760,1024,1024,6,True,12,5.095499534778138,22.642054389323196,27.79226375024019,-5.150209360916993,-44.5237907328287,-54.73177129099277,0.17865363003637538,0.5346277038200182,0.2,0.1399227288845299,2.2359699934498756,0.206787109375,7.012339743518175e-39,0.0009765625,0.0029296875
provenance,Summary,6,18,0.0001,3296,1760,1024,1024,6,True,14,6.2194910650581905,15.65293908135179,20.846590103311073,-5.19365102195928,-30.872133354360834,-41.094975756505576,0.16945475188543196,0.5425706176358406,0.2,0.1399227288845298,2.236066993316441,0.153564453125,1.4956780422386525e-21,0.0029296875,0.0390625
provenance,Summary,6,18,0.001,3296,1760,1024,1024,6,True,13,7.587943119779322,12.270697243886632,17.384972974398366,-5.114275730511736,-24.29008157400627,-34.342786559691156,0.16292202620908613,0.5800802967061827,0.2,0.1399227288845298,2.2360678751283567,0.1357421875,6.436427488854304e-17,0.01953125,0.0703125
provenance,Summary,6,19,1e-06,3296,1760,1024,1024,6,True,13,7.331730497892311,24.84908763146997,30.184328340485262,-5.33524070901529,-47.69539133358781,-57.913059660782594,0.13659979101230907,0.593280502938434,0.3333333333333333,0.15472276774309043,2.235963854278395,0.2587890625,5.638653321841169e-61,0.0029296875,0.02734375
provenance,Summary,6,19,0.0001,3296,1760,1024,1024,6,True,14,9.06631435180531,17.294341390816186,22.66377072268641,-5.369429331870229,-33.49480396464638,-43.76288546731,0.12730877326842677,0.6149946364380319,0.3333333333333333,0.1547227677430903,2.2360669310039984,0.2275390625,4.464245270415982e-47,0.03515625,0.083984375
provenance,Summary,6,19,0.001,3296,1760,1024,1024,6,True,12,11.268975259354617,13.694676834323614,18.95980459172767,-5.26512775740406,-26.72400614440456,-36.773148850682816,0.12020978534299924,0.6553012677055642,0.3333333333333333,0.15472276774309035,2.2360678680554718,0.1923828125,1.1395548593419021e-33,0.0595703125,0.1083984375
provenance,Summary,6,20,1e-06,3296,1760,1024,1024,6,True,14,5.7644326794296665,24.164194885787524,29.40945838793045,-5.245263502142925,-46.851699824094354,-57.25287743510806,0.18631857314399838,0.6011723353954314,0.3333333333333333,0.10641894374443948,2.2359526881099563,0.235107421875,2.8602477138413496e-50,0.001953125,0.0107421875
provenance,Summary,6,20,0.0001,3296,1760,1024,1024,6,True,13,7.026320271458484,16.70765154688457,21.9411604994935,-5.23350895260893,-32.44754682384189,-42.874039491789404,0.17629736154329498,0.5929681101253422,0.3333333333333333,0.10641894374443939,2.2360668178953453,0.192138671875,1.385801442796577e-33,0.0087890625,0.05078125
provenance,Summary,6,20,0.001,3296,1760,1024,1024,6,True,11,8.597372452358185,13.121531141501983,18.20261887450102,-5.081087732999041,-25.52826794892897,-35.705912806384546,0.16844024953257308,0.6170503803664373,0.3333333333333333,0.10641894374443941,2.236067855423561,0.195556640625,8.750385196876085e-35,0.03125,0.078125
provenance,Summary,6,21,1e-06,3296,1760,1024,1024,6,True,12,5.388072786271056,23.077805486879587,27.826116233215146,-4.7483107463355605,-46.38696641482154,-55.79083147117443,0.14098529664911416,0.5281358875342455,0.2,0.13041045457420766,2.2359538214802894,0.201416015625,6.830972289412356e-37,0.0009765625,0.0087890625
provenance,Summary,6,21,0.0001,3296,1760,1024,1024,6,True,13,6.687796637484437,15.977034167646593,20.730852332187027,-4.753818164540434,-32.10818560035321,-41.51909172484966,0.12749159054239356,0.5271127463888848,0.2,0.13041045457420766,2.236066830407954,0.163330078125,2.447217036390277e-24,0.0087890625,0.044921875
provenance,Summary,6,21,0.001,3296,1760,1024,1024,6,True,14,8.30288181525859,12.553909899260459,17.202907186755752,-4.648997287495291,-25.205988636613654,-34.44308266490641,0.11909084819737611,0.5662173367800297,0.2,0.13041045457420772,2.2360678577583193,0.151123046875,6.982130853095429e-21,0.041015625,0.068359375
provenance,Summary,6,22,1e-06,3296,1760,1024,1024,6,True,14,7.452972142531245,24.94918894480532,30.228226238924577,-5.279037294119258,-48.81566257876531,-58.89297036772106,0.11893920836052019,0.5318166208390422,0.26666666666666666,0.11596955933228031,2.2359407494712924,0.260986328125,5.042828862599907e-62,0.005859375,0.02734375
provenance,Summary,6,22,0.0001,3296,1760,1024,1024,6,True,13,9.175719867929185,17.26339426761423,22.536523768033348,-5.273129500419117,-34.08015929394344,-44.15470638318179,0.11013013390386275,0.5551491724285542,0.26666666666666666,0.11596955933228037,2.236066697355659,0.245361328125,9.002919669990753e-55,0.025390625,0.0517578125
provenance,Summary,6,22,0.001,3296,1760,1024,1024,6,True,13,11.404625385703838,13.583568482267786,18.712783249100397,-5.129214766832611,-27.01812493303101,-36.82877753044625,0.10343369259822743,0.603280391267394,0.26666666666666666,0.11596955933228033,2.236067842319563,0.211181640625,1.5078114587409725e-40,0.0400390625,0.0927734375
provenance,Summary,6,23,1e-06,3296,1760,1024,1024,6,True,14,9.399302839855467,25.64039279377942,30.741228127007275,-5.100835333227854,-51.64690190653363,-61.769278997330815,0.08489743464753188,0.6069254400018633,0.2,0.12301535454333792,2.2359352550458613,0.25341796875,1.8815524283260795e-58,0.0166015625,0.0458984375
provenance,Summary,6,23,0.0001,3296,1760,1024,1024,6,True,13,11.649797673804274,17.924866379033205,23.022447154179915,-5.097580775146709,-36.262158865385885,-46.328198179831105,0.07693189240544482,0.6355316566284663,0.2,0.12301535454333797,2.236066641200137,0.200927734375,1.0293756479355197e-36,0.0478515625,0.087890625
provenance,Summary,6,23,0.001,3296,1760,1024,1024,6,True,13,14.613331648416224,14.239161363366073,19.22238957683791,-4.983228213471838,-28.960692964924974,-38.75639404711951,0.07396594896330226,0.6790336128785256,0.2,0.12301535454333806,2.236067835594993,0.1669921875,1.988655004958342e-25,0.064453125,0.103515625
provenance,Summary,6,24,1e-06,3296,1760,1024,1024,6,True,14,7.582914836537648,28.447870625540105,33.95375876809433,-5.5058881425542285,-56.01722349228434,-67.009112808331,0.13301178046111278,0.6500079058969949,0.3333333333333333,0.13214821802853868,2.235931484620447,0.32080078125,2.981277872115939e-94,0.017578125,0.04296875
provenance,Summary,6,24,0.0001,3296,1760,1024,1024,6,True,13,9.392691086289325,19.492263109435235,24.92019701140189,-5.427933901966652,-38.40918336383116,-49.29034140492098,0.12531627720651117,0.6505796812172837,0.3333333333333333,0.13214821802853877,2.2360666002573772,0.28173828125,2.148263303843345e-72,0.0380859375,0.06640625
provenance,Summary,6,24,0.001,3296,1760,1024,1024,6,True,12,11.864762965414252,15.164987058842362,20.423188504600283,-5.258201445757921,-29.826573279969047,-40.393744825745024,0.11922811013959994,0.6803681079789007,0.3333333333333333,0.13214821802853863,2.2360678285257776,0.27978515625,2.2102011675521223e-71,0.048828125,0.0791015625
provenance,Summary,6,25,1e-06,3296,1760,1024,1024,6,True,13,9.870197435750574,29.121270566114088,34.39054490383664,-5.269274337722553,-58.13898024547121,-68.70361814126917,0.08013780652099364,0.6107574576872973,0.4,0.1472128573407534,2.2359058575730004,0.3154296875,4.6103854546912223e-91,0.021484375,0.056640625
provenance,Summary,6,25,0.0001,3296,1760,1024,1024,6,True,14,12.381390876505577,20.108079377242664,25.26637566334935,-5.1582962861066886,-40.124464600681804,-50.43451710769347,0.07315878370175516,0.6550096182338406,0.4,0.14721285734075343,2.236066334636897,0.27294921875,6.7307385484240026e-68,0.0498046875,0.068359375
provenance,Summary,6,25,0.001,3296,1760,1024,1024,6,True,12,15.963567721795593,15.717942592606803,20.709258692791643,-4.991316100184839,-31.422744904563356,-41.354845801912745,0.07366978979770315,0.708476663646712,0.4,0.1472128573407534,2.236067793392886,0.278076171875,1.675014844089182e-70,0.0615234375,0.080078125
provenance,Summary,6,26,1e-06,3296,1760,1024,1024,6,True,14,6.183358430889488,24.686932265705376,30.09123801373195,-5.404305748026575,-48.152990700905804,-58.652773866997364,0.15003781941741018,0.6411990443122936,0.4,0.130728700304216,2.2358700423029845,0.246337890625,3.273697193736119e-55,0.0029296875,0.0205078125
provenance,Summary,6,26,0.0001,3296,1760,1024,1024,6,True,15,7.517999550678822,17.178520271254754,22.53937747543009,-5.360857204175339,-33.663474478930794,-44.03960446274081,0.14978811877863918,0.6438088472362885,0.4,0.13072870030421596,2.2360659758973966,0.215576171875,2.9806586116918254e-42,0.021484375,0.0517578125
provenance,Summary,6,26,0.001,3296,1760,1024,1024,6,True,13,9.249454778697165,13.48526607059718,18.656229462276713,-5.1709633916795354,-26.519629917071743,-36.525244402096035,0.1446844103771993,0.6665870089832989,0.4,0.130728700304216,2.236067757036001,0.19482421875,1.588334195804092e-34,0.041015625,0.0869140625
provenance,Summary,6,27,1e-06,3296,1760,1024,1024,6,True,13,8.013083949894332,26.562254012754185,31.998097673046793,-5.435843660292614,-51.27110453542879,-61.68359741582615,0.13783979260876653,0.6514960700796038,0.4,0.16073755599568065,2.235907151795124,0.297607421875,6.674212455081638e-81,0.0087890625,0.0322265625
provenance,Summary,6,27,0.0001,3296,1760,1024,1024,6,True,14,9.886981523535384,18.443004454617668,23.871399855864418,-5.4283954012467515,-35.72544853449001,-46.17880871771554,0.1291058121706715,0.6509037729375349,0.4,0.16073755599568068,2.236066356618067,0.276123046875,1.6678985253471536e-69,0.021484375,0.0771484375
provenance,Summary,6,27,0.001,3296,1760,1024,1024,6,True,12,12.374305893383012,14.54483933598337,19.782826261699228,-5.237986925715858,-28.250085635708963,-38.44915993656579,0.12224088908972815,0.6776023898906196,0.4,0.16073755599568065,2.236067803904477,0.26025390625,1.1303767526294295e-61,0.0498046875,0.087890625
provenance,Summary,6,28,1e-06,3296,1760,1024,1024,6,True,12,5.723628400081643,20.617747873049606,25.418250498750158,-4.800502625700553,-40.39988171358972,-49.43997150778834,0.17616372359771854,0.5557743788941667,0.4,0.14052900586542416,2.2359151951811485,0.16064453125,1.487194927601522e-23,0.0,0.001953125
provenance,Summary,6,28,0.0001,3296,1760,1024,1024,6,True,13,6.967936021035243,14.501465335852867,19.29658187886338,-4.795116543010513,-28.669036340147304,-37.777809068436966,0.15907689799606986,0.584760496717823,0.4,0.14052900586542422,2.2360664404065225,0.116455078125,1.4820529019797564e-12,0.0078125,0.017578125
provenance,Summary,6,28,0.001,3296,1760,1024,1024,6,True,12,8.38479021856617,11.624501856734518,16.257728112080933,-4.6332262553464165,-23.130250050869495,-32.01962647887834,0.14825016805827487,0.6240629529149471,0.4,0.1405290058654242,2.2360678153631337,0.117431640625,9.251714133525346e-13,0.017578125,0.0595703125
provenance,Summary,6,29,1e-06,3296,1760,1024,1024,6,True,12,6.261918201937484,27.446881261231155,32.902795122497395,-5.455913861266234,-52.67099686554674,-63.35211848251666,0.1354503278901119,0.46525800096030495,0.4,0.15560843956606552,2.2359439148357767,0.32275390625,1.994882649664014e-95,0.001953125,0.017578125
provenance,Summary,6,29,0.0001,3296,1760,1024,1024,6,True,13,7.790013511558381,18.762730315414007,24.157672071329124,-5.394941755915115,-36.100489936165474,-46.67643646082407,0.1219300228045548,0.5323897433573128,0.4,0.15560843956606554,2.2360667244569687,0.2978515625,4.892874595847276e-81,0.0126953125,0.0595703125
provenance,Summary,6,29,0.001,3296,1760,1024,1024,6,True,12,9.713222265872314,14.613409143397465,19.805845214471482,-5.192436071074016,-28.184226018262002,-38.37920254510452,0.11277947852767024,0.6003139260611958,0.4,0.15560843956606554,2.2360678408412977,0.313232421875,8.941246744026145e-90,0.03515625,0.0859375
provenance,Summary,6,30,1e-06,3296,1760,1024,1024,6,True,13,4.826988267989953,20.938892791333537,25.806748244815502,-4.867855453481964,-40.564952943569295,-49.83165950186564,0.2539375515786162,0.578965952483265,0.4,0.10954506344906496,2.235883498476882,0.19189453125,1.6848268805905192e-33,0.0,0.0
provenance,Summary,6,30,0.0001,3296,1760,1024,1024,6,True,14,5.8636915982974385,14.50287330637423,19.324758688355008,-4.821885381980778,-28.288468276977405,-37.52213216641732,0.23791503308271136,0.5658351953515466,0.4,0.10954506344906499,2.2360661207176227,0.154296875,9.374743116328482e-22,0.0,0.01171875
provenance,Summary,6,30,0.001,3296,1760,1024,1024,6,True,12,7.085780116628669,11.435197861143449,16.08911269838528,-4.653914837241832,-22.40414261761402,-31.37829130913663,0.22738824906241187,0.5846193156877445,0.4,0.10954506344906503,2.2360677809365086,0.129638671875,1.8290750459630266e-15,0.0126953125,0.0400390625
provenance,Summary,6,31,1e-06,3296,1760,1024,1024,6,True,13,2.76023180353273,19.403300136035714,23.55201302425792,-4.148712888222207,-36.74593382072662,-44.615498046716354,0.33350320565543096,0.6355305143534384,0.2,0.06451402530486249,2.23595731825733,0.304443359375,1.0079994852620841e-84,0.0,0.0
provenance,Summary,6,31,0.0001,3296,1760,1024,1024,6,True,12,3.6910798961844136,13.32513221640686,17.655581846256055,-4.330449629849197,-25.34012993466083,-33.72011534748687,0.29881965754165807,0.6071167879080042,0.2,0.06451402530486254,2.2360668661400713,0.21044921875,2.8760723041656285e-40,0.0,0.0009765625
provenance,Summary,6,31,0.001,3296,1760,1024,1024,6,True,11,4.672633354094611,10.466717508136444,14.79169265588165,-4.324975147745206,-19.99817081453629,-28.463507486120164,0.28311156207471067,0.6252798576202734,0.2,0.06451402530486257,2.236067862032722,0.14599609375,1.6354073173890572e-19,0.001953125,0.00390625
role,Data2txt,0,0,1e-06,576,288,576,288,4,True,12,4.851375329251384,13.364166856513073,16.553603757799813,-3.1894369012867423,-26.910314902662094,-33.25297163723999,0.1402267150066253,0.34737655890888003,0.16666666666666666,0.02336222376914847,1.7319721371521786,0.4771864149305556,8.725301814387906e-61,0.0,0.0
role,Data2txt,0,0,0.0001,576,288,576,288,4,True,12,5.3034862721398115,9.044382320201937,12.06049748439151,-3.016115164189573,-18.270613112154415,-24.25789128565017,0.14946749467232456,0.3982500850987064,0.16666666666666666,0.02336222376914848,1.7320500162987302,0.4124077690972222,7.786858936553534e-45,0.0,0.0
role,Data2txt,0,0,0.001,576,288,576,288,4,True,11,5.9040931807566395,6.888213475168405,9.788256429097519,-2.9000429539291144,-13.942870478209743,-19.701612823230352,0.1569153360706569,0.4518961852651269,0.16666666666666666,0.023362223769148475,1.7320507242887737,0.3585069444444444,1.2042663701653218e-33,0.0,0.0
role,Data2txt,0,1,1e-06,576,288,576,288,4,True,12,9.076792587529718,13.371872220029465,16.998005355885304,-3.626133135855841,-26.738913932862197,-33.96256245642403,0.06735904616655261,0.5603159818540794,0.0,2.956343186592429e-37,1.7319735485890309,0.46728515625,3.677880355631981e-58,0.0,0.0
role,Data2txt,0,1,0.0001,576,288,576,288,4,True,12,9.755284851445538,9.289993013045295,12.398704547390707,-3.1087115343454133,-18.57168249219833,-24.763065784787962,0.07426878798495973,0.5903902731062317,0.0,8.56519601642928e-33,1.7320500323767332,0.38943142361111116,7.638029424802972e-40,0.0,0.0
role,Data2txt,0,1,0.001,576,288,576,288,4,True,11,10.77766587400161,7.372356290267466,10.13685159304939,-2.7644953027819232,-14.72714855913966,-20.232379841627807,0.08124912548783134,0.6254283496767377,0.0,5.489589374275593e-33,1.7320507276940316,0.2900933159722222,5.861192309320129e-22,0.0,0.017361111111111112
role,Data2txt,0,2,1e-06,576,288,576,288,4,True,12,18.59984589299757,15.49260085941622,19.155229172478933,-3.6626283130627137,-31.16505465957318,-38.46011134090663,0.028294462950260446,0.6917678804934619,0.16666666666666666,0.0009540459871351898,1.731906024024146,0.4012586805555556,2.2670388524697944e-42,0.0,0.006944444444444444
role,Data2txt,0,2,0.0001,576,288,576,288,4,True,12,20.904081359205215,11.347414899772446,14.633702362480912,-3.286287462708468,-22.84718998473191,-29.44231420739102,0.033483353069513826,0.7292358532430506,0.16666666666666666,0.0009540459871351916,1.7320493455410093,0.3326280381944444,6.649404888525888e-29,0.024305555555555556,0.041666666666666664
role,Data2txt,0,2,0.001,576,288,576,288,4,True,11,24.754373268488735,9.25791680799023,12.376341899773475,-3.1184250917832457,-18.63978877497752,-24.914228250278278,0.0390690241501922,0.7709186228958665,0.16666666666666666,0.0009540459871351917,1.7320506484625724,0.27522786458333337,8.972922024675139e-20,0.04513888888888889,0.059027777777777776
role,Data2txt,0,3,1e-06,576,288,576,288,4,True,13,13.123600741800207,14.033402785459282,17.808091274391312,-3.7746884889320302,-28.104076132722568,-35.62056024414095,0.04539246585627735,0.5611575596620613,0.0,1.7062729858917794e-36,1.7319603390184846,0.46044921875,2.1747699147501448e-56,0.0,0.0
role,Data2txt,0,3,0.0001,576,288,576,288,4,True,14,14.207880450709371,9.96522762012011,13.21489459174945,-3.24966697162934,-19.971251313131006,-26.433071036590075,0.050812746008844695,0.5955729589759939,0.0,3.217437996972288e-33,1.7320498985639352,0.3425835503472222,1.1107443160678294e-30,0.0,0.0
role,Data2txt,0,3,0.001,576,288,576,288,4,True,12,15.910192949277736,8.029946131888014,10.961605190625335,-2.93165905873732,-16.10332988417794,-21.914560561020807,0.05672490110093981,0.6364597288490811,0.0,2.864176205470407e-33,1.7320507127488654,0.24574110243055558,8.406931323638306e-16,0.0,0.034722222222222224
role,Data2txt,0,4,1e-06,576,288,576,288,4,True,13,14.299409888989311,13.56425082673676,17.305868698822273,-3.7416178720855138,-27.312576462676923,-34.70075019513196,0.03414698446221853,0.5228258601506311,0.0,6.203970658360073e-36,1.7319827933401792,0.4393174913194444,4.0774360490942406e-51,0.0,0.0
role,Data2txt,0,4,0.0001,576,288,576,288,4,True,12,15.411623163820494,9.505768232284447,12.706293564263799,-3.2005253319793505,-19.207759513926874,-25.500851672345302,0.0380211282721728,0.5578535917367589,0.0,0.0,1.7320501254039862,0.3291558159722222,2.684787234354426e-28,0.0,0.013888888888888888
role,Data2txt,0,4,0.001,576,288,576,288,4,True,12,17.105586394503582,7.619762474105913,10.44163128651958,-2.8218688124136673,-15.450601723477494,-20.96758328598544,0.042090265860034747,0.5985156454756847,0.0,2.6085953574513993e-33,1.7320507375202085,0.25390625,7.457838859471891e-17,0.013888888888888888,0.034722222222222224
role,Data2txt,0,5,1e-06,576,288,576,288,4,True,13,12.806344196968936,13.467695929001692,17.31305097239904,-3.845355043397346,-27.179207443689773,-34.83825240404563,0.04993654920348374,0.5540112822507609,0.0,1.7634982815862955e-36,1.731989818393655,0.41379123263888884,3.802072674134684e-45,0.0,0.0
role,Data2txt,0,5,0.0001,576,288,576,288,4,True,14,13.784792724641601,9.402419281276785,12.711460475200433,-3.3090411939236493,-19.058570340643044,-25.634899935196074,0.054144302495573934,0.5862474735575348,0.0,1.0399109965329934e-32,1.7320501957973833,0.31521267361111116,6.197094758266529e-26,0.0,0.024305555555555556
role,Data2txt,0,5,0.001,576,288,576,288,4,True,13,15.220062239879908,7.505519083977849,10.433331386294672,-2.927812302316822,-15.275031769765311,-21.076951105739,0.05848736977801561,0.6225379432257875,0.0,3.968814079247712e-33,1.7320507446866047,0.24476453993055555,1.1169393267145745e-15,0.024305555555555556,0.034722222222222224
role,Data2txt,0,6,1e-06,576,288,576,288,4,True,13,14.989386322268555,13.36518899635015,17.006454303777453,-3.641265307427303,-26.744439475741633,-34.02190902571172,0.020505308984374047,0.35252750799677135,0.0,0.0,1.7319778093901022,0.4769422743055556,1.0147108819191177e-60,0.0,0.0
role,Data2txt,0,6,0.0001,576,288,576,288,4,True,13,16.135858692794557,9.319948805296,12.421055027529443,-3.1011062222334433,-18.651301776325184,-24.857877214334906,0.02511907057198809,0.400425204614987,0.0,1.4140970954824458e-33,1.7320500758937691,0.3718804253472222,2.96847141004473e-36,0.0,0.017361111111111112
role,Data2txt,0,6,0.001,576,288,576,288,4,True,11,17.84870442885255,7.46955981996358,10.188977558606492,-2.719417738642912,-14.945698785775164,-20.379818459871373,0.030078652311953467,0.4542999720648023,0.0,1.3906481229914459e-33,1.7320507328735282,0.264892578125,2.509053300109622e-18,0.017361111111111112,0.027777777777777776
role,Data2txt,0,7,1e-06,576,288,576,288,4,True,13,14.58766268962156,13.259519931969656,17.05869729144125,-3.7991773594715905,-26.543863307340526,-34.069849055598525,0.028189687771672137,0.3748063536437618,0.0,2.006674249192328e-36,1.731977230772862,0.4642469618055556,2.2756922958587828e-57,0.0,0.0
role,Data2txt,0,7,0.0001,576,288,576,288,4,True,13,15.658409185819183,9.211058275015489,12.4563660443804,-3.2453077693649117,-18.447329864454886,-24.865061091291228,0.032830562582003994,0.4160262049135958,0.0,4.1905266977772995e-33,1.732050070080972,0.35636393229166663,3.080301433057073e-33,0.0,0.0
role,Data2txt,0,7,0.001,576,288,576,288,4,True,11,17.197264438754416,7.354480186152362,10.177835353396631,-2.8233551672442707,-14.73360235026476,-20.306857595697693,0.03755816193676977,0.46299288484505885,0.0,3.16555551893598e-33,1.7320507322681926,0.2575141059027778,2.4897782266380248e-17,0.0,0.017361111111111112
role,Data2txt,0,8,1e-06,576,288,576,288,4,True,12,13.406171043609412,13.078549205258298,16.659657839324062,-3.581108634065763,-26.33046508668318,-33.380953847826405,0.04769863305744777,0.2699982228215669,0.0,8.107034949341495e-36,1.7319761460360643,0.46720377604166663,3.8626338809726524e-58,0.0,0.0
role,Data2txt,0,8,0.0001,576,288,576,288,4,True,13,14.395587862639074,9.017231794658706,12.061025438102554,-3.043793643443846,-18.220644091272145,-24.185294112582085,0.051512753141798304,0.3192347047084291,0.0,4.762628480200218e-33,1.7320500593839188,0.35319010416666663,1.223429567683209e-32,0.0,0.0
role,Data2txt,0,8,0.001,576,288,576,288,4,True,12,15.92526881701325,7.139700359363662,9.804482367573282,-2.664782008209622,-14.485439964507911,-19.679563108581256,0.05565008377216568,0.37924422636776545,0.0,2.4771321877999373e-33,1.7320507313367668,0.255615234375,4.4444065604820644e-17,0.003472222222222222,0.017361111111111112
role,Data2txt,0,9,1e-06,576,288,576,288,4,True,14,13.167231551152305,13.23575593031217,16.773223823191618,-3.5374678928794494,-26.662561828810773,-33.67480854303434,0.053130970201711654,0.24851329183630322,0.0,1.0597273192606397e-35,1.7319689807074272,0.45480685763888884,5.961151003798494e-55,0.0,0.0
role,Data2txt,0,9,0.0001,576,288,576,288,4,True,13,14.173182181212955,9.169582601388091,12.187402276040908,-3.017819674652816,-18.545974287894232,-24.505681534152032,0.05711149265047305,0.29928394879028647,0.0,1.8964297435306786e-33,1.7320499873621513,0.33810763888888884,7.109589761047739e-30,0.0,0.0
role,Data2txt,0,9,0.001,576,288,576,288,4,True,12,15.71569738820193,7.279462279628228,9.948888578261696,-2.6694262986334696,-14.78937189756307,-20.024885675160974,0.061083484557342194,0.3615551748410672,0.0,2.595569106091338e-32,1.7320507238016325,0.24658203125,6.576088861562365e-16,0.0,0.0
role,Data2txt,0,10,1e-06,576,288,576,288,4,True,12,15.747273398928208,13.340559356460439,17.03872952078644,-3.698170164325999,-26.90184104408133,-34.24939321856555,0.030485272424232372,0.3101909452447175,0.0,1.533494054700745e-36,1.7319775021627077,0.4349229600694444,4.665214854577343e-50,0.0,0.0
role,Data2txt,0,10,0.0001,576,288,576,288,4,True,14,16.971173255739554,9.289926454010036,12.44477620537118,-3.1548497513611435,-18.81232241255928,-25.063895014830205,0.03673338559568664,0.3588987488273325,0.0,3.737721107360362e-33,1.732050073002356,0.3444281684027778,5.127405222808647e-31,0.0,0.020833333333333332
role,Data2txt,0,10,0.001,576,288,576,288,4,True,12,18.88628791806736,7.422987262333837,10.195348874341018,-2.772361612007183,-15.093399062062815,-20.57229331119492,0.04221937890179045,0.4164580718660806,0.0,3.2726963761018765e-33,1.7320507327503487,0.2451171875,1.0081638683977788e-15,0.03125,0.03819444444444445
role,Data2txt,0,11,1e-06,576,288,576,288,4,True,13,14.443800579193216,13.163086273951016,17.0358122448889,-3.8727259709378785,-26.566439685452995,-34.30958636347672,0.050852940992068045,0.44438696537133743,0.16666666666666666,0.006608724572143273,1.7319423009586448,0.4671766493055556,3.926248872902202e-58,0.0,0.0
role,Data2txt,0,11,0.0001,576,288,576,288,4,True,13,15.510369340905578,9.107411362518983,12.435134714987417,-3.32772335246843,-18.467507667537127,-25.109224333775742,0.05433961082553113,0.4802186408711749,0.16666666666666666,0.006608724572143273,1.7320497193334508,0.34171549479166663,1.5955126678038163e-30,0.0,0.0
role,Data2txt,0,11,0.001,576,288,576,288,4,True,11,17.041278214945013,7.239089514742419,10.168308349066063,-2.9292188343236436,-14.744051288389906,-20.58245510939066,0.05765763917822887,0.5216652503496374,0.16666666666666666,0.006608724572143276,1.732050695894018,0.2653266059027778,2.187509057463274e-18,0.0,0.003472222222222222
role,Data2txt,0,12,1e-06,576,288,576,288,4,True,12,11.915757262745611,12.592289849660865,16.333263659550173,-3.7409738098893084,-25.380749209916694,-32.85704271911317,0.03242275242186712,0.34584227733628625,0.0,0.0,1.7319949869784472,0.5091145833333334,9.795477647303122e-70,0.0,0.003472222222222222
role,Data2txt,0,12,0.0001,576,288,576,288,4,True,11,12.71882027711769,8.528206049806272,11.730603571745142,-3.2023975219388703,-17.259203282688116,-23.65172753026126,0.0396999726254458,0.37852750965859094,0.0,6.252721440386298e-33,1.7320502483910558,0.4412977430555556,1.3464006572292566e-51,0.027777777777777776,0.03125
role,Data2txt,0,12,0.001,576,288,576,288,4,True,13,13.815726969891953,6.6623775300907555,9.450243916547695,-2.7878663864569386,-13.53403513260271,-19.090904897031805,0.046960960473843495,0.4155754943336508,0.0,1.1024602196236527e-33,1.732050750775037,0.3397352430555556,3.6311154196324755e-30,0.03125,0.03125
role,Data2txt,0,13,1e-06,576,288,576,288,4,True,13,17.69434612631059,13.115869520772097,17.18465365275085,-4.068784131978756,-26.54174966122008,-34.63829895644323,0.0441769066736518,0.350364862230645,0.0,0.0,1.7319760240647677,0.46535915798611116,1.1698084096332898e-57,0.0,0.0
role,Data2txt,0,13,0.0001,576,288,576,288,4,True,14,19.011754603811426,9.07549615471303,12.583133144136367,-3.5076369894233372,-18.472636820127075,-25.434617849421578,0.04749924145221025,0.39484948937304704,0.0,4.059428668515135e-33,1.7320500582912426,0.33650716145833337,1.3717086728857555e-29,0.006944444444444444,0.03125
role,Data2txt,0,13,0.001,576,288,576,288,4,True,10,20.86118969668349,7.229827944019494,10.309968123419514,-3.0801401794000194,-14.79160394493534,-20.882946750431774,0.05256646149862247,0.44393094481817225,0.0,2.9583447975262805e-34,1.7320507313439701,0.2529296875,1.0008114531953952e-16,0.03125,0.03125
role,Data2txt,0,14,1e-06,576,288,576,288,4,True,14,13.586763518175191,12.810744499852966,16.514862143347898,-3.704117643494932,-25.845568857896936,-33.19208502454838,0.0622362326935123,0.335734580998158,0.0,4.249266152980048e-37,1.731953899363161,0.4686957465277778,1.5699978948591169e-58,0.0,0.0
role,Data2txt,0,14,0.0001,576,288,576,288,4,True,13,14.544049660342756,8.751778050587218,11.913680878173128,-3.161902827585909,-17.741674356346714,-23.98999527073225,0.06570042213437963,0.37097521803851463,0.0,0.0,1.7320498364061185,0.37101236979166663,4.4170774358285015e-36,0.0,0.0
role,Data2txt,0,14,0.001,576,288,576,288,4,True,12,15.926537998684239,6.890599953784608,9.645168981205025,-2.754569027420416,-14.037620739343927,-19.455345144133496,0.06864428012530709,0.414718989507651,0.0,4.110795729768364e-33,1.732050708586979,0.268310546875,8.465624464206282e-19,0.0,0.010416666666666666
role,Data2txt,0,15,1e-06,576,288,576,288,4,True,12,9.594877808280792,13.140291012789824,16.618400531274588,-3.4781095184847644,-26.454193982520675,-33.3793008308588,0.02392070666360043,0.30052313627384264,0.16666666666666666,0.0055294286490522515,1.7320008651065526,0.41720920138888884,6.390036600164929e-46,0.0,0.0
role,Data2txt,0,15,0.0001,576,288,576,288,4,True,13,10.366367794824871,9.040885880751578,12.028919022888294,-2.9880331421367154,-18.270407943255602,-24.20073216409527,0.032576057501871036,0.3451407756642598,0.16666666666666666,0.0055294286490522575,1.7320503071470443,0.31540256076388884,5.764470814266131e-26,0.0,0.003472222222222222
role,Data2txt,0,15,0.001,576,288,576,288,4,True,11,11.727094299150181,7.081128480042377,9.776310577128307,-2.6951820970859295,-14.36639514317425,-19.701743043315936,0.03910125342437343,0.4047005522849117,0.16666666666666666,0.005529428649052242,1.7320507566246903,0.24951171875,2.775472933838161e-16,0.003472222222222222,0.034722222222222224
role,Data2txt,0,16,1e-06,576,288,576,288,4,True,12,10.473862885448314,13.24700057588255,16.827427635499433,-3.5804270596168815,-26.655348414995657,-33.828926481807635,0.033440539394462794,0.6063933123645731,0.0,8.948294558073012e-36,1.7319998685051414,0.44645182291666663,7.315985724218452e-53,0.0,0.003472222222222222
role,Data2txt,0,16,0.0001,576,288,576,288,4,True,13,11.283726918810713,9.166098167665055,12.234835032659003,-3.0687368649939466,-18.497055978436475,-24.639150287586297,0.038216432295999456,0.6194546440458761,0.0,0.0,1.7320502971834402,0.378662109375,1.2827497589819433e-37,0.024305555555555556,0.041666666666666664
role,Data2txt,0,16,0.001,576,288,576,288,4,True,12,12.612830278360049,7.2407018612262055,9.983908775713775,-2.7432069144875686,-14.640448580115109,-20.12161616799197,0.04052726039470271,0.6347151700588658,0.0,1.334180308636972e-32,1.7320507556314308,0.31941731770833337,1.234229448085548e-26,0.04513888888888889,0.04513888888888889
role,Data2txt,0,17,1e-06,576,288,576,288,4,True,13,15.873310151372767,13.650479304221761,17.41257660692983,-3.7620973027080726,-27.28377905817408,-34.83772326227874,0.01515747085861986,0.2664404888050228,0.16666666666666666,0.019827877231746525,1.7319697721553362,0.4447157118055556,1.9604534131042566e-52,0.0,0.0
role,Data2txt,0,17,0.0001,576,288,576,288,4,True,13,17.122143831287786,9.604003640181698,12.814698123340799,-3.2106944831591,-19.192694843857527,-25.638171749611633,0.019680009963322413,0.3204829971312962,0.16666666666666666,0.019827877231746515,1.7320499952933976,0.3269585503472222,6.4392194660679635e-28,0.0,0.0
role,Data2txt,0,17,0.001,576,288,576,288,4,True,12,19.065434780716693,7.730815627759763,10.55027331066576,-2.8194576829059983,-15.450148562581369,-21.0950832441578,0.025758733561940295,0.3841057258710652,0.16666666666666666,0.019827877231746525,1.7320507246096626,0.25651041666666663,3.3839468605983626e-17,0.0,0.013888888888888888
role,Data2txt,0,18,1e-06,576,288,576,288,4,True,13,17.337590510267788,14.334188213069886,18.004455328221873,-3.6702671151519897,-28.78080121219993,-36.062503777348056,0.030864790523527336,0.4567581761636669,0.16666666666666666,0.004249723134918009,1.731952660217725,0.4535590277777778,1.2312834217753397e-54,0.0,0.0
role,Data2txt,0,18,0.0001,576,288,576,288,4,True,13,18.916514980727193,10.28304875412271,13.423505319921652,-3.140456565798944,-20.670247914957947,-26.894943488710606,0.034661721648852825,0.5036343402256158,0.16666666666666666,0.0042497231349180025,1.732049822116451,0.31689453125,3.259088974520954e-26,0.003472222222222222,0.006944444444444444
role,Data2txt,0,18,0.001,576,288,576,288,4,True,12,21.63467645544104,8.362624052286716,11.184502140813937,-2.82187808852722,-16.804581884571835,-22.38955468585274,0.03915141531284263,0.5631996064752757,0.16666666666666666,0.0042497231349180094,1.732050705420238,0.219482421875,1.1564875163822044e-12,0.010416666666666666,0.03125
role,Data2txt,0,19,1e-06,576,288,576,288,4,True,13,28.065085447017044,14.62784646502657,18.517267149761185,-3.889420684734615,-29.453666569481015,-37.09066230190071,0.023566431683876586,0.53878136520424,0.16666666666666666,0.045269553955406446,1.7319273021220472,0.37353515625,1.3874914559415481e-36,0.0,0.003472222222222222
role,Data2txt,0,19,0.0001,576,288,576,288,4,True,13,30.657419763233264,10.614633471937642,13.922215686747224,-3.307582214809582,-21.441013556070292,-27.900433996075737,0.026059955267767426,0.5791344752289412,0.16666666666666666,0.045269553955406446,1.7320495675295595,0.29069010416666663,4.760814570101337e-22,0.006944444444444444,0.024305555555555556
role,Data2txt,0,19,0.001,576,288,576,288,4,True,12,35.02445950957688,8.762620541822606,11.674469184247114,-2.9118486424245082,-17.757554482520284,-23.403986290003893,0.028978878950675815,0.6282834554696235,0.16666666666666666,0.04526955395540644,1.732050679062947,0.22840711805555558,1.0916508767131037e-13,0.024305555555555556,0.05555555555555555
role,Data2txt,0,20,1e-06,576,288,576,288,4,True,13,25.50661804619697,14.297608547039845,18.25751582770728,-3.959907280667433,-29.05695427284114,-36.82901616744795,0.020304522343638467,0.5649877558805098,0.16666666666666666,0.0860092854978728,1.7319635940687923,0.41471354166666663,2.3538059172413682e-45,0.010416666666666666,0.013888888888888888
role,Data2txt,0,20,0.0001,576,288,576,288,4,True,13,27.754018730324095,10.273420345881913,13.657254316005282,-3.3838339701233697,-21.03446673470058,-27.6270662770511,0.024859049153903592,0.6013302523624672,0.16666666666666666,0.08600928549787283,1.7320499327587775,0.3253309461805556,1.225865133659758e-27,0.024305555555555556,0.03819444444444445
role,Data2txt,0,20,0.001,576,288,576,288,4,True,12,31.34030614691112,8.42105578579831,11.38522588697725,-2.964170101178936,-17.358966093264087,-23.073827595414944,0.028907073040855588,0.6427951283724098,0.16666666666666666,0.08600928549787282,1.7320507176700974,0.23681640625,1.0791023432053237e-14,0.03819444444444445,0.059027777777777776
role,Data2txt,0,21,1e-06,576,288,576,288,4,True,13,17.572315436943246,14.217588726823143,17.757996465144576,-3.54040773832143,-28.65532987806523,-35.60113974640386,0.022219721717573138,0.5514973716172539,0.0,0.0,1.7319826568568166,0.4163140190972222,1.0211426877526225e-45,0.006944444444444444,0.013888888888888888
role,Data2txt,0,21,0.0001,576,288,576,288,4,True,12,19.209876376177114,10.151818125419418,13.16927864987895,-3.0174605244595303,-20.550656138263548,-26.427876844106287,0.024190139298149456,0.5830905807067486,0.0,2.7880053531631596e-34,1.7320501243183408,0.2906629774305556,4.806073170788227e-22,0.017361111111111112,0.020833333333333332
role,Data2txt,0,21,0.001,576,288,576,288,4,True,12,22.22519692067534,8.209951355058145,10.911470677095497,-2.7015193220373503,-16.719657866306232,-21.933700843505694,0.027805066569517967,0.6225431998970107,0.0,1.5058474158165048e-32,1.7320507376679966,0.208984375,1.638515275431124e-11,0.024305555555555556,0.052083333333333336
role,Data2txt,0,22,1e-06,576,288,576,288,4,True,13,37.43092919871243,14.835271519997377,18.73413758619611,-3.898866066198736,-30.036925136683447,-37.50935236433155,0.013905041196148795,0.5576054251359015,0.16666666666666666,0.07653427997789408,1.731914145294934,0.4100477430555556,2.6279735382633555e-44,0.006944444444444444,0.010416666666666666
role,Data2txt,0,22,0.0001,576,288,576,288,4,True,14,41.108440413559194,10.838475727873213,14.142474514331635,-3.30399878645842,-22.072774970095576,-28.32746180677408,0.017289036958361023,0.5979931505624863,0.16666666666666666,0.07653427997789405,1.732049435742498,0.32736545138888884,5.478852629339401e-28,0.017361111111111112,0.041666666666666664
role,Data2txt,0,22,0.001,576,288,576,288,4,True,13,47.61524966053063,9.007348053304963,11.914909862662919,-2.907561809357956,-18.45908215826603,-23.878583864382037,0.02007356096017499,0.6488196448771693,0.16666666666666666,0.0765342799778941,1.7320506656971781,0.2314453125,4.7794175268030913e-14,0.04513888888888889,0.0763888888888889
role,Data2txt,0,23,1e-06,576,288,576,288,4,True,14,39.047923497157925,15.173749448618935,18.79973122559705,-3.625981776978111,-30.378348668164968,-37.44132765764319,0.008778735661285312,0.38360648639242323,0.0,4.294507113340555e-35,1.7318759152417569,0.43918185763888884,4.397950161397089e-51,0.0,0.0
role,Data2txt,0,23,0.0001,576,288,576,288,4,True,13,42.96526479852888,11.188964358042774,14.208030268158101,-3.0190659101153248,-22.422201923332548,-28.264360982597175,0.01098678097857781,0.4423003635395566,0.0,1.7991042777144165e-34,1.73204905133622,0.3150770399305556,6.525660564191179e-26,0.003472222222222222,0.020833333333333332
role,Data2txt,0,23,0.001,576,288,576,288,4,True,12,49.99073081311038,9.373637359069054,11.974035551023972,-2.6003981919549184,-18.824990508910577,-23.819453024761806,0.013543443646977377,0.5152286088835839,0.0,3.225495185508508e-32,1.7320506253758818,0.20849609375,1.847450950646561e-11,0.027777777777777776,0.04861111111111111
role,Data2txt,0,24,1e-06,576,288,576,288,4,True,13,27.51647833784942,15.142773837937902,18.6956026675453,-3.552828829607397,-30.265895877717234,-37.47657333249312,0.007198739236267713,0.48869867252242505,0.0,0.0,1.731946479940857,0.4442816840277778,2.5064418670303996e-52,0.010416666666666666,0.010416666666666666
role,Data2txt,0,24,0.0001,576,288,576,288,4,True,12,30.255362042883878,11.128547480899343,14.10266010812763,-2.974112627228287,-22.234509217188354,-28.284264259998217,0.011807735268103962,0.5309559765981635,0.0,1.2417056634752517e-33,1.7320497607012528,0.3228624131944444,3.232770893579494e-27,0.010416666666666666,0.013888888888888888
role,Data2txt,0,24,0.001,576,288,576,288,4,True,12,35.2804613860501,9.252537037325606,11.847425036061376,-2.594887998735769,-18.472967940581,-23.748583419051165,0.015685525952311305,0.5818572094932603,0.0,2.7014222502913334e-32,1.7320506996403808,0.217041015625,2.168344147271947e-12,0.013888888888888888,0.034722222222222224
role,Data2txt,0,25,1e-06,576,288,576,288,4,True,13,32.50552490203325,15.349872948435701,18.9273949112707,-3.577521962835002,-30.81077546472317,-37.90683280467114,0.007777990611611022,0.5626560427023378,0.16666666666666666,0.05145607319714708,1.73193491189021,0.41921657986111116,2.2237535777197503e-46,0.010416666666666666,0.010416666666666666
role,Data2txt,0,25,0.0001,576,288,576,288,4,True,14,35.82794005876511,11.342628025783174,14.328639216940555,-2.9860111911573815,-22.808213303862033,-28.70572047063557,0.01025233242110496,0.6003469813292692,0.16666666666666666,0.05145607319714711,1.7320496443576148,0.32039388020833337,8.456074446689294e-27,0.013888888888888888,0.017361111111111112
role,Data2txt,0,25,0.001,576,288,576,288,4,True,12,41.988992902289674,9.469235479872857,12.059609528947677,-2.590374049074819,-19.077894591035943,-24.14744412329522,0.013632846610966313,0.6451396216483857,0.16666666666666666,0.05145607319714711,1.7320506874095152,0.24313693576388884,1.788675770394562e-15,0.020833333333333332,0.04861111111111111
role,Data2txt,0,26,1e-06,576,288,576,288,4,True,12,16.02746421319591,13.761831561045778,17.799616452458753,-4.0377848914129775,-27.830700773466496,-35.745721980296565,0.043031510827268304,0.7744116593428982,0.0,2.339153712912004e-36,1.7319623570375215,0.43766276041666663,1.0244073434469982e-50,0.010416666666666666,0.010416666666666666
role,Data2txt,0,26,0.0001,576,288,576,288,4,True,12,17.367316040318574,9.701890724915634,13.206943623934041,-3.5050528990184104,-19.735325737520245,-26.563338678889824,0.04630351934187453,0.7871932678880416,0.0,0.0,1.7320499211174336,0.36197916666666663,2.594086054300387e-34,0.03819444444444445,0.04513888888888889
role,Data2txt,0,26,0.001,576,288,576,288,4,True,12,19.59796171862639,7.802653651750672,10.949043103915995,-3.1463894521653226,-15.972561466327136,-22.058078530799218,0.04764691522366544,0.8005044621596042,0.0,3.965234968580102e-33,1.732050717178419,0.3070746527777778,1.3172023537126274e-24,0.04861111111111111,0.0763888888888889
role,Data2txt,0,27,1e-06,576,288,576,288,4,True,13,28.96413623671822,14.740683345699747,18.458653283175128,-3.717969937475381,-29.44072712281026,-36.82606117525191,0.0158275249885462,0.4087725003641234,0.16666666666666666,0.061456670935942516,1.731928880807311,0.39279513888888884,1.489782514635789e-40,0.0,0.003472222222222222
role,Data2txt,0,27,0.0001,576,288,576,288,4,True,13,31.659745654025375,10.734736371750786,13.863623870876333,-3.128887499125548,-21.43680785899199,-27.636490003901155,0.01785851197256304,0.4572564359412785,0.16666666666666666,0.06145667093594252,1.7320495844704806,0.3140190972222222,9.755830506168079e-26,0.010416666666666666,0.027777777777777776
role,Data2txt,0,27,0.001,576,288,576,288,4,True,11,36.44537969056316,8.901440377741219,11.622728983183485,-2.7212886054422682,-17.788060474019883,-23.16145204040891,0.018599941268877603,0.517346265797877,0.16666666666666666,0.06145667093594254,1.7320506818129988,0.26779513888888884,9.982156859389432e-19,0.027777777777777776,0.05555555555555555
role,Data2txt,0,28,1e-06,576,288,576,288,4,True,13,14.949587877808174,13.30491890380649,16.96957258482147,-3.6646536810149777,-26.717834146603966,-33.90730840460158,0.015209399845019024,0.45459888980516894,0.16666666666666666,0.108590281961338,1.731975680461604,0.4534233940972222,1.3320961279644167e-54,0.0,0.0
role,Data2txt,0,28,0.0001,576,288,576,288,4,True,13,16.0883634242523,9.251575110651983,12.37442042724107,-3.1228453165890873,-18.624960600701943,-24.720379159472184,0.02008840268178698,0.48904560220126747,0.16666666666666666,0.10859028196133799,1.7320500547178646,0.3587510850694444,1.0816346841737846e-33,0.003472222222222222,0.017361111111111112
role,Data2txt,0,28,0.001,576,288,576,288,4,True,12,17.916113828702265,7.389171826716211,10.1351814612084,-2.7460096344921885,-14.923282952433429,-20.25930215771548,0.027084507532960295,0.5306470105114132,0.16666666666666666,0.10859028196133794,1.7320507308614062,0.265869140625,1.842271570802342e-18,0.017361111111111112,0.04861111111111111
role,Data2txt,0,29,1e-06,576,288,576,288,4,True,12,15.514163932900923,13.945422016550815,17.92864186919125,-3.983219852640435,-27.92225306342061,-35.924708001874734,0.033003665691227674,0.5910287768556782,0.16666666666666666,0.10068781280108499,1.7319768628091046,0.41536458333333337,1.6766357691618163e-45,0.003472222222222222,0.003472222222222222
role,Data2txt,0,29,0.0001,576,288,576,288,4,True,13,16.770061567131837,9.898784411107384,13.32825960775089,-3.429475196643507,-19.826832934254956,-26.72475356923032,0.03653968527477005,0.6168269199200105,0.16666666666666666,0.10068781280108495,1.7320500663190068,0.33455403645833337,3.0445600549966815e-29,0.006944444444444444,0.034722222222222224
role,Data2txt,0,29,0.001,576,288,576,288,4,True,12,18.702614146776003,8.02369323826216,11.049944876692852,-3.0262516384306926,-16.069000063603735,-22.16767877049044,0.0389076886722339,0.6448426457137831,0.16666666666666666,0.10068781280108496,1.7320507318180218,0.3043891059027778,3.54315486601242e-24,0.034722222222222224,0.059027777777777776
role,Data2txt,0,30,1e-06,576,288,576,288,4,True,12,12.410903754782673,13.016300285046643,16.70896482471403,-3.6926645396673856,-26.293748891171255,-33.552111867813714,0.04150094575799751,0.5843143628033276,0.16666666666666666,0.03714999234456665,1.7319789929080873,0.4349229600694444,4.665214854577343e-50,0.0,0.010416666666666666
role,Data2txt,0,30,0.0001,576,288,576,288,4,True,12,13.331152185140303,8.949254220601125,12.11194094185041,-3.162686721249285,-18.17200659710525,-24.356547279266877,0.046041123164275985,0.6007869119196558,0.16666666666666666,0.03714999234456664,1.7320500881076557,0.3580186631944444,1.492445896507734e-33,0.020833333333333332,0.03819444444444445
role,Data2txt,0,30,0.001,576,288,576,288,4,True,12,14.804932942773064,7.065989266094413,9.859218613677866,-2.7932293475834524,-14.416590974566853,-19.84533442111637,0.04877410291755597,0.620965919175991,0.16666666666666666,0.03714999234456664,1.732050734442297,0.28415256076388884,4.5290689178146334e-21,0.03819444444444445,0.05555555555555555
role,Data2txt,0,31,1e-06,576,288,576,288,4,True,13,3.0972434370243094,11.974102310168542,14.820228336443556,-2.8461260262750163,-23.99172422080907,-29.701709248940816,0.24149978709703918,0.785447030472004,0.16666666666666666,0.0003961402557230379,1.7319982603068562,0.5142957899305556,2.9284789141704388e-71,0.013888888888888888,0.017361111111111112
role,Data2txt,0,31,0.0001,576,288,576,288,4,True,13,4.0466339645795575,7.946097455646438,10.535444507824186,-2.589347052177747,-15.954132969813896,-21.125283022077053,0.19104524812587761,0.6695912893282039,0.16666666666666666,0.00039614025572301526,1.7320502810926734,0.4545355902777778,6.980808909434006e-55,0.017361111111111112,0.020833333333333332
role,Data2txt,0,31,0.001,576,288,576,288,4,True,12,5.0047325290727,6.0714756608241265,8.46886785754698,-2.397392196722853,-12.227025653154136,-17.005682914254074,0.17374375109884088,0.6514869648453876,0.16666666666666666,0.0003961402557230191,1.7320507540156282,0.3988715277777778,7.459797392406402e-42,0.03125,0.03125
role,Data2txt,1,0,1e-06,1152,576,1024,576,4,True,8,2.6012812439994892,7.579266959892355,7.939495160650687,-0.36022820075833084,-14.27823602215753,-14.91957221470947,0.1349821018785642,0.5520290382120924,0.16666666666666666,0.056532474103069955,0.7384222611185204,0.2603081597222222,6.409743112237951e-35,0.04513888888888889,0.0798611111111111
role,Data2txt,1,0,0.0001,1152,576,1024,576,4,True,8,3.0957762612532687,5.616402220388648,6.465890416383278,-0.8494881959946304,-10.498877015698227,-12.105564411729894,0.12733640532203302,0.4388539941052147,0.16666666666666666,0.056532474103069975,0.7394787537792857,0.22013346354166669,5.415433965935209e-25,0.050347222222222224,0.06944444444444445
role,Data2txt,1,0,0.001,1152,576,1024,576,4,True,9,3.5779336226058005,4.604395359414011,5.688288233824189,-1.083892874410179,-8.582146959929915,-10.65171197875179,0.1304063839385884,0.38640771366686316,0.16666666666666666,0.05653247410306997,0.748925688955995,0.19816080729166669,2.6894809518907532e-20,0.05381944444444445,0.06944444444444445
role,Data2txt,1,1,1e-06,1152,576,1024,576,4,True,9,6.8435491491788065,7.492876940065205,7.892120663475532,-0.39924372341032704,-13.932261145933275,-14.718696764173476,0.10872682089196942,0.4346805579927896,0.16666666666666666,0.011481239025710698,0.9578309693929502,0.2050509982638889,1.0285780314958758e-21,0.001736111111111111,0.036458333333333336
role,Data2txt,1,1,0.0001,1152,576,1024,576,4,True,10,7.874800480898394,6.443769157083697,6.979966844681854,-0.5361976875981581,-12.108602486225282,-13.202662393857473,0.08751912905326537,0.3554398995806545,0.16666666666666666,0.011481239025710693,0.9599352758333819,0.10370551215277779,7.574279935115359e-06,0.003472222222222222,0.036458333333333336
role,Data2txt,1,1,0.001,1152,576,1024,576,4,True,10,9.105787369771694,5.9065319399631635,6.600628498486117,-0.6940965585229533,-11.170614708454433,-12.603540211432918,0.07248671461654874,0.348325380129961,0.16666666666666666,0.011481239025710698,0.9782701339109113,0.12038845486111116,9.866476009688288e-08,0.008680555555555556,0.034722222222222224
role,Data2txt,1,2,1e-06,1152,576,1024,576,4,True,11,18.25975060094394,13.804984912492408,14.44915512760224,-0.6441702151098307,-26.765013916096112,-28.599262452580682,0.0314864533025456,0.5340642151651919,0.3333333333333333,0.014924217522380332,1.129335800972188,0.3075086805555556,7.428936947436446e-49,0.022569444444444444,0.052083333333333336
role,Data2txt,1,2,0.0001,1152,576,1024,576,4,True,10,21.050236853040477,10.8125675370592,11.837068887037846,-1.0245013499786464,-21.101135082598432,-23.376917733102367,0.024440384506466427,0.5973867099891071,0.3333333333333333,0.014924217522380337,1.1354821305776301,0.24270290798611116,2.3571079836799525e-30,0.022569444444444444,0.059027777777777776
role,Data2txt,1,2,0.001,1152,576,1024,576,4,True,10,25.469687852460552,9.224557642188945,10.518575775295389,-1.2940181331064449,-18.07321457467033,-20.834911590135818,0.023489441887253548,0.6631936478278366,0.3333333333333333,0.014924217522380333,1.1837795271615144,0.24449327256944442,8.385467040482761e-31,0.034722222222222224,0.0625
role,Data2txt,1,3,1e-06,1152,576,1024,576,4,True,10,11.797570918620536,10.108471348911943,10.548399049918249,-0.43992770100630335,-19.147491584198733,-20.149032946721277,0.04026266486430931,0.38890581315626144,0.3333333333333333,0.013101296777468328,0.7555464433793317,0.25146484375,1.3883080665529726e-32,0.001736111111111111,0.03993055555555555
role,Data2txt,1,3,0.0001,1152,576,1024,576,4,True,10,13.347092625690467,8.17108816480458,8.756188153079506,-0.5850999882749262,-15.69032006846359,-17.016882931301794,0.037021845033921225,0.4572637090493594,0.3333333333333333,0.013101296777468324,0.7578882210935755,0.16197374131944442,1.1362466430793513e-13,0.001736111111111111,0.027777777777777776
role,Data2txt,1,3,0.001,1152,576,1024,576,4,True,10,15.49009089439843,7.221311397313672,7.998203403127273,-0.7768920058136033,-13.971970992871963,-15.643911062813482,0.04513583572074278,0.5274698461852974,0.3333333333333333,0.013101296777468335,0.778021233992703,0.10753038194444442,2.9657491738094067e-06,0.005208333333333333,0.04513888888888889
role,Data2txt,1,4,1e-06,1152,576,1024,576,4,True,10,10.42331773452024,8.803848156725968,9.131761626724966,-0.32791346999900056,-17.53885066573624,-18.254838935175513,0.03031047992989584,0.2618210352253442,0.16666666666666666,0.025010639417856258,0.36191602190333544,0.2218967013888889,2.16025224284287e-25,0.020833333333333332,0.09375
role,Data2txt,1,4,0.0001,1152,576,1024,576,4,True,9,11.778816147180418,7.187258244448101,7.657819783990451,-0.4705615395423486,-14.414651213320049,-15.44156978932765,0.024983522278934477,0.3237342432687848,0.16666666666666666,0.02501063941785625,0.3630725166990672,0.1618923611111111,1.1717493882922378e-13,0.008680555555555556,0.06944444444444445
role,Data2txt,1,4,0.001,1152,576,1024,576,4,True,8,13.598391300289464,6.404373824971763,7.016405866543338,-0.6120320415715739,-12.891554716165482,-14.20063664713267,0.02233491876218228,0.40008258360807586,0.16666666666666666,0.025010639417856265,0.37333649308961353,0.08949110243055558,0.00018308848701514258,0.015625,0.05555555555555555
role,Data2txt,1,5,1e-06,1152,576,1024,576,4,True,10,9.541536749334538,8.793854347732141,9.242455747015189,-0.4486013992830492,-18.247933459613414,-19.280061688231935,0.057972273298769805,0.47831192323417043,0.16666666666666666,0.022221688816999617,0.44471718784978,0.18294270833333331,2.4154078248784458e-17,0.03819444444444445,0.1076388888888889
role,Data2txt,1,5,0.0001,1152,576,1024,576,4,True,11,10.696664403989484,7.103383240987181,7.752238720154158,-0.6488554791669756,-14.74222235315311,-16.161267897534408,0.050611017528782845,0.5339025430381689,0.16666666666666666,0.02222168881699962,0.4465639544912834,0.12345377604166669,4.1395315081335755e-08,0.034722222222222224,0.0920138888888889
role,Data2txt,1,5,0.001,1152,576,1024,576,4,True,10,12.211353137671614,6.2479146779753005,7.111862723723558,-0.8639480457482569,-13.006958365511078,-14.829829951224685,0.04754025344601712,0.5880499280890004,0.16666666666666666,0.02222168881699963,0.4627665494064081,0.09510633680555558,5.503615966984828e-05,0.03298611111111111,0.09027777777777778
role,Data2txt,1,6,1e-06,1152,576,1024,576,4,True,10,7.898645958529551,5.980276969147379,6.1129850950427596,-0.13270812589537956,-12.549628653051382,-12.807053063693335,0.07603483431314256,0.33827677620884733,0.16666666666666666,0.05248259769550336,0.3021182160288795,0.18736436631944442,3.5479069965097464e-18,0.041666666666666664,0.1111111111111111
role,Data2txt,1,6,0.0001,1152,576,1024,576,4,True,8,9.020040477521539,5.207982935629417,5.539171513549432,-0.33118857792001527,-10.877659380082582,-11.503198179414591,0.05979450503400993,0.3210560425801102,0.16666666666666666,0.05248259769550337,0.30290335716372746,0.08756510416666666,0.0002718717922532807,0.036458333333333336,0.0954861111111111
role,Data2txt,1,6,0.001,1152,576,1024,576,4,True,9,10.307816876742242,4.848151171543039,5.339372621033958,-0.4912214494909186,-10.101273779999627,-11.046423601376311,0.051915739807720095,0.3494679634593839,0.16666666666666666,0.05248259769550338,0.30996507587532884,0.05631510416666663,0.04983438221090608,0.03298611111111111,0.09375
role,Data2txt,1,7,1e-06,1152,576,1024,576,4,True,10,8.47142842019802,6.517849080011345,6.7028999938929665,-0.18505091388162168,-13.54262645937014,-13.857084410471298,0.06904918028419738,0.36021133157545243,0.16666666666666666,0.04468111819944802,0.42202904171768924,0.1853569878472222,8.524960616937473e-18,0.034722222222222224,0.11631944444444445
role,Data2txt,1,7,0.0001,1152,576,1024,576,4,True,10,9.51784923260275,5.434251230559568,5.853939209411625,-0.4196879788520582,-11.365180073187817,-12.17181301470421,0.05806019463690941,0.3354737136187693,0.16666666666666666,0.044681118199448006,0.42287038984799624,0.0979275173611111,2.926406830110822e-05,0.03993055555555555,0.109375
role,Data2txt,1,7,0.001,1152,576,1024,576,4,True,10,10.722047426586117,4.941975388314776,5.521559548609165,-0.5795841602943889,-10.35627162331673,-11.51798386079096,0.050206147946294154,0.34864373914862024,0.16666666666666666,0.044681118199448,0.4304635047245355,0.057698567708333336,0.04150793493914762,0.041666666666666664,0.10069444444444445
role,Data2txt,1,8,1e-06,1152,576,1024,576,4,True,11,8.038545523218753,7.624971045506418,7.946545735939306,-0.32157469043288966,-15.974365125607358,-16.48744922805041,0.0945468062016898,0.23337791442579725,0.16666666666666666,0.04030912619218883,0.14648896511432705,0.24622938368055558,3.0545651625704014e-31,0.06076388888888889,0.16145833333333334
role,Data2txt,1,8,0.0001,1152,576,1024,576,4,True,8,8.92503226619823,5.942937479972396,6.432655350375648,-0.4897178704032527,-12.569564908479816,-13.427057433704483,0.08427714544465471,0.28682355635289375,0.16666666666666666,0.04030912619218882,0.14689722718435064,0.1727973090277778,1.6483071366308343e-15,0.052083333333333336,0.1371527777777778
role,Data2txt,1,8,0.001,1152,576,1024,576,4,True,9,10.056082857797806,5.140302875833381,5.776268974712447,-0.635966098879065,-10.969499866453244,-12.100518643701747,0.07655653888806639,0.3510137863635833,0.16666666666666666,0.04030912619218883,0.15079879725777864,0.09779188368055558,3.0179172941767447e-05,0.046875,0.11979166666666667
role,Data2txt,1,9,1e-06,1152,576,1024,576,4,True,10,7.106579537470729,7.605612417742553,7.88489691561366,-0.279284497871106,-15.501740759062688,-16.01734275950431,0.11322447188076212,0.2979100946209289,0.16666666666666666,0.044674884140228466,0.5605960634820834,0.2233615451388889,1.0008972722558662e-25,0.057291666666666664,0.11284722222222222
role,Data2txt,1,9,0.0001,1152,576,1024,576,4,True,9,7.894948923024821,6.037520358010779,6.506514399574499,-0.4689940415637202,-12.372522317510967,-13.266479203892992,0.10203054375851783,0.30793576696392927,0.16666666666666666,0.04467488414022848,0.562000453901848,0.15489366319444442,1.557123801530823e-12,0.046875,0.09722222222222222
role,Data2txt,1,9,0.001,1152,576,1024,576,4,True,10,8.883454061295136,5.254332743394039,5.9048395289069635,-0.6505067855129243,-10.829755582524259,-12.070012921204329,0.09406099854133085,0.3457177395769646,0.16666666666666666,0.04467488414022849,0.5745477120460631,0.10096571180555558,1.4517817973670885e-05,0.059027777777777776,0.0920138888888889
role,Data2txt,1,10,1e-06,1152,576,1024,576,4,True,10,9.018040381226047,8.642006593369693,8.980370130886163,-0.3383635375164691,-18.062427511589405,-18.76295694845517,0.03673689754811261,0.23628509459898722,0.16666666666666666,0.055565239516599405,0.17258203465165362,0.2965223524305556,2.1798672892332186e-45,0.057291666666666664,0.15104166666666666
role,Data2txt,1,10,0.0001,1152,576,1024,576,4,True,8,9.958349986905512,6.550456258494113,6.9975383464343475,-0.447082087940236,-13.77940853197273,-14.71673055365836,0.024313004866629864,0.26564288938279296,0.16666666666666666,0.05556523951659939,0.1721215479503254,0.220947265625,3.546772474884619e-25,0.043402777777777776,0.125
role,Data2txt,1,10,0.001,1152,576,1024,576,4,True,10,11.213768738380127,5.585046610296569,6.110092908196171,-0.5250462978996018,-11.786944832016177,-12.901264141993728,0.01793030062283623,0.31694643990527305,0.16666666666666666,0.055565239516599405,0.16830810301784316,0.1615668402777778,1.3249960443280682e-13,0.041666666666666664,0.1076388888888889
role,Data2txt,1,11,1e-06,1152,576,1024,576,4,True,10,8.087594709947389,7.0716505831939775,7.257690625606257,-0.18604004241227862,-14.326129046636046,-14.576664995711452,0.098104653163024,0.32551719189471956,0.3333333333333333,0.02248319012036388,0.7741242480664242,0.21809895833333331,1.548942825676388e-24,0.027777777777777776,0.09722222222222222
role,Data2txt,1,11,0.0001,1152,576,1024,576,4,True,10,9.026626669730092,5.68638069393397,6.076081369350543,-0.38970067541657427,-11.68255603641592,-12.353021411626976,0.08677098313364995,0.36906883178186595,0.3333333333333333,0.02248319012036389,0.7754778250811235,0.11040581597222221,1.4329182244862417e-06,0.024305555555555556,0.06770833333333333
role,Data2txt,1,11,0.001,1152,576,1024,576,4,True,10,10.142414165991763,5.036982014966522,5.610579059676767,-0.5735970447102446,-10.438033973757745,-11.486489855236403,0.0784211269073719,0.4200937941197885,0.3333333333333333,0.022483190120363893,0.7874847992839032,0.08528645833333333,0.0004292049860556614,0.020833333333333332,0.057291666666666664
role,Data2txt,1,12,1e-06,1152,576,1024,576,4,True,10,7.078689174402743,4.802355292072497,4.725705176099498,0.07665011597299985,-9.660556110370925,-9.445844616335634,0.08478028233666098,0.3269134056366837,0.16666666666666666,0.015993361629302007,0.3384139950287569,0.19384765625,1.9563310680165952e-19,0.034722222222222224,0.06597222222222222
role,Data2txt,1,12,0.0001,1152,576,1024,576,4,True,9,7.882354676651822,4.168985606306539,4.340992391174654,-0.17200678486811485,-8.5357410704921,-8.828325951291543,0.07036507467701544,0.3356859207904676,0.16666666666666666,0.015993361629302014,0.338277755338855,0.10319010416666666,8.571913129786382e-06,0.034722222222222224,0.059027777777777776
role,Data2txt,1,12,0.001,1152,576,1024,576,4,True,10,8.668054596526066,3.890807563048824,4.2537887369497485,-0.36298117390092427,-8.043534436301183,-8.720126317715259,0.0682712385224543,0.35813189314249505,0.16666666666666666,0.015993361629302007,0.3371015881667407,0.05666775173611116,0.04758533380416985,0.03993055555555555,0.07291666666666667
role,Data2txt,1,13,1e-06,1152,576,1024,576,4,True,9,12.296818797352163,8.748808067191014,8.97579496583982,-0.22698689864880606,-18.26957859183479,-18.753074885544898,0.05372843369369144,0.19904571291764853,0.16666666666666666,0.03752028087948751,0.27504545560213,0.2850206163194444,6.638689955805243e-42,0.0642361111111111,0.12152777777777778
role,Data2txt,1,13,0.0001,1152,576,1024,576,4,True,11,13.61604756755958,6.7455524123109205,7.156351512011415,-0.41079909970049505,-14.108563398514837,-14.973554986355492,0.04615154071083586,0.19619170548374484,0.16666666666666666,0.037520280879487514,0.2736982214153135,0.2221137152777778,1.9281950267983351e-25,0.06597222222222222,0.1076388888888889
role,Data2txt,1,13,0.001,1152,576,1024,576,4,True,8,15.329138665359473,5.842044481749607,6.3651842200550135,-0.5231397383054064,-12.223838876408639,-13.319763569535265,0.039821102582418826,0.23641266040798087,0.16666666666666666,0.03752028087948749,0.26175267423722764,0.1470269097222222,2.4816718023156388e-11,0.0625,0.10243055555555555
role,Data2txt,1,14,1e-06,1152,576,1024,576,4,True,10,6.530229075531399,6.932824190045234,7.217218060637543,-0.28439387059230875,-14.059573045857707,-14.769760159640732,0.10630124338063351,0.8308009767270027,0.16666666666666666,0.01240598599962338,0.5548119923169805,0.2659776475694444,1.837574358893318e-36,0.057291666666666664,0.11631944444444445
role,Data2txt,1,14,0.0001,1152,576,1024,576,4,True,10,7.222552327884841,5.388493225603813,5.867123240423968,-0.47863001482015577,-10.915747483564534,-12.014554454112272,0.09271596828208253,0.7369102433577589,0.16666666666666666,0.012405985999623384,0.5552879675278267,0.1947699652777778,1.2847301067788632e-19,0.05555555555555555,0.09722222222222222
role,Data2txt,1,14,0.001,1152,576,1024,576,4,True,10,8.053468031533617,4.694436476053951,5.2925250688593195,-0.5980885928053682,-9.499654959278608,-10.841455193137262,0.0813276297123371,0.666916208020927,0.16666666666666666,0.012405985999623378,0.5596183214552231,0.13338216145833331,2.1344050329211493e-09,0.05555555555555555,0.0798611111111111
role,Data2txt,1,15,1e-06,1152,576,1024,576,4,True,9,5.1910672351011184,6.751031157610527,7.141877535174397,-0.39084637756386964,-13.56338126181377,-14.442269941709919,0.08889007756953515,0.3975143635397958,0.16666666666666666,0.06311720032384974,0.29710815711855604,0.24281141493055558,2.2144986038589575e-30,0.05555555555555555,0.1423611111111111
role,Data2txt,1,15,0.0001,1152,576,1024,576,4,True,9,5.748395495250994,5.3329924979523735,5.890060044972845,-0.557067547020471,-10.700861157900604,-11.898631807103655,0.06816347207667406,0.3581345243826803,0.16666666666666666,0.06311720032384971,0.29661723742951107,0.18174913194444442,4.021088976985105e-17,0.04513888888888889,0.11458333333333333
role,Data2txt,1,15,0.001,1152,576,1024,576,4,True,9,6.421097533133306,4.651893542549934,5.341875051772432,-0.6899815092224972,-9.318320581993728,-10.768907894944107,0.05287704114700958,0.35150550031568306,0.16666666666666666,0.06311720032384971,0.2922626793763942,0.15614149305555558,9.902010065895513e-13,0.04513888888888889,0.1076388888888889
role,Data2txt,1,16,1e-06,1152,576,1024,576,4,True,9,5.547001749382195,6.542170197742134,7.037821047656433,-0.49565084991429803,-13.517559546416381,-14.52000879863153,0.096180776501749,0.6718948178107037,0.16666666666666666,0.028111765314106,0.6196587162538157,0.2397732204861111,1.25707523437002e-29,0.06944444444444445,0.1388888888888889
role,Data2txt,1,16,0.0001,1152,576,1024,576,4,True,8,6.19611234950738,5.247662507770924,5.9068258967432,-0.6591633889722757,-10.923206310080614,-12.265936731579494,0.06949797720308137,0.6179280008266698,0.16666666666666666,0.028111765314106002,0.6191267641515675,0.1667751736111111,1.7986558141146662e-14,0.06076388888888889,0.10243055555555555
role,Data2txt,1,16,0.001,1152,576,1024,576,4,True,9,6.98375921464663,4.62308120555664,5.396183443230433,-0.7731022376737933,-9.649277776234637,-11.229859542791228,0.054008925680818644,0.5869643567420733,0.16666666666666666,0.028111765314106012,0.6143513090385355,0.12255859375,5.346892403277337e-08,0.06597222222222222,0.10069444444444445
role,Data2txt,1,17,1e-06,1152,576,1024,576,4,True,10,7.315165672955295,7.568903283377959,7.9871833603137325,-0.41828007693577374,-15.330257715503384,-16.27594039565438,0.0696851629498629,0.516091674860498,0.3333333333333333,0.04539863207001014,0.40601866386667584,0.2675509982638889,6.758804152179089e-37,0.03993055555555555,0.1284722222222222
role,Data2txt,1,17,0.0001,1152,576,1024,576,4,True,10,8.153562054013587,6.014353765271164,6.567288583205187,-0.5529348179340245,-12.136661973783573,-13.36086413315392,0.05295969100388645,0.45300010658547857,0.3333333333333333,0.045398632070010145,0.4058530825305743,0.2062445746527778,5.775521608833752e-22,0.036458333333333336,0.10069444444444445
role,Data2txt,1,17,0.001,1152,576,1024,576,4,True,9,9.22270222045159,5.28419301197149,5.938741870463869,-0.654548858492381,-10.624617730405255,-12.046119182593422,0.03989345454480678,0.42353382216268315,0.3333333333333333,0.045398632070010145,0.4044883381447467,0.1502007378472222,8.2663097539726e-12,0.034722222222222224,0.08506944444444445
role,Data2txt,1,18,1e-06,1152,576,1024,576,4,True,10,10.39876537772324,9.590118781871375,10.168408131982014,-0.5782893501106392,-19.33368200690843,-20.60247222061263,0.03486926147453794,0.25014392289075005,0.3333333333333333,0.04411162332747908,0.35652199345260266,0.2627495659722222,1.4025137307339724e-35,0.034722222222222224,0.09722222222222222
role,Data2txt,1,18,0.0001,1152,576,1024,576,4,True,10,11.588989536095088,7.540473272455238,8.264206242064441,-0.7237329696092041,-15.215471750840303,-16.770280459362667,0.02905370747947201,0.30520547619675537,0.3333333333333333,0.04411162332747907,0.3578392917634212,0.16170247395833331,1.2588857739674665e-13,0.03993055555555555,0.08159722222222222
role,Data2txt,1,18,0.001,1152,576,1024,576,4,True,11,13.25273026800058,6.539498556322588,7.414079116402978,-0.8745805600803908,-13.186551983979578,-15.046307811749708,0.02903933140604192,0.37699436089454147,0.3333333333333333,0.04411162332747908,0.36971954371858934,0.11439344618055555,5.060581513648633e-07,0.03125,0.07118055555555555
role,Data2txt,1,19,1e-06,1152,576,1024,576,4,True,9,12.250649634861235,10.944019950408146,11.730388915509698,-0.7863689651015515,-21.756170323395573,-23.44346556580494,0.026684737527242597,0.35331552295154983,0.5,0.08675507016504844,0.33628529946917857,0.3254937065972222,7.86368709135185e-55,0.0642361111111111,0.1267361111111111
role,Data2txt,1,19,0.0001,1152,576,1024,576,4,True,10,13.662633231156867,8.448779921631427,9.359758553846941,-0.9109786322155133,-16.877620131271755,-18.81814855537738,0.020915610083955448,0.39131222502261936,0.5,0.08675507016504842,0.33639711760396185,0.25705295138888884,4.748521429912854e-34,0.057291666666666664,0.09375
role,Data2txt,1,19,0.001,1152,576,1024,576,4,True,10,15.75561779123892,7.241628832633349,8.272396322942567,-1.030767490309218,-14.463291100060143,-16.66433062634858,0.01972443511468882,0.4482963261960188,0.5,0.08675507016504844,0.33804729344823453,0.21945529513888884,7.695890029906207e-25,0.05381944444444445,0.0920138888888889
role,Data2txt,1,20,1e-06,1152,576,1024,576,4,True,10,9.945549524488735,10.043876606885583,10.868114680582444,-0.8242380736968601,-20.067251899913174,-21.792073766193262,0.047920582112204596,0.42560528926673097,0.3333333333333333,0.07341066212671489,0.45855716942967767,0.3353135850694444,2.9819497313531806e-58,0.04513888888888889,0.1579861111111111
role,Data2txt,1,20,0.0001,1152,576,1024,576,4,True,8,11.05916118284115,7.7694958140537125,8.724373203238047,-0.9548773891843337,-15.512169077175052,-17.47806032142002,0.03566312435539107,0.4331058597576852,0.3333333333333333,0.07341066212671488,0.45880168268699933,0.29150390625,7.529460757397929e-44,0.04861111111111111,0.1388888888888889
role,Data2txt,1,20,0.001,1152,576,1024,576,4,True,10,12.625736999061603,6.678216035862503,7.753324549970669,-1.0751085141081667,-13.316885595794165,-15.497523518952788,0.027283999242950014,0.46305029477639553,0.3333333333333333,0.0734106621267148,0.46130487683982974,0.2571885850694444,4.370714366020176e-34,0.046875,0.13020833333333334
role,Data2txt,1,21,1e-06,1152,576,1024,576,4,True,10,6.503481698954278,9.064055624951003,9.74926689755727,-0.6852112726062658,-17.371626058337633,-18.80670102429376,0.08301484870512969,0.721214482337556,0.16666666666666666,0.09050786145172827,0.4477387386535181,0.32052951388888884,3.821884971976488e-53,0.052083333333333336,0.125
role,Data2txt,1,21,0.0001,1152,576,1024,576,4,True,9,7.27413254009673,7.002847710312521,7.826708091231601,-0.8238603809190806,-13.538977465417933,-15.256352694304855,0.06539343460793477,0.6276227594439862,0.16666666666666666,0.0905078614517283,0.44724204521642125,0.2595486111111111,1.0252173196683412e-34,0.052083333333333336,0.10243055555555555
role,Data2txt,1,21,0.001,1152,576,1024,576,4,True,9,8.35874070190944,5.979021288394847,6.91631107523218,-0.9372897868373324,-11.595168338017004,-13.535465476074602,0.051933631861940034,0.5628628556773603,0.16666666666666666,0.09050786145172825,0.44287629309701276,0.2262641059027778,2.1456199830567878e-26,0.050347222222222224,0.0920138888888889
role,Data2txt,1,22,1e-06,1152,576,1024,576,4,True,10,12.78460345726066,10.711995671308241,11.374882806173737,-0.6628871348654971,-20.242766011588884,-21.555218167102193,0.029166575305805215,0.24317323205901156,0.5,0.10617091669138505,0.33893434402392464,0.3456488715277778,5.639444442473339e-62,0.043402777777777776,0.1232638888888889
role,Data2txt,1,22,0.0001,1152,576,1024,576,4,True,10,14.311137345302566,8.302692376195324,9.075695789536825,-0.7730034133415007,-15.903281043297529,-17.482779139622217,0.025223672231036155,0.2932250560508666,0.5,0.10617091669138502,0.34014869260984515,0.27414279513888884,9.55408312696149e-39,0.03298611111111111,0.09722222222222222
role,Data2txt,1,22,0.001,1152,576,1024,576,4,True,10,16.526302799535806,7.147652553867303,8.029915833343157,-0.8822632794758545,-13.818753256113272,-15.6507482798293,0.029894750584594745,0.3674238024174577,0.5,0.10617091669138504,0.3512146723087116,0.22694227430555558,1.492724519383146e-26,0.03298611111111111,0.06944444444444445
role,Data2txt,1,23,1e-06,1152,576,1024,576,4,True,9,14.334082326045694,11.674166456265587,12.433011372901952,-0.7588449166363644,-21.759662652589906,-23.226816435061405,0.04565640041397444,0.4604674814333851,0.3333333333333333,0.034855539094577385,0.9856760261437962,0.385986328125,9.767694747144724e-78,0.015625,0.0763888888888889
role,Data2txt,1,23,0.0001,1152,576,1024,576,4,True,11,16.03057285957432,9.029839138079272,9.908326595839092,-0.878487457759822,-17.049546970690027,-18.799115778366374,0.036219955137847565,0.43243481494462144,0.3333333333333333,0.03485553909457737,0.988486909850875,0.3002387152777778,1.516516959728438e-46,0.015625,0.046875
role,Data2txt,1,23,0.001,1152,576,1024,576,4,True,10,18.492140735506954,7.776149490558589,8.784223162418707,-1.0080736718601193,-14.82081270643222,-16.84968323617738,0.032016329863077696,0.43890460298494804,0.3333333333333333,0.03485553909457737,1.0126922800982665,0.23133680555555558,1.3833261711636658e-27,0.015625,0.043402777777777776
role,Data2txt,1,24,1e-06,1152,576,1024,576,4,True,10,12.962716156096171,11.306061770787078,12.004996331281554,-0.6989345604944752,-21.599479700556138,-22.935174340118103,0.04077119806085626,0.5065201729230017,0.16666666666666666,0.0674458477693772,0.585607543306626,0.3287217881944444,6.0736469712204635e-56,0.029513888888888888,0.0798611111111111
role,Data2txt,1,24,0.0001,1152,576,1024,576,4,True,10,14.563425188808111,8.842103969903496,9.669399669485841,-0.8272956995823465,-17.04382341272347,-18.655074553792772,0.030645492326844607,0.4707895314341079,0.16666666666666666,0.06744584776937722,0.5871002110722118,0.23486328125,1.981017805509081e-28,0.022569444444444444,0.06770833333333333
role,Data2txt,1,24,0.001,1152,576,1024,576,4,True,10,16.94175015144357,7.635347525201177,8.60631656916753,-0.9709690439663538,-14.805541353001114,-16.742094742463408,0.025685678485352095,0.47135782389443814,0.16666666666666666,0.06744584776937719,0.6005682990492949,0.1843804253472222,1.3013074534427389e-17,0.022569444444444444,0.059027777777777776
role,Data2txt,1,25,1e-06,1152,576,1024,576,4,True,10,10.980004071046226,11.377261527161446,12.171694748978215,-0.7944332218167669,-21.886067635808466,-23.622088698782747,0.060495413786138694,0.7752131738563728,0.16666666666666666,0.06093829769024553,0.5367434994884585,0.3505316840277778,8.873567713396551e-64,0.04513888888888889,0.12152777777777778
role,Data2txt,1,25,0.0001,1152,576,1024,576,4,True,9,12.422103986085357,8.905855482970926,9.828695602493882,-0.9228401195229561,-17.28061753996223,-19.311933502348694,0.04894534386283815,0.6905356618820807,0.16666666666666666,0.06093829769024552,0.5360136630815644,0.2818739149305556,5.613593183986201e-41,0.04513888888888889,0.09895833333333333
role,Data2txt,1,25,0.001,1152,576,1024,576,4,True,9,14.626182645256364,7.674167955872339,8.727476229729055,-1.0533082738567128,-14.916307886704777,-17.27460476711819,0.0395839845980832,0.6377836282730025,0.16666666666666666,0.06093829769024548,0.5300302018645379,0.2394476996527778,1.5120380032839176e-29,0.04861111111111111,0.0954861111111111
role,Data2txt,1,26,1e-06,1152,576,1024,576,4,True,9,7.482438185514103,9.108280933299799,9.78531971944685,-0.677038786147052,-17.582332907234534,-19.132171847392293,0.0657214156737528,0.6162044277558916,0.5,0.11502894840298132,0.8833969434010203,0.2929416232638889,2.7476489967789265e-44,0.0642361111111111,0.16493055555555555
role,Data2txt,1,26,0.0001,1152,576,1024,576,4,True,10,8.385348977248569,7.144427073557466,7.96840014969647,-0.8239730761390051,-13.898698422692215,-15.768718219158927,0.05557227401248193,0.5966008085660354,0.5,0.11502894840298131,0.8826285708128679,0.24788411458333331,1.1584487783750356e-31,0.06076388888888889,0.1284722222222222
role,Data2txt,1,26,0.001,1152,576,1024,576,4,True,10,9.648475239783572,6.162992489813742,7.102944089826824,-0.9399516000130824,-12.035993131063986,-14.141602331222822,0.04660492651963023,0.5930822255942452,0.5,0.11502894840298133,0.8757605504334185,0.2263726128472222,2.0247634327291438e-26,0.078125,0.11458333333333333
role,Data2txt,1,27,1e-06,1152,576,1024,576,4,True,9,12.214864321150678,10.0107563129942,10.557613556638849,-0.546857243644649,-19.192099278847422,-20.274053742266457,0.04822995994156693,0.4838093371966559,0.5,0.11372831077281592,0.44098146477152234,0.33303493923611116,1.898539870449155e-57,0.052083333333333336,0.1284722222222222
role,Data2txt,1,27,0.0001,1152,576,1024,576,4,True,9,13.78491077597882,7.924570251161261,8.614070393494412,-0.6895001423331506,-15.3612750530105,-16.738726499683303,0.03668746166338087,0.47243166206324294,0.5,0.1137283107728159,0.4397829044460966,0.2795952690972222,2.5924737703585284e-40,0.0642361111111111,0.12152777777777778
role,Data2txt,1,27,0.001,1152,576,1024,576,4,True,10,16.0506331227967,6.933360427498203,7.747631652813549,-0.814271225315347,-13.526369954671807,-15.156601911495356,0.027312632758059882,0.48855974937299407,0.5,0.11372831077281592,0.4291917598138532,0.2476128472222222,1.3586558997869943e-31,0.059027777777777776,0.11805555555555555
role,Data2txt,1,28,1e-06,1152,576,1024,576,4,True,9,6.374625446813698,6.1401411569148445,6.402378188086733,-0.2622370311718892,-11.155497259498574,-11.725712994328314,0.08226101231023858,0.4019993622327051,0.3333333333333333,0.09869038677664865,0.39945237406384226,0.22998046875,2.8972456780477403e-27,0.036458333333333336,0.11284722222222222
role,Data2txt,1,28,0.0001,1152,576,1024,576,4,True,9,7.128810246340713,5.1501277905112754,5.5928573663702545,-0.4427295758589785,-9.59029168670178,-10.5367286881833,0.06154720959768247,0.3813812555841855,0.3333333333333333,0.09869038677664868,0.39906002838982974,0.1979709201388889,2.937792299618994e-20,0.036458333333333336,0.10243055555555555
role,Data2txt,1,28,0.001,1152,576,1024,576,4,True,9,7.930654564566591,4.700069282530854,5.291315146396155,-0.5912458638652998,-8.873530518215103,-10.10302672674514,0.0580108805839807,0.38886916647782976,0.3333333333333333,0.0986903867766487,0.3955666292208797,0.16805013020833331,1.0923395073605598e-14,0.036458333333333336,0.10416666666666667
role,Data2txt,1,29,1e-06,1152,576,1024,576,4,True,9,6.707760806134891,8.945126952665005,9.587067589825564,-0.6419406371605589,-16.88571231630238,-18.265194006856973,0.07229614955054538,0.5100110903829026,0.5,0.08165444576201532,0.685608337897448,0.3111436631944444,4.935225044102333e-50,0.05555555555555555,0.11979166666666667
role,Data2txt,1,29,0.0001,1152,576,1024,576,4,True,9,7.4566413027064335,6.973264831957934,7.736462218009844,-0.7631973860519098,-13.392193542048645,-15.034015444087725,0.055122853172432686,0.5094321390861076,0.5,0.08165444576201535,0.684765545411396,0.2613118489583333,3.43818091270757e-35,0.046875,0.09722222222222222
role,Data2txt,1,29,0.001,1152,576,1024,576,4,True,10,8.407469560279736,6.0305038089609475,6.883576988246414,-0.8530731792854664,-11.682696905118746,-13.523472307871813,0.052391166524146104,0.5215961466699742,0.5,0.08165444576201532,0.677252522721958,0.2299533420138889,2.9402640797309064e-27,0.046875,0.10590277777777778
role,Data2txt,1,30,1e-06,1152,576,1024,576,4,True,9,5.50437308709164,6.252343926307162,6.472421149146418,-0.22007722283925613,-11.50951535763547,-12.151876438732415,0.08689253781570572,0.6077567592587605,0.3333333333333333,0.08074777232119991,0.6575070330537601,0.24476453993055558,7.164988867599635e-31,0.043402777777777776,0.10243055555555555
role,Data2txt,1,30,0.0001,1152,576,1024,576,4,True,9,6.140769964432855,5.009293338517994,5.388736788072313,-0.37944344955431913,-9.398051338367974,-10.387273015465635,0.06448471062643435,0.561699731490797,0.3333333333333333,0.08074777232119992,0.657044034511445,0.21790907118055558,1.7076830695598185e-24,0.04513888888888889,0.08854166666666667
role,Data2txt,1,30,0.001,1152,576,1024,576,4,True,9,6.880073888884334,4.435625717353539,4.947181302914643,-0.5115555855611033,-8.420468212797614,-9.668802596799825,0.06008215472536749,0.5369851005975879,0.3333333333333333,0.08074777232119992,0.6528870961541343,0.2018500434027778,4.753066967602329e-21,0.04861111111111111,0.08159722222222222
role,Data2txt,1,31,1e-06,1152,576,1024,576,4,True,9,2.467410693314879,5.391891359206006,5.563926600021122,-0.1720352408151149,-9.718902323715003,-9.98979468313836,0.3113286546880234,0.7474433824312124,0.3333333333333333,0.04377804133240446,0.6839295285119229,0.1979437934027778,2.975068203958816e-20,0.005208333333333333,0.022569444444444444
role,Data2txt,1,31,0.0001,1152,576,1024,576,4,True,8,3.1622948410706675,4.268189479360146,4.799548118752974,-0.5313586393928276,-7.877351596517229,-8.889897765296983,0.2400048621933447,0.6436581369355032,0.3333333333333333,0.04377804133240444,0.6837235124338948,0.15242513020833331,3.77146145681028e-12,0.012152777777777778,0.026041666666666668
role,Data2txt,1,31,0.001,1152,576,1024,576,4,True,8,3.8185963978728066,3.7764455392862106,4.553534467999238,-0.7770889287130268,-7.076280458697229,-8.572638719405866,0.2065956117821399,0.6184594556730664,0.3333333333333333,0.043778041332404434,0.6818893325912305,0.11905924479166669,1.428077558644047e-07,0.03125,0.04513888888888889
role,Data2txt,2,0,1e-06,2304,1152,1024,1024,4,True,8,2.4939871720853013,6.747534697662223,6.9275403433788245,-0.18000564571660246,-12.629585493277647,-13.012681790741876,0.12816941943023846,0.5364145159868835,0.16666666666666666,0.05517534404047353,0.5893966966935089,0.216552734375,1.2321646314246463e-42,0.0087890625,0.0556640625
role,Data2txt,2,0,0.0001,2304,1152,1024,1024,4,True,8,3.0800999461131657,5.115444234018935,5.735977569876985,-0.6205333358580497,-9.749959527182153,-11.040666569794759,0.1126974506234951,0.40099626708627745,0.16666666666666666,0.05517534404047353,0.5906512993040364,0.156005859375,3.1242310184931773e-22,0.0400390625,0.060546875
role,Data2txt,2,0,0.001,2304,1152,1024,1024,4,True,9,3.6491249829252235,4.266288595018791,5.095487247865005,-0.8291986528462145,-8.227852677357188,-9.923477174072833,0.10634558769087632,0.3458214861371404,0.16666666666666666,0.05517534404047352,0.6018745735329214,0.160888671875,1.2637816166154616e-23,0.0400390625,0.0537109375
role,Data2txt,2,1,1e-06,2304,1152,1024,1024,4,True,8,6.225944872862743,6.562868423441222,6.909732884518335,-0.34686446107711316,-13.205250608441695,-13.89719346664672,0.10480751908905137,0.4648186560636894,0.3333333333333333,0.007393587970166029,0.9177664379429459,0.164794921875,9.028121619828325e-25,0.025390625,0.0595703125
role,Data2txt,2,1,0.0001,2304,1152,1024,1024,4,True,9,7.148670188382413,5.699178025707768,6.174509995386684,-0.4753319696789155,-11.44760767983463,-12.387154132042827,0.08183299310204868,0.41447057372182333,0.3333333333333333,0.007393587970166031,0.9194876559512868,0.0498046875,0.0120119124936783,0.0263671875,0.052734375
role,Data2txt,2,1,0.001,2304,1152,1024,1024,4,True,9,8.226662514000546,5.265323901013773,5.872176736673428,-0.6068528356596549,-10.561628062879024,-11.75801986433823,0.0654759246382471,0.4169924871012504,0.3333333333333333,0.00739358797016603,0.9346128845970348,0.06005859375,0.0011844619442517056,0.0283203125,0.0517578125
role,Data2txt,2,2,1e-06,2304,1152,1024,1024,4,True,10,13.529538582807527,11.80501446190932,12.302325722025019,-0.4973112601156986,-23.99444873082976,-24.99058372845613,0.035208274398266313,0.49472750842549146,0.3333333333333333,0.025085244094128857,1.1354768185599617,0.25,7.096570609761518e-57,0.0263671875,0.1279296875
role,Data2txt,2,2,0.0001,2304,1152,1024,1024,4,True,10,16.02754134779565,9.426494610729549,10.258873529952954,-0.832378919223407,-19.091474923541305,-20.77150606679166,0.027255801373455013,0.564109038327941,0.3333333333333333,0.02508524409412887,1.140205433766318,0.189208984375,1.4210115188983813e-32,0.033203125,0.1142578125
role,Data2txt,2,2,0.001,2304,1152,1024,1024,4,True,10,19.589027423162094,8.168045215246178,9.280985715339744,-1.1129405000935662,-16.48151110351437,-18.729101094516523,0.026759350443253088,0.6338062423741182,0.3333333333333333,0.025085244094128857,1.178832647459395,0.203125,1.6129899423415906e-37,0.052734375,0.1064453125
role,Data2txt,2,3,1e-06,2304,1152,1024,1024,4,True,9,10.149690943663773,8.528542928375764,8.927321976010093,-0.3987790476343296,-17.39576582622938,-18.173364775731745,0.05877628596750286,0.40215260284143267,0.3333333333333333,0.017992741259706697,0.8583363598297225,0.1806640625,1.0222842451872755e-29,0.0283203125,0.0712890625
role,Data2txt,2,3,0.0001,2304,1152,1024,1024,4,True,10,11.575054994633552,7.104536693625463,7.6457849185217235,-0.5412482248962607,-14.50138828175538,-15.564175018023576,0.05121748632974889,0.4565126880089439,0.3333333333333333,0.0179927412597067,0.8607426304804229,0.098876953125,3.62681485905696e-09,0.0224609375,0.060546875
role,Data2txt,2,3,0.001,2304,1152,1024,1024,4,True,10,13.461006649816618,6.396646254990243,7.097724950827053,-0.7010786958368109,-13.070900789167522,-14.454631781719335,0.04624033376635091,0.5186198470291745,0.3333333333333333,0.017992741259706693,0.8816394206737865,0.0625,0.0006401643809256673,0.029296875,0.06640625
role,Data2txt,2,4,1e-06,2304,1152,1024,1024,4,True,9,8.301013025307313,7.442981253624664,7.669209757939351,-0.22622850431468725,-15.207413827797385,-15.772183584585118,0.06292604634638756,0.2918323192439227,0.16666666666666666,0.011631479392238287,0.43718272964706856,0.18701171875,7.947830124923053e-32,0.00390625,0.0625
role,Data2txt,2,4,0.0001,2304,1152,1024,1024,4,True,8,9.42352901641765,6.216940927251742,6.569467895030776,-0.35252696777903425,-12.592823847003963,-13.389409317022162,0.04799335282490597,0.2788520670385723,0.16666666666666666,0.011631479392238285,0.43845897424152436,0.109619140625,3.589360082053631e-11,0.0048828125,0.052734375
role,Data2txt,2,4,0.001,2304,1152,1024,1024,4,True,10,10.839984004013015,5.637534971121343,6.105505462597572,-0.46797049147622877,-11.367466576240751,-12.366380197199978,0.0408721175476922,0.3219218622677786,0.16666666666666666,0.011631479392238285,0.44979822878592757,0.058349609375,0.001795740755263516,0.005859375,0.05078125
role,Data2txt,2,5,1e-06,2304,1152,1024,1024,4,True,9,8.112643886628776,7.942634094225022,8.31052895976746,-0.3678948655424372,-15.989088198051899,-16.751515089249498,0.07175044646954959,0.39483438704292056,0.16666666666666666,0.01784747327378697,0.8212351717674142,0.1923828125,1.1395548593419021e-33,0.017578125,0.0869140625
role,Data2txt,2,5,0.0001,2304,1152,1024,1024,4,True,10,9.206053808658922,6.486463201313727,7.003931197888772,-0.5174679965750442,-13.142177853932187,-14.211093615690135,0.06214007595981896,0.45552945061441097,0.16666666666666666,0.01784747327378697,0.8232813426944093,0.12353515625,4.44675391343378e-14,0.0224609375,0.08203125
role,Data2txt,2,5,0.001,2304,1152,1024,1024,4,True,10,10.60752024793672,5.765857043785665,6.4613941828164725,-0.6955371390308062,-11.7424425411225,-13.143765099072763,0.05572896183782633,0.5186018911282887,0.16666666666666666,0.01784747327378697,0.8411875639994232,0.0791015625,5.084945375163408e-06,0.0302734375,0.0888671875
role,Data2txt,2,6,1e-06,2304,1152,1024,1024,4,True,10,6.4754694190647015,5.396931930108969,5.544982414340691,-0.14805048423172262,-11.035660302678378,-11.458650034950644,0.12199010309136489,0.5174758845484797,0.16666666666666666,0.028233446473669575,0.43020074916550655,0.2109375,1.8704408680341746e-40,0.0185546875,0.09375
role,Data2txt,2,6,0.0001,2304,1152,1024,1024,4,True,10,7.483615128997837,4.7351363382553835,5.012529656239561,-0.27739331798417716,-9.609085230883096,-10.284475916045299,0.09094301729378634,0.40595170951385956,0.16666666666666666,0.02823344647366959,0.4311629480160466,0.110595703125,2.3038605468903326e-11,0.0234375,0.080078125
role,Data2txt,2,6,0.001,2304,1152,1024,1024,4,True,10,8.63036961455303,4.440111282761443,4.8234831917971,-0.38337190903565704,-8.974038512116884,-9.84128690110337,0.06792366977571651,0.36229699701988943,0.16666666666666666,0.028233446473669575,0.43977640576086424,0.0576171875,0.002138448041625751,0.0205078125,0.07421875
role,Data2txt,2,7,1e-06,2304,1152,1024,1024,4,True,11,7.245985108718753,5.12516577979447,5.266823150131632,-0.14165737033716175,-10.455355269223254,-10.722915998044119,0.10722642613596099,0.4776649806456452,0.16666666666666666,0.026921505960224964,0.5357136228812649,0.183349609375,1.3375915271286566e-30,0.0166015625,0.07421875
role,Data2txt,2,7,0.0001,2304,1152,1024,1024,4,True,9,8.29019550710737,4.537577858102866,4.889587534724387,-0.3520096766215224,-9.251369788871557,-9.9428120249779,0.08646550194745678,0.40639746130733007,0.16666666666666666,0.026921505960224953,0.5368121205861399,0.080322265625,3.40710119820655e-06,0.0166015625,0.0673828125
role,Data2txt,2,7,0.001,2304,1152,1024,1024,4,True,10,9.391850530709235,4.282874555533648,4.771864264387326,-0.488989708853679,-8.735466789320988,-9.692697182926775,0.07566993866799258,0.38700522845720914,0.16666666666666666,0.02692150596022496,0.5466487748462178,0.048828125,0.014643370654257835,0.015625,0.0595703125
role,Data2txt,2,8,1e-06,2304,1152,1024,1024,4,True,10,6.982006032983918,6.491670802634306,6.702715751238289,-0.21104494860398323,-13.151725219839332,-13.519635150168181,0.09959310168783535,0.35761003967471977,0.16666666666666666,0.06043504202797682,0.23410117674355996,0.241943359375,3.003142045309895e-53,0.0400390625,0.1728515625
role,Data2txt,2,8,0.0001,2304,1152,1024,1024,4,True,10,7.843223629323164,5.253991399968732,5.636799020806611,-0.3828076208378791,-10.716215765934287,-11.441783941987058,0.08597830765143927,0.2921366305392262,0.16666666666666666,0.06043504202797682,0.23458856803274425,0.191162109375,3.0230773688722385e-33,0.025390625,0.130859375
role,Data2txt,2,8,0.001,2304,1152,1024,1024,4,True,9,8.865328475952392,4.676015932087111,5.190800679565793,-0.5147847474786826,-9.599147097337056,-10.581010647528114,0.0759493769616401,0.27853166472355384,0.16666666666666666,0.060435042027976824,0.2390963864088305,0.116943359375,1.1715448287396727e-12,0.0341796875,0.1240234375
role,Data2txt,2,9,1e-06,2304,1152,1024,1024,4,True,11,6.102206581973408,5.988298675842509,6.090942789857734,-0.10264411401522462,-12.087245185612195,-12.301467423099426,0.11204180670698849,0.4694891726340418,0.16666666666666666,0.05109558915600607,0.5267443704500816,0.173095703125,2.6707392449478036e-27,0.0322265625,0.0986328125
role,Data2txt,2,9,0.0001,2304,1152,1024,1024,4,True,10,6.892692911599754,5.10018518385271,5.407847590178244,-0.3076624063255353,-10.269211542033373,-10.87210546205233,0.09741081387483488,0.4033754355822494,0.16666666666666666,0.05109558915600607,0.5282349648294523,0.11279296875,8.373156106932522e-12,0.048828125,0.095703125
role,Data2txt,2,9,0.001,2304,1152,1024,1024,4,True,10,7.792588400068109,4.639385803308112,5.137967903431667,-0.4985821001235552,-9.346488910645373,-10.307095618951283,0.08792645724862744,0.3827656930180239,0.16666666666666666,0.05109558915600608,0.5415710844694597,0.076904296875,1.0293766614909726e-05,0.0458984375,0.0927734375
role,Data2txt,2,10,1e-06,2304,1152,1024,1024,4,True,10,6.949807189470366,6.7025767706082515,6.896215231841612,-0.19363846123336023,-13.981603226599976,-14.392813234878368,0.08758067824726029,0.39555702950872546,0.16666666666666666,0.06010112336988578,0.175178893790744,0.23291015625,2.482040802281331e-49,0.04296875,0.1513671875
role,Data2txt,2,10,0.0001,2304,1152,1024,1024,4,True,10,7.81802269412063,5.432547363829963,5.772121928085519,-0.33957456425555715,-11.248158643187994,-11.936624683257094,0.06363516494398327,0.3266938848552094,0.16666666666666666,0.0601011233698858,0.1746633275918318,0.1767578125,1.8636361871312576e-28,0.03515625,0.130859375
role,Data2txt,2,10,0.001,2304,1152,1024,1024,4,True,9,8.892920468618996,4.838760735815758,5.283862258525659,-0.44510152270990033,-9.971472563110126,-10.853231098593806,0.044979088658715874,0.30632431126304294,0.16666666666666666,0.06010112336988579,0.1701830430076134,0.1298828125,1.6046869285554237e-15,0.044921875,0.1328125
role,Data2txt,2,11,1e-06,2304,1152,1024,1024,4,True,9,7.039532092184353,5.016572211299075,5.0520506952797435,-0.035478483980668545,-10.30734571965039,-10.28744513608631,0.13679782892002496,0.37037592619359566,0.16666666666666666,0.024360070154605288,0.7067666101260917,0.137939453125,1.856665528764895e-17,0.0322265625,0.0830078125
role,Data2txt,2,11,0.0001,2304,1152,1024,1024,4,True,11,7.980961626146574,4.477969623317403,4.713072455146607,-0.23510283182920433,-9.32045630307142,-9.716074980716472,0.1219652289793572,0.36575488646949417,0.16666666666666666,0.02436007015460529,0.7084536052863678,0.052734375,0.006476108051973295,0.029296875,0.072265625
role,Data2txt,2,11,0.001,2304,1152,1024,1024,4,True,11,8.943200637350994,4.201613423024338,4.642474425058189,-0.44086100203384987,-8.818054051043703,-9.624070156815588,0.11266158059951453,0.3883288012322775,0.16666666666666666,0.0243600701546053,0.7234387056729897,0.048095703125,0.01694517614264629,0.03125,0.0732421875
role,Data2txt,2,12,1e-06,2304,1152,1024,1024,4,True,8,6.520597760693198,3.0661193942373393,2.9243834400312907,0.14173595420604873,-6.3862536404379995,-6.197399816856443,0.09475658127085936,0.47413151162125183,0.0,0.0,0.42651043835262825,0.09716796875,7.231628248434568e-09,0.021484375,0.0478515625
role,Data2txt,2,12,0.0001,2304,1152,1024,1024,4,True,8,7.224289596351467,3.040286745564652,3.1386906761093374,-0.09840393054468571,-6.313267356929503,-6.59116633103088,0.07903068358342434,0.44924186218000484,0.0,0.0,0.42622643095179735,0.0546875,0.004206655229498133,0.0361328125,0.0546875
role,Data2txt,2,12,0.001,2304,1152,1024,1024,4,True,9,7.802513879546018,3.027727362831187,3.282571075218364,-0.25484371238717696,-6.28927084771932,-6.867732029667602,0.07021376903099286,0.4419713474100069,0.0,0.0,0.42366476963244637,0.07275390625,3.694089964085023e-05,0.0361328125,0.0537109375
role,Data2txt,2,13,1e-06,2304,1152,1024,1024,4,True,9,9.507865255808241,6.4137316960447635,6.5267891930956985,-0.11305749705093446,-12.738705748062893,-12.83514897217436,0.06851848024969381,0.3054261721753494,0.16666666666666666,0.04757338792749913,0.302687611240252,0.21875,1.662853572756688e-43,0.064453125,0.1201171875
role,Data2txt,2,13,0.0001,2304,1152,1024,1024,4,True,8,10.796927746880419,5.429060100367727,5.731830310444374,-0.30277021007664645,-10.962045620533292,-11.475435146145056,0.05665672821527631,0.2655868161633103,0.16666666666666666,0.04757338792749915,0.3017000418178477,0.1416015625,2.2351137467981045e-18,0.060546875,0.109375
role,Data2txt,2,13,0.001,2304,1152,1024,1024,4,True,10,12.258139460625246,4.965054830941451,5.410786602986896,-0.4457317720454451,-10.147446275028663,-10.947472963300378,0.04835775600757444,0.27740632070340504,0.16666666666666666,0.047573387927499156,0.2928402654818823,0.08203125,1.925006204161124e-06,0.0615234375,0.1044921875
role,Data2txt,2,14,1e-06,2304,1152,1024,1024,4,True,12,5.880222146463236,5.1992440139560605,5.333012646110397,-0.1337686321543365,-10.738173199132426,-11.012066740228974,0.12944642078948917,0.763669270275447,0.16666666666666666,0.03103605671420424,0.5380583093268707,0.1650390625,7.638943846506412e-25,0.0615234375,0.1103515625
role,Data2txt,2,14,0.0001,2304,1152,1024,1024,4,True,11,6.6097483647079045,4.430985772941867,4.762671933850729,-0.3316861609088638,-9.051262428968137,-9.684813167364716,0.11214741776460924,0.6722997747953736,0.16666666666666666,0.03103605671420425,0.5387948658576206,0.105712890625,2.0324869003948826e-10,0.06640625,0.1103515625
role,Data2txt,2,14,0.001,2304,1152,1024,1024,4,True,10,7.405169355848628,4.073196193204855,4.547956473532929,-0.4747602803280748,-8.287907505872829,-9.180060751914496,0.09965834132252367,0.6165859937122681,0.16666666666666666,0.031036056714204258,0.5454492110595884,0.08154296875,2.2688750168788166e-06,0.064453125,0.10546875
role,Data2txt,2,15,1e-06,2304,1152,1024,1024,4,True,8,4.265921236802682,5.393994441462024,5.883058704760116,-0.4890642632980914,-11.307990629760123,-12.264695250548122,0.14004027577615655,0.5821073233545894,0.16666666666666666,0.06148953560495138,0.3929941891287239,0.198974609375,5.253623624208198e-36,0.0615234375,0.1611328125
role,Data2txt,2,15,0.0001,2304,1152,1024,1024,4,True,9,4.771905523046675,4.400997912525569,5.034907259208721,-0.6339093466831518,-9.136411797114835,-10.379088447804952,0.10412947276451232,0.5308208361707099,0.16666666666666666,0.06148953560495141,0.3927422138445089,0.1708984375,1.283705504524998e-26,0.0625,0.1455078125
role,Data2txt,2,15,0.001,2304,1152,1024,1024,4,True,9,5.347995988665112,3.911917924047168,4.647715251767704,-0.7357973277205361,-8.089775471056953,-9.526068146205922,0.08127764084167002,0.5091320571171146,0.16666666666666666,0.06148953560495142,0.39052400071476684,0.134765625,1.111166976835318e-16,0.05859375,0.1357421875
role,Data2txt,2,16,1e-06,2304,1152,1024,1024,4,True,8,4.612129764641424,5.680280649852161,6.169406767382171,-0.4891261175300098,-11.468924624221733,-12.465591073517746,0.141947237182183,0.6937482095613688,0.16666666666666666,0.035007944718929394,0.47166734805184335,0.227294921875,5.635523992467498e-47,0.015625,0.1298828125
role,Data2txt,2,16,0.0001,2304,1152,1024,1024,4,True,9,5.215392704999822,4.696733334985692,5.333221586270409,-0.636488251284717,-9.382955506142554,-10.672288231588915,0.10975251619401072,0.599002219530018,0.16666666666666666,0.035007944718929415,0.4712335509390986,0.173583984375,1.8788778265803378e-27,0.02734375,0.1123046875
role,Data2txt,2,16,0.001,2304,1152,1024,1024,4,True,8,5.931730306791776,4.202354411831719,4.9302256189910905,-0.727871207159372,-8.36246878058789,-9.83419465173105,0.09008862417134833,0.5407257100031385,0.16666666666666666,0.03500794471892941,0.4673403415369627,0.13232421875,4.275746942813385e-16,0.0302734375,0.1064453125
role,Data2txt,2,17,1e-06,2304,1152,1024,1024,4,True,10,6.557589105899142,6.368733789115071,6.778731018735844,-0.4099972296207728,-12.63943272958962,-13.475659280089657,0.10561500617560898,0.6216530739277073,0.16666666666666666,0.05030057807479328,0.3807284051738984,0.222900390625,3.571376296642573e-45,0.04296875,0.146484375
role,Data2txt,2,17,0.0001,2304,1152,1024,1024,4,True,9,7.393160935486099,5.2782487659385575,5.845473135953142,-0.5672243700145845,-10.496716467348724,-11.69218709712562,0.08517195645848678,0.544204325657402,0.16666666666666666,0.05030057807479329,0.3803228841637656,0.1865234375,1.1619026113175026e-31,0.0322265625,0.1015625
role,Data2txt,2,17,0.001,2304,1152,1024,1024,4,True,10,8.372196969617082,4.75938639119472,5.43476434447375,-0.6753779532790302,-9.484522519296526,-10.9191954666903,0.06990287319529592,0.5027083824667341,0.16666666666666666,0.050300578074793295,0.3767784347353481,0.15283203125,2.38084871938781e-21,0.044921875,0.103515625
role,Data2txt,2,18,1e-06,2304,1152,1024,1024,4,True,9,9.106244196708213,8.789726027023882,9.46100470399156,-0.6712786769676791,-18.888677460390074,-20.21036308101356,0.0677622591422133,0.46586580822864865,0.16666666666666666,0.042188403314410684,0.4301354661732454,0.22314453125,2.842470389108709e-45,0.0732421875,0.1337890625
role,Data2txt,2,18,0.0001,2304,1152,1024,1024,4,True,10,10.201535040769459,7.017403161651821,7.827497272663822,-0.8100941110120012,-14.876577274786332,-16.46696232515047,0.05328838768241474,0.4738331579466245,0.16666666666666666,0.042188403314410663,0.43188480066632434,0.144287109375,4.565350972435508e-19,0.052734375,0.111328125
role,Data2txt,2,18,0.001,2304,1152,1024,1024,4,True,11,11.720257476557526,6.10547892662348,7.059299494245804,-0.9538205676223246,-12.86282050392603,-14.726653450556071,0.04840273771595573,0.5034287023148469,0.16666666666666666,0.04218840331441068,0.447780442625437,0.13037109375,1.2341914702227571e-15,0.056640625,0.107421875
role,Data2txt,2,19,1e-06,2304,1152,1024,1024,4,True,10,9.81174288311427,10.052968371440464,10.898540915869322,-0.8455725444288564,-20.467609861887002,-22.331827512467154,0.07270843557761633,0.4713944469474549,0.5,0.10132823869235207,0.4099091733481656,0.328369140625,7.574136891549065e-99,0.072265625,0.154296875
role,Data2txt,2,19,0.0001,2304,1152,1024,1024,4,True,8,10.893588559945211,7.778536967858406,8.741704852667713,-0.9631678848093068,-15.690831332735812,-17.810772520065186,0.060592186043081836,0.4716013644976645,0.5,0.1013282386923521,0.40973824129415976,0.291259765625,1.9409771340865606e-77,0.056640625,0.115234375
role,Data2txt,2,19,0.001,2304,1152,1024,1024,4,True,9,12.429172035289437,6.676773614730934,7.742867790363477,-1.066094175632543,-13.375323760720644,-15.717537760015507,0.05017499349324091,0.4923915323220938,0.5,0.1013282386923521,0.4085962525662856,0.267578125,3.165483134777758e-65,0.0625,0.11328125
role,Data2txt,2,20,1e-06,2304,1152,1024,1024,4,True,10,9.796832330213551,9.654789451203124,10.343173061590567,-0.6883836103874434,-19.606961750878355,-20.838907489747314,0.06076678173397219,0.4647800854828363,0.5,0.08707691834644743,0.38227547816599444,0.31787109375,1.6649121581949664e-92,0.0849609375,0.1748046875
role,Data2txt,2,20,0.0001,2304,1152,1024,1024,4,True,9,10.882105373572632,7.435863831696135,8.219992470514333,-0.7841286388181972,-15.12209123469766,-16.573364186690604,0.04837812223522708,0.47749251543009635,0.5,0.08707691834644742,0.3812739169505513,0.26904296875,5.987498870629474e-66,0.0751953125,0.158203125
role,Data2txt,2,20,0.001,2304,1152,1024,1024,4,True,10,12.408533144332992,6.350821874097106,7.2307828922830115,-0.8799610181859066,-12.969528825008569,-14.586683226851427,0.037981868005464436,0.5063894022353846,0.5,0.0870769183464474,0.3724608341598922,0.242431640625,1.8253998558707663e-53,0.0751953125,0.1552734375
role,Data2txt,2,21,1e-06,2304,1152,1024,1024,4,True,10,5.645820787334688,8.26880464447451,8.909860968702489,-0.6410563242279774,-16.850788134019645,-18.322495705353923,0.09526602302277168,0.7065276062610956,0.16666666666666666,0.0847860943467197,0.501808604481376,0.265869140625,2.1819002504865326e-64,0.0673828125,0.1884765625
role,Data2txt,2,21,0.0001,2304,1152,1024,1024,4,True,8,6.337815030584973,6.4209844386034325,7.20076518816167,-0.7797807495582378,-13.080155160130905,-14.845492600436875,0.07112288270120709,0.6418307676545214,0.16666666666666666,0.08478609434671966,0.5012852610192621,0.218505859375,2.079470660094402e-43,0.0830078125,0.1728515625
role,Data2txt,2,21,0.001,2304,1152,1024,1024,4,True,9,7.324626319122067,5.4434396035019486,6.332671291883596,-0.8892316883816482,-11.08291718134625,-13.060096569915085,0.052105136309492636,0.6033196223363722,0.16666666666666666,0.08478609434671969,0.49661836372930934,0.201416015625,6.830972289412356e-37,0.068359375,0.15625
role,Data2txt,2,22,1e-06,2304,1152,1024,1024,4,True,10,10.485718368463647,9.437998013700172,10.119804508008794,-0.6818064943086221,-19.106936134496586,-20.37575831706433,0.05980425615010902,0.5616067788102579,0.3333333333333333,0.06922917871106747,0.44524978328757703,0.304443359375,1.0079994852620841e-84,0.07421875,0.1640625
role,Data2txt,2,22,0.0001,2304,1152,1024,1024,4,True,9,11.743760961241929,7.384875171998123,8.182618388948793,-0.7977432169506704,-15.057311255596861,-16.593983068136232,0.046289850373501695,0.5322203882314889,0.3333333333333333,0.06922917871106747,0.4444668811870885,0.25830078125,9.613790751173981e-61,0.0654296875,0.126953125
role,Data2txt,2,22,0.001,2304,1152,1024,1024,4,True,9,13.509363557192641,6.381318683655058,7.268726120940475,-0.887407437285417,-13.074894541708304,-14.81090652889839,0.03611341938299728,0.5276026271509701,0.3333333333333333,0.06922917871106746,0.4377710269107707,0.21826171875,2.5997906013217147e-43,0.0673828125,0.1240234375
role,Data2txt,2,23,1e-06,2304,1152,1024,1024,4,True,11,15.36937830380548,10.724794088629377,11.326474823405874,-0.6016807347764979,-21.51763974546223,-22.647927981681303,0.03381388224472341,0.46869476215227135,0.16666666666666666,0.046219478288406925,0.6363902462078974,0.31298828125,1.2412559080646023e-89,0.0458984375,0.123046875
role,Data2txt,2,23,0.0001,2304,1152,1024,1024,4,True,9,17.302831138582295,8.44328858353374,9.187465227465173,-0.744176643931433,-17.02086567944337,-18.457129726684336,0.02578139341356591,0.46700707108038136,0.16666666666666666,0.046219478288406925,0.6387769584886047,0.25146484375,1.5071992871869714e-57,0.0380859375,0.1015625
role,Data2txt,2,23,0.001,2304,1152,1024,1024,4,True,10,20.165601744393793,7.351807199186949,8.224144248122457,-0.8723370489355082,-14.876383053247565,-16.57798970195529,0.02266024778679123,0.4935942559760512,0.16666666666666666,0.04621947828840693,0.659847452247742,0.183837890625,9.210658412695608e-31,0.0390625,0.09375
role,Data2txt,2,24,1e-06,2304,1152,1024,1024,4,True,9,12.109296419673923,11.168566793137732,11.964563351245587,-0.795996558107857,-22.003599783523633,-23.48507415011755,0.056204166388087756,0.632400791802867,0.16666666666666666,0.061623909127625776,0.4869897818047,0.336181640625,1.0261968826897725e-103,0.04296875,0.1103515625
role,Data2txt,2,24,0.0001,2304,1152,1024,1024,4,True,9,13.551695169881816,8.642975940468427,9.55135140943124,-0.9083754689628103,-17.110024292066864,-18.841968970773348,0.045818074635539205,0.6078296061432072,0.16666666666666666,0.0616239091276258,0.4866978860522081,0.2841796875,1.1375899129642339e-73,0.0419921875,0.091796875
role,Data2txt,2,24,0.001,2304,1152,1024,1024,4,True,9,15.727955831225241,7.385277169976448,8.421902130589151,-1.036624960612702,-14.68271800646612,-16.67458782467464,0.03709196478993351,0.6051295315519222,0.16666666666666666,0.061623909127625796,0.4848082477782479,0.2431640625,8.633134299751329e-54,0.0400390625,0.0791015625
role,Data2txt,2,25,1e-06,2304,1152,1024,1024,4,True,10,13.682629362386729,11.666590934705933,12.399474784907389,-0.7328838502014556,-23.44518020133578,-24.93958198042784,0.03783343765309494,0.5875187095471281,0.16666666666666666,0.08226629129781735,0.428941414076167,0.3505859375,5.009781559540102e-113,0.0673828125,0.1357421875
role,Data2txt,2,25,0.0001,2304,1152,1024,1024,4,True,10,15.423944042993439,9.027395734751224,9.859363336667736,-0.831967601916513,-18.13968001714739,-19.83213177528478,0.02843032871246079,0.5577425073431338,0.16666666666666666,0.08226629129781733,0.4286554381345349,0.30078125,1.1538449064398548e-82,0.05859375,0.1142578125
role,Data2txt,2,25,0.001,2304,1152,1024,1024,4,True,9,18.272896654295753,7.714427693702063,8.661545600918828,-0.9471179072167653,-15.495296633899414,-17.419639368811097,0.020621865599589652,0.5585262539794761,0.16666666666666666,0.08226629129781736,0.4266633561869785,0.248046875,5.517515525159015e-56,0.0654296875,0.11328125
role,Data2txt,2,26,1e-06,2304,1152,1024,1024,4,True,9,7.808321994461111,9.074171927894175,9.855654004735996,-0.7814820768418208,-17.797282314435577,-19.179717415993984,0.08244683009406145,0.6590499874775171,0.5,0.12292691694581602,0.9265797338978559,0.30810546875,8.271010833382116e-87,0.09375,0.173828125
role,Data2txt,2,26,0.0001,2304,1152,1024,1024,4,True,10,8.73500583999012,7.081664802304463,8.023899841273128,-0.9422350389686647,-13.954939714750061,-15.678318479936738,0.06711534323636588,0.6405657619665727,0.5,0.122926916945816,0.925901044129295,0.273193359375,5.0727018115098246e-68,0.0859375,0.1591796875
role,Data2txt,2,26,0.001,2304,1152,1024,1024,4,True,10,10.041829087044485,6.080603825341756,7.137356421092399,-1.0567525957506434,-12.039905696238186,-14.018435516502391,0.05521353357403207,0.6370502952087863,0.5,0.122926916945816,0.9198270712011586,0.2607421875,6.601467069027302e-62,0.0927734375,0.1494140625
role,Data2txt,2,27,1e-06,2304,1152,1024,1024,4,True,10,11.733989517571835,9.84550246795336,10.56092846665316,-0.7154259986997997,-20.48385026734076,-21.876527401762594,0.056415395753940965,0.6862496304085446,0.3333333333333333,0.09157456429596594,0.6900927731594452,0.311279296875,1.2237469033751782e-88,0.080078125,0.1611328125
role,Data2txt,2,27,0.0001,2304,1152,1024,1024,4,True,10,13.114121884254521,7.705263832474536,8.555254502112877,-0.8499906696383401,-15.945297491137561,-17.610000724255777,0.04531614225548061,0.6735038402204742,0.3333333333333333,0.09157456429596589,0.6890749511361,0.27734375,3.973846351981374e-70,0.08203125,0.1533203125
role,Data2txt,2,27,0.001,2304,1152,1024,1024,4,True,10,15.134318771615675,6.670019052175066,7.627797677500653,-0.957778625325587,-13.771297026829703,-15.649775689892085,0.035924783849440894,0.6741984745433912,0.3333333333333333,0.09157456429596593,0.6800437050508862,0.2392578125,4.555719611593698e-52,0.072265625,0.1298828125
role,Data2txt,2,28,1e-06,2304,1152,1024,1024,4,True,9,5.5116768741230375,5.819749862754705,6.1325803592645975,-0.3128304965098922,-10.98368573759817,-11.486954638780729,0.12029322586726282,0.5472126634546947,0.5,0.1018632444967417,0.5741289671411707,0.2412109375,6.324705965041694e-53,0.052734375,0.1630859375
role,Data2txt,2,28,0.0001,2304,1152,1024,1024,4,True,9,6.167160459968937,4.806960736398319,5.269019694409559,-0.46205895801124064,-9.253841356321075,-10.084696777992715,0.09715460972746012,0.5194585908993729,0.5,0.10186324449674171,0.5738032777820601,0.198974609375,5.253623624208198e-36,0.0478515625,0.142578125
role,Data2txt,2,28,0.001,2304,1152,1024,1024,4,True,10,6.8811089884921754,4.34102607350197,4.932511482621213,-0.5914854091192429,-8.456955531558204,-9.564124032122582,0.08071211151455095,0.5148856193349931,0.5,0.10186324449674171,0.5708880527822209,0.16943359375,3.614573292176289e-26,0.0380859375,0.1220703125
role,Data2txt,2,29,1e-06,2304,1152,1024,1024,4,True,10,7.007979311113194,9.535787257914212,10.400811390589588,-0.8650241326753751,-19.05795449260061,-20.6385022337857,0.08470401956676289,0.6072553293866226,0.5,0.09826223613284071,0.8045211598318562,0.34521484375,1.6714585409458244e-109,0.0751953125,0.1455078125
role,Data2txt,2,29,0.0001,2304,1152,1024,1024,4,True,10,7.767262938826601,7.298336069324128,8.258743542985831,-0.9604074736617032,-14.621665404220858,-16.379910700632777,0.06886660396892817,0.5997504295198107,0.5,0.09826223613284073,0.8036995387362912,0.299072265625,1.0317641412465593e-81,0.0693359375,0.1259765625
role,Data2txt,2,29,0.001,2304,1152,1024,1024,4,True,9,8.801362637554599,6.208531514046097,7.23856415758825,-1.0300326435421536,-12.458681894550377,-14.352133631821815,0.05578423452039702,0.6051168711768136,0.5,0.09826223613284073,0.7963665725192859,0.2841796875,1.1375899129642339e-73,0.072265625,0.1142578125
role,Data2txt,2,30,1e-06,2304,1152,1024,1024,4,True,9,4.774382711507826,5.666398633229404,5.98080668331254,-0.3144080500831359,-11.386055815199217,-11.994323937696777,0.1378274403593233,0.6850661414515113,0.3333333333333333,0.06892493595302594,0.881896891792749,0.220947265625,2.197188362178636e-44,0.0556640625,0.1484375
role,Data2txt,2,30,0.0001,2304,1152,1024,1024,4,True,9,5.3859474619524725,4.595073528380093,5.106147684530641,-0.5110741561505491,-9.209431113781253,-10.191176390756329,0.11055691256839802,0.6342225645318786,0.3333333333333333,0.06892493595302594,0.8815658908929084,0.201171875,8.386567270583948e-37,0.0712890625,0.1357421875
role,Data2txt,2,30,0.001,2304,1152,1024,1024,4,True,9,6.070964991168534,4.089640664222817,4.736313316178094,-0.6466726519552776,-8.186445818362444,-9.422491283059928,0.09175070850961868,0.6069295544794056,0.3333333333333333,0.06892493595302591,0.8785889086387296,0.17626953125,2.6666595559535413e-28,0.072265625,0.12890625
role,Data2txt,2,31,1e-06,2304,1152,1024,1024,4,True,8,2.559993235630199,4.8368716221011985,4.861073453629192,-0.02420183152799336,-9.785380208775694,-9.80504027526391,0.23623741960106404,0.6901988501686209,0.3333333333333333,0.05080077515145945,0.8648902285270562,0.14892578125,2.7344756014316845e-20,0.009765625,0.0400390625
role,Data2txt,2,31,0.0001,2304,1152,1024,1024,4,True,9,3.2476175750387117,3.930174252930069,4.358549132768088,-0.42837487983801925,-7.987049507649596,-8.816634771036789,0.1750694686887864,0.6208078779851041,0.3333333333333333,0.05080077515145944,0.8647583975366494,0.10595703125,1.827140731480382e-10,0.013671875,0.0556640625
role,Data2txt,2,31,0.001,2304,1152,1024,1024,4,True,8,3.9039410862497155,3.5236340382450213,4.227309242193633,-0.7036752039486116,-7.172461783356207,-8.553849004436252,0.1593298601016903,0.609461986379156,0.3333333333333333,0.05080077515145945,0.863578039820151,0.071044921875,6.124066992407576e-05,0.03125,0.0615234375
role,Data2txt,3,0,1e-06,4608,2304,1024,1024,4,True,9,2.3580876932240495,5.547029368769941,5.726650143706703,-0.17962077493676135,-10.839285660223062,-11.141584897770546,0.1388566661168889,0.5554477346909847,0.16666666666666666,0.0577844554322919,0.6374726558578905,0.162353515625,4.7335902564590826e-24,0.0009765625,0.0546875
role,Data2txt,3,0,0.0001,4608,2304,1024,1024,4,True,8,2.882586288853431,4.428478622344592,5.062656125457149,-0.6341775031125563,-8.629274427791405,-9.854527446472328,0.12271800322253082,0.4384748565773806,0.16666666666666666,0.05778445543229189,0.638874450044802,0.106689453125,1.3254366725419257e-10,0.0107421875,0.052734375
role,Data2txt,3,0,0.001,4608,2304,1024,1024,4,True,9,3.384262478310072,3.8077334598514962,4.667693749948939,-0.859960290097443,-7.416488592516028,-9.106242802633297,0.11701607588073076,0.39032479701303663,0.16666666666666666,0.05778445543229189,0.6513747458288277,0.13037109375,1.2341914702227571e-15,0.0302734375,0.0615234375
role,Data2txt,3,1,1e-06,4608,2304,1024,1024,4,True,10,5.552878395318679,6.434215574764781,6.812896512701705,-0.3786809379369246,-13.002921875858638,-13.8211615469379,0.1374535746927005,0.6399219171492121,0.0,0.0,0.8137350956832808,0.151123046875,6.982130853095429e-21,0.0146484375,0.0703125
role,Data2txt,3,1,0.0001,4608,2304,1024,1024,4,True,9,6.383567714336548,5.564237790092574,6.058982696066365,-0.4947449059737907,-11.161152869408186,-12.194508032523979,0.11208592875084392,0.5563278656875664,0.0,0.0,0.8156203162945509,0.052001953125,0.007582715956175794,0.0146484375,0.05859375
role,Data2txt,3,1,0.001,4608,2304,1024,1024,4,True,9,7.355535920602684,5.12382872083285,5.735598510928514,-0.6117697900956642,-10.23815639495825,-11.489178105552373,0.09353364782922098,0.5227383695337834,0.0,0.0,0.8322182122280435,0.085205078125,6.457149101219872e-07,0.017578125,0.0498046875
role,Data2txt,3,2,1e-06,4608,2304,1024,1024,4,True,11,13.53798142481866,12.464059117607,13.028311088119736,-0.5642519705127371,-23.217059376278694,-24.09031829775809,0.05353316466309363,0.36914968772027024,0.5,0.05973126108979848,1.1113347720194175,0.314208984375,2.4006298749336017e-90,0.0205078125,0.107421875
role,Data2txt,3,2,0.0001,4608,2304,1024,1024,4,True,10,16.116601888439746,9.926569833106207,10.825545845824811,-0.8989760127186055,-18.715441363306113,-20.292108444540744,0.044286756396771425,0.45173106518069694,0.5,0.05973126108979849,1.1175248834701694,0.25146484375,1.5071992871869714e-57,0.025390625,0.0771484375
role,Data2txt,3,2,0.001,4608,2304,1024,1024,4,True,10,19.76209156119966,8.55838213973116,9.717560567256488,-1.159178427525329,-16.276701501411814,-18.40056587910226,0.036750550765020575,0.5401117845873779,0.5,0.059731261089798496,1.1669716571543522,0.2607421875,6.601467069027302e-62,0.03125,0.0703125
role,Data2txt,3,3,1e-06,4608,2304,1024,1024,4,True,10,10.029000514166883,8.137646588672835,8.436732494712565,-0.29908590603973073,-15.972995497384355,-16.470583314458768,0.0598536211085257,0.3260978215293569,0.3333333333333333,0.012062429024135344,0.8200499894250991,0.191650390625,2.047849673217016e-33,0.009765625,0.0615234375
role,Data2txt,3,3,0.0001,4608,2304,1024,1024,4,True,10,11.577953190564097,6.96890447776906,7.416895468737713,-0.44799099096865275,-13.727414601298808,-14.553788575729666,0.04449943155438693,0.34895017046183496,0.3333333333333333,0.012062429024135337,0.8229513095767356,0.109375,4.0076324268544635e-11,0.009765625,0.0556640625
role,Data2txt,3,3,0.001,4608,2304,1024,1024,4,True,10,13.529960486085582,6.37721729673073,6.992845295910712,-0.6156279991799821,-12.595351063385673,-13.737488979083114,0.039665324812017205,0.4078419625507814,0.3333333333333333,0.012062429024135344,0.8480802141683893,0.0751953125,1.7571728731968817e-05,0.0107421875,0.0576171875
role,Data2txt,3,4,1e-06,4608,2304,1024,1024,4,True,10,8.644790056960005,7.287447622267504,7.58865759115894,-0.30120996889143614,-14.761044576518238,-15.304966314697063,0.0836955142327005,0.34823883131498423,0.3333333333333333,0.010252973346612099,0.3814426147911355,0.222412109375,5.633448949656057e-45,0.0126953125,0.1083984375
role,Data2txt,3,4,0.0001,4608,2304,1024,1024,4,True,10,9.942790739451969,6.167820292211357,6.566511886412162,-0.3986915942008027,-12.548815317900084,-13.312929036046818,0.062486462811493206,0.31303327918142465,0.3333333333333333,0.010252973346612093,0.3829909905529803,0.123779296875,3.925636664949228e-14,0.01171875,0.0703125
role,Data2txt,3,4,0.001,4608,2304,1024,1024,4,True,9,11.585085358461258,5.623031926355121,6.120252309053914,-0.49722038269879293,-11.482525893298703,-12.444725235058762,0.04609361131528873,0.34291071130951944,0.3333333333333333,0.010252973346612104,0.3967360465032951,0.088623046875,1.9007544538494539e-07,0.0126953125,0.0712890625
role,Data2txt,3,5,1e-06,4608,2304,1024,1024,4,True,9,6.891386018027433,6.782289766087132,7.060085056054796,-0.2777952899676651,-13.878155754617225,-14.519921469886967,0.0829277895744145,0.27426240045703565,0.3333333333333333,0.026860463778194902,0.5212411260126555,0.185791015625,2.04982951175379e-31,0.0146484375,0.0869140625
role,Data2txt,3,5,0.0001,4608,2304,1024,1024,4,True,9,7.869492294112561,5.759487516855829,6.185094577723218,-0.4256070608673888,-11.729866561012667,-12.6334848191992,0.06236829835035726,0.28348794429995844,0.3333333333333333,0.026860463778194916,0.5234036390790033,0.1025390625,7.935286086880237e-10,0.015625,0.0615234375
role,Data2txt,3,5,0.001,4608,2304,1024,1024,4,True,10,9.044021741266912,5.254771827837106,5.825704556808621,-0.5709327289715148,-10.66690987043647,-11.839373708800721,0.05395564761185491,0.3368412128816971,0.3333333333333333,0.026860463778194902,0.5424872695406802,0.05322265625,0.005822483694074115,0.015625,0.0634765625
role,Data2txt,3,6,1e-06,4608,2304,1024,1024,4,True,9,6.126171502345689,5.010990298289211,5.175009197235613,-0.16401889894640165,-9.994817060551973,-10.381696563563185,0.12088730211030718,0.5100306767148645,0.16666666666666666,0.016651709850013137,0.4351491626531895,0.158203125,7.469476562958094e-23,0.0087890625,0.0712890625
role,Data2txt,3,6,0.0001,4608,2304,1024,1024,4,True,9,7.110115413068877,4.54717871154334,4.842737744156269,-0.29555903261292726,-9.074132335968219,-9.719887958870865,0.08769414084420889,0.41648733052457476,0.16666666666666666,0.01665170985001314,0.4362668232194648,0.069091796875,0.00010753026077252928,0.0126953125,0.0625
role,Data2txt,3,6,0.001,4608,2304,1024,1024,4,True,9,8.143834973712455,4.330453302077763,4.736197104424484,-0.40574380234672025,-8.647451593706915,-9.524365368734596,0.06947635534787801,0.387372968359049,0.16666666666666666,0.016651709850013137,0.44627363555396954,0.0478515625,0.01778150118985105,0.01953125,0.064453125
role,Data2txt,3,7,1e-06,4608,2304,1024,1024,4,True,10,6.060295990614423,4.385761556738618,4.569577751837832,-0.18381619509921387,-8.74454083129735,-9.018078070760403,0.14558898073739007,0.4934357706024516,0.16666666666666666,0.012020559665267794,0.5290335351782164,0.173583984375,1.8788778265803378e-27,0.0048828125,0.044921875
role,Data2txt,3,7,0.0001,4608,2304,1024,1024,4,True,10,7.027093830196456,4.020470100180812,4.378027344081113,-0.35755724390030147,-8.086945896298076,-8.711298730600832,0.1253897608905532,0.4176736979005118,0.16666666666666666,0.012020559665267792,0.5302816807958346,0.069580078125,9.3550955342124e-05,0.0048828125,0.041015625
role,Data2txt,3,7,0.001,4608,2304,1024,1024,4,True,9,7.983890598775769,3.859024484497282,4.33826715217235,-0.47924266767506835,-7.813924079420785,-8.678807536638146,0.11211305415692571,0.39912107033406446,0.16666666666666666,0.012020559665267794,0.5414505613123123,0.052001953125,0.007582715956175794,0.00390625,0.03515625
role,Data2txt,3,8,1e-06,4608,2304,1024,1024,4,True,11,6.29137809791704,5.263313303357145,5.296027853872709,-0.03271455051556415,-10.925568581964889,-11.053024399056305,0.111946971827142,0.48771648979500853,0.16666666666666666,0.043224882740444864,0.185414309164485,0.174072265625,1.3204556111328597e-27,0.0263671875,0.142578125
role,Data2txt,3,8,0.0001,4608,2304,1024,1024,4,True,10,7.133880764089612,4.495081371004774,4.683536149497323,-0.18845477849254916,-9.314084436473903,-9.751143441772207,0.09508602592439819,0.37578222450238935,0.16666666666666666,0.04322488274044487,0.18548173254621325,0.127197265625,6.6785319560061816e-15,0.0185546875,0.1142578125
role,Data2txt,3,8,0.001,4608,2304,1024,1024,4,True,9,8.062997302783042,4.141499494765592,4.455415560558363,-0.3139160657927707,-8.579953516684057,-9.254725645888216,0.08327672296278037,0.3164715112773453,0.16666666666666666,0.04322488274044486,0.18626376264605493,0.080078125,3.692998391788391e-06,0.025390625,0.107421875
role,Data2txt,3,9,1e-06,4608,2304,1024,1024,4,True,11,5.653565244769156,5.346260412467933,5.47341744578915,-0.12715703332121805,-11.15741929034991,-11.395766298349614,0.12381263511417306,0.5549691737760288,0.16666666666666666,0.033269834844858785,0.6216653917712023,0.1552734375,5.010967022136283e-22,0.0341796875,0.10546875
role,Data2txt,3,9,0.0001,4608,2304,1024,1024,4,True,9,6.384604856643403,4.613926636771303,4.919151705425948,-0.3052250686546448,-9.564880005663532,-10.148058037486472,0.1003554757760318,0.47240449245441585,0.16666666666666666,0.033269834844858785,0.6233400266164442,0.08251953125,1.6316455548256547e-06,0.0390625,0.0908203125
role,Data2txt,3,9,0.001,4608,2304,1024,1024,4,True,10,7.190004857797852,4.235055740903981,4.702583642504706,-0.4675279016007249,-8.760905579304156,-9.654424904814686,0.08890575773753107,0.4332301814155997,0.16666666666666666,0.033269834844858785,0.6382615178217278,0.043701171875,0.03884892283251595,0.0439453125,0.087890625
role,Data2txt,3,10,1e-06,4608,2304,1024,1024,4,True,9,5.67244444993623,5.901445653506567,6.209776770325236,-0.3083311168186681,-11.823310065079298,-12.371339261325971,0.13006245421887516,0.5789078571902508,0.16666666666666666,0.04362743515120342,0.31915867752887295,0.234130859375,7.49231933744452e-50,0.04296875,0.17578125
role,Data2txt,3,10,0.0001,4608,2304,1024,1024,4,True,9,6.411171846214337,4.807123547914221,5.2574704097001135,-0.4503468617858916,-9.650941599775974,-10.490860503473112,0.09946652993826968,0.4981889638792209,0.16666666666666666,0.04362743515120343,0.3187607012105616,0.179443359375,2.550431603760373e-29,0.0234375,0.146484375
role,Data2txt,3,10,0.001,4608,2304,1024,1024,4,True,9,7.261278818499736,4.307448028438557,4.838653578685639,-0.5312055502470816,-8.66509844215401,-9.661812050157785,0.08124990297806953,0.4565527561044015,0.16666666666666666,0.04362743515120341,0.31525797422013907,0.13232421875,4.275746942813385e-16,0.02734375,0.1318359375
role,Data2txt,3,11,1e-06,4608,2304,1024,1024,4,True,10,5.524948216430111,4.384427181881758,4.53614774268574,-0.15172056080398147,-8.876453805838452,-9.106876625214765,0.15490785120935743,0.44707989524566666,0.3333333333333333,0.012163945750568835,0.7695408017997007,0.146728515625,1.0493290106364354e-19,0.01171875,0.0419921875
role,Data2txt,3,11,0.0001,4608,2304,1024,1024,4,True,11,6.307310586424732,3.988762669457616,4.302969760377138,-0.3142070909195222,-8.089849900122296,-8.65760268761813,0.1343841371288795,0.3819626173582106,0.3333333333333333,0.012163945750568837,0.7712181123449526,0.065673828125,0.0002773072343400753,0.01171875,0.0458984375
role,Data2txt,3,11,0.001,4608,2304,1024,1024,4,True,10,7.08244132613572,3.792160046101005,4.246812875136399,-0.4546528290353947,-7.6985239787931246,-8.555736353255764,0.12127998729286779,0.3667384657497191,0.3333333333333333,0.012163945750568832,0.786108472138153,0.05859375,0.0016933457474535881,0.013671875,0.0546875
role,Data2txt,3,12,1e-06,4608,2304,1024,1024,4,True,9,5.64868256506966,2.8526348300822644,2.832454164938773,0.020180665143490886,-5.83336638211822,-5.822100241508485,0.13441822272933093,0.4530254244766855,0.0,0.0,0.33290433894859184,0.067626953125,0.00016233709925936947,0.0185546875,0.03515625
role,Data2txt,3,12,0.0001,4608,2304,1024,1024,4,True,8,6.332037400169256,2.854519386140317,3.020942216444733,-0.1664228303044158,-5.78648318466604,-6.135152307253304,0.10125044187659347,0.39250177131081937,0.0,0.0,0.332564347501628,0.074462890625,2.2016267123975907e-05,0.0263671875,0.0419921875
role,Data2txt,3,12,0.001,4608,2304,1024,1024,4,True,9,6.889216111477076,2.8586451295812845,3.1354931088621805,-0.27684797928089594,-5.783510838863885,-6.355255839884205,0.08285199897662524,0.3694469267072663,0.0,0.0,0.3295004436363018,0.103759765625,4.722809111692726e-10,0.0283203125,0.0439453125
role,Data2txt,3,13,1e-06,4608,2304,1024,1024,4,True,9,7.1982552343633275,6.4282954803614345,6.639120216876412,-0.21082473651497735,-12.724332734581726,-13.222336815508605,0.07506639661596509,0.5688234921447072,0.16666666666666666,0.04883392888687786,0.3750051730769513,0.236572265625,6.693465018342676e-51,0.0556640625,0.1201171875
role,Data2txt,3,13,0.0001,4608,2304,1024,1024,4,True,10,8.112370657498676,5.32151657043174,5.720224608156433,-0.3987080377246929,-10.558464481957479,-11.423351389154705,0.0517262084491923,0.4536217821816792,0.16666666666666666,0.048833928886877855,0.37410910844037765,0.170166015625,2.156539516854391e-26,0.0517578125,0.0966796875
role,Data2txt,3,13,0.001,4608,2304,1024,1024,4,True,11,9.160715018279024,4.815360031430283,5.343675662761851,-0.5283156313315673,-9.556416816382917,-10.674712159150983,0.0414480060478656,0.37760155394611566,0.16666666666666666,0.04883392888687786,0.36607680720486,0.112548828125,9.379100976846719e-12,0.046875,0.095703125
role,Data2txt,3,14,1e-06,4608,2304,1024,1024,4,True,11,5.247151440733105,5.502724884579214,5.74432208800392,-0.2415972034247051,-10.258441530318844,-10.654159629265838,0.11585013159452734,0.7309548740337127,0.16666666666666666,0.02175630247311307,0.5036525495752002,0.22021484375,4.323970765542422e-44,0.0556640625,0.1220703125
role,Data2txt,3,14,0.0001,4608,2304,1024,1024,4,True,10,5.900823358064565,4.5305421213310675,4.926410299865408,-0.39586817853434053,-8.695681067469504,-9.421280380349693,0.09689117836605844,0.6450365429023961,0.16666666666666666,0.021756302473113078,0.5042861194821793,0.1337890625,1.9106253235767902e-16,0.0537109375,0.1083984375
role,Data2txt,3,14,0.001,4608,2304,1024,1024,4,True,9,6.59990451319368,4.08023200101503,4.586506030448118,-0.5062740294330876,-7.976340848512257,-8.94566157614505,0.08350096932264177,0.5954470237648349,0.16666666666666666,0.02175630247311306,0.510027478820585,0.082275390625,1.772484576150071e-06,0.0556640625,0.1064453125
role,Data2txt,3,15,1e-06,4608,2304,1024,1024,4,True,9,3.950519599612803,5.260725325402273,5.77912957045679,-0.5184042450545178,-10.386427652411857,-11.31190614134022,0.1566345853306556,0.594503105165649,0.16666666666666666,0.061705778089199734,0.40576817038804247,0.2216796875,1.1138618222731659e-44,0.05859375,0.1591796875
role,Data2txt,3,15,0.0001,4608,2304,1024,1024,4,True,9,4.440125321083684,4.273687447812819,4.937839827573022,-0.664152379760204,-8.595522827112195,-9.824955378745948,0.11926039276250736,0.5485449836430824,0.16666666666666666,0.061705778089199755,0.4055959184558633,0.170166015625,2.156539516854391e-26,0.0439453125,0.1318359375
role,Data2txt,3,15,0.001,4608,2304,1024,1024,4,True,9,4.984720489733146,3.781518268479579,4.555382687691551,-0.7738644192119708,-7.698843498449445,-9.16589904540484,0.09910001167284443,0.5318513866703107,0.16666666666666666,0.06170577808919976,0.40409983521167425,0.14208984375,1.6782533224844728e-18,0.0576171875,0.1318359375
role,Data2txt,3,16,1e-06,4608,2304,1024,1024,4,True,9,4.072592918010463,5.571877895763564,6.131607951423004,-0.5597300556594398,-11.777622852827996,-12.931369900509988,0.1835630633601194,0.7306489423983831,0.16666666666666666,0.02650226509605947,0.6490457050771823,0.218017578125,3.2494566065743736e-43,0.052734375,0.177734375
role,Data2txt,3,16,0.0001,4608,2304,1024,1024,4,True,8,4.596148828161675,4.5192237884146875,5.237918369457379,-0.7186945810426904,-9.496958209395157,-10.969057128762241,0.1452969870273276,0.6602763648219605,0.16666666666666666,0.026502265096059477,0.6486392972710353,0.158935546875,4.614934583324998e-23,0.0341796875,0.1611328125
role,Data2txt,3,16,0.001,4608,2304,1024,1024,4,True,8,5.209486055209458,4.001038081160829,4.8180995247038005,-0.8170614435429719,-8.354720144890866,-10.031411812061844,0.11994288956386849,0.619347651205764,0.16666666666666666,0.026502265096059473,0.6449926818707363,0.12939453125,2.0843195178952173e-15,0.0498046875,0.1318359375
role,Data2txt,3,17,1e-06,4608,2304,1024,1024,4,True,10,5.827523991008224,6.45947633324392,6.946697513173181,-0.48722117992925973,-12.27463614340299,-13.09466824960371,0.11448004449179089,0.6831051613472259,0.16666666666666666,0.040244020549534,0.4854991311136304,0.25341796875,1.8815524283260795e-58,0.052734375,0.1513671875
role,Data2txt,3,17,0.0001,4608,2304,1024,1024,4,True,9,6.589794844574324,5.257986670204559,5.883699163828412,-0.6257124936238533,-10.209233959376405,-11.316626019690066,0.0917354337845585,0.6092728249567173,0.16666666666666666,0.04024402054953401,0.4850006094076368,0.197265625,2.1576571553957833e-35,0.056640625,0.1142578125
role,Data2txt,3,17,0.001,4608,2304,1024,1024,4,True,9,7.484788028968852,4.672680684108163,5.395016489407693,-0.7223358052995305,-9.207622806855909,-10.523593564471822,0.07495571967588957,0.5692838009896476,0.16666666666666666,0.040244020549534014,0.48058739971293213,0.17724609375,1.3011046351321077e-28,0.0458984375,0.0986328125
role,Data2txt,3,18,1e-06,4608,2304,1024,1024,4,True,10,7.713455352553292,8.895568376478742,9.564287352103833,-0.6687189756250882,-18.286794139316882,-19.771627278445205,0.07914790959736072,0.5644964808608377,0.16666666666666666,0.050486282657572275,0.48567486119831077,0.270751953125,8.475776405487399e-67,0.0625,0.1328125
role,Data2txt,3,18,0.0001,4608,2304,1024,1024,4,True,9,8.629754268138697,6.984910381540384,7.773043732393784,-0.7881333508533996,-14.37782623621485,-16.119147753475232,0.06047562852504694,0.5343482226335583,0.16666666666666666,0.05048628265757229,0.4869608812479628,0.18994140625,7.968513208847118e-33,0.0615234375,0.115234375
role,Data2txt,3,18,0.001,4608,2304,1024,1024,4,True,10,9.874476056551622,6.021454581847135,6.928042822985258,-0.9065882411381232,-12.386592448201736,-14.38267480919611,0.045289757924691365,0.5303670686259194,0.16666666666666666,0.05048628265757229,0.4987710458527235,0.142333984375,1.4536941769332194e-18,0.0625,0.1083984375
role,Data2txt,3,19,1e-06,4608,2304,1024,1024,4,True,9,9.783501078006033,9.704932740921105,10.593240385591889,-0.8883076446707848,-19.7356241654652,-21.35005420550861,0.07701182095072565,0.6337398771201981,0.5,0.09380817292721798,0.5414703510253134,0.314208984375,2.4006298749336017e-90,0.0830078125,0.1474609375
role,Data2txt,3,19,0.0001,4608,2304,1024,1024,4,True,10,10.916229274131133,7.544066132708017,8.559752555590787,-1.0156864228827704,-15.369284897713742,-17.242208503881912,0.06436292498140958,0.6297741455037444,0.5,0.09380817292721796,0.5407744321445594,0.266845703125,7.2519504358532784e-65,0.076171875,0.1357421875
role,Data2txt,3,19,0.001,4608,2304,1024,1024,4,True,10,12.502082930719883,6.472680303294997,7.595885368326343,-1.1232050650313465,-13.232666754582173,-15.311349756764976,0.05367380918991217,0.6392989143734084,0.5,0.09380817292721795,0.5348539821611155,0.23046875,2.6707048467164698e-48,0.0908203125,0.1357421875
role,Data2txt,3,20,1e-06,4608,2304,1024,1024,4,True,9,7.495749543751774,9.656019736177413,10.51098387631641,-0.8549641401389942,-18.747797160424597,-20.471603383373,0.09940122253424558,0.5545631380652614,0.5,0.07979601515476822,0.49072170175459223,0.3486328125,9.729499458530287e-112,0.0712890625,0.16015625
role,Data2txt,3,20,0.0001,4608,2304,1024,1024,4,True,9,8.3391554094879,7.422615954760149,8.383660086015286,-0.9610441312551377,-14.453966882140683,-16.415223121253437,0.08401815048470845,0.527707840596314,0.5,0.07979601515476825,0.4900144374306568,0.287109375,3.228344510721246e-75,0.07421875,0.1455078125
role,Data2txt,3,20,0.001,4608,2304,1024,1024,4,True,9,9.49538570173903,6.31185612750561,7.363281540901729,-1.0514254133961194,-12.336601901994097,-14.496047579526433,0.07116923863959856,0.5239890251856003,0.5,0.07979601515476824,0.4838904101807424,0.2734375,3.822066366858824e-68,0.0615234375,0.1318359375
role,Data2txt,3,21,1e-06,4608,2304,1024,1024,4,True,10,5.669269315259814,8.578509010840547,9.264239291143804,-0.685730280303257,-16.682354842439334,-18.17114502551151,0.1259515897384148,0.7642103617008442,0.16666666666666666,0.0753497642570872,0.5390986461977116,0.29150390625,1.4331816092986258e-77,0.0478515625,0.1748046875
role,Data2txt,3,21,0.0001,4608,2304,1024,1024,4,True,10,6.35883856244961,6.64346620977919,7.4577141204413255,-0.8142479106621356,-12.93423831002677,-14.699184585659987,0.10617934427315412,0.6848709595590461,0.16666666666666666,0.07534976425708721,0.538626530955783,0.240478515625,1.3288332372972248e-52,0.0419921875,0.1396484375
role,Data2txt,3,21,0.001,4608,2304,1024,1024,4,True,9,7.321561902006207,5.642673743669979,6.558024424361266,-0.9153506806912863,-11.006492098977606,-12.98220546652511,0.0910506733878286,0.6326111130195265,0.16666666666666666,0.07534976425708721,0.5344551843810378,0.226318359375,1.4273845307474558e-46,0.0419921875,0.12109375
role,Data2txt,3,22,1e-06,4608,2304,1024,1024,4,True,10,9.836245737942999,9.554713516510098,10.258152014766662,-0.7034384982565627,-18.9807815463329,-20.40498075481142,0.06996732266099372,0.5931583672567997,0.3333333333333333,0.07165855776299732,0.45291916398694304,0.308349609375,5.99140358206441e-87,0.0634765625,0.1552734375
role,Data2txt,3,22,0.0001,4608,2304,1024,1024,4,True,9,11.070396048805812,7.500979766874393,8.316295221769419,-0.8153154548950261,-14.92771963012641,-16.621437635513338,0.056582016756131975,0.5480249490443527,0.3333333333333333,0.07165855776299736,0.4523522150602135,0.2626953125,7.597044101036499e-63,0.0546875,0.1376953125
role,Data2txt,3,22,0.001,4608,2304,1024,1024,4,True,9,12.821068314057708,6.477435820084098,7.38411139958062,-0.9066755794965232,-12.937065345376572,-14.829505977983292,0.04530797366441084,0.5317777990618293,0.3333333333333333,0.07165855776299734,0.4477014231376891,0.2216796875,1.1138618222731659e-44,0.0498046875,0.123046875
role,Data2txt,3,23,1e-06,4608,2304,1024,1024,4,True,11,10.192425627368998,10.32625535450693,11.026641578730665,-0.700386224223735,-20.536097615800557,-22.24256110763534,0.08201538304462017,0.7491590529335511,0.16666666666666666,0.03293117822969907,0.6602084586398125,0.328125,1.0700727833537793e-98,0.0419921875,0.1005859375
role,Data2txt,3,23,0.0001,4608,2304,1024,1024,4,True,9,11.412015413246625,8.131784570883468,8.962932077951598,-0.8311475070681287,-16.07946309280357,-18.08083915107894,0.06970263082410227,0.6827532390911675,0.16666666666666666,0.032931178229699064,0.6585844172134453,0.26025390625,1.1303767526294295e-61,0.033203125,0.0888671875
role,Data2txt,3,23,0.001,4608,2304,1024,1024,4,True,10,13.144010865428445,7.057828764961063,8.00961123567936,-0.9517824707182969,-13.868663187192922,-16.14191074570151,0.059232052928614054,0.6394154589240976,0.16666666666666666,0.03293117822969907,0.644354515814297,0.232177734375,5.076367441390888e-49,0.0322265625,0.0732421875
role,Data2txt,3,24,1e-06,4608,2304,1024,1024,4,True,9,10.165971981529868,11.095794039874756,11.880273613139783,-0.784479573265028,-20.984666376145547,-22.511752186962383,0.07397868559355307,0.6929933514888137,0.16666666666666666,0.07696677883138202,0.6404921579573367,0.3701171875,2.332735872157097e-126,0.0419921875,0.08984375
role,Data2txt,3,24,0.0001,4608,2304,1024,1024,4,True,9,11.457799912694838,8.641063592418288,9.54967254535926,-0.9086089529409722,-16.45762946124011,-18.26221242044378,0.06172542476545989,0.6468199779945594,0.16666666666666666,0.07696677883138198,0.6389341727141725,0.29248046875,4.2484320928079055e-78,0.0419921875,0.0830078125
role,Data2txt,3,24,0.001,4608,2304,1024,1024,4,True,9,13.387609784869746,7.373262638750355,8.416362180967274,-1.0430995422169196,-14.136478695368496,-16.239874189787976,0.05170052375820133,0.625842322760412,0.16666666666666666,0.07696677883138199,0.6253460698065697,0.261962890625,1.7125493988948886e-62,0.04296875,0.078125
role,Data2txt,3,25,1e-06,4608,2304,1024,1024,4,True,9,10.658212212614078,11.07545585566755,11.922165489457123,-0.8467096337895726,-22.24202193461976,-23.876715302721685,0.07822072849687871,0.8245761980445491,0.16666666666666666,0.060980955105681106,0.6914450610184815,0.3447265625,3.4702719062009275e-109,0.076171875,0.1396484375
role,Data2txt,3,25,0.0001,4608,2304,1024,1024,4,True,9,12.060686884383607,8.655281295982363,9.63092336605572,-0.9756420700733562,-17.37334762411075,-19.267383871755,0.0665755672788697,0.7857616819479875,0.16666666666666666,0.06098095510568111,0.690459632332072,0.288818359375,3.9686480953613825e-76,0.0703125,0.1201171875
role,Data2txt,3,25,0.001,4608,2304,1024,1024,4,True,9,14.2585041875219,7.393082362167901,8.512606923627226,-1.1195245614593239,-14.834488526464467,-17.011644825875806,0.05703951937354523,0.765914403087606,0.16666666666666666,0.06098095510568106,0.6822436837829275,0.274658203125,9.243277979751973e-69,0.0732421875,0.10546875
role,Data2txt,3,26,1e-06,4608,2304,1024,1024,4,True,10,6.319148526543298,8.85731247212754,9.677112691187613,-0.819800219060073,-17.167280913152034,-19.094809193015557,0.12199522026798441,0.7289803089369148,0.5,0.0785664471314612,1.0705609299380507,0.27978515625,2.2102011675521223e-71,0.0654296875,0.1533203125
role,Data2txt,3,26,0.0001,4608,2304,1024,1024,4,True,10,7.070571659260508,6.972737875690079,7.950939823143569,-0.9782019474534897,-13.477639111213763,-15.81172300256474,0.10422968888033245,0.6728073220010821,0.5,0.07856644713146124,1.0699658590348529,0.250244140625,5.485187223893765e-57,0.0537109375,0.12109375
role,Data2txt,3,26,0.001,4608,2304,1024,1024,4,True,10,8.109721220673146,5.998440446363954,7.076088732267829,-1.0776482859038747,-11.560154790036583,-14.166212655048627,0.09073105034722131,0.6373323924519869,0.5,0.0785664471314612,1.0646370951984496,0.24169921875,3.8504573773664197e-53,0.0556640625,0.11328125
role,Data2txt,3,27,1e-06,4608,2304,1024,1024,4,True,10,8.823094841338424,9.407773701363896,10.164599822688583,-0.7568261213246879,-18.6753524253091,-20.137280627912787,0.09317729314635187,0.7515606793564118,0.5,0.07687144738148859,0.8138689599773032,0.306396484375,7.841009465946423e-86,0.0712890625,0.1572265625
role,Data2txt,3,27,0.0001,4608,2304,1024,1024,4,True,9,9.905120122591082,7.4043746611334935,8.306071732428403,-0.9016970712949104,-14.734643602676341,-16.502750607975436,0.07882071543639277,0.71471442527762,0.5,0.07687144738148861,0.8129104919724643,0.26513671875,4.970395538587701e-64,0.0595703125,0.1171875
role,Data2txt,3,27,0.001,4608,2304,1024,1024,4,True,9,11.431084468112992,6.416926641576976,7.429993556346416,-1.0130669147694404,-12.777867733851599,-14.801015347480838,0.06707360062914629,0.6963950071471806,0.5,0.07687144738148863,0.8044114136374929,0.24755859375,9.18886955876065e-56,0.0654296875,0.109375
role,Data2txt,3,28,1e-06,4608,2304,1024,1024,4,True,10,4.627238052879738,5.477126126361707,5.733321333374856,-0.2561952070131492,-9.973680044864999,-10.674443908307953,0.1595352183165688,0.5846030536323487,0.3333333333333333,0.08696830336793054,0.6106565664843087,0.214599609375,7.180381789473696e-42,0.037109375,0.1123046875
role,Data2txt,3,28,0.0001,4608,2304,1024,1024,4,True,8,5.190175074824493,4.615895021340875,5.023092576956689,-0.4071975556158134,-8.501844719739049,-9.518008513838332,0.13270484654271336,0.5153744076711457,0.3333333333333333,0.08696830336793052,0.6103316619346772,0.1689453125,5.09376548193007e-26,0.03125,0.0927734375
role,Data2txt,3,28,0.001,4608,2304,1024,1024,4,True,9,5.791321944768867,4.211662068614663,4.756658372483054,-0.5449963038683903,-7.808327019920178,-9.091266543428626,0.11413859523690448,0.48284331942118947,0.3333333333333333,0.08696830336793053,0.6074250077983544,0.159912109375,2.4198965756563943e-23,0.041015625,0.091796875
role,Data2txt,3,29,1e-06,4608,2304,1024,1024,4,True,8,5.902540081122066,8.891778944537897,9.595484096486759,-0.70370515194886,-17.38179201676917,-18.970405716637345,0.10899043915626101,0.5892294996605675,0.5,0.0570761925583032,0.864731691493772,0.302001953125,2.3929661962790635e-83,0.052734375,0.12890625
role,Data2txt,3,29,0.0001,4608,2304,1024,1024,4,True,9,6.545014975415293,6.932277951765203,7.751119896519951,-0.8188419447547491,-13.491377297570178,-15.31535214596982,0.09063830762707462,0.5623666619408563,0.5,0.05707619255830317,0.8640334773735701,0.255126953125,3.0042250845066587e-59,0.052734375,0.1240234375
role,Data2txt,3,29,0.001,4608,2304,1024,1024,4,True,8,7.380904498189418,5.958948379276354,6.869896974455802,-0.9109485951794485,-11.575421660337442,-13.567757216260631,0.07596466510255817,0.5530313654724802,0.5,0.0570761925583032,0.8577925487778586,0.225341796875,3.600204647579276e-46,0.0517578125,0.11328125
role,Data2txt,3,30,1e-06,4608,2304,1024,1024,4,True,9,4.639526036325233,5.320161414403816,5.795513185594888,-0.4753517711910713,-10.47964970163893,-11.427693399043385,0.14648310941354659,0.6847178999969339,0.3333333333333333,0.04772922461180085,0.9684212738621331,0.21826171875,2.5997906013217147e-43,0.0576171875,0.154296875
role,Data2txt,3,30,0.0001,4608,2304,1024,1024,4,True,9,5.225537314648043,4.3517875333363705,4.967772817945668,-0.6159852846092972,-8.670342323153042,-9.953572241984856,0.11936654975107638,0.6375507183807798,0.3333333333333333,0.04772922461180085,0.9681289952347222,0.185546875,2.475586726774482e-31,0.0703125,0.142578125
role,Data2txt,3,30,0.001,4608,2304,1024,1024,4,True,10,5.9012935027547595,3.8779643306041973,4.598616440159022,-0.7206521095548246,-7.8038866469863715,-9.319252840969167,0.10033899416040946,0.6139981910831889,0.3333333333333333,0.04772922461180087,0.965499813987594,0.1630859375,2.8871335922670975e-24,0.0712890625,0.1416015625
role,Data2txt,3,31,1e-06,4608,2304,1024,1024,4,True,7,2.4263309059134035,4.596363395412636,4.61200739821092,-0.01564400279828402,-8.76850340651951,-8.796587063343413,0.2542056368373074,0.6927819734669051,0.16666666666666666,0.046616460818535724,1.0159827666694325,0.1484375,3.6933850954573555e-20,0.0078125,0.041015625
role,Data2txt,3,31,0.0001,4608,2304,1024,1024,4,True,9,3.0503893080295903,3.7451736441289527,4.180578720792511,-0.435405076663558,-7.29445468941567,-8.192095060667494,0.18848333651805985,0.6150365402707179,0.16666666666666666,0.046616460818535724,1.0158886037684707,0.11279296875,8.373156106932522e-12,0.015625,0.0390625
role,Data2txt,3,31,0.001,4608,2304,1024,1024,4,True,9,3.6410501648877354,3.361682327380472,4.080023432524895,-0.7183411051444224,-6.617257845630964,-8.06435528981022,0.17529369501146166,0.5947123286062665,0.16666666666666666,0.0466164608185357,1.015045356858576,0.07958984375,4.335573244810983e-06,0.0439453125,0.0751953125
role,Data2txt,4,0,1e-06,9216,4608,1024,1024,4,True,9,1.9046526069086391,4.710619366404325,4.866708721172035,-0.1560893547677095,-10.108366640140474,-10.575801620079483,0.18343753933174992,0.54201608313595,0.16666666666666666,0.061650018896766155,0.6328886394171919,0.139892578125,6.045281744155845e-18,0.005859375,0.068359375
role,Data2txt,4,0,0.0001,9216,4608,1024,1024,4,True,8,2.357897495868186,3.8392919501456273,4.483854988686582,-0.6445630385409538,-8.033187259845612,-9.456684119837913,0.15421505325013612,0.44334825696830016,0.16666666666666666,0.06165001889676615,0.6341042273886804,0.05859375,0.0016933457474535881,0.0,0.01953125
role,Data2txt,4,0,0.001,9216,4608,1024,1024,4,True,9,2.7834091720023553,3.35248034406516,4.221830594748904,-0.8693502506837443,-6.889564436247901,-8.74538647230738,0.15419301232819974,0.40787534847579204,0.16666666666666666,0.06165001889676616,0.6449543236445507,0.094970703125,1.7252372391544987e-08,0.0009765625,0.013671875
role,Data2txt,4,1,1e-06,9216,4608,1024,1024,4,True,10,5.115585649484221,5.841271611616634,6.1673599321648815,-0.3260883205482481,-12.208509710952047,-12.836453047007968,0.1543552243118082,0.6202938569795283,0.0,0.0,0.992547318621573,0.166259765625,3.3003696476978365e-25,0.0185546875,0.072265625
role,Data2txt,4,1,0.0001,9216,4608,1024,1024,4,True,9,5.836498915830937,5.172247393072709,5.62822104342406,-0.4559736503513507,-10.581475235449538,-11.45728528019437,0.12858043743091258,0.5432459000137914,0.0,0.0,0.9944918496062917,0.0576171875,0.002138448041625751,0.01953125,0.0634765625
role,Data2txt,4,1,0.001,9216,4608,1024,1024,4,True,9,6.652892541393413,4.812286440525554,5.4005703485901515,-0.5882839080645972,-9.728427019982735,-10.868576968451388,0.11063570751391831,0.513175793139277,0.0,0.0,1.011529032114933,0.07275390625,3.694089964085023e-05,0.01953125,0.0615234375
role,Data2txt,4,2,1e-06,9216,4608,1024,1024,4,True,10,11.615648820897679,11.32490039055076,11.77407431811463,-0.44917392756387153,-22.40777686886886,-23.32272664796548,0.04910366723086384,0.4206808785612552,0.5,0.07778565176140881,1.0048021295532332,0.236572265625,6.693465018342676e-51,0.0302734375,0.1064453125
role,Data2txt,4,2,0.0001,9216,4608,1024,1024,4,True,11,13.863983645635797,9.20996080949253,10.028318715270222,-0.8183579057776922,-18.23074114597516,-19.860452329064998,0.03834669629649335,0.47573066906967515,0.5,0.0777856517614088,1.011973716824058,0.1806640625,1.0222842451872755e-29,0.0283203125,0.0888671875
role,Data2txt,4,2,0.001,9216,4608,1024,1024,4,True,11,17.051380847376514,8.024803731614643,9.125448743656577,-1.100645012041934,-15.859240533977559,-18.10309193807273,0.031060241724618347,0.5498731093718935,0.5,0.07778565176140878,1.0697946162588359,0.1611328125,1.0736590092687661e-23,0.033203125,0.0849609375
role,Data2txt,4,3,1e-06,9216,4608,1024,1024,4,True,10,9.706081522513422,7.435428069504215,7.67565968963633,-0.24023162013211474,-15.436297524559244,-16.067424055418062,0.0653817442096605,0.39644293742558406,0.5,0.025681161775661227,0.7114585900098163,0.171142578125,1.0793131567041156e-26,0.0224609375,0.07421875
role,Data2txt,4,3,0.0001,9216,4608,1024,1024,4,True,9,11.234306799342308,6.576519225765958,6.955325379527557,-0.3788061537615984,-13.442836367445612,-14.3337078429891,0.04633397144212919,0.3846847955586764,0.5,0.025681161775661227,0.7143059693204917,0.09130859375,7.028974160351883e-08,0.0224609375,0.0673828125
role,Data2txt,4,3,0.001,9216,4608,1024,1024,4,True,11,13.133032217535545,6.137300208185016,6.673130097738277,-0.5358298895532623,-12.43196882234714,-13.61217812625813,0.03937839826587204,0.42003823371666077,0.5,0.025681161775661245,0.7391117161066272,0.051025390625,0.00932573201443001,0.0234375,0.0751953125
role,Data2txt,4,4,1e-06,9216,4608,1024,1024,4,True,9,7.550816533158919,6.581108312981479,6.821793503985431,-0.24068519100395117,-12.821861350652583,-13.208793112250184,0.08973021356877708,0.45978144010497224,0.3333333333333333,0.010867977637150876,0.3799348812390504,0.19482421875,1.588334195804092e-34,0.0205078125,0.078125
role,Data2txt,4,4,0.0001,9216,4608,1024,1024,4,True,9,8.743521806693902,5.716593535249843,6.061608995422805,-0.3450154601729625,-11.197569752645945,-11.796355786019769,0.06576781082801438,0.3937844869568729,0.3333333333333333,0.010867977637150875,0.3812515927998529,0.135009765625,9.697475683766657e-17,0.0224609375,0.0751953125
role,Data2txt,4,4,0.001,9216,4608,1024,1024,4,True,9,10.168984275618302,5.287604955355338,5.732750543378543,-0.44514558802320503,-10.415066537817385,-11.208842230856263,0.050341733541097215,0.3909488154319284,0.3333333333333333,0.01086797763715088,0.39305743573373303,0.0888671875,1.7385451333707313e-07,0.021484375,0.072265625
role,Data2txt,4,5,1e-06,9216,4608,1024,1024,4,True,9,5.652384592391373,6.289970046545794,6.64281902331928,-0.35284897677348576,-11.913087532478839,-12.5896370782907,0.11005109778749303,0.27853810710959315,0.16666666666666666,0.011328476195327912,0.6344562207027116,0.183837890625,9.210658412695608e-31,0.0048828125,0.0400390625
role,Data2txt,4,5,0.0001,9216,4608,1024,1024,4,True,10,6.493961438340257,5.404211965182531,5.888605429738473,-0.4843934645559419,-10.377340021926653,-11.33314724933102,0.08473060072488327,0.25532228083911174,0.16666666666666666,0.01132847619532791,0.6370272989960359,0.116455078125,1.4820529019797564e-12,0.0078125,0.0390625
role,Data2txt,4,5,0.001,9216,4608,1024,1024,4,True,11,7.44029913935361,4.961680872970543,5.5798787732578745,-0.6181979002873309,-9.580086461758286,-10.831461990791592,0.06773961989287364,0.29443393142230034,0.16666666666666666,0.01132847619532791,0.6596181403564101,0.06494140625,0.00033760246373556573,0.009765625,0.04296875
role,Data2txt,4,6,1e-06,9216,4608,1024,1024,4,True,8,5.859286228590914,4.461549615871169,4.6465962029955445,-0.18504658712437694,-9.103074307354197,-9.3523454167951,0.1409469626846408,0.5192453575098323,0.16666666666666666,0.012345770955570937,0.4698010799908583,0.120849609375,1.7233205177951567e-13,0.0146484375,0.0693359375
role,Data2txt,4,6,0.0001,9216,4608,1024,1024,4,True,9,6.7717745447437006,4.156977759046011,4.477790808095866,-0.32081304904985536,-8.516264279679223,-9.0480154941096,0.10648459261090501,0.4709716070254874,0.16666666666666666,0.012345770955570939,0.47087737670106167,0.048095703125,0.01694517614264629,0.0234375,0.0830078125
role,Data2txt,4,6,0.001,9216,4608,1024,1024,4,True,9,7.6723418447251435,4.005136723132107,4.443787618969847,-0.43865089583773986,-8.21695376654357,-9.007890680976889,0.08402485227388404,0.46510655957085945,0.16666666666666666,0.012345770955570936,0.48054224304328413,0.04296875,0.044267520522450865,0.021484375,0.0810546875
role,Data2txt,4,7,1e-06,9216,4608,1024,1024,4,True,10,5.7077601325052285,3.9452160434734562,4.079562293729333,-0.13434625025587693,-7.870792207052448,-8.122813108630021,0.14026913012212,0.5137427491107535,0.3333333333333333,0.009490929980593144,0.5922685099319862,0.1201171875,2.4805437185428725e-13,0.0029296875,0.025390625
role,Data2txt,4,7,0.0001,9216,4608,1024,1024,4,True,9,6.63006320062288,3.7600857476129947,4.064497602946255,-0.30441185533326054,-7.502594557744764,-8.089942755930316,0.11322520725000051,0.4120672671128222,0.3333333333333333,0.009490929980593145,0.5936641259136612,0.0810546875,2.671536957906026e-06,0.0078125,0.0205078125
role,Data2txt,4,7,0.001,9216,4608,1024,1024,4,True,10,7.502181415983026,3.673567672766156,4.109214391314091,-0.43564671854793513,-7.339756064817392,-8.186079524191793,0.09974825977517432,0.37600874706618675,0.3333333333333333,0.009490929980593144,0.6061231581541205,0.104248046875,3.8309165973470304e-10,0.0078125,0.0234375
role,Data2txt,4,8,1e-06,9216,4608,1024,1024,4,True,11,5.640794632634483,4.647863317118996,4.706073207873542,-0.05820989075454672,-9.02676195955414,-9.01580733893294,0.12227030240050671,0.5446643811130132,0.16666666666666666,0.023182298923215446,0.24146874701588797,0.157958984375,8.765546968408236e-23,0.009765625,0.06640625
role,Data2txt,4,8,0.0001,9216,4608,1024,1024,4,True,10,6.461776624327012,4.124748327584188,4.33905385805668,-0.2143055304724925,-8.084971135298568,-8.408694163335241,0.08701219526657915,0.4199196847072732,0.16666666666666666,0.02318229892321545,0.24200009037401682,0.09423828125,2.2950286444337598e-08,0.0107421875,0.048828125
role,Data2txt,4,8,0.001,9216,4608,1024,1024,4,True,9,7.318484200777151,3.872247949416704,4.225466305185191,-0.3532183557684858,-7.633130825017844,-8.256245472824808,0.0670818971088405,0.35497808492459326,0.16666666666666666,0.023182298923215452,0.24692447652198923,0.072265625,4.2733135585867755e-05,0.009765625,0.0498046875
role,Data2txt,4,9,1e-06,9216,4608,1024,1024,4,True,9,4.9206110854227925,4.772282780746533,4.805101036954916,-0.032818256208383204,-9.382220168114287,-9.477137812627022,0.11554899892716128,0.5609904192219093,0.16666666666666666,0.031066608862819943,0.48703705854155455,0.13330078125,2.5016237178931824e-16,0.01171875,0.07421875
role,Data2txt,4,9,0.0001,9216,4608,1024,1024,4,True,10,5.585369822834332,4.269608797188786,4.467263831344663,-0.19765503415587787,-8.411081084222651,-8.846875239538305,0.07950375780953181,0.4320067438742565,0.16666666666666666,0.031066608862819946,0.48866454369315643,0.05078125,0.009814801404939616,0.015625,0.0703125
role,Data2txt,4,9,0.001,9216,4608,1024,1024,4,True,11,6.271638651491833,3.9905732946619303,4.34853353863034,-0.3579602439684089,-7.860043658822649,-8.618259324998245,0.07106981347439288,0.35849075002812303,0.16666666666666666,0.03106660886281995,0.5032098136786641,0.0869140625,3.5245773639796357e-07,0.0234375,0.0625
role,Data2txt,4,10,1e-06,9216,4608,1024,1024,4,True,9,4.842209465864393,5.202615517207156,5.581546045142302,-0.3789305279351449,-9.843722302942691,-10.616894614079449,0.14786265855927697,0.5924722051379568,0.16666666666666666,0.02937436498891315,0.3499790039831013,0.2119140625,7.886419431462335e-41,0.01171875,0.0908203125
role,Data2txt,4,10,0.0001,9216,4608,1024,1024,4,True,9,5.508198639607816,4.316257384691542,4.797144027605596,-0.48088664291405353,-8.388103252761903,-9.423151662787621,0.11597239201838207,0.5131398720755774,0.16666666666666666,0.029374364988913146,0.3499661074620931,0.1474609375,6.717615482074674e-20,0.017578125,0.0830078125
role,Data2txt,4,10,0.001,9216,4608,1024,1024,4,True,9,6.22315320974394,3.9107359965724044,4.468520462474101,-0.5577844659016965,-7.719002867706115,-8.929112378465792,0.09546041047619439,0.4762892456381554,0.16666666666666666,0.029374364988913167,0.3499709751631101,0.105712890625,2.0324869003948826e-10,0.0166015625,0.07421875
role,Data2txt,4,11,1e-06,9216,4608,1024,1024,4,True,10,4.96025726815564,3.97282805187654,4.134908986111306,-0.1620809342347653,-7.733950166682851,-8.043942079674295,0.14341895154070983,0.44663491947551015,0.3333333333333333,0.014726074252749837,0.7677224787155872,0.080322265625,3.40710119820655e-06,0.001953125,0.0224609375
role,Data2txt,4,11,0.0001,9216,4608,1024,1024,4,True,11,5.663635736956127,3.7313690699997686,4.048179122083834,-0.31681005208406643,-7.300694569997918,-7.937540688249105,0.10408066787479062,0.3638872979081957,0.3333333333333333,0.01472607425274983,0.7697037750670015,0.080078125,3.692998391788391e-06,0.0029296875,0.0205078125
role,Data2txt,4,11,0.001,9216,4608,1024,1024,4,True,11,6.319771216511146,3.5881343669710293,4.060231998431562,-0.4720976314605331,-7.042646878469869,-7.97837785852907,0.08335726824073963,0.33655767060340047,0.3333333333333333,0.014726074252749835,0.7872450097764115,0.116455078125,1.4820529019797564e-12,0.0029296875,0.017578125
role,Data2txt,4,12,1e-06,9216,4608,1024,1024,4,True,8,6.027188433861356,2.718048686808142,2.678108214114858,0.03994047269328356,-5.327093634399521,-5.237829355705663,0.09106970805062907,0.32457600490225247,0.0,0.0,0.2424858447056193,0.138671875,1.2212534223041393e-17,0.0185546875,0.041015625
role,Data2txt,4,12,0.0001,9216,4608,1024,1024,4,True,9,6.475351337404215,2.7608665224957214,2.895697141398528,-0.1348306189028066,-5.396354822303314,-5.659648891977881,0.07054513220903794,0.29790021692882024,0.0,0.0,0.2421033947865958,0.128173828125,3.99026637596873e-15,0.0185546875,0.0361328125
role,Data2txt,4,12,0.001,9216,4608,1024,1024,4,True,9,6.833397419018283,2.7803025863917368,3.018223719038436,-0.23792113264669906,-5.419876193162628,-5.877282574172998,0.06134464836275279,0.28948690307797637,0.0,0.0,0.23866973493292354,0.13037109375,1.2341914702227571e-15,0.0185546875,0.029296875
role,Data2txt,4,13,1e-06,9216,4608,1024,1024,4,True,10,5.981605318148337,5.521877443521839,5.746495143022394,-0.22461769950055638,-10.97284164375554,-11.401376704563038,0.10865044311173694,0.517022565107665,0.16666666666666666,0.030191554263542652,0.27755146730971775,0.18994140625,7.968513208847118e-33,0.0302734375,0.107421875
role,Data2txt,4,13,0.0001,9216,4608,1024,1024,4,True,8,6.768423004225012,4.735250329013864,5.137291139056943,-0.40204081004307984,-9.338854842547665,-10.110279947062859,0.07842894034273062,0.40607716859194665,0.16666666666666666,0.030191554263542666,0.27669938655625537,0.122314453125,8.261997941836841e-14,0.03125,0.0947265625
role,Data2txt,4,13,0.001,9216,4608,1024,1024,4,True,9,7.628018350391321,4.354524759110038,4.882228798474731,-0.527704039364695,-8.566508399124631,-9.578322975663193,0.05704980647384505,0.34252289092939053,0.16666666666666666,0.03019155426354265,0.2691552718102722,0.08740234375,2.9581447620117624e-07,0.0322265625,0.091796875
role,Data2txt,4,14,1e-06,9216,4608,1024,1024,4,True,10,4.538790068691249,4.692309053731551,4.850948966638251,-0.15863991290670082,-9.00277203520043,-9.36591543439618,0.14071984883435654,0.7396760437864315,0.16666666666666666,0.02098403507878443,0.4292559763913387,0.153564453125,1.4956780422386525e-21,0.0107421875,0.1103515625
role,Data2txt,4,14,0.0001,9216,4608,1024,1024,4,True,10,5.133290923782764,4.047340522911441,4.359319137899734,-0.31197861498829194,-7.78863237327962,-8.454002573780715,0.1107620769074063,0.6240962616608897,0.16666666666666666,0.020984035078784435,0.4300151416039432,0.097900390625,5.388066486863925e-09,0.0087890625,0.0849609375
role,Data2txt,4,14,0.001,9216,4608,1024,1024,4,True,10,5.754748049576525,3.7370116153067796,4.173806870827135,-0.43679525552035564,-7.2087006900648065,-8.106388642677143,0.0919209423139632,0.5547074320151814,0.16666666666666666,0.02098403507878442,0.43689918887054646,0.09375,2.7725404828324294e-08,0.0107421875,0.080078125
role,Data2txt,4,15,1e-06,9216,4608,1024,1024,4,True,9,3.3491691369788366,4.917684451738266,5.443027779529373,-0.5253433277911085,-8.820702669688515,-9.756745803811649,0.21776552972164404,0.6136774473458451,0.16666666666666666,0.050708854352432414,0.459530314262046,0.202880859375,1.983892799565446e-37,0.03515625,0.11328125
role,Data2txt,4,15,0.0001,9216,4608,1024,1024,4,True,8,3.7614390750024356,4.079281815467336,4.74079025024232,-0.661508434774983,-7.489742352721665,-8.718225387644829,0.18504713683141433,0.5554987982731235,0.16666666666666666,0.05070885435243243,0.4593865089718614,0.157470703125,1.2062234418563808e-22,0.033203125,0.0966796875
role,Data2txt,4,15,0.001,9216,4608,1024,1024,4,True,9,4.196220434038242,3.641316745453182,4.4206641075443,-0.779347362091118,-6.786394316045104,-8.23180661489079,0.16357848016324553,0.5304305153452346,0.16666666666666666,0.05070885435243242,0.458170478115635,0.134765625,1.111166976835318e-16,0.02734375,0.0986328125
role,Data2txt,4,16,1e-06,9216,4608,1024,1024,4,True,9,3.7683589768208203,5.05368099574768,5.596278244865198,-0.5425972491175188,-10.042884413195072,-10.94891615367045,0.20712323450755984,0.6895076055168908,0.16666666666666666,0.008861820778145697,0.6504745043241289,0.2099609375,4.417788966638234e-40,0.0419921875,0.1416015625
role,Data2txt,4,16,0.0001,9216,4608,1024,1024,4,True,8,4.274385404365584,4.177210372271942,4.8516152174354,-0.6744048451634577,-8.40444661933147,-9.595708779248966,0.1631252748369864,0.6253407114005957,0.16666666666666666,0.00886182077814571,0.6500579807890532,0.159423828125,3.3434946547626966e-23,0.0244140625,0.1279296875
role,Data2txt,4,16,0.001,9216,4608,1024,1024,4,True,9,4.840609068510512,3.7230160903654044,4.488910409389652,-0.7658943190242465,-7.5500917644850984,-8.947573033781019,0.1311161996710819,0.593501512932532,0.16666666666666666,0.008861820778145693,0.6463214690855345,0.127197265625,6.6785319560061816e-15,0.0419921875,0.1103515625
role,Data2txt,4,17,1e-06,9216,4608,1024,1024,4,True,9,5.2083687329733985,6.142887324546219,6.668290517032704,-0.5254031924864851,-12.599334895381297,-13.598532483286709,0.14051653499166733,0.702081705280436,0.16666666666666666,0.041797584582102226,0.4758345430257766,0.218017578125,3.2494566065743736e-43,0.05859375,0.1611328125
role,Data2txt,4,17,0.0001,9216,4608,1024,1024,4,True,8,5.889524203107122,5.0733050075933255,5.773419130260947,-0.7001141226676222,-10.436064385931509,-11.764447458042879,0.10935448312586393,0.6328269764347731,0.16666666666666666,0.04179758458210223,0.4755565253656024,0.165283203125,6.461885070625771e-25,0.044921875,0.1220703125
role,Data2txt,4,17,0.001,9216,4608,1024,1024,4,True,9,6.705708568674624,4.518578939839619,5.348009480969025,-0.8294305411294052,-9.29666342112765,-10.889890028086498,0.08961008529613501,0.596117453603536,0.16666666666666666,0.04179758458210223,0.4732072961359941,0.127197265625,6.6785319560061816e-15,0.056640625,0.1318359375
role,Data2txt,4,18,1e-06,9216,4608,1024,1024,4,True,10,5.8314443498990585,8.47994436804938,9.22531435827495,-0.7453699902255704,-15.600352836433078,-16.87950552968387,0.10849230936650728,0.5089947765730192,0.16666666666666666,0.04773241429447306,0.5395587207651148,0.294921875,1.9937371022253064e-79,0.0537109375,0.103515625
role,Data2txt,4,18,0.0001,9216,4608,1024,1024,4,True,10,6.549751672215437,6.716766691577984,7.601053637855794,-0.88428694627781,-12.55916089082838,-14.123406890288269,0.08859247612374727,0.4542118180762419,0.16666666666666666,0.047732414294473065,0.541874772515424,0.2197265625,6.781508897207981e-44,0.0341796875,0.08203125
role,Data2txt,4,18,0.001,9216,4608,1024,1024,4,True,10,7.469782211653267,5.795303298042628,6.8158168895711935,-1.020513591528566,-10.940746922949831,-12.787075033529952,0.07362408905055659,0.43820670011755153,0.16666666666666666,0.047732414294473065,0.562614549077529,0.178955078125,3.6699067996302704e-29,0.037109375,0.080078125
role,Data2txt,4,19,1e-06,9216,4608,1024,1024,4,True,9,7.2708661624396544,9.602855181898443,10.438634994682719,-0.8357798127842768,-17.709141236937498,-19.23248784818145,0.11041752244760433,0.5768264361198125,0.5,0.09231512195780307,0.4893869053499306,0.334228515625,1.7385903083601787e-102,0.0576171875,0.1298828125
role,Data2txt,4,19,0.0001,9216,4608,1024,1024,4,True,9,8.14137215401549,7.5058320440443325,8.474589447076461,-0.9687574030321275,-14.059248656056326,-15.862841117759428,0.0940666204539882,0.5363739980865955,0.5,0.09231512195780307,0.48908374669215154,0.294189453125,5.006036767581265e-79,0.05078125,0.1220703125
role,Data2txt,4,19,0.001,9216,4608,1024,1024,4,True,9,9.312459403973909,6.440289443527188,7.5283869338647715,-1.0880974903375833,-12.179638555605774,-14.226928858335201,0.08111886219067867,0.5244876601406147,0.5,0.09231512195780307,0.4869300310451068,0.254150390625,8.584866886581646e-59,0.0537109375,0.115234375
role,Data2txt,4,20,1e-06,9216,4608,1024,1024,4,True,9,6.512706898351901,8.946556202604578,9.791920202603936,-0.8453639999993592,-16.802827504175674,-18.25174108569567,0.11308253373391883,0.5818234453834018,0.5,0.05458790989836883,0.5385761215311257,0.3359375,1.463147148540427e-103,0.07421875,0.1767578125
role,Data2txt,4,20,0.0001,9216,4608,1024,1024,4,True,9,7.278827833515222,6.936791503274495,7.888776879347528,-0.9519853760730332,-13.25475811393968,-14.983098076791245,0.095348268159345,0.5599651947683765,0.5,0.054587909898368835,0.5376675266915318,0.29052734375,4.813499602508782e-77,0.0712890625,0.1494140625
role,Data2txt,4,20,0.001,9216,4608,1024,1024,4,True,9,8.289659800839871,5.9046423244882655,6.95192739341565,-1.0472850689273843,-11.45283352098444,-13.417393888483208,0.08140073892703606,0.5597706111956792,0.5,0.054587909898368835,0.5296733841340445,0.26025390625,1.1303767526294295e-61,0.0771484375,0.134765625
role,Data2txt,4,21,1e-06,9216,4608,1024,1024,4,True,9,4.899424695149859,7.869057443579803,8.407995072604265,-0.5389376290244632,-15.660004444980462,-16.86047104236255,0.12278812551105009,0.69061188591804,0.16666666666666666,0.07103733635254078,0.4819926426743368,0.250732421875,3.274389129964571e-57,0.0546875,0.154296875
role,Data2txt,4,21,0.0001,9216,4608,1024,1024,4,True,9,5.522616339113054,6.202065637623027,6.891107158184659,-0.6890415205616323,-12.278952372967396,-13.77986189716077,0.10130506972346143,0.6072576165994096,0.16666666666666666,0.0710373363525408,0.4815186781377208,0.192138671875,1.385801442796577e-33,0.0517578125,0.125
role,Data2txt,4,21,0.001,9216,4608,1024,1024,4,True,9,6.37029005164773,5.303563858349584,6.114919991840776,-0.8113561334911924,-10.448519734043732,-12.191978803927057,0.08607079513565394,0.5575698578139022,0.16666666666666666,0.07103733635254078,0.47731973812217965,0.17529296875,5.443189614759686e-28,0.0419921875,0.1181640625
role,Data2txt,4,22,1e-06,9216,4608,1024,1024,4,True,10,8.410288696667905,8.710913830546072,9.398163896949276,-0.6872500664032032,-18.16559767923669,-19.405909133547127,0.08521566968560354,0.6092560645280887,0.3333333333333333,0.07408332631146265,0.4846849380590196,0.274169921875,1.6321810197945337e-68,0.08203125,0.177734375
role,Data2txt,4,22,0.0001,9216,4608,1024,1024,4,True,10,9.500238242199131,6.929811178594923,7.764075554118881,-0.8342643755239578,-14.45127810325836,-15.993206677792529,0.06709928497150172,0.5803828798843752,0.3333333333333333,0.07408332631146264,0.4851659757869237,0.20947265625,6.778906015604454e-40,0.0810546875,0.1513671875
role,Data2txt,4,22,0.001,9216,4608,1024,1024,4,True,9,11.037503225705526,6.011722742882187,6.97957357417292,-0.9678508312907329,-12.503708878733567,-14.322736965230732,0.05307327231150096,0.5778552615580844,0.3333333333333333,0.07408332631146265,0.4898836696887727,0.17724609375,1.3011046351321077e-28,0.07421875,0.142578125
role,Data2txt,4,23,1e-06,9216,4608,1024,1024,4,True,10,10.107373353765842,9.321120603506937,9.90572735024027,-0.5846067467333319,-18.60042950870135,-19.598449915988958,0.07307045549421204,0.7038215784637496,0.16666666666666666,0.030822562597407774,0.5694949558137741,0.278564453125,9.403714969571795e-71,0.0537109375,0.09765625
role,Data2txt,4,23,0.0001,9216,4608,1024,1024,4,True,10,11.438115988175293,7.5107021374181056,8.265422471925405,-0.7547203345072993,-15.059343628686904,-16.405640909544207,0.059714711914507224,0.6733184356304827,0.16666666666666666,0.030822562597407774,0.5681248823086256,0.2109375,1.8704408680341746e-40,0.0556640625,0.0927734375
role,Data2txt,4,23,0.001,9216,4608,1024,1024,4,True,10,13.280996300749539,6.591678054962717,7.504640454957549,-0.9129623999948333,-13.26201278363921,-14.951609042460626,0.04905427940627849,0.664551719713505,0.16666666666666666,0.03082256259740777,0.556409937605847,0.1572265625,1.4144502558105868e-22,0.052734375,0.0810546875
role,Data2txt,4,24,1e-06,9216,4608,1024,1024,4,True,9,9.10969030585675,9.9711444910198,10.65536292865286,-0.6842184376330607,-20.45906133462433,-21.73967322931702,0.07038616993591848,0.717809813330278,0.16666666666666666,0.08082775942733032,0.5624378685238202,0.306884765625,4.129416773761651e-86,0.0732421875,0.1455078125
role,Data2txt,4,24,0.0001,9216,4608,1024,1024,4,True,10,10.26212834363106,7.826322759724468,8.64831400830985,-0.8219912485853832,-16.069196770267794,-17.616250331187054,0.05713303611906469,0.6900395111704547,0.16666666666666666,0.08082775942733032,0.5623140646067601,0.22802734375,2.7991998522244725e-47,0.060546875,0.12109375
role,Data2txt,4,24,0.001,9216,4608,1024,1024,4,True,9,11.945651804766852,6.709092120832795,7.6869732461766205,-0.9778811253438249,-13.781355539839787,-15.636931035015365,0.0464712599058031,0.6822639312270568,0.16666666666666666,0.08082775942733032,0.5616967543994219,0.20166015625,5.56248355923175e-37,0.0546875,0.1044921875
role,Data2txt,4,25,1e-06,9216,4608,1024,1024,4,True,9,8.193470898689961,10.360186611568182,11.149096665849314,-0.7889100542811323,-20.821059965093404,-22.297209943973535,0.07911165632120165,0.765204432203099,0.16666666666666666,0.06812850344072316,0.7603396897253185,0.312744140625,1.722672205752398e-89,0.0673828125,0.12890625
role,Data2txt,4,25,0.0001,9216,4608,1024,1024,4,True,9,9.27910149315322,8.11842617438741,9.053567421630786,-0.935141247243375,-16.396013429343732,-18.173184983082002,0.06501806917292763,0.7360855255431515,0.16666666666666666,0.06812850344072312,0.7590838120649314,0.25537109375,2.3090962611454176e-59,0.0615234375,0.1123046875
role,Data2txt,4,25,0.001,9216,4608,1024,1024,4,True,9,10.908939674606842,6.911383964034664,8.004132632520376,-1.0927486684857124,-13.99210125177905,-16.117937794393068,0.05417319645640545,0.7271547610381752,0.16666666666666666,0.06812850344072313,0.7480882451659595,0.234130859375,7.49231933744452e-50,0.064453125,0.1064453125
role,Data2txt,4,26,1e-06,9216,4608,1024,1024,4,True,8,6.428734688318756,8.447414796619988,9.271616674688838,-0.8242018780688481,-16.775344027250924,-18.30583006337338,0.1064132988628548,0.6799874289003965,0.5,0.12595084916357316,0.956169073835612,0.2939453125,6.800325666763161e-79,0.0791015625,0.18359375
role,Data2txt,4,26,0.0001,9216,4608,1024,1024,4,True,10,7.226286447520469,6.69209006732563,7.694543430235908,-1.0024533629102774,-13.348420189742566,-15.23989530260711,0.0883971062833376,0.647145606205511,0.5,0.1259508491635732,0.9555233580140037,0.23974609375,2.785266965706982e-52,0.0791015625,0.1630859375
role,Data2txt,4,26,0.001,9216,4608,1024,1024,4,True,10,8.333613392069827,5.765915667425876,6.902670169170323,-1.1367545017444465,-11.51552078266667,-13.673690637514678,0.07513973128389248,0.6346588527600181,0.5,0.12595084916357313,0.94974238038471,0.236572265625,6.693465018342676e-51,0.0791015625,0.146484375
role,Data2txt,4,27,1e-06,9216,4608,1024,1024,4,True,9,7.696295087678429,9.20563608735582,9.940309148255793,-0.734673060899972,-18.417145503905985,-19.767295624615173,0.10067644807638716,0.7420409280512108,0.5,0.08574304690704501,0.7350972338707565,0.2958984375,5.8195239610435606e-80,0.0751953125,0.1484375
role,Data2txt,4,27,0.0001,9216,4608,1024,1024,4,True,9,8.644523781036009,7.243233960689588,8.12963094776103,-0.8863969870714398,-14.530263117081962,-16.164355432656404,0.085062891559603,0.7078926335582761,0.5,0.08574304690704501,0.7342714546554574,0.238037109375,1.551580314679546e-51,0.0703125,0.1318359375
role,Data2txt,4,27,0.001,9216,4608,1024,1024,4,True,10,9.970024442138726,6.235123478522668,7.2589280380257115,-1.0238045595030434,-12.531797132554624,-14.429139254219125,0.07264519340533547,0.6929230950574908,0.5,0.08574304690704498,0.7270201748325872,0.236083984375,1.0873263427740513e-50,0.0693359375,0.123046875
role,Data2txt,4,28,1e-06,9216,4608,1024,1024,4,True,9,4.466435616280513,5.069616399537992,5.367091360738684,-0.2974749612006911,-10.926110732469905,-11.603922972599534,0.12927078821613008,0.5817021911272142,0.5,0.0752598006756336,0.6594895329485901,0.172607421875,3.7924752157034515e-27,0.0615234375,0.1591796875
role,Data2txt,4,28,0.0001,9216,4608,1024,1024,4,True,9,5.056542719768646,4.287532116196629,4.758186541935571,-0.47065442573894223,-9.169776168796682,-10.188265949295111,0.10057781558701169,0.5482393052235752,0.5,0.07525980067563359,0.6591722386227346,0.148193359375,4.290777844565222e-20,0.056640625,0.1435546875
role,Data2txt,4,28,0.001,9216,4608,1024,1024,4,True,9,5.692964616931089,3.905842086932434,4.511412965563449,-0.6055708786310151,-8.307124363957996,-9.609472187809867,0.08150889938822321,0.5406072538700346,0.5,0.07525980067563363,0.6563273453462527,0.12451171875,2.6968808681573873e-14,0.0615234375,0.142578125
role,Data2txt,4,29,1e-06,9216,4608,1024,1024,4,True,10,6.130010885474116,8.88935718032742,9.630759914028404,-0.7414027337009845,-18.324556953800585,-19.914508107849908,0.08823963721986923,0.5663556049442294,0.5,0.11307613619454639,0.6801410255264099,0.289794921875,1.190765961162815e-76,0.0771484375,0.1650390625
role,Data2txt,4,29,0.0001,9216,4608,1024,1024,4,True,10,6.806378480641283,6.937621426865073,7.799115868046275,-0.8614944411812018,-14.178429482421109,-15.998441569582411,0.07073136620858264,0.5502192332032225,0.5,0.11307613619454643,0.6793359213449601,0.267333984375,4.174092907395716e-65,0.07421875,0.140625
role,Data2txt,4,29,0.001,9216,4608,1024,1024,4,True,9,7.717098930611801,5.957020536615737,6.917680812723364,-0.960660276107627,-12.102352630279146,-14.12893941167788,0.056741734436555225,0.552734063563266,0.5,0.11307613619454643,0.6721576844387337,0.23828125,1.2149551007377114e-51,0.07421875,0.1298828125
role,Data2txt,4,30,1e-06,9216,4608,1024,1024,4,True,9,4.055859974296475,5.053707731374771,5.339984375681658,-0.2862766443068868,-9.715137614814768,-10.219071697770946,0.1684923256895782,0.6817854829312078,0.3333333333333333,0.03327779710555767,0.8808613207902007,0.204833984375,3.760831813983377e-38,0.0419921875,0.13671875
role,Data2txt,4,30,0.0001,9216,4608,1024,1024,4,True,8,4.654560280304521,4.211576322880555,4.70148180728426,-0.48990548440370485,-8.14190809579342,-9.125841997358258,0.1347106965259997,0.6068505435293295,0.3333333333333333,0.03327779710555767,0.8805360396519075,0.173828125,1.5753113560921231e-27,0.046875,0.1123046875
role,Data2txt,4,30,0.001,9216,4608,1024,1024,4,True,10,5.2946439294201415,3.7876071888789244,4.413843208780564,-0.6262360199016397,-7.363163656938724,-8.671170492595047,0.11293671543607223,0.5677576526521401,0.3333333333333333,0.03327779710555767,0.8776089192167307,0.143798828125,6.107702812648459e-19,0.0546875,0.1064453125
role,Data2txt,4,31,1e-06,9216,4608,1024,1024,4,True,8,2.353688682502779,4.896057822940223,4.954113873544196,-0.05805605060397257,-9.32926503424041,-9.435665455220722,0.2398174597744246,0.6806297920727177,0.16666666666666666,0.03920800278718017,1.020337942053553,0.160888671875,1.2637816166154616e-23,0.005859375,0.0322265625
role,Data2txt,4,31,0.0001,9216,4608,1024,1024,4,True,9,2.9568341622577132,3.913053499274757,4.377789477223139,-0.46473597794838234,-7.654509021461436,-8.619291701933978,0.16668580828124052,0.6118698190007199,0.16666666666666666,0.03920800278718018,1.020191140100182,0.125,2.097112125854559e-14,0.015625,0.041015625
role,Data2txt,4,31,0.001,9216,4608,1024,1024,4,True,8,3.535636149549444,3.4474934967217488,4.188901830185127,-0.7414083334633792,-6.8593025153911125,-8.387289196907833,0.1499480557040871,0.595222139301982,0.16666666666666666,0.03920800278718017,1.0188739334484278,0.105224609375,2.5131385849205457e-10,0.037109375,0.0771484375
role,Data2txt,5,0,1e-06,18432,9216,1024,1024,4,True,9,1.9585000829954886,4.591575875290353,4.753270485596254,-0.16169461030590124,-9.037526262498979,-9.432341603523305,0.2058237015561048,0.4728430683486039,0.16666666666666666,0.0594860434995465,0.7505538779555153,0.0771484375,9.527298888691966e-06,0.0,0.00390625
role,Data2txt,5,0,0.0001,18432,9216,1024,1024,4,True,9,2.414453706262062,3.7827839882907224,4.446503919168353,-0.6637199308776304,-7.4586564594459785,-8.830035780601499,0.14829206933187178,0.4116752783820047,0.16666666666666666,0.059486043499546504,0.7517900998028122,0.12109375,1.5255375407237243e-13,0.0,0.0
role,Data2txt,5,0,0.001,18432,9216,1024,1024,4,True,8,2.8397259497742287,3.3257582393897582,4.222533253612136,-0.8967750142223776,-6.56834985814444,-8.37020541354693,0.13971353391272642,0.4044419713283686,0.16666666666666666,0.05948604349954648,0.7628048453211054,0.184326171875,6.335979958156866e-31,0.0,0.001953125
role,Data2txt,5,1,1e-06,18432,9216,1024,1024,4,True,10,4.613781092821858,5.8831123535462755,6.184063913291313,-0.3009515597450366,-11.785628184856217,-12.504075067274123,0.155799928445798,0.5381730317251838,0.0,0.0,0.8991541144313868,0.15625,2.6676645876640017e-22,0.0146484375,0.0517578125
role,Data2txt,5,1,0.0001,18432,9216,1024,1024,4,True,10,5.2681193403965105,5.169525472820276,5.606678135881051,-0.43715266306077477,-10.307855006984894,-11.301528661126799,0.1282447932342242,0.449937687635527,0.0,0.0,0.9011495034130131,0.05615234375,0.00301254820350981,0.0126953125,0.0419921875
role,Data2txt,5,1,0.001,18432,9216,1024,1024,4,True,10,6.000011237741986,4.781734244262076,5.362213597345605,-0.5804793530835284,-9.474685781332155,-10.76789068910302,0.10978686416480318,0.41826891650482634,0.0,0.0,0.9186758518356127,0.130126953125,1.407474893672287e-15,0.0146484375,0.0439453125
role,Data2txt,5,2,1e-06,18432,9216,1024,1024,4,True,11,10.233344063872975,10.41876462061357,10.73065180305695,-0.31188718244338,-21.882526944711053,-22.47555589796474,0.05839787711732908,0.4872696579962101,0.5,0.07873452506922636,1.1087992361514327,0.175537109375,4.55562357513604e-28,0.03515625,0.13671875
role,Data2txt,5,2,0.0001,18432,9216,1024,1024,4,True,11,12.379384178067548,8.53683302954385,9.256562850844366,-0.7197298213005149,-17.7680648939075,-19.25781821228322,0.045382050868543564,0.5233534703514314,0.5,0.07873452506922632,1.1151050449906934,0.11181640625,1.3162255997804745e-11,0.037109375,0.107421875
role,Data2txt,5,2,0.001,18432,9216,1024,1024,4,True,11,15.20516072256391,7.461426348512438,8.50707205298329,-1.0456457044708523,-15.411556852803322,-17.602137770200954,0.03506027509207857,0.5797022391060186,0.5,0.0787345250692263,1.1660816315064841,0.11279296875,8.373156106932522e-12,0.0380859375,0.1064453125
role,Data2txt,5,3,1e-06,18432,9216,1024,1024,4,True,11,9.141520386203869,7.019775886993345,7.290457331489279,-0.2706814444959335,-14.419551242935427,-14.99716873127545,0.07900446297319935,0.4876141940461632,0.3333333333333333,0.06419612324724905,0.7168772201691086,0.165771484375,4.620415053763332e-25,0.0205078125,0.083984375
role,Data2txt,5,3,0.0001,18432,9216,1024,1024,4,True,10,10.623016988079472,6.256490556075026,6.668092328359773,-0.4116017722847465,-12.780309273890364,-13.6397504693477,0.05817182941577645,0.46728671707912733,0.3333333333333333,0.06419612324724903,0.719701441586412,0.085693359375,5.438162669550064e-07,0.0234375,0.0751953125
role,Data2txt,5,3,0.001,18432,9216,1024,1024,4,True,10,12.41576617351673,5.855927137320725,6.429808111206281,-0.5738809738855564,-11.91371821622364,-13.093909759360209,0.04541234090521588,0.4877939419433057,0.3333333333333333,0.06419612324724903,0.7443794308282662,0.05029296875,0.010863244901864712,0.03125,0.078125
role,Data2txt,5,4,1e-06,18432,9216,1024,1024,4,True,10,7.200326061334124,6.214016634165343,6.3773847707988685,-0.16336813663352445,-12.365324980783178,-12.685996611708727,0.09973177656673334,0.508069069657828,0.3333333333333333,0.01160508027513397,0.38302130027079495,0.193603515625,4.268088275759444e-34,0.009765625,0.072265625
role,Data2txt,5,4,0.0001,18432,9216,1024,1024,4,True,9,8.367633503592938,5.485817605308935,5.7632219658064825,-0.27740436049754724,-10.94186173096988,-11.490293671759868,0.07720380557820093,0.3907243919990979,0.3333333333333333,0.011605080275133964,0.384344691841082,0.113037109375,7.473246830274823e-12,0.01171875,0.0673828125
role,Data2txt,5,4,0.001,18432,9216,1024,1024,4,True,9,9.748958860439844,5.122749756145897,5.508761831814523,-0.3860120756686255,-10.214085003450077,-10.982989247275107,0.061565849589344024,0.35015912611889,0.3333333333333333,0.011605080275133971,0.3961976791631878,0.074462890625,2.2016267123975907e-05,0.0107421875,0.060546875
role,Data2txt,5,5,1e-06,18432,9216,1024,1024,4,True,10,5.573736563271444,6.228093133714715,6.604707098397011,-0.3766139646822964,-12.109457860448863,-12.850857389000815,0.12817975135442028,0.4354038365959806,0.16666666666666666,0.009571513446383165,0.7206008326155822,0.185546875,2.475586726774482e-31,0.0126953125,0.068359375
role,Data2txt,5,5,0.0001,18432,9216,1024,1024,4,True,10,6.4169187866516575,5.3441663634928025,5.853772365409474,-0.5096060019166727,-10.53409931290897,-11.551168205337717,0.10247968362821666,0.37305450100343623,0.16666666666666666,0.009571513446383165,0.7232381045110076,0.093505859375,3.046224364725374e-08,0.0126953125,0.05859375
role,Data2txt,5,5,0.001,18432,9216,1024,1024,4,True,11,7.376992784026864,4.8867537934796434,5.538657528840746,-0.6519037353611034,-9.693913828408242,-11.011313624927613,0.08415004820139078,0.3694854887574445,0.16666666666666666,0.009571513446383172,0.7463826372452974,0.06591796875,0.00025957717062950807,0.0166015625,0.052734375
role,Data2txt,5,6,1e-06,18432,9216,1024,1024,4,True,10,5.4859139946958875,4.191370757493935,4.389792696298734,-0.19842193880479847,-8.59981340298702,-8.928048603538357,0.15797014113099403,0.5126075188544625,0.0,0.0,0.6324752074040264,0.112060546875,1.175930828576573e-11,0.013671875,0.068359375
role,Data2txt,5,6,0.0001,18432,9216,1024,1024,4,True,8,6.369667055525319,3.9722496137959715,4.315169394322581,-0.3429197805266082,-8.134493296324418,-8.74888473592878,0.12017676725668354,0.4759602806920718,0.0,0.0,0.633879495674265,0.054443359375,0.004443565001876724,0.0205078125,0.0625
role,Data2txt,5,6,0.001,18432,9216,1024,1024,4,True,10,7.228427098487048,3.847851957447968,4.323781584355805,-0.4759296269078368,-7.88146090053643,-8.758461540231863,0.09595651750105097,0.4774579499392395,0.0,0.0,0.6464027537817607,0.081298828125,2.4622908723398127e-06,0.021484375,0.078125
role,Data2txt,5,7,1e-06,18432,9216,1024,1024,4,True,10,5.728437915989531,3.539702453498517,3.705879305425493,-0.16617685192697557,-6.950379118954515,-7.299376531436499,0.1075053883455157,0.3827109107593857,0.16666666666666666,0.030143601330344535,0.6773558161600477,0.1552734375,5.010967022136283e-22,0.0009765625,0.005859375
role,Data2txt,5,7,0.0001,18432,9216,1024,1024,4,True,9,6.469166514765165,3.5023820642455603,3.838904625952424,-0.33652256170686373,-6.925544431243437,-7.65032290041918,0.08418012525397112,0.3324926624355694,0.16666666666666666,0.030143601330344546,0.6788466585989278,0.1728515625,3.182968375835223e-27,0.0029296875,0.0078125
role,Data2txt,5,7,0.001,18432,9216,1024,1024,4,True,9,7.0962333493510075,3.4668984297465157,3.943272368856202,-0.4763739391096864,-6.862249129161389,-7.875805207731892,0.07169652571038007,0.32444548874513446,0.16666666666666666,0.030143601330344532,0.6921266983807074,0.1494140625,2.0224907944468865e-20,0.00390625,0.0087890625
role,Data2txt,5,8,1e-06,18432,9216,1024,1024,4,True,11,5.035955271174583,4.312414732296741,4.343644153160361,-0.031229420863620582,-8.690245238535276,-8.7580798503167,0.13462423346888458,0.5331735981376972,0.16666666666666666,0.007847705395577389,0.18594878049953176,0.140869140625,3.4288297062514728e-18,0.001953125,0.046875
role,Data2txt,5,8,0.0001,18432,9216,1024,1024,4,True,10,5.778330708402876,3.920183092914366,4.109410326035912,-0.18922723312154507,-7.833290782239397,-8.183838247460264,0.10436906390286668,0.39494759483090613,0.16666666666666666,0.007847705395577389,0.1862676095440909,0.058837890625,0.0015963979022004511,0.001953125,0.0390625
role,Data2txt,5,8,0.001,18432,9216,1024,1024,4,True,9,6.5472481313183515,3.7152558409752396,4.038658551809855,-0.3234027108346146,-7.393423289771036,-8.001686891456906,0.09002848603276456,0.3196695766309956,0.16666666666666666,0.007847705395577389,0.18937272684325163,0.045166015625,0.029723208482066443,0.0029296875,0.0361328125
role,Data2txt,5,9,1e-06,18432,9216,1024,1024,4,True,10,4.433920355508204,4.1453284324020885,4.199336765944347,-0.05400833354225848,-8.330926835673726,-8.42072953743522,0.1447486449121061,0.5313744275845363,0.16666666666666666,0.022821808176114598,0.5492401186164158,0.126953125,7.591540255253266e-15,0.01171875,0.052734375
role,Data2txt,5,9,0.0001,18432,9216,1024,1024,4,True,10,5.035427823391595,3.7831783455912644,4.005996758030873,-0.2228184124396097,-7.650005559839322,-8.099474556397848,0.10476562053602224,0.4295750594894927,0.16666666666666666,0.022821808176114622,0.5507937767684805,0.060791015625,0.0009873494371718623,0.01171875,0.05078125
role,Data2txt,5,9,0.001,18432,9216,1024,1024,4,True,11,5.625193797524058,3.5712044322114234,3.9423098485224592,-0.37110541631103583,-7.222314143512798,-7.985474380866897,0.08510008238058563,0.38171594864255853,0.16666666666666666,0.022821808176114608,0.5646669751851862,0.08447265625,8.339133503419624e-07,0.0146484375,0.0546875
role,Data2txt,5,10,1e-06,18432,9216,1024,1024,4,True,9,4.201329421224436,4.323522379519204,4.607469231818875,-0.2839468522996711,-9.390216445818936,-10.043315695778764,0.19386793368984936,0.6319140123216239,0.16666666666666666,0.010433409008678856,0.37689500027067757,0.215576171875,2.9806586116918254e-42,0.00390625,0.083984375
role,Data2txt,5,10,0.0001,18432,9216,1024,1024,4,True,9,4.778314102310126,3.762278465954576,4.183391605184939,-0.42111313923036264,-8.024433591689187,-8.934784016266267,0.1508301347074238,0.545009811553329,0.16666666666666666,0.010433409008678854,0.37672434979862973,0.150390625,1.1030630226492864e-20,0.009765625,0.087890625
role,Data2txt,5,10,0.001,18432,9216,1024,1024,4,True,9,5.394021449371475,3.5024068803979773,4.028973328468452,-0.5265664480704748,-7.362948279147113,-8.493190981577872,0.1194028893798968,0.5013007236727234,0.16666666666666666,0.01043340900867886,0.3752859498768285,0.09765625,5.944856372614147e-09,0.0048828125,0.0673828125
role,Data2txt,5,11,1e-06,18432,9216,1024,1024,4,True,10,4.3615121049785355,3.606878057209817,3.8727468638777136,-0.26586880666789664,-7.314546982701433,-7.8413655831248255,0.19950895027072862,0.5236814595481155,0.3333333333333333,0.012261158765389794,0.6544695382656592,0.087158203125,3.2293623818725656e-07,0.0,0.0166015625
role,Data2txt,5,11,0.0001,18432,9216,1024,1024,4,True,10,5.032322529513802,3.44835789205949,3.8542094869484123,-0.40585159488892153,-6.982735934351203,-7.7718851814655565,0.15194751048268618,0.4359788338826549,0.3333333333333333,0.012261158765389798,0.6565142036049545,0.138427734375,1.4046146898568365e-17,0.0009765625,0.017578125
role,Data2txt,5,11,0.001,18432,9216,1024,1024,4,True,11,5.661092783601596,3.3295515208285233,3.875099220673356,-0.545547699844833,-6.739321978728983,-7.8049591503031115,0.12208811019731719,0.404297285983336,0.3333333333333333,0.012261158765389796,0.6746594394673904,0.157470703125,1.2062234418563808e-22,0.0029296875,0.0205078125
role,Data2txt,5,12,1e-06,18432,9216,1024,1024,4,True,8,5.661969949397956,2.4881652270665886,2.417049979352436,0.07111524771415309,-5.054917858669625,-5.086670113759492,0.0940047230015054,0.3139126717484413,0.0,0.0,0.36137816828953345,0.186767578125,9.610915131462965e-32,0.05078125,0.0517578125
role,Data2txt,5,12,0.0001,18432,9216,1024,1024,4,True,8,6.031979241387971,2.5350594952059033,2.6396748181080985,-0.104615322902195,-5.129923955039935,-5.481273141301315,0.07446484367474385,0.3056246832939553,0.0,0.0,0.3611343601445266,0.182861328125,1.94049444713657e-30,0.05078125,0.0517578125
role,Data2txt,5,12,0.001,18432,9216,1024,1024,4,True,8,6.329780889393964,2.5555226848792127,2.7571769112203244,-0.2016542263411118,-5.151458465956862,-5.67022322106634,0.06422933826212428,0.30356112120862727,0.0,0.0,0.3589357237484262,0.172607421875,3.7924752157034515e-27,0.0458984375,0.0517578125
role,Data2txt,5,13,1e-06,18432,9216,1024,1024,4,True,10,4.939054992397319,5.060654565571374,5.3323756147377335,-0.2717210491663591,-10.189635459577278,-10.771076379153362,0.12692023063072524,0.5286570124121536,0.16666666666666666,0.01792077265214486,0.2741581380508497,0.164306640625,1.2600727001643896e-24,0.0126953125,0.0966796875
role,Data2txt,5,13,0.0001,18432,9216,1024,1024,4,True,9,5.588422209732371,4.365652469538134,4.808812705650691,-0.4431602361125577,-8.814512649256464,-9.72981077780268,0.09151238158877,0.4275668765419975,0.16666666666666666,0.017920772652144874,0.2735296915114383,0.093017578125,3.6745833248299907e-08,0.013671875,0.07421875
role,Data2txt,5,13,0.001,18432,9216,1024,1024,4,True,9,6.283535192285452,4.02061804523846,4.598896246226658,-0.5782782009881982,-8.091376632643676,-9.270128129282242,0.06988456393406477,0.3740042414274096,0.16666666666666666,0.017920772652144864,0.2680789552209806,0.072509765625,3.9736489094013425e-05,0.01953125,0.0732421875
role,Data2txt,5,14,1e-06,18432,9216,1024,1024,4,True,10,4.2341859574684,3.9011662949638772,4.080027351003121,-0.17886105603924465,-7.844833909513073,-8.23979126089808,0.18079822625904332,0.6611685094026614,0.16666666666666666,0.019819717032194515,0.4847197644170549,0.145751953125,1.8951595891968112e-19,0.0048828125,0.1025390625
role,Data2txt,5,14,0.0001,18432,9216,1024,1024,4,True,9,4.822503672030809,3.46255546770083,3.784105416830373,-0.3215499491295431,-7.017033043955259,-7.690147142105694,0.13598158127027415,0.5703087543027169,0.16666666666666666,0.019819717032194515,0.4855177314479427,0.05810546875,0.0019038605988790458,0.0107421875,0.0869140625
role,Data2txt,5,14,0.001,18432,9216,1024,1024,4,True,9,5.408664960459511,3.253761808567353,3.6916712123221433,-0.43790940375479026,-6.618349806262119,-7.5167824657914695,0.10559481843359658,0.5256091867892083,0.16666666666666666,0.019819717032194508,0.49271304477617006,0.053466796875,0.005518814110743971,0.0126953125,0.0888671875
role,Data2txt,5,15,1e-06,18432,9216,1024,1024,4,True,10,2.7351222076414037,4.308519476649979,4.741641680575332,-0.4331222039253533,-8.949115140573777,-9.855490291515597,0.23003141630159124,0.605820360265206,0.16666666666666666,0.05327024689434294,0.45029185434815094,0.18408203125,7.640253150321185e-31,0.021484375,0.0869140625
role,Data2txt,5,15,0.0001,18432,9216,1024,1024,4,True,8,3.1463450819134224,3.640886469192834,4.276097136139697,-0.6352106669468627,-7.488920806725609,-8.90593920469888,0.185919872198174,0.5316189514851838,0.16666666666666666,0.053270246894342954,0.45050560549347896,0.11474609375,3.3483445967418806e-12,0.0224609375,0.0859375
role,Data2txt,5,15,0.001,18432,9216,1024,1024,4,True,8,3.563628374333306,3.2772960847324084,4.033421690178649,-0.7561256054462406,-6.679678838721192,-8.386150817400814,0.1587011300598935,0.5005934146755101,0.16666666666666666,0.05327024689434295,0.4524885455129214,0.083984375,9.877321539432954e-07,0.021484375,0.0703125
role,Data2txt,5,16,1e-06,18432,9216,1024,1024,4,True,9,3.4622379074888086,4.725299866005077,5.218421483373444,-0.493121617368367,-10.131437628108355,-11.16895467432873,0.23087033352074812,0.698237606371746,0.16666666666666666,0.029207039729809987,0.48610888421705695,0.22265625,4.486025562320275e-45,0.0205078125,0.1533203125
role,Data2txt,5,16,0.0001,18432,9216,1024,1024,4,True,9,3.930511607588517,3.9822612077225994,4.621202688168333,-0.6389414804457327,-8.438248779452469,-9.776864643045124,0.18377209424284216,0.616772853812274,0.16666666666666666,0.029207039729809984,0.4857097701797415,0.15869140625,5.419802297038414e-23,0.009765625,0.1220703125
role,Data2txt,5,16,0.001,18432,9216,1024,1024,4,True,9,4.45605681459241,3.576596069778918,4.31919281347948,-0.7425967437005625,-7.5207464532064305,-9.075237828391987,0.14939648561552418,0.5731866902920661,0.16666666666666666,0.029207039729809998,0.48215041508584067,0.105712890625,2.0324869003948826e-10,0.0146484375,0.1005859375
role,Data2txt,5,17,1e-06,18432,9216,1024,1024,4,True,10,4.271840182725164,5.2964974616389835,5.746829561963208,-0.45033210032422455,-11.23183149493811,-12.279087233648983,0.17054036416708468,0.7143398615725086,0.16666666666666666,0.05250353841293967,0.44918503584674707,0.199462890625,3.5007371450199815e-36,0.03515625,0.158203125
role,Data2txt,5,17,0.0001,18432,9216,1024,1024,4,True,9,4.825131076064979,4.477541443287804,5.093277035294374,-0.6157355920065692,-9.460393417410486,-10.865581769353659,0.1331058909222232,0.6308459009952705,0.16666666666666666,0.052503538412939664,0.4491556460876239,0.135009765625,9.697475683766657e-17,0.0224609375,0.1220703125
role,Data2txt,5,17,0.001,18432,9216,1024,1024,4,True,9,5.457640645598354,4.032626697515064,4.773926067758871,-0.7412993702438078,-8.468129101913064,-10.169526026696452,0.10605344397492361,0.5839841522266271,0.16666666666666666,0.05250353841293967,0.4490097085490083,0.113525390625,5.94875464238845e-12,0.029296875,0.125
role,Data2txt,5,18,1e-06,18432,9216,1024,1024,4,True,11,4.949711036943858,7.369281326120603,8.125027860208373,-0.7557465340877694,-15.835598189015426,-17.429007776696828,0.1323452533826272,0.5818269597483796,0.16666666666666666,0.044786536860629576,0.6752716886636807,0.186279296875,1.4043118051603756e-31,0.0537109375,0.14453125
role,Data2txt,5,18,0.0001,18432,9216,1024,1024,4,True,10,5.558926828226252,5.971405183870274,6.869237599397352,-0.8978324155270769,-12.629781387692741,-14.502533634997228,0.10395200467205448,0.5421944381455354,0.16666666666666666,0.04478653686062959,0.677769879245932,0.12548828125,1.6291027693619264e-14,0.0419921875,0.125
role,Data2txt,5,18,0.001,18432,9216,1024,1024,4,True,11,6.35008435607303,5.174735770321522,6.221929842056988,-1.0471940717354655,-10.847233039423518,-13.032816249221092,0.08164386692335414,0.5330501797599396,0.16666666666666666,0.04478653686062958,0.6998738144153573,0.105224609375,2.5131385849205457e-10,0.046875,0.1181640625
role,Data2txt,5,19,1e-06,18432,9216,1024,1024,4,True,9,6.187425111314916,8.070354706300956,8.918545500808118,-0.8481907945071638,-16.52467442022885,-18.03154263135268,0.1215080780008978,0.6946011349688528,0.5,0.09563401200064409,0.5989106824671868,0.259765625,1.9334807055300974e-61,0.0986328125,0.1669921875
role,Data2txt,5,19,0.0001,18432,9216,1024,1024,4,True,9,6.949766235432829,6.42944351920569,7.434470573413389,-1.0050270542076989,-13.245490462845218,-15.074833776123816,0.10261208651025146,0.6720470292648686,0.5,0.0956340120006441,0.5988019603321034,0.186279296875,1.4043118051603756e-31,0.095703125,0.1591796875
role,Data2txt,5,19,0.001,18432,9216,1024,1024,4,True,9,7.943030995250599,5.560178967660391,6.70954024791955,-1.149361280259158,-11.511601893962332,-13.643202512580839,0.08802019863798066,0.6675965190622791,0.5,0.09563401200064411,0.5981614079626346,0.185791015625,2.04982951175379e-31,0.099609375,0.14453125
role,Data2txt,5,20,1e-06,18432,9216,1024,1024,4,True,9,5.744704568012132,8.16592287713074,8.89791788586783,-0.7319950087370894,-15.846935529730416,-17.27243684631671,0.11390616304056243,0.5832752885967288,0.5,0.07212511810713561,0.5169606917903047,0.268310546875,1.3783846027767364e-65,0.07421875,0.15234375
role,Data2txt,5,20,0.0001,18432,9216,1024,1024,4,True,9,6.435159295867413,6.445494375209776,7.307213818872482,-0.8617194436627049,-12.636286281502464,-14.340604826013315,0.09399100888235984,0.5526440424168948,0.5,0.07212511810713562,0.5162808670909131,0.218994140625,1.3293580945875806e-43,0.0634765625,0.12890625
role,Data2txt,5,20,0.001,18432,9216,1024,1024,4,True,9,7.3277707050186915,5.545165386841799,6.516405289832923,-0.9712399029911237,-10.958838903914197,-12.907535793024422,0.07879246534712181,0.5471973820813796,0.5,0.07212511810713564,0.5103634418964241,0.19677734375,3.22305957812612e-35,0.068359375,0.1318359375
role,Data2txt,5,21,1e-06,18432,9216,1024,1024,4,True,9,4.151248077638428,6.859970751167937,7.389540196340988,-0.5295694451730519,-14.46007329684095,-15.67846021070913,0.13519493148576864,0.6690266533714907,0.16666666666666666,0.0790291678360259,0.4495088795980059,0.226806640625,8.973570444649987e-47,0.041015625,0.17578125
role,Data2txt,5,21,0.0001,18432,9216,1024,1024,4,True,8,4.751686712385635,5.465860547016067,6.164866067984416,-0.6990055209683497,-11.486658978314026,-13.085417328039709,0.10767313278945398,0.5953623746806014,0.16666666666666666,0.0790291678360259,0.4493456753189714,0.18017578125,1.4747583961000433e-29,0.0439453125,0.15234375
role,Data2txt,5,21,0.001,18432,9216,1024,1024,4,True,9,5.504289222974149,4.691204574756727,5.519910196042082,-0.8287056212853554,-9.80884986420526,-11.68784783811542,0.08969814607648961,0.5604903980409989,0.16666666666666666,0.0790291678360259,0.4479420539686291,0.155029296875,5.86266757844451e-22,0.0390625,0.123046875
role,Data2txt,5,22,1e-06,18432,9216,1024,1024,4,True,10,6.3245543324299085,8.313734703938518,9.044290876789045,-0.730556172850527,-17.138075297357922,-18.725992712566786,0.09829166416786167,0.6220922938271418,0.3333333333333333,0.07155517872612474,0.5463132543400965,0.250244140625,5.485187223893765e-57,0.08203125,0.1650390625
role,Data2txt,5,22,0.0001,18432,9216,1024,1024,4,True,8,7.121261719186929,6.589369638677556,7.452391985724718,-0.8630223470471619,-13.58326391729693,-15.464459681976074,0.07528829955381361,0.5713988789334985,0.3333333333333333,0.07155517872612474,0.5473133816485544,0.20654296875,8.658324712173249e-39,0.0625,0.1416015625
role,Data2txt,5,22,0.001,18432,9216,1024,1024,4,True,10,8.216761720274318,5.672493994156788,6.665151847697947,-0.9926578535411594,-11.653456369180134,-13.819123104209453,0.05678477629188363,0.5517638517697453,0.3333333333333333,0.07155517872612471,0.5565073346081317,0.173583984375,1.8788778265803378e-27,0.0595703125,0.1220703125
role,Data2txt,5,23,1e-06,18432,9216,1024,1024,4,True,9,8.120276478202216,8.986666764947913,9.554575057908721,-0.5679082929608061,-17.167378895960105,-18.23377517380884,0.08824449943552967,0.6352891583013623,0.16666666666666666,0.047854654528855706,0.5998309965999561,0.2919921875,7.807359187270859e-78,0.04296875,0.1005859375
role,Data2txt,5,23,0.0001,18432,9216,1024,1024,4,True,10,9.190656278759954,7.265929039152768,8.008655068407293,-0.7427260292545248,-14.056368301041834,-15.483583046911495,0.07231708099138527,0.576251663772171,0.16666666666666666,0.047854654528855706,0.6016817626376674,0.235595703125,1.7644556318964638e-50,0.0439453125,0.095703125
role,Data2txt,5,23,0.001,18432,9216,1024,1024,4,True,10,10.607685429109464,6.374496590481167,7.286867498946389,-0.9123709084652224,-12.418210853600934,-14.208221179309007,0.06011291565564064,0.5522713579841824,0.16666666666666666,0.04785465452885569,0.618380131854419,0.18994140625,7.968513208847118e-33,0.04296875,0.083984375
role,Data2txt,5,24,1e-06,18432,9216,1024,1024,4,True,9,7.879376901363733,10.15249503680981,10.881888170827965,-0.7293931340181563,-20.558313157197574,-22.20532590304896,0.0756272141784461,0.6350991110502977,0.3333333333333333,0.07889896550961974,0.5023529906949984,0.2880859375,9.761178937129418e-76,0.0576171875,0.1279296875
role,Data2txt,5,24,0.0001,18432,9216,1024,1024,4,True,10,8.849524263597367,7.969198749114394,8.847644598600253,-0.8784458494858585,-16.077465752030857,-18.042023566484865,0.061297237042652136,0.6011018435004485,0.3333333333333333,0.07889896550961978,0.5024811284018783,0.23583984375,1.3852959881632614e-50,0.0517578125,0.1064453125
role,Data2txt,5,24,0.001,18432,9216,1024,1024,4,True,9,10.263990527154988,6.79667204769363,7.842154739990413,-1.0454826922967817,-13.675831954074859,-15.972102993090887,0.0500047282811886,0.5938116579678288,0.3333333333333333,0.07889896550961975,0.5042569422736323,0.209716796875,5.4731656960687366e-40,0.05078125,0.0869140625
role,Data2txt,5,25,1e-06,18432,9216,1024,1024,4,True,10,7.398488178366325,10.616643315092622,11.200600562213136,-0.5839572471205146,-21.31291446932738,-22.900994487268374,0.07819473152002439,0.5557664128263039,0.5,0.07598497855501161,0.4348688120949429,0.302001953125,2.3929661962790635e-83,0.0517578125,0.109375
role,Data2txt,5,25,0.0001,18432,9216,1024,1024,4,True,9,8.361310220183384,8.327854290680483,9.062565543413701,-0.7347112527332174,-16.598556304579212,-18.48639978966089,0.06366222605129918,0.495831947393101,0.5,0.07598497855501164,0.4347695644800507,0.242431640625,1.8253998558707663e-53,0.0419921875,0.091796875
role,Data2txt,5,25,0.001,18432,9216,1024,1024,4,True,9,9.815317330213436,7.079433264534689,7.985939202010022,-0.9065059374753337,-13.995389575340162,-16.202092866724392,0.05260447391590338,0.48011960253671815,0.5,0.07598497855501157,0.43437484019694517,0.21875,1.662853572756688e-43,0.041015625,0.0791015625
role,Data2txt,5,26,1e-06,18432,9216,1024,1024,4,True,10,5.36994669313873,8.33789732460064,9.203143812658077,-0.8652464880574389,-16.093608258081076,-17.73510057270065,0.11646347631906749,0.6349643104104695,0.5,0.12665110228099602,0.9162095024885982,0.305419921875,2.8176344336678357e-85,0.0751953125,0.189453125
role,Data2txt,5,26,0.0001,18432,9216,1024,1024,4,True,10,6.031950807332291,6.619221116318721,7.679271358193331,-1.0600502418746092,-12.770727086713219,-14.77229413161078,0.0962210986915322,0.5996216098300547,0.5,0.12665110228099602,0.9156066020512754,0.255615234375,1.7743345272340036e-59,0.0703125,0.1572265625
role,Data2txt,5,26,0.001,18432,9216,1024,1024,4,True,10,6.9396359533147525,5.648585741009062,6.83700258409327,-1.1884168430842088,-10.936505491867399,-13.184785141946797,0.0818637740065512,0.5853115018244934,0.5,0.126651102280996,0.9102035845226313,0.25,7.096570609761518e-57,0.064453125,0.146484375
role,Data2txt,5,27,1e-06,18432,9216,1024,1024,4,True,9,6.415849707245225,9.245691530039153,10.064225095244325,-0.8185335652051708,-18.079924668653987,-19.72011036161016,0.12940816696306634,0.6776979937284033,0.5,0.1384890752366868,0.7473097320579892,0.302734375,9.28030128967706e-84,0.0888671875,0.177734375
role,Data2txt,5,27,0.0001,18432,9216,1024,1024,4,True,10,7.218959455699613,7.262367653437568,8.238845711393452,-0.9764780579558834,-14.208759823760333,-16.143942331394815,0.11165836217878802,0.6416538469134757,0.5,0.13848907523668688,0.7464092470570222,0.259521484375,2.5276876723808537e-61,0.083984375,0.146484375
role,Data2txt,5,27,0.001,18432,9216,1024,1024,4,True,9,8.350346262763935,6.1970918543181295,7.316465047908251,-1.1193731935901226,-12.126073173215516,-14.311585476610684,0.09784528655905117,0.6288286969480783,0.5,0.13848907523668688,0.7384352310818149,0.24169921875,3.8504573773664197e-53,0.0791015625,0.1416015625
role,Data2txt,5,28,1e-06,18432,9216,1024,1024,4,True,9,4.3749344077172125,5.1588054673336,5.477384552470774,-0.3185790851371735,-10.667775242862518,-11.279664293230248,0.15155422643212607,0.5718376120242912,0.5,0.10678950982614031,0.5318058186019138,0.1953125,1.0676865257067492e-34,0.0439453125,0.1728515625
role,Data2txt,5,28,0.0001,18432,9216,1024,1024,4,True,8,4.914054333798303,4.336136942924588,4.813408181204235,-0.47727123827964607,-8.922331895645698,-9.8759882500901,0.12466596328348933,0.5385234421478831,0.5,0.10678950982614031,0.5315999888857362,0.158935546875,4.614934583324998e-23,0.0439453125,0.138671875
role,Data2txt,5,28,0.001,18432,9216,1024,1024,4,True,9,5.522699765289318,3.9345218603797436,4.545785986714742,-0.6112641263349992,-8.05906939949768,-9.323296829992612,0.10638750675459605,0.531982325253391,0.5,0.10678950982614037,0.529775164110155,0.131591796875,6.374773541909027e-16,0.044921875,0.12890625
role,Data2txt,5,29,1e-06,18432,9216,1024,1024,4,True,10,5.726484283754686,9.063440159465962,9.854192957465063,-0.7907527979991025,-18.130034173883157,-19.629277963848118,0.10101554782445556,0.5841491611043886,0.5,0.1242144273705202,0.7408877222570295,0.315673828125,3.311716136200158e-91,0.08203125,0.1533203125
role,Data2txt,5,29,0.0001,18432,9216,1024,1024,4,True,10,6.3744412185760995,7.037672642055584,7.942198228695851,-0.9045255866402665,-14.138513316365934,-15.876569622708889,0.08266307613327852,0.5719364139562004,0.5,0.12421442737052019,0.7400921937526225,0.2607421875,6.601467069027302e-62,0.0791015625,0.1357421875
role,Data2txt,5,29,0.001,18432,9216,1024,1024,4,True,10,7.254072757224098,5.9892046056619686,7.001634437365502,-1.0124298317035338,-12.060401523823932,-14.021870120599303,0.06853720192455709,0.5767974399994893,0.5,0.1242144273705202,0.7329935716881854,0.250732421875,3.274389129964571e-57,0.076171875,0.1298828125
role,Data2txt,5,30,1e-06,18432,9216,1024,1024,4,True,9,3.524498835131436,5.103140043443719,5.547009896301585,-0.44386985285786673,-10.272896715606663,-11.201282343508087,0.17970665471385155,0.7060434226432809,0.3333333333333333,0.029782029588573577,0.912438283486087,0.2412109375,6.324705965041694e-53,0.041015625,0.16015625
role,Data2txt,5,30,0.0001,18432,9216,1024,1024,4,True,8,4.038481854016267,4.165516558922391,4.783233783908646,-0.6177172249862539,-8.442890739481546,-9.732845096986308,0.1449539642153947,0.6260001448129912,0.3333333333333333,0.02978202958857358,0.9121086206444436,0.169189453125,4.291440532897118e-26,0.0361328125,0.1240234375
role,Data2txt,5,30,0.001,18432,9216,1024,1024,4,True,9,4.596554399240471,3.6844202522002814,4.413917864833236,-0.7294976126329543,-7.488377283513721,-9.022064959995593,0.12218344914360943,0.5820430308474346,0.3333333333333333,0.0297820295885736,0.9091421001649486,0.1474609375,6.717615482074674e-20,0.05078125,0.123046875
role,Data2txt,5,31,1e-06,18432,9216,1024,1024,4,True,8,2.2802177703597475,4.614684002190921,4.674554347955277,-0.05987034576435618,-9.413559772371958,-9.515044658739402,0.2661364751965433,0.6983099867016579,0.16666666666666666,0.00921788189302126,0.8860517382083442,0.157470703125,1.2062234418563808e-22,0.0,0.0537109375
role,Data2txt,5,31,0.0001,18432,9216,1024,1024,4,True,8,2.861890007709685,3.782501739504373,4.255290576918917,-0.47278883741454286,-7.6461921207814045,-8.568294083973528,0.1820005792223024,0.6018241453952272,0.16666666666666666,0.00921788189302126,0.8859008336438915,0.112060546875,1.175930828576573e-11,0.0087890625,0.0537109375
role,Data2txt,5,31,0.001,18432,9216,1024,1024,4,True,8,3.4297812060355173,3.38442414656314,4.120346398268258,-0.7359222517051178,-6.790775074216523,-8.233537672383752,0.15383228121335674,0.5692228663874179,0.16666666666666666,0.009217881893021262,0.8845464339333391,0.090087890625,1.1088647045395155e-07,0.0361328125,0.0703125
role,Data2txt,6,0,1e-06,35936,18432,1024,1024,4,True,9,2.043419362262787,4.803065520816034,4.981446226058412,-0.17838070524237826,-9.248030722830839,-9.39556010849591,0.1867940417908165,0.44128350624935475,0.16666666666666666,0.05391696781496853,0.7661769937511691,0.110107421875,2.877081134989122e-11,0.0,0.0009765625
role,Data2txt,6,0,0.0001,35936,18432,1024,1024,4,True,8,2.518311795506616,4.006882134884695,4.693275277116044,-0.6863931422313484,-7.765389003014579,-8.982029538267291,0.14634320949216612,0.39285814392606083,0.16666666666666666,0.05391696781496854,0.7677384208320941,0.193603515625,4.268088275759444e-34,0.0,0.0
role,Data2txt,6,0,0.001,35936,18432,1024,1024,4,True,10,2.9506367774225835,3.5215278530248426,4.438890844941941,-0.9173629919170982,-6.874504128997558,-8.579010735245642,0.13996814136210395,0.3941357402161042,0.16666666666666666,0.05391696781496856,0.7816012822536514,0.25439453125,6.605525027829767e-59,0.0,0.0
role,Data2txt,6,1,1e-06,35936,18432,1024,1024,4,True,10,4.637947327377693,6.138928399716294,6.496902397694244,-0.35797399797795026,-12.192873966406822,-12.955703083366078,0.13869429024439348,0.4782036237383926,0.16666666666666666,0.003491619149530345,1.086576379312995,0.153564453125,1.4956780422386525e-21,0.0205078125,0.0673828125
role,Data2txt,6,1,0.0001,35936,18432,1024,1024,4,True,10,5.281030698860756,5.278820510110043,5.766005368801352,-0.4871848586913079,-10.493489595361613,-11.52364122052581,0.1115768511554372,0.4166590937538689,0.16666666666666666,0.0034916191495303448,1.0884697118222109,0.06689453125,0.0001988022848013695,0.0205078125,0.0625
role,Data2txt,6,1,0.001,35936,18432,1024,1024,4,True,10,6.008897388552079,4.818621048365146,5.444631519174826,-0.6260104708096802,-9.583887950019282,-10.895860617922285,0.09280972586444823,0.4062658548071258,0.16666666666666666,0.003491619149530347,1.1050082243327102,0.094482421875,2.0872876455671235e-08,0.0205078125,0.060546875
role,Data2txt,6,2,1e-06,35936,18432,1024,1024,4,True,10,9.338033571950314,10.10390146803976,10.330692424861406,-0.22679095682164574,-20.19356564783679,-20.67098545225385,0.06317337043804565,0.38874206420547636,0.3333333333333333,0.05708802800527576,1.1016908273380486,0.18603515625,1.6968607854939458e-31,0.0185546875,0.103515625
role,Data2txt,6,2,0.0001,35936,18432,1024,1024,4,True,10,11.139311584016768,8.316007213259748,8.930550066224198,-0.6145428529644507,-16.584540511397535,-17.84504209962643,0.050432108662214245,0.45255523466898734,0.3333333333333333,0.057088028005275765,1.1072434485809446,0.12060546875,1.946261106116027e-13,0.0205078125,0.08203125
role,Data2txt,6,2,0.001,35936,18432,1024,1024,4,True,10,13.470348862033667,7.292077790992997,8.244221019132352,-0.9521432281393551,-14.510053809490064,-16.43902436986553,0.040718602886508,0.5271607259354117,0.3333333333333333,0.05708802800527579,1.1526448647517589,0.1103515625,2.5748861292374965e-11,0.017578125,0.0751953125
role,Data2txt,6,3,1e-06,35936,18432,1024,1024,4,True,9,7.626504034469205,6.693589963059465,6.955420630450782,-0.26183066739131744,-14.121451245150848,-14.74242112342369,0.08975955330884897,0.49947564091233826,0.5,0.06976425790571122,0.8660808144338934,0.180419921875,1.2280093749211633e-29,0.02734375,0.107421875
role,Data2txt,6,3,0.0001,35936,18432,1024,1024,4,True,10,8.780586024892136,5.939485787334037,6.362292389237317,-0.4228066019032801,-12.321723630746732,-13.24821122601663,0.06901150253406742,0.48808529243815707,0.5,0.06976425790571127,0.8686754396412909,0.0751953125,1.7571728731968817e-05,0.0302734375,0.087890625
role,Data2txt,6,3,0.001,35936,18432,1024,1024,4,True,10,10.166565769929909,5.519680572429275,6.135728458288991,-0.6160478858597159,-11.359448337304674,-12.649507476913996,0.05519544339432394,0.5088861016526461,0.5,0.06976425790571124,0.8913002443223378,0.055908203125,0.0031868914599514136,0.0361328125,0.083984375
role,Data2txt,6,4,1e-06,35936,18432,1024,1024,4,True,9,6.537064708195473,6.454040773910769,6.694447711932983,-0.2404069380222147,-12.54440457448392,-12.98159590980988,0.11011624729811667,0.44227517133148153,0.16666666666666666,0.00909409438013837,0.48858573579130554,0.19677734375,3.22305957812612e-35,0.015625,0.08203125
role,Data2txt,6,4,0.0001,35936,18432,1024,1024,4,True,9,7.554162225928635,5.592039463789924,5.950247379190465,-0.35820791540054087,-10.988479833117239,-11.69207390436965,0.0872256837611953,0.36386720011196483,0.16666666666666666,0.009094094380138364,0.4902487450680343,0.123779296875,3.925636664949228e-14,0.01171875,0.0595703125
role,Data2txt,6,4,0.001,35936,18432,1024,1024,4,True,10,8.77271196590561,5.130924832747905,5.614255720036809,-0.4833308872889036,-10.132794757127407,-11.098226560144964,0.07161068760291456,0.35559615522303145,0.16666666666666666,0.009094094380138367,0.5050303316851457,0.089111328125,1.589786431094275e-07,0.0146484375,0.0595703125
role,Data2txt,6,5,1e-06,35936,18432,1024,1024,4,True,10,5.2370864651212266,5.522086868101329,5.799792008473293,-0.2777051403719624,-11.253223018747228,-11.864068037062697,0.12724605286919066,0.37827182015397415,0.16666666666666666,0.013928560331585745,0.771094004839335,0.158203125,7.469476562958094e-23,0.0107421875,0.0546875
role,Data2txt,6,5,0.0001,35936,18432,1024,1024,4,True,10,6.024611657910054,4.911357779544945,5.340726304247122,-0.42936852470217685,-9.908083764380857,-10.802553583895907,0.09601843968998085,0.3412732756509965,0.16666666666666666,0.013928560331585745,0.7736019145343508,0.07421875,2.3723193375001877e-05,0.009765625,0.0439453125
role,Data2txt,6,5,0.001,35936,18432,1024,1024,4,True,11,6.895194018207673,4.570449622826196,5.161512105043444,-0.591062482217248,-9.186325445868588,-10.376680478174373,0.07729766439796358,0.3574265642571228,0.16666666666666666,0.01392856033158575,0.7956102594849989,0.05322265625,0.005822483694074115,0.0126953125,0.0537109375
role,Data2txt,6,6,1e-06,35936,18432,1024,1024,4,True,9,4.923598047988737,3.82343704637077,3.9253955275233032,-0.1019584811525336,-7.827102021588974,-8.030925160726918,0.163966959101382,0.4609478510336617,0.0,0.0,0.6015461827746508,0.13427734375,1.4577890001812726e-16,0.0029296875,0.037109375
role,Data2txt,6,6,0.0001,35936,18432,1024,1024,4,True,9,5.675025834199342,3.6749174783671057,3.9231403291046743,-0.2482228507375685,-7.459721714107642,-7.9523455757702015,0.13158781792471644,0.40383545942711113,0.0,0.0,0.6028430507507974,0.059326171875,0.0014177924536708597,0.00390625,0.0390625
role,Data2txt,6,6,0.001,35936,18432,1024,1024,4,True,10,6.38374862079171,3.5801483428098604,3.9588159363168005,-0.37866759350694024,-7.244948344695848,-7.998928132709773,0.11322361643039203,0.3953667482455078,0.0,0.0,0.6144174404367793,0.060546875,0.0010493672021131717,0.0087890625,0.0458984375
role,Data2txt,6,7,1e-06,35936,18432,1024,1024,4,True,11,6.098705624817757,3.3488670247235595,3.4667893178421973,-0.11792229311863787,-6.797209247340055,-7.004616443325929,0.10751172715497559,0.3213451455434724,0.16666666666666666,0.02616459637484254,0.6107479106507154,0.135986328125,5.611637335613992e-17,0.0,0.013671875
role,Data2txt,6,7,0.0001,35936,18432,1024,1024,4,True,10,6.751617910386358,3.3569292422679124,3.6622674709166696,-0.30533822864875726,-6.824430566097604,-7.418729704573451,0.08215880958514578,0.31064802630629906,0.16666666666666666,0.026164596374842544,0.6121747304671705,0.140625,3.952545553120118e-18,0.0009765625,0.013671875
role,Data2txt,6,7,0.001,35936,18432,1024,1024,4,True,10,7.297941816361723,3.3280691051831055,3.778291255033488,-0.4502221498503822,-6.768719849182315,-7.662560445699016,0.07487408065624745,0.3211518504192343,0.16666666666666666,0.02616459637484254,0.624905594478844,0.1533203125,1.746809109844139e-21,0.001953125,0.017578125
role,Data2txt,6,8,1e-06,35936,18432,1024,1024,4,True,11,4.885188098350919,3.9169527988320505,3.934325054219643,-0.017372255387592225,-7.500226570993705,-7.417130845870048,0.14128000803884297,0.42535526623987663,0.0,0.0,0.20213853720680183,0.103759765625,4.722809111692726e-10,0.0029296875,0.029296875
role,Data2txt,6,8,0.0001,35936,18432,1024,1024,4,True,10,5.632056769524459,3.599725957061483,3.7634296091753905,-0.16370365211390758,-7.057958683646287,-7.340867191141495,0.10240800217063832,0.3241284895060701,0.0,0.0,0.2029108389781673,0.051025390625,0.00932573201443001,0.00390625,0.03125
role,Data2txt,6,8,0.001,35936,18432,1024,1024,4,True,9,6.344423638391315,3.4189358993549614,3.725395374318749,-0.3064594749637878,-6.8061123486211885,-7.360142527527839,0.08750203717725141,0.28951638557125786,0.0,0.0,0.2099724257490772,0.059326171875,0.0014177924536708597,0.00390625,0.03125
role,Data2txt,6,9,1e-06,35936,18432,1024,1024,4,True,10,4.171675533944951,3.8750078390565057,3.8903967283881347,-0.015388889331629782,-7.728620600982791,-7.8780519066312475,0.15575853018065222,0.42789440184105537,0.16666666666666666,0.018990237271575495,0.4479748882074061,0.102294921875,8.796551526059104e-10,0.00390625,0.0576171875
role,Data2txt,6,9,0.0001,35936,18432,1024,1024,4,True,10,4.755291938079161,3.583663794319314,3.7786069943494187,-0.19494320003010424,-7.157334178211035,-7.622267294159923,0.12881307930129943,0.3253646335617411,0.16666666666666666,0.01899023727157549,0.4495233223003948,0.08544921875,5.92652375898808e-07,0.0048828125,0.0478515625
role,Data2txt,6,9,0.001,35936,18432,1024,1024,4,True,9,5.319734728659451,3.39494488088495,3.7447735788341876,-0.34982869794923765,-6.797363450450391,-7.563152589075577,0.11275564510181343,0.28439387401077654,0.16666666666666666,0.01899023727157549,0.46336193009458065,0.104248046875,3.8309165973470304e-10,0.005859375,0.0546875
role,Data2txt,6,10,1e-06,35936,18432,1024,1024,4,True,9,4.1277556811400755,4.174907861383304,4.3718904276705155,-0.19698256628721122,-8.401513255997852,-8.932868172131831,0.1858073998908448,0.6066482977804848,0.16666666666666666,0.012678771685904384,0.3705554215579288,0.15087890625,8.133948569845617e-21,0.0087890625,0.0751953125
role,Data2txt,6,10,0.0001,35936,18432,1024,1024,4,True,9,4.70713442832075,3.6800939402352624,4.00607194229481,-0.3259780020595471,-7.445071926851407,-8.248100362823884,0.1469224096570536,0.5291503326117286,0.16666666666666666,0.012678771685904389,0.3703734787237624,0.091064453125,7.703775955687023e-08,0.009765625,0.0693359375
role,Data2txt,6,10,0.001,35936,18432,1024,1024,4,True,9,5.29509250819051,3.4211349675137437,3.866962361663281,-0.44582739414953737,-6.96069196811967,-7.999116807583256,0.12567586026551486,0.49454416087487924,0.16666666666666666,0.012678771685904389,0.36882728041888013,0.06298828125,0.0005643739631237332,0.01171875,0.0703125
role,Data2txt,6,11,1e-06,35936,18432,1024,1024,4,True,11,4.229657872721559,3.3253588692521587,3.5136595150010224,-0.18830064574886363,-6.827681693349647,-7.21603191927725,0.20626971959090715,0.5110056123778693,0.3333333333333333,0.013068315663476408,0.5015230517309374,0.1064453125,1.4754945866212534e-10,0.0009765625,0.015625
role,Data2txt,6,11,0.0001,35936,18432,1024,1024,4,True,11,4.827650156576048,3.276783834383192,3.6113348047264138,-0.3345509703432218,-6.627144216319099,-7.312094760611588,0.16022495571575057,0.4194486037550456,0.3333333333333333,0.013068315663476408,0.5034324491407907,0.15673828125,1.9434736211256276e-22,0.0009765625,0.015625
role,Data2txt,6,11,0.001,35936,18432,1024,1024,4,True,11,5.3649220524865315,3.2007114023222787,3.670687630302597,-0.4699762279803181,-6.433398048295043,-7.4140599854323845,0.14148486027187207,0.38202222662115104,0.3333333333333333,0.01306831566347641,0.5204493274800595,0.172607421875,3.7924752157034515e-27,0.0009765625,0.0263671875
role,Data2txt,6,12,1e-06,35936,18432,1024,1024,4,True,8,5.710497917409294,2.5147817626505953,2.5298614300737525,-0.015079667423157375,-4.980155108299915,-5.147249036442801,0.06763336615814328,0.20879554946119785,0.0,0.0,0.3010820169031085,0.199951171875,2.3303022575393595e-36,0.037109375,0.0419921875
role,Data2txt,6,12,0.0001,35936,18432,1024,1024,4,True,8,5.9091878406451945,2.544781567257573,2.710863393867376,-0.16608182660980253,-5.02178282207379,-5.449242864747303,0.05724766339014864,0.21298876999825153,0.0,0.0,0.30076459908347675,0.1953125,1.0676865257067492e-34,0.037109375,0.0439453125
role,Data2txt,6,12,0.001,35936,18432,1024,1024,4,True,8,6.105170200422463,2.550174801080692,2.791136031877322,-0.2409612307966297,-5.017125090344495,-5.576347060037362,0.05204292112377777,0.21651406183855315,0.0,0.0,0.29790196478158865,0.192138671875,1.385801442796577e-33,0.037109375,0.0439453125
role,Data2txt,6,13,1e-06,35936,18432,1024,1024,4,True,10,4.834284001103741,5.08204683747692,5.354620333532148,-0.2725734960552292,-10.528607542080122,-11.067225445736472,0.14678090226053314,0.5614379141263189,0.16666666666666666,0.017744656538688217,0.28647870972276973,0.150634765625,9.473392527468065e-21,0.0283203125,0.1162109375
role,Data2txt,6,13,0.0001,35936,18432,1024,1024,4,True,9,5.463749467281846,4.382514043135425,4.833354433886456,-0.4508403907510307,-9.037771756073202,-9.965334473812325,0.11165033312647818,0.4609848893308033,0.16666666666666666,0.01774465653868821,0.28578099266257423,0.080810546875,2.897851143526614e-06,0.0244140625,0.091796875
role,Data2txt,6,13,0.001,35936,18432,1024,1024,4,True,9,6.144220622849829,4.010443838476889,4.602595083415035,-0.5921512449381447,-8.231020668939383,-9.47843250155869,0.09501058178500776,0.405137309537817,0.16666666666666666,0.017744656538688217,0.27969234954424865,0.056640625,0.002689974109594625,0.025390625,0.08984375
role,Data2txt,6,14,1e-06,35936,18432,1024,1024,4,True,9,3.8911497070574006,3.5147925430612417,3.6443780564064396,-0.1295855133451983,-6.904427996986602,-7.0588549648997985,0.1850714381358784,0.6268492150180636,0.16666666666666666,0.020929816939012007,0.4906565169412131,0.09765625,5.944856372614147e-09,0.0048828125,0.0576171875
role,Data2txt,6,14,0.0001,35936,18432,1024,1024,4,True,9,4.443264468900911,3.192251906143626,3.4791625529541044,-0.28691064681047873,-6.356324900913231,-6.8882254575516875,0.13793106060882532,0.5389739715248333,0.16666666666666666,0.02092981693901201,0.4914672292237341,0.03515625,0.15533697264532254,0.005859375,0.0478515625
role,Data2txt,6,14,0.001,35936,18432,1024,1024,4,True,9,4.9599889074538535,3.0281467421218506,3.4393410228892196,-0.4111942807673684,-6.078833468028019,-6.871930393557867,0.1073783863559164,0.49865325767099644,0.16666666666666666,0.02092981693901201,0.4987692577968174,0.064697265625,0.0003603079593083581,0.0068359375,0.05078125
role,Data2txt,6,15,1e-06,35936,18432,1024,1024,4,True,9,2.879019198747482,4.110731488689169,4.450441243804356,-0.3397097551151866,-7.805945877811441,-8.423563953369534,0.2041750022901969,0.53102898185091,0.16666666666666666,0.04782385752989812,0.4160880735345242,0.153564453125,1.4956780422386525e-21,0.0244140625,0.08984375
role,Data2txt,6,15,0.0001,35936,18432,1024,1024,4,True,9,3.2585442134037725,3.5043586340326653,4.006424251849458,-0.502065617816793,-6.783514921342999,-7.8462275173623475,0.16631048231624618,0.48640071768169973,0.16666666666666666,0.047823857529898116,0.4163048004572057,0.109619140625,3.589360082053631e-11,0.021484375,0.0859375
role,Data2txt,6,15,0.001,35936,18432,1024,1024,4,True,9,3.6366442147731526,3.1547335956899962,3.7871832057502335,-0.6324496100602366,-6.186968501136568,-7.560740685681735,0.14359557621553778,0.47480033214331435,0.16666666666666666,0.04782385752989814,0.41831352449995224,0.086181640625,4.575466160480047e-07,0.017578125,0.06640625
role,Data2txt,6,16,1e-06,35936,18432,1024,1024,4,True,9,3.233442841866344,4.50123553767401,4.925598540399234,-0.42436300272522404,-9.637234288194914,-10.605222523204787,0.21531421172357523,0.625242804286888,0.16666666666666666,0.004562247095448282,0.4826249996421493,0.21533203125,3.7148436376549505e-42,0.0068359375,0.10546875
role,Data2txt,6,16,0.0001,35936,18432,1024,1024,4,True,9,3.657042814112684,3.819755754989737,4.388073353950379,-0.5683175989606413,-8.014969481833605,-9.289996241569149,0.1656812787455344,0.5453780382086214,0.16666666666666666,0.0045622470954482745,0.4822159471696917,0.161376953125,9.119077373652906e-24,0.005859375,0.0869140625
role,Data2txt,6,16,0.001,35936,18432,1024,1024,4,True,9,4.1277634553955815,3.438085733237151,4.103588960157234,-0.6655032269200836,-7.121108347582059,-8.605905507699438,0.1405749653222164,0.503991039065247,0.16666666666666666,0.004562247095448275,0.4785508440991971,0.13134765625,7.27889255315285e-16,0.005859375,0.08203125
role,Data2txt,6,17,1e-06,35936,18432,1024,1024,4,True,10,4.362287202552864,5.230454274919488,5.624802478254929,-0.39434820333544124,-10.422438933633918,-11.183497489845212,0.16951217753021378,0.6601711688856476,0.16666666666666666,0.04388070059394107,0.4433025628443533,0.18017578125,1.4747583961000433e-29,0.025390625,0.12109375
role,Data2txt,6,17,0.0001,35936,18432,1024,1024,4,True,9,4.951828692013459,4.439310242881486,5.0099701056974535,-0.570659862815966,-8.92574863422167,-10.022527902386209,0.14172732281846856,0.5880985857325934,0.16666666666666666,0.043880700593941085,0.44321487708100427,0.134765625,1.111166976835318e-16,0.025390625,0.107421875
role,Data2txt,6,17,0.001,35936,18432,1024,1024,4,True,9,5.614747967259012,3.9956242323283533,4.712339396349929,-0.7167151640215754,-8.074427383766048,-9.450020309210892,0.12330858448127562,0.5532269734448538,0.16666666666666666,0.0438807005939411,0.44255782016757267,0.11376953125,5.3054549627995115e-12,0.02734375,0.09765625
role,Data2txt,6,18,1e-06,35936,18432,1024,1024,4,True,10,4.083697821365982,7.0388376614653145,7.810700730559879,-0.7718630690945647,-13.514783474826132,-14.966201761134695,0.1631987210391113,0.5098354386070534,0.3333333333333333,0.05778217337884651,0.7327368798816414,0.22021484375,4.323970765542422e-44,0.033203125,0.1083984375
role,Data2txt,6,18,0.0001,35936,18432,1024,1024,4,True,10,4.592343613696188,5.7213469975126765,6.651293703138662,-0.9299467056259856,-11.068629482276748,-12.830646313953682,0.13775068602524332,0.47138518193120954,0.3333333333333333,0.05778217337884651,0.7352479223724482,0.15966796875,2.844812116579682e-23,0.0244140625,0.095703125
role,Data2txt,6,18,0.001,35936,18432,1024,1024,4,True,11,5.209202030052207,4.942201631922867,6.035279852404558,-1.0930782204816913,-9.635233440933904,-11.719794403929422,0.12034992951847721,0.46750890963506986,0.3333333333333333,0.057782173378846516,0.7573696080008311,0.1240234375,3.4647259329090906e-14,0.0205078125,0.0751953125
role,Data2txt,6,19,1e-06,35936,18432,1024,1024,4,True,9,5.976612240450008,7.944009718673623,8.690368601800639,-0.7463588831270158,-16.684835604406913,-18.099851581271178,0.10253009711154845,0.6158162534950338,0.5,0.11228260750707512,0.49203050762356565,0.23681640625,5.2495818887954243e-51,0.1015625,0.1826171875
role,Data2txt,6,19,0.0001,35936,18432,1024,1024,4,True,8,6.705754842346686,6.377594099221136,7.279112605458879,-0.9015185062377415,-13.367183788125658,-15.07559201375134,0.08224643993312727,0.6050838762581046,0.5,0.11228260750707515,0.49220290522317967,0.183837890625,9.210658412695608e-31,0.08203125,0.16015625
role,Data2txt,6,19,0.001,35936,18432,1024,1024,4,True,9,7.664665274621553,5.517353155024509,6.581184652796096,-1.0638314977715866,-11.577844371876425,-13.582067968126667,0.06802559068427953,0.6127339797063236,0.5,0.11228260750707515,0.4940818046209929,0.16552734375,5.464810722655566e-25,0.0947265625,0.1552734375
role,Data2txt,6,20,1e-06,35936,18432,1024,1024,4,True,10,4.757488799329367,7.614453228952966,8.282668768468614,-0.6682155395156498,-14.811419714560934,-16.209752061229132,0.14402695490098472,0.5619649916059694,0.3333333333333333,0.07724669118016873,0.433949008463103,0.245361328125,9.002919669990753e-55,0.0400390625,0.1328125
role,Data2txt,6,20,0.0001,35936,18432,1024,1024,4,True,9,5.321351070846475,6.054964384815384,6.859252204588669,-0.804287819773285,-11.804471286068146,-13.481008430475907,0.12132648200844501,0.5083093012533789,0.3333333333333333,0.07724669118016875,0.43360573311341316,0.20556640625,2.007213993074553e-38,0.0390625,0.119140625
role,Data2txt,6,20,0.001,35936,18432,1024,1024,4,True,8,6.035808783301336,5.236854767588973,6.1678331763137155,-0.9309784087247424,-10.191291887457805,-12.12503835072654,0.10454134156748492,0.4873629133950435,0.3333333333333333,0.07724669118016873,0.4308343482068518,0.161865234375,6.573406281014918e-24,0.033203125,0.1103515625
role,Data2txt,6,21,1e-06,35936,18432,1024,1024,4,True,10,3.9347364087926127,6.364687651940596,6.769614249199645,-0.40492659725904884,-13.209086091654328,-14.142923910193197,0.12687299763847068,0.5636275888922585,0.16666666666666666,0.07787145198282037,0.38395689837052077,0.21044921875,2.8760723041656285e-40,0.068359375,0.185546875
role,Data2txt,6,21,0.0001,35936,18432,1024,1024,4,True,9,4.4432503520379285,5.137799424686026,5.722402757445916,-0.5846033327598902,-10.612402272516881,-11.90118059288367,0.09479131419595548,0.5100855822757825,0.16666666666666666,0.0778714519828204,0.3837950165187716,0.16357421875,2.073806233267369e-24,0.048828125,0.146484375
role,Data2txt,6,21,0.001,35936,18432,1024,1024,4,True,9,5.087355513865521,4.440487137859302,5.189729985205302,-0.7492428473460004,-9.134224620868128,-10.74819031068091,0.07768729963890988,0.49280683852580137,0.16666666666666666,0.07787145198282037,0.3824043835139154,0.156494140625,2.2772448627589477e-22,0.056640625,0.1318359375
role,Data2txt,6,22,1e-06,35936,18432,1024,1024,4,True,10,5.268410209748234,7.913595521505455,8.619881647134726,-0.7062861256292703,-15.582247226197186,-17.02951576312269,0.12404893709573117,0.5988234390178967,0.5,0.054785432900986676,0.5026934848041643,0.27294921875,6.7307385484240026e-68,0.0615234375,0.13671875
role,Data2txt,6,22,0.0001,35936,18432,1024,1024,4,True,9,5.913715053708463,6.264880935682465,7.114163774243915,-0.8492828385614497,-12.401825640562553,-14.144541314463371,0.10322605496191496,0.5477067086123405,0.5,0.05478543290098669,0.5033514544840936,0.20947265625,6.778906015604454e-40,0.0537109375,0.12109375
role,Data2txt,6,22,0.001,35936,18432,1024,1024,4,True,9,6.763503202606477,5.359705381928766,6.353444658860788,-0.9937392769320211,-10.652185518331367,-12.679276781277279,0.08792863313946642,0.5280310697516378,0.5,0.05478543290098672,0.5095557503454397,0.177490234375,1.0867303814051762e-28,0.0478515625,0.099609375
role,Data2txt,6,23,1e-06,35936,18432,1024,1024,4,True,9,7.588796365102896,8.560424350593765,9.031744681799776,-0.47132033120601,-16.82250329743178,-17.844595432556485,0.07562589085382167,0.5577324591324251,0.3333333333333333,0.06140480497570898,0.4240800279040095,0.271484375,3.652011686497452e-67,0.048828125,0.1201171875
role,Data2txt,6,23,0.0001,35936,18432,1024,1024,4,True,10,8.557692342500987,6.941987629804931,7.570570024885666,-0.6285823950807354,-13.736917236941164,-15.122510405140572,0.05913599134392333,0.5160215479005573,0.3333333333333333,0.06140480497570899,0.4244455537005356,0.20947265625,6.778906015604454e-40,0.0498046875,0.1103515625
role,Data2txt,6,23,0.001,35936,18432,1024,1024,4,True,10,9.830522036776161,6.083839334207861,6.87757560383327,-0.7937362696254092,-12.110609314012226,-13.856338765195254,0.0467091091959658,0.507727549284571,0.3333333333333333,0.06140480497570901,0.42829753822184874,0.15966796875,2.844812116579682e-23,0.048828125,0.103515625
role,Data2txt,6,24,1e-06,35936,18432,1024,1024,4,True,9,6.770065263643085,10.231158979913683,10.956749093853208,-0.7255901139395234,-20.062894879300824,-21.463757854498333,0.09448646223777207,0.584351120252445,0.3333333333333333,0.06457493567140012,0.5285399814086086,0.291259765625,1.9409771340865606e-77,0.0537109375,0.0908203125
role,Data2txt,6,24,0.0001,35936,18432,1024,1024,4,True,9,7.598144586049845,7.976558095266243,8.85207697061638,-0.8755188753501386,-15.717730536981925,-17.440814138344606,0.07883259524265736,0.5496495471955246,0.3333333333333333,0.06457493567140009,0.5298781933347924,0.24072265625,1.0377880378586304e-52,0.0390625,0.080078125
role,Data2txt,6,24,0.001,35936,18432,1024,1024,4,True,9,8.785392083659476,6.738154378757006,7.795405271777216,-1.0572508930202107,-13.296811628346664,-15.397818236417303,0.06693554678732334,0.5459247602396584,0.3333333333333333,0.06457493567140009,0.5423044655028604,0.219970703125,5.415782352768894e-44,0.04296875,0.0751953125
role,Data2txt,6,25,1e-06,35936,18432,1024,1024,4,True,9,6.499315308290059,10.32620472900731,10.896931306013279,-0.5707265770059681,-21.111968918130348,-22.611174441359537,0.08694373124612523,0.5916926398716843,0.5,0.07968472752232071,0.5006710050991835,0.267333984375,4.174092907395716e-65,0.05859375,0.1083984375
role,Data2txt,6,25,0.0001,35936,18432,1024,1024,4,True,9,7.342917094267072,8.122296639772749,8.860075475117226,-0.7377788353444761,-16.424648977700564,-18.222909246425093,0.07129532834014911,0.5421091823906655,0.5,0.07968472752232071,0.5013061733283433,0.2255859375,2.857927745689442e-46,0.05078125,0.091796875
role,Data2txt,6,25,0.001,35936,18432,1024,1024,4,True,9,8.613439610977274,6.875662762453758,7.812568873756723,-0.9369061113029649,-13.7731768955237,-15.919304477470886,0.05971836686890869,0.532270892222949,0.5,0.07968472752232071,0.507360520921808,0.201171875,8.386567270583948e-37,0.052734375,0.08984375
role,Data2txt,6,26,1e-06,35936,18432,1024,1024,4,True,10,5.186139244785431,7.805753891036411,8.52035359454739,-0.7145997035109786,-16.226244359020875,-17.756756249414412,0.09223143466194228,0.6203750902106525,0.5,0.12255499005913088,0.8061164210411098,0.22900390625,1.0970807665581886e-47,0.0859375,0.2080078125
role,Data2txt,6,26,0.0001,35936,18432,1024,1024,4,True,9,5.8257171990402865,6.2186185753432035,7.126662428577896,-0.9080438532346932,-12.864729088509385,-14.742450886206104,0.07196197286647268,0.5894410759897472,0.5,0.12255499005913091,0.805533512907999,0.2021484375,3.6855719682946846e-37,0.0771484375,0.16796875
role,Data2txt,6,26,0.001,35936,18432,1024,1024,4,True,10,6.715454401443641,5.311955756418369,6.364549817496292,-1.0525940610779236,-10.942692076382482,-13.070274893662855,0.05806345385409556,0.5802726390197409,0.5,0.12255499005913087,0.8003073305928303,0.201171875,8.386567270583948e-37,0.0830078125,0.1640625
role,Data2txt,6,27,1e-06,35936,18432,1024,1024,4,True,9,6.458014237727177,9.315831333562596,10.07313217777229,-0.7573008442096945,-18.61178292683936,-20.05004410214438,0.11558463506736016,0.662344999523144,0.5,0.13801335768797793,0.6497082287240967,0.284912109375,4.6864040255280946e-74,0.09375,0.173828125
role,Data2txt,6,27,0.0001,35936,18432,1024,1024,4,True,10,7.452152411599928,7.368976841544242,8.300833239335084,-0.931856397790843,-14.757124436689455,-16.56377128861942,0.09448362266561774,0.636536235067278,0.5,0.13801335768797796,0.6488277429727599,0.241943359375,3.003142045309895e-53,0.0712890625,0.138671875
role,Data2txt,6,27,0.001,35936,18432,1024,1024,4,True,8,8.745451930569622,6.277693824749204,7.374490331885818,-1.0967965071366135,-12.603035498302487,-14.734580578574402,0.07988027224942895,0.6361493858212061,0.5,0.13801335768797796,0.6412359774557942,0.221923828125,8.87685514305628e-45,0.060546875,0.130859375
role,Data2txt,6,28,1e-06,35936,18432,1024,1024,4,True,9,4.277663225102452,5.474432180313682,5.763838327342737,-0.2894061470290546,-10.780698017732531,-11.385790567189108,0.14304244062800067,0.4793560217363541,0.5,0.13581860341794963,0.40123876142401826,0.2060546875,1.3189809255198038e-38,0.0576171875,0.1455078125
role,Data2txt,6,28,0.0001,35936,18432,1024,1024,4,True,9,4.781653893776465,4.561759929749817,5.009927788520317,-0.4481678587704999,-9.019181928039139,-9.980016903268528,0.11645456328901829,0.46247187087632835,0.5,0.1358186034179497,0.40114133559447174,0.177978515625,7.575459684957246e-29,0.044921875,0.12890625
role,Data2txt,6,28,0.001,35936,18432,1024,1024,4,True,9,5.344522681187938,4.1079733380447045,4.708218789966374,-0.6002454519216693,-8.136456958966068,-9.42512482410357,0.09854280663337689,0.46930779964301267,0.5,0.13581860341794966,0.40030501265449536,0.1435546875,7.061813316611733e-19,0.052734375,0.1142578125
role,Data2txt,6,29,1e-06,35936,18432,1024,1024,4,True,10,4.89614234066569,9.334163323422123,10.12740952942053,-0.7932462059984106,-18.369608635252597,-20.056384425360186,0.12152387410409472,0.510538483235233,0.5,0.10891742565210558,0.6048415040189166,0.30322265625,4.928430644326334e-84,0.060546875,0.134765625
role,Data2txt,6,29,0.0001,35936,18432,1024,1024,4,True,9,5.539915639375209,7.255372885530119,8.167332307444786,-0.9119594219146672,-14.25037078493563,-16.197858057737577,0.09792921200693673,0.478701876390106,0.5,0.10891742565210562,0.603905980856153,0.256591796875,6.169470592429247e-60,0.0546875,0.1123046875
role,Data2txt,6,29,0.001,35936,18432,1024,1024,4,True,10,6.350732529048914,6.150863689839872,7.173003873336572,-1.0221401834967014,-12.062785739642768,-14.243082223192776,0.0811540767277465,0.4771343332885914,0.5,0.10891742565210558,0.5955851267734942,0.239013671875,5.824114478049213e-52,0.0546875,0.1123046875
role,Data2txt,6,30,1e-06,35936,18432,1024,1024,4,True,9,3.4757635098654416,4.984525462793071,5.222261771985822,-0.23773630919275102,-10.645416122578233,-11.309671934823225,0.19100393374117997,0.6442274538000264,0.3333333333333333,0.055893724836590344,0.6471517068370211,0.211669921875,9.790728325773418e-41,0.029296875,0.111328125
role,Data2txt,6,30,0.0001,35936,18432,1024,1024,4,True,9,3.9550002108600877,4.173275066756358,4.58957537942754,-0.4163003126711823,-8.694747276031734,-9.75095732971392,0.15674355905559811,0.5581662521449798,0.3333333333333333,0.055893724836590344,0.6467651048993458,0.13134765625,7.27889255315285e-16,0.033203125,0.095703125
role,Data2txt,6,30,0.001,35936,18432,1024,1024,4,True,9,4.48963532219032,3.733743191143491,4.282332444987896,-0.5485892538444048,-7.639446458260042,-8.977265761939233,0.13476986517645656,0.5102353755737199,0.3333333333333333,0.055893724836590344,0.6432915849702493,0.11474609375,3.3483445967418806e-12,0.0322265625,0.0791015625
role,Data2txt,6,31,1e-06,35936,18432,1024,1024,4,True,8,2.3984038202349636,4.460928367118973,4.415791901003159,0.04513646611581475,-9.478788095706161,-9.443333744199938,0.20920911084722166,0.6528354782095166,0.16666666666666666,0.01737357146482165,0.7616133550744216,0.159912109375,2.4198965756563943e-23,0.00390625,0.06640625
role,Data2txt,6,31,0.0001,35936,18432,1024,1024,4,True,8,2.9968144426797867,3.653981972090704,4.043164614205405,-0.38918264211470044,-7.712133452500154,-8.518935692502886,0.15045692085781287,0.5887954290625775,0.16666666666666666,0.01737357146482164,0.7614197657946256,0.090087890625,1.1088647045395155e-07,0.009765625,0.0673828125
role,Data2txt,6,31,0.001,35936,18432,1024,1024,4,True,8,3.5693645545120076,3.2692767708625743,3.940359632839062,-0.6710828619764877,-6.861096289721164,-8.196769931049225,0.13889082578632705,0.5736439534443968,0.16666666666666666,0.017373571464821654,0.7596816118401362,0.0537109375,0.005229700741359231,0.04296875,0.08984375
role,Data2txt,7,0,1e-06,25440,10880,1024,1024,4,True,8,2.138580511784628,4.907792023882535,4.922168500495896,-0.014376476613361912,-9.527342816603213,-9.681557200074291,0.14946133551514149,0.38004433762516243,0.16666666666666666,0.054895903806537624,0.655390780850483,0.118896484375,4.529183788613884e-13,0.0,0.0009765625
role,Data2txt,7,0,0.0001,25440,10880,1024,1024,4,True,8,2.609599665994277,4.133742464114716,4.66479757110706,-0.5310551069923439,-8.055285193652526,-9.219165003936189,0.138194490582436,0.3382215045297521,0.16666666666666666,0.05489590380653762,0.6567714331195157,0.196533203125,3.9377088569717126e-35,0.0,0.0009765625
role,Data2txt,7,0,0.001,25440,10880,1024,1024,4,True,10,3.033644475235938,3.6549263920864457,4.4452705078899255,-0.7903441158034802,-7.144582021974288,-8.804434300345367,0.14163242200012222,0.3462682681074714,0.16666666666666666,0.05489590380653761,0.6690662883531171,0.24365234375,5.23359496937801e-54,0.0,0.0009765625
role,Data2txt,7,1,1e-06,25440,10880,1024,1024,4,True,9,4.74052297459686,6.382892769672173,6.753021849875905,-0.37012908020373186,-12.284145324258077,-12.998271799361103,0.12319876889116115,0.4550071364389211,0.16666666666666666,0.0008671583614845937,1.1021315440922752,0.182861328125,1.94049444713657e-30,0.015625,0.0634765625
role,Data2txt,7,1,0.0001,25440,10880,1024,1024,4,True,10,5.379004291054546,5.41019470739142,5.899256324822255,-0.4890616174308349,-10.617058850735962,-11.619029663682664,0.09729719331268134,0.41488953248585325,0.16666666666666666,0.0008671583614845932,1.104054410569917,0.095458984375,1.4245777251852742e-08,0.0126953125,0.046875
role,Data2txt,7,1,0.001,25440,10880,1024,1024,4,True,10,6.099462589843289,4.883351922154505,5.517941953051701,-0.6345900308971959,-9.698071432248272,-10.998776361453803,0.08250120473646717,0.4184039625532105,0.16666666666666666,0.0008671583614845924,1.1208305096875786,0.089111328125,1.589786431094275e-07,0.0166015625,0.056640625
role,Data2txt,7,2,1e-06,25440,10880,1024,1024,4,True,10,8.098487675054235,10.155661680651967,10.494169051930747,-0.33850737127878183,-19.73908223460708,-20.14896782647378,0.055095778293735034,0.3752899899263573,0.5,0.03758644916305865,1.3031908380536692,0.18994140625,7.968513208847118e-33,0.0087890625,0.0751953125
role,Data2txt,7,2,0.0001,25440,10880,1024,1024,4,True,10,9.695410241304435,8.291103565773348,8.991793014828982,-0.7006894490556352,-16.154334478056427,-17.41470447159067,0.04553633123436116,0.4518703273235321,0.5,0.037586449163058665,1.3083337317001191,0.137451171875,2.451743697071546e-17,0.0166015625,0.0673828125
role,Data2txt,7,2,0.001,25440,10880,1024,1024,4,True,11,11.713374929614538,7.194599055220787,8.233385549433695,-1.038786494212907,-14.090959720648907,-16.058350698966176,0.0452479121227143,0.53095347113637,0.5,0.03758644916305866,1.3492167682375236,0.12890625,2.704609422242061e-15,0.0166015625,0.0751953125
role,Data2txt,7,3,1e-06,25440,10880,1024,1024,4,True,9,6.938589987327849,7.098022627033748,7.3403582947576265,-0.24233566772387855,-13.992166634408324,-14.472401529830783,0.0762966605746255,0.35517554496369824,0.3333333333333333,0.048565626645970486,0.7853575504664664,0.1748046875,7.764850959078295e-28,0.0205078125,0.064453125
role,Data2txt,7,3,0.0001,25440,10880,1024,1024,4,True,10,7.954048511821837,6.114490362191223,6.511832159058267,-0.39734179686704374,-12.124403189539844,-12.92777654596128,0.05741452673465969,0.37610986471335867,0.3333333333333333,0.048565626645970486,0.7879638618848783,0.108154296875,6.92829541236691e-11,0.01953125,0.0634765625
role,Data2txt,7,3,0.001,25440,10880,1024,1024,4,True,10,9.17675533529103,5.57639159121873,6.163737937890081,-0.5873463466713504,-11.095280246494584,-12.283131433708306,0.05430059391861351,0.4255739675692648,0.3333333333333333,0.04856562664597049,0.8107160485092393,0.060546875,0.0010493672021131717,0.025390625,0.0693359375
role,Data2txt,7,4,1e-06,25440,10880,1024,1024,4,True,10,6.1739610194648264,6.290651587189998,6.524560083296155,-0.23390849610615722,-12.774453456591997,-13.164972810800386,0.10532711743352471,0.4225146183134845,0.16666666666666666,0.00823876278034015,0.620532975685056,0.206787109375,7.012339743518175e-39,0.0205078125,0.0830078125
role,Data2txt,7,4,0.0001,25440,10880,1024,1024,4,True,9,7.09564430220652,5.442037810264717,5.814827176282986,-0.37278936601826956,-11.0745329090099,-11.744610757648909,0.07701986073353086,0.38644292074089226,0.16666666666666666,0.008238762780340152,0.622257950175915,0.137451171875,2.451743697071546e-17,0.0224609375,0.078125
role,Data2txt,7,4,0.001,25440,10880,1024,1024,4,True,9,8.211794349310706,4.965043506098018,5.485022449361754,-0.5199789432637354,-10.120147040522326,-11.096746722517715,0.05696457655810778,0.4031108046146239,0.16666666666666666,0.008238762780340152,0.6375459288624535,0.084228515625,9.07681678843846e-07,0.0263671875,0.078125
role,Data2txt,7,5,1e-06,25440,10880,1024,1024,4,True,10,5.135961975673121,5.5425922279365984,5.864363034931525,-0.32177080699492555,-11.032955411898111,-11.739772394625032,0.12143556462207543,0.36204081552128514,0.16666666666666666,0.00972074385064791,0.8345337111755299,0.157470703125,1.2062234418563808e-22,0.0224609375,0.0576171875
role,Data2txt,7,5,0.0001,25440,10880,1024,1024,4,True,10,5.9091854641784405,4.878264398532056,5.352441830455497,-0.4741774319234404,-9.866482468831196,-10.866099381451221,0.0860489092212989,0.36364838651990344,0.16666666666666666,0.009720743850647914,0.837089372119315,0.08056640625,3.14256319558132e-06,0.021484375,0.0546875
role,Data2txt,7,5,0.001,25440,10880,1024,1024,4,True,11,6.745036020101469,4.496503592951091,5.1417374810702245,-0.6452338881191328,-9.190969240795416,-10.495433226406782,0.07288008603706028,0.39815019586541733,0.16666666666666666,0.009720743850647915,0.8594658918932357,0.061279296875,0.0008734500502007831,0.0263671875,0.0634765625
role,Data2txt,7,6,1e-06,25440,10880,1024,1024,4,True,9,4.75857678750451,3.8522673208303706,3.9521579258080064,-0.09989060497763583,-7.610128423201196,-7.707192829875499,0.14020992389063394,0.3697847940273793,0.0,0.0,0.46935870237166805,0.07421875,2.3723193375001877e-05,0.0087890625,0.052734375
role,Data2txt,7,6,0.0001,25440,10880,1024,1024,4,True,10,5.472092168441961,3.6472476637633524,3.892074679859263,-0.24482701609591043,-7.275471193948084,-7.658178205860622,0.09864222745516403,0.34901882672741685,0.0,0.0,0.4707873710701647,0.04638671875,0.023619439077764096,0.0087890625,0.0556640625
role,Data2txt,7,6,0.001,25440,10880,1024,1024,4,True,10,6.143953347565136,3.5105958316318344,3.8924598191952997,-0.381863987563465,-7.062044371508696,-7.707237414591362,0.08164847824610225,0.3655311942657305,0.0,0.0,0.4835490928468543,0.08935546875,1.4533976693586955e-07,0.013671875,0.0625
role,Data2txt,7,7,1e-06,25440,10880,1024,1024,4,True,10,6.159757808808656,3.33697161940033,3.4527256021433983,-0.11575398274306878,-6.633220564366784,-6.952928665391058,0.1016983031044851,0.23207948992379382,0.16666666666666666,0.02687052955700268,0.6527265313603372,0.178466796875,5.275376202646125e-29,0.0,0.0087890625
role,Data2txt,7,7,0.0001,25440,10880,1024,1024,4,True,10,6.537104965279179,3.3608860226069446,3.6689962412666643,-0.30811021865971944,-6.66202075534718,-7.3419048822648625,0.09114909379431718,0.23651393498229464,0.16666666666666666,0.026870529557002688,0.6541771504365883,0.156494140625,2.2772448627589477e-22,0.0,0.009765625
role,Data2txt,7,7,0.001,25440,10880,1024,1024,4,True,10,6.883019047295318,3.3325898262866183,3.7771779755409023,-0.4445881492542839,-6.578158267461702,-7.519642889652381,0.0868292110147221,0.2505053722204365,0.16666666666666666,0.026870529557002674,0.6671057778303395,0.1572265625,1.4144502558105868e-22,0.0,0.0126953125
role,Data2txt,7,8,1e-06,25440,10880,1024,1024,4,True,9,5.031187020196819,3.5433933031797915,3.493570249622434,0.04982305355735768,-7.335300929784396,-7.187960928195443,0.1425451723096628,0.34684456186740276,0.0,0.0,0.16539420982087363,0.07958984375,4.335573244810983e-06,0.0029296875,0.0390625
role,Data2txt,7,8,0.0001,25440,10880,1024,1024,4,True,8,5.731478888038298,3.398096024610354,3.505167802789588,-0.10707177817923391,-7.029415105385109,-7.225002414462235,0.10447268535696633,0.2794117472649961,0.0,0.0,0.16615762804954107,0.04931640625,0.013269034161280219,0.009765625,0.033203125
role,Data2txt,7,8,0.001,25440,10880,1024,1024,4,True,9,6.386017579195114,3.284535252980361,3.5348312656680463,-0.25029601268768586,-6.796645544484201,-7.279790188253717,0.08167014263239815,0.26947842571988795,0.0,0.0,0.17314639700289103,0.08349609375,1.1687709213191927e-06,0.0126953125,0.0419921875
role,Data2txt,7,9,1e-06,25440,10880,1024,1024,4,True,9,3.9485233843681193,3.8746969524630313,3.9265985990981944,-0.051901646635162696,-7.578539303116625,-7.661936550474075,0.14373496112147438,0.42197504480172165,0.16666666666666666,0.0155617210745052,0.6058457412281868,0.112060546875,1.175930828576573e-11,0.00390625,0.0400390625
role,Data2txt,7,9,0.0001,25440,10880,1024,1024,4,True,9,4.503314717351886,3.553859916905752,3.7786230228373094,-0.2247631059315573,-7.070577872739792,-7.54301975735237,0.09952964666878207,0.3376963082154009,0.16666666666666666,0.015561721074505203,0.6074564194445365,0.105712890625,2.0324869003948826e-10,0.00390625,0.04296875
role,Data2txt,7,9,0.001,25440,10880,1024,1024,4,True,9,5.025838415875474,3.338905445328107,3.7287230510612237,-0.38981760573311697,-6.723403706065773,-7.5215328086069855,0.085187994540266,0.3100321066252177,0.16666666666666666,0.015561721074505206,0.6218079473835065,0.146728515625,1.0493290106364354e-19,0.00390625,0.0498046875
role,Data2txt,7,10,1e-06,25440,10880,1024,1024,4,True,8,4.042210646019753,3.94910502665543,4.273280104112075,-0.3241750774566444,-7.722288207569214,-8.07057835304502,0.21407027968785527,0.6153938202768944,0.16666666666666666,0.016001195569052027,0.4038865927942708,0.15673828125,1.9434736211256276e-22,0.001953125,0.044921875
role,Data2txt,7,10,0.0001,25440,10880,1024,1024,4,True,9,4.633745185223381,3.520924775926572,3.9709854325275327,-0.4500606566009607,-7.040552564922935,-7.654342622805302,0.16795350122730957,0.5470382122703716,0.16666666666666666,0.016001195569052024,0.4041887166392311,0.0693359375,0.00010030967166199287,0.005859375,0.037109375
role,Data2txt,7,10,0.001,25440,10880,1024,1024,4,True,9,5.222104318159818,3.292638616832622,3.8598071643725964,-0.5671685475399747,-6.6571976637229,-7.514242587185299,0.14703227480073286,0.5204761098097016,0.16666666666666666,0.016001195569052024,0.40705671660637077,0.059814453125,0.001257934830851875,0.0048828125,0.03515625
role,Data2txt,7,11,1e-06,25440,10880,1024,1024,4,True,10,4.591762693134442,3.3725345159976765,3.534355060782515,-0.16182054478483868,-6.694769536108254,-7.021927200239534,0.12174170486990377,0.44222303249380657,0.3333333333333333,0.020629981905624758,0.5669056676337121,0.1962890625,4.8095794767591353e-35,0.0029296875,0.015625
role,Data2txt,7,11,0.0001,25440,10880,1024,1024,4,True,11,5.170979012492475,3.3433910470148174,3.671316639313784,-0.3279255922989671,-6.653974170135287,-7.3073766108477125,0.0861791831898566,0.364916152161976,0.3333333333333333,0.02062998190562475,0.569019969559555,0.20849609375,1.5911747158419447e-39,0.0029296875,0.0166015625
role,Data2txt,7,11,0.001,25440,10880,1024,1024,4,True,11,5.670078663593802,3.2692254593165604,3.7579791035591814,-0.48875364424262074,-6.498912063287411,-7.463392257439319,0.0830619762330937,0.33547917041071357,0.3333333333333333,0.020629981905624758,0.5878105144270672,0.2001953125,1.9005122426436506e-36,0.0029296875,0.02734375
role,Data2txt,7,12,1e-06,25440,10880,1024,1024,4,True,10,6.639022213885847,2.606363902773137,2.648700029613889,-0.04233612684075256,-5.260732113437442,-5.189045857661145,0.057683473392680595,0.2152979196854617,0.0,0.0,0.25515524342794393,0.133544921875,2.1865179824177331e-16,0.03125,0.0458984375
role,Data2txt,7,12,0.0001,25440,10880,1024,1024,4,True,9,6.950526094962333,2.6250599916281967,2.8084381774859577,-0.18337818585776078,-5.330032446825679,-5.561018594522641,0.04954530146879847,0.23691183775007033,0.0,0.0,0.2547574226196373,0.138427734375,1.4046146898568365e-17,0.03125,0.048828125
role,Data2txt,7,12,0.001,25440,10880,1024,1024,4,True,9,7.225220749003188,2.620918692938356,2.8823708703915143,-0.2614521774531584,-5.343141323866314,-5.748461804543632,0.04627136887681453,0.2521476251711058,0.0,0.0,0.2511708888455842,0.123046875,5.701438727206605e-14,0.03125,0.052734375
role,Data2txt,7,13,1e-06,25440,10880,1024,1024,4,True,10,4.865410042057984,4.361791039459028,4.647398978786864,-0.2856079393278357,-9.366317816889559,-9.814189339648244,0.17304207657864384,0.5105565540472147,0.16666666666666666,0.0034437700250192966,0.29601591693861923,0.147216796875,7.796322835790805e-20,0.01171875,0.0849609375
role,Data2txt,7,13,0.0001,25440,10880,1024,1024,4,True,9,5.5386895799694935,3.932783711024137,4.381236303848869,-0.44845259282473227,-8.373195306931917,-9.166900245698741,0.13530953803971876,0.43115384663067785,0.16666666666666666,0.003443770025019299,0.2952501577437299,0.058349609375,0.001795740755263516,0.0166015625,0.083984375
role,Data2txt,7,13,0.001,25440,10880,1024,1024,4,True,9,6.233478867634906,3.6865877059984733,4.272703714022094,-0.5861160080236208,-7.802672981069116,-8.911845045445695,0.10954093770480897,0.39851457055585626,0.16666666666666666,0.0034437700250192983,0.2885327211083968,0.055908203125,0.0031868914599514136,0.015625,0.0751953125
role,Data2txt,7,14,1e-06,25440,10880,1024,1024,4,True,9,3.9079101560211735,3.164257174802156,3.251595190028019,-0.08733801522586329,-6.97959230847993,-7.296662449187596,0.21225852243967785,0.6134400235223312,0.16666666666666666,0.017519923543799037,0.48151247240993356,0.12939453125,2.0843195178952173e-15,0.0078125,0.0517578125
role,Data2txt,7,14,0.0001,25440,10880,1024,1024,4,True,9,4.451560989159186,3.02187612734986,3.276315967863149,-0.25443984051328916,-6.424262778823186,-7.018529632144154,0.16318084747565748,0.5146799454193239,0.16666666666666666,0.01751992354379904,0.4825098023528211,0.069580078125,9.3550955342124e-05,0.005859375,0.0498046875
role,Data2txt,7,14,0.001,25440,10880,1024,1024,4,True,9,4.968856078751123,2.9412709806248998,3.3288227267606283,-0.3875517461357283,-6.133013345973474,-6.964525492917122,0.13133824624351148,0.4669230072563091,0.16666666666666666,0.017519923543799037,0.49147705606220726,0.0634765625,0.0004970683913756679,0.00390625,0.041015625
role,Data2txt,7,15,1e-06,25440,10880,1024,1024,4,True,9,2.921677436481919,3.6652610409360022,3.815669127087498,-0.1504080861514954,-8.048832641189845,-8.702060158205418,0.18696346878296422,0.5367004645431374,0.16666666666666666,0.049009653564029504,0.3569804078709557,0.158447265625,6.363435512782307e-23,0.041015625,0.111328125
role,Data2txt,7,15,0.0001,25440,10880,1024,1024,4,True,9,3.2940350179104962,3.2792131921712135,3.6548170379922897,-0.3756038458210761,-6.982650739750587,-8.02361498433903,0.13422384835186016,0.4712291117015503,0.16666666666666666,0.04900965356402948,0.3572222306190331,0.068359375,0.000132267841663575,0.0302734375,0.0732421875
role,Data2txt,7,15,0.001,25440,10880,1024,1024,4,True,9,3.671839483611309,3.0322633690939798,3.5697117176897293,-0.5374483485957495,-6.351731407007872,-7.694240350189589,0.10959331804562022,0.44535631615544957,0.16666666666666666,0.04900965356402951,0.3594722382482016,0.051025390625,0.00932573201443001,0.021484375,0.0732421875
role,Data2txt,7,16,1e-06,25440,10880,1024,1024,4,True,9,3.245712850828734,4.526308730644884,4.873858590878459,-0.3475498602335745,-9.066407030637176,-9.789744368100628,0.19985611189259878,0.6020019793238466,0.16666666666666666,0.01441231750349339,0.46269805890410187,0.154296875,9.374743116328482e-22,0.0048828125,0.109375
role,Data2txt,7,16,0.0001,25440,10880,1024,1024,4,True,8,3.664853546956389,3.882922806997627,4.4209504028676285,-0.5380275958700015,-7.74731508774714,-8.788107150385468,0.16639724092852107,0.5370816664212528,0.16666666666666666,0.01441231750349339,0.4622248615464587,0.106689453125,1.3254366725419257e-10,0.00390625,0.0888671875
role,Data2txt,7,16,0.001,25440,10880,1024,1024,4,True,9,4.118827974209579,3.5034065541277153,4.188421057452395,-0.6850145033246803,-6.96638510842449,-8.28013836576045,0.14546067627046338,0.509009193047205,0.16666666666666666,0.0144123175034934,0.45801391307694056,0.07568359375,1.5100603401524321e-05,0.005859375,0.087890625
role,Data2txt,7,17,1e-06,25440,10880,1024,1024,4,True,10,4.443274955835998,5.041408395439778,5.402718659944333,-0.3613102645045546,-10.656876636809908,-11.272165669320408,0.166839891895204,0.6316989500009613,0.16666666666666666,0.03662725380068069,0.4298773098582459,0.16748046875,1.4169032380653212e-25,0.0478515625,0.171875
role,Data2txt,7,17,0.0001,25440,10880,1024,1024,4,True,9,5.028877209894419,4.318248548402371,4.848816247348523,-0.5305676989461521,-9.14356509919278,-10.113745385371482,0.14087392235390167,0.5686825981748171,0.16666666666666666,0.03662725380068068,0.4301346550617552,0.123779296875,3.925636664949228e-14,0.029296875,0.123046875
role,Data2txt,7,17,0.001,25440,10880,1024,1024,4,True,9,5.690809438329994,3.9079042719990147,4.581970100799897,-0.6740658288008826,-8.240715935558377,-9.52530610077319,0.12418298327287244,0.5408227084667813,0.16666666666666666,0.03662725380068069,0.43259064753073845,0.093994140625,2.5228221730389688e-08,0.0302734375,0.115234375
role,Data2txt,7,18,1e-06,25440,10880,1024,1024,4,True,9,3.9875524499127772,6.919568631146504,7.679663755427111,-0.760095124280606,-13.726542662617035,-15.148602091085674,0.15337041607396112,0.4934176749925387,0.3333333333333333,0.05738458295346024,0.6417569063839805,0.20751953125,3.719423319962731e-39,0.0224609375,0.123046875
role,Data2txt,7,18,0.0001,25440,10880,1024,1024,4,True,10,4.484401091982313,5.611725040759978,6.51692931953756,-0.9052042787775817,-11.188159151737299,-12.912421730701997,0.12768219853323398,0.4648333022016437,0.3333333333333333,0.05738458295346024,0.6439077365079594,0.151611328125,5.140828064002599e-21,0.041015625,0.109375
role,Data2txt,7,18,0.001,25440,10880,1024,1024,4,True,11,5.098765203821033,4.84123807566462,5.901567762085041,-1.0603296864204208,-9.665969437695383,-11.720768291512506,0.1103806356178449,0.469205037956353,0.3333333333333333,0.057384582953460245,0.6629789084869443,0.11572265625,2.104801818502365e-12,0.0283203125,0.0927734375
role,Data2txt,7,19,1e-06,25440,10880,1024,1024,4,True,10,5.080726120643068,8.252747385694779,8.977073864894967,-0.7243264792001906,-15.693991315652996,-16.99362691779663,0.14871588185141954,0.5239504870867094,0.5,0.10329169883612256,0.4820973953641452,0.268798828125,7.908080278306423e-66,0.0537109375,0.130859375
role,Data2txt,7,19,0.0001,25440,10880,1024,1024,4,True,10,5.777599123974783,6.5982624488,7.482295682408903,-0.8840332336089043,-12.658710776616237,-14.329195937223284,0.12445291671760761,0.4932901674053231,0.5,0.10329169883612259,0.48302783780512076,0.21533203125,3.7148436376549505e-42,0.05078125,0.1103515625
role,Data2txt,7,19,0.001,25440,10880,1024,1024,4,True,9,6.614045161272008,5.6874431304771464,6.739406290107415,-1.0519631596302688,-10.981515909764408,-12.99185363322001,0.10759444079762798,0.4943552827154399,0.5,0.1032916988361226,0.49172226519487244,0.202392578125,2.9988504186540816e-37,0.060546875,0.1103515625
role,Data2txt,7,20,1e-06,25440,10880,1024,1024,4,True,9,4.999252097915341,7.136287166988046,7.843954305716178,-0.7076671387281321,-13.964858605989095,-15.134434238371256,0.1526474456092823,0.5978093864034036,0.5,0.06257372048901244,0.4762125411357871,0.239990234375,2.1769554761419115e-52,0.0517578125,0.1552734375
role,Data2txt,7,20,0.0001,25440,10880,1024,1024,4,True,8,5.618876954704149,5.762817198213986,6.610407068653147,-0.8475898704391616,-11.395046153663982,-12.866434222205829,0.12998518584606072,0.5650370203470984,0.5,0.06257372048901245,0.47608571817653583,0.188720703125,2.086993791905253e-32,0.05078125,0.134765625
role,Data2txt,7,20,0.001,25440,10880,1024,1024,4,True,9,6.383895572176473,5.012625439688829,5.990212694165253,-0.9775872544764237,-9.985707197620911,-11.740995733352014,0.11362581348684761,0.558385625623472,0.5,0.06257372048901244,0.47529841258690925,0.1669921875,1.988655004958342e-25,0.0517578125,0.130859375
role,Data2txt,7,21,1e-06,25440,10880,1024,1024,4,True,9,4.212292890198705,6.0733645662564575,6.467944610541254,-0.3945800442847977,-12.855962231324838,-13.541613320298008,0.15395430656140066,0.6049468359579908,0.16666666666666666,0.06176504897949112,0.43998511312817995,0.222412109375,5.633448949656057e-45,0.0537109375,0.19140625
role,Data2txt,7,21,0.0001,25440,10880,1024,1024,4,True,8,4.749093181397783,4.968613534051472,5.530694366224328,-0.562080832172855,-10.487926952530067,-11.537477228640418,0.11982196697459446,0.5668318310847346,0.16666666666666666,0.06176504897949113,0.4401172237771597,0.167236328125,1.678822875166155e-25,0.0546875,0.1630859375
role,Data2txt,7,21,0.001,25440,10880,1024,1024,4,True,9,5.424883753115505,4.3260603905849795,5.057498930385469,-0.7314385398004886,-9.124826267744709,-10.541564825069637,0.09862191787037844,0.5587852505523193,0.16666666666666666,0.06176504897949114,0.44138956162318177,0.129638671875,1.8290750459630266e-15,0.056640625,0.150390625
role,Data2txt,7,22,1e-06,25440,10880,1024,1024,4,True,10,5.367035588815861,8.092395774748098,8.851694291096308,-0.7592985163482073,-16.101306787047978,-17.54710930568575,0.12189041199350137,0.5466686383881842,0.5,0.10215796478216843,0.49886498684484115,0.264404296875,1.1295208678110625e-63,0.0537109375,0.146484375
role,Data2txt,7,22,0.0001,25440,10880,1024,1024,4,True,9,6.030606216144564,6.395470189092127,7.297300670092976,-0.9018304810008485,-12.848156463923145,-14.599617668091177,0.101653348851202,0.5092725077991442,0.5,0.1021579647821684,0.4996363896303381,0.20947265625,6.778906015604454e-40,0.0537109375,0.123046875
role,Data2txt,7,22,0.001,25440,10880,1024,1024,4,True,10,6.915843728629369,5.4642875380546965,6.504078401809881,-1.0397908637551845,-11.00175971171224,-13.04586235397764,0.08698360082239215,0.5033493119930185,0.5,0.1021579647821684,0.5067919179975369,0.186767578125,9.610915131462965e-32,0.056640625,0.1162109375
role,Data2txt,7,23,1e-06,25440,10880,1024,1024,4,True,9,6.9157503279107715,8.091311167982877,8.551213050624817,-0.4599018826419401,-16.72889499085347,-17.671011532216646,0.0945324198492822,0.5272869729523947,0.3333333333333333,0.07005651944822792,0.49212839281885634,0.2216796875,1.1138618222731659e-44,0.0517578125,0.109375
role,Data2txt,7,23,0.0001,25440,10880,1024,1024,4,True,10,7.798974226339084,6.642609954450295,7.272598437886537,-0.6299884834362421,-13.654020480796342,-14.937457567309046,0.0771594859445458,0.4955783573624091,0.3333333333333333,0.07005651944822795,0.493644759519798,0.17431640625,1.1065492191854461e-27,0.048828125,0.1015625
role,Data2txt,7,23,0.001,25440,10880,1024,1024,4,True,10,8.97049649417607,5.860169651681408,6.670759039519755,-0.8105893878383468,-11.95186321004179,-13.608354625012636,0.0643746455783209,0.4972518696899737,0.3333333333333333,0.07005651944822795,0.5074870944054055,0.143798828125,6.107702812648459e-19,0.05078125,0.1015625
role,Data2txt,7,24,1e-06,25440,10880,1024,1024,4,True,10,7.180915634088306,10.620920101126934,11.307823729670398,-0.6869036285434632,-20.713174215877995,-22.01910345618115,0.08844511025956515,0.5250413661068487,0.3333333333333333,0.07594566126223341,0.45467882033780727,0.307373046875,2.1723037135764247e-86,0.046875,0.09765625
role,Data2txt,7,24,0.0001,25440,10880,1024,1024,4,True,9,8.063991783752165,8.306680374622138,9.167900829097867,-0.8612204544757296,-16.212575738512,-17.84502270459582,0.07373025102554581,0.4820150009669302,0.3333333333333333,0.07594566126223339,0.45570023991040426,0.248046875,5.517515525159015e-56,0.041015625,0.0791015625
role,Data2txt,7,24,0.001,25440,10880,1024,1024,4,True,10,9.34708076854619,7.033618174155882,8.088449172548973,-1.0548309983930912,-13.686555148755314,-15.68918319082382,0.06257005743539723,0.4770846178913964,0.3333333333333333,0.07594566126223345,0.4656468655873599,0.22314453125,2.842470389108709e-45,0.0419921875,0.07421875
role,Data2txt,7,25,1e-06,25440,10880,1024,1024,4,True,10,6.479951427572017,10.487895683489803,11.124970970170125,-0.6370752866803231,-21.00511911672605,-22.3423780446839,0.10125340052014416,0.6247710861153947,0.5,0.08627814307140792,0.529655313252726,0.302978515625,6.763877874219444e-84,0.0517578125,0.1181640625
role,Data2txt,7,25,0.0001,25440,10880,1024,1024,4,True,8,7.307033384515701,8.224428020243014,9.021594898360053,-0.7971668781170389,-16.412957289403572,-18.07515550803183,0.08564521413966075,0.5707331579622479,0.5,0.08627814307140795,0.5289398782707037,0.251953125,8.973298712246548e-58,0.0458984375,0.0830078125
role,Data2txt,7,25,0.001,25440,10880,1024,1024,4,True,9,8.539753657704228,6.946066078508226,7.928153986691462,-0.9820879081832362,-13.774593879715265,-15.844337355677434,0.07422279973299935,0.5526509615475166,0.5,0.08627814307140795,0.5230033123899993,0.22314453125,2.842470389108709e-45,0.046875,0.076171875
role,Data2txt,7,26,1e-06,25440,10880,1024,1024,4,True,9,4.8034789495305565,7.5982952856467705,8.304246700391015,-0.7059514147442434,-15.625045329333885,-17.126065083884807,0.1167446303048117,0.6153154256419149,0.3333333333333333,0.11979202908694538,0.7357999786454987,0.240234375,1.70105140480748e-52,0.0810546875,0.189453125
role,Data2txt,7,26,0.0001,25440,10880,1024,1024,4,True,10,5.401063158117802,6.1004679538464845,6.986473339372152,-0.8860053855256668,-12.437761001013326,-14.306286335579864,0.09533572615848343,0.5770486048970218,0.3333333333333333,0.1197920290869454,0.7352136465382809,0.197021484375,2.63743207579983e-35,0.0712890625,0.169921875
role,Data2txt,7,26,0.001,25440,10880,1024,1024,4,True,10,6.211919249661769,5.224426579142326,6.239745100282979,-1.0153185211406526,-10.581968017697502,-12.715080679744093,0.08090874463650072,0.5625539138512695,0.3333333333333333,0.11979202908694535,0.7299590199129788,0.1923828125,1.1395548593419021e-33,0.064453125,0.1494140625
role,Data2txt,7,27,1e-06,25440,10880,1024,1024,4,True,9,6.065145474492922,9.263284973557626,10.06089757602589,-0.7976126024682643,-18.378252229493768,-20.049474567980134,0.12855900030364853,0.6784048407382578,0.5,0.12815836064723288,0.6788918230269634,0.2705078125,1.1215713856313201e-66,0.0849609375,0.1484375
role,Data2txt,7,27,0.0001,25440,10880,1024,1024,4,True,9,6.8023288789058025,7.2694705341209005,8.21216025906207,-0.9426897249411701,-14.48162942886741,-16.465418238268445,0.11083369151986246,0.6471834711654847,0.5,0.12815836064723285,0.6779813545213437,0.223388671875,2.2617403098266897e-45,0.07421875,0.1376953125
role,Data2txt,7,27,0.001,25440,10880,1024,1024,4,True,9,7.836293446824281,6.1641370227386725,7.263264839689031,-1.099127816950357,-12.28852736911784,-14.574304626213596,0.09751396814184782,0.6379984176239641,0.5,0.12815836064723285,0.6700684757712394,0.206298828125,1.0687900097119908e-38,0.076171875,0.130859375
role,Data2txt,7,28,1e-06,25440,10880,1024,1024,4,True,8,4.206926082214168,5.282029507236684,5.442840961191997,-0.16081145395531288,-10.502029923640205,-10.79470798960564,0.1415439524777541,0.46354647802744753,0.5,0.12092866615133373,0.3783335912542067,0.1826171875,2.3363634846360253e-30,0.0400390625,0.1494140625
role,Data2txt,7,28,0.0001,25440,10880,1024,1024,4,True,9,4.692629269078647,4.44309101473638,4.768843669919221,-0.3257526551828407,-8.847905586009837,-9.517533857567313,0.11549470423295013,0.4472025911431515,0.5,0.12092866615133377,0.37828979609770325,0.146484375,1.2169112151509688e-19,0.0400390625,0.1240234375
role,Data2txt,7,28,0.001,25440,10880,1024,1024,4,True,8,5.228567420131736,4.016226497607707,4.51048964781241,-0.49426315020470274,-8.004411909087967,-9.033003071759687,0.09849368200911751,0.45461809613109505,0.5,0.12092866615133373,0.37793614177399243,0.11474609375,3.3483445967418806e-12,0.0439453125,0.1259765625
role,Data2txt,7,29,1e-06,25440,10880,1024,1024,4,True,10,5.055990045786615,9.535753736429658,10.405224383163889,-0.869470646734231,-18.72578904626568,-20.341278740699735,0.12508535691923156,0.5494546196555052,0.5,0.11166815443438309,0.607721012415749,0.330078125,6.688116189076572e-100,0.087890625,0.140625
role,Data2txt,7,29,0.0001,25440,10880,1024,1024,4,True,9,5.621529729219814,7.3206892298184005,8.289456282017003,-0.9687670521986027,-14.431145964177471,-16.2692472862607,0.10585394742245657,0.5346625632758392,0.5,0.11166815443438309,0.6068654558033353,0.276123046875,1.6678985253471536e-69,0.083984375,0.126953125
role,Data2txt,7,29,0.001,25440,10880,1024,1024,4,True,10,6.402294628726363,6.135663720840833,7.205836114261248,-1.0701723934204161,-12.12908678422771,-14.176740118100252,0.09121249903881606,0.5402992428526604,0.5,0.11166815443438312,0.5992573510733459,0.274169921875,1.6321810197945337e-68,0.0830078125,0.1298828125
role,Data2txt,7,30,1e-06,25440,10880,1024,1024,4,True,9,3.503880555902482,4.812807433008436,4.877746809526952,-0.064939376518518,-10.357086161907114,-10.906085338348138,0.1697492434032271,0.5181689993720228,0.3333333333333333,0.059049680996840076,0.4724476722152945,0.1884765625,2.5282265463232907e-32,0.0263671875,0.1015625
role,Data2txt,7,30,0.0001,25440,10880,1024,1024,4,True,9,3.9580014834478163,4.07054183772498,4.3440077636536,-0.2734659259286214,-8.569854370322837,-9.45659095686305,0.13817349627961628,0.4569873293565722,0.3333333333333333,0.059049680996840034,0.47204940138344303,0.11083984375,2.0608509422184353e-11,0.0302734375,0.095703125
role,Data2txt,7,30,0.001,25440,10880,1024,1024,4,True,9,4.4711081264086365,3.656067073133707,4.091659026135334,-0.4355919530016268,-7.561101499920369,-8.726606234014806,0.11838086640757517,0.4320080237210305,0.3333333333333333,0.059049680996840076,0.46847810541975443,0.0888671875,1.7385451333707313e-07,0.03515625,0.0849609375
role,Data2txt,7,31,1e-06,25440,10880,1024,1024,4,True,9,2.285880635033895,4.312101632512155,4.206115724988463,0.10598590752369218,-9.014590285075638,-8.845137421003884,0.23813640804244415,0.6728447196834431,0.3333333333333333,0.008124426950296889,0.635955013412603,0.156005859375,3.1242310184931773e-22,0.017578125,0.0849609375
role,Data2txt,7,31,0.0001,25440,10880,1024,1024,4,True,8,2.84148689336053,3.539283451390784,3.8459023507076617,-0.3066188993168776,-7.410315353612173,-8.072707482194751,0.16133167273722995,0.5757555104064682,0.3333333333333333,0.0081244269502969,0.6357785830824972,0.085205078125,6.457149101219872e-07,0.015625,0.06640625
role,Data2txt,7,31,0.001,25440,10880,1024,1024,4,True,7,3.3636111211449804,3.1639599999503547,3.7245738389649223,-0.5606138390145677,-6.622114521971796,-7.804414659887043,0.13389490039075921,0.5403169930466362,0.3333333333333333,0.008124426950296911,0.6341933426589128,0.077392578125,8.815732555837786e-06,0.017578125,0.0986328125
role,Summary,2,0,1e-06,256,128,256,128,4,True,8,2.2590565267153573,5.446345382926341,5.670611331433284,-0.22426594850694376,-11.8350106851891,-12.09258269055492,0.2641815716534993,0.6440350198766946,0.16666666666666666,0.06810255809776834,0.7103956753577189,0.220947265625,5.725805277060485e-06,0.0078125,0.1015625
role,Summary,2,0,0.0001,256,128,256,128,4,True,8,2.7333029846202317,4.202688363199555,4.882521464480817,-0.6798331012812624,-9.097743011628094,-10.221787837409991,0.21653765215751314,0.5395028845786504,0.16666666666666666,0.06810255809776834,0.7114373554000698,0.12109375,0.04295704754590679,0.03125,0.0859375
role,Summary,2,0,0.001,256,128,256,128,4,True,9,3.18931437880173,3.567750125511245,4.462399477819529,-0.8946493523082839,-7.630391038363535,-9.20718459108793,0.18977244182926234,0.49085681835133177,0.16666666666666666,0.06810255809776841,0.7207513354625591,0.096435546875,0.1731789243459988,0.0546875,0.078125
role,Summary,2,1,1e-06,256,128,256,128,4,True,9,6.6876472125661826,5.955483297807241,6.348014946274837,-0.39253164846759586,-12.753001856016478,-13.631833220309566,0.13971982366866825,0.5398999078219169,0.16666666666666666,0.017553021300004704,0.918070787126206,0.1845703125,0.00027359336497391647,0.0078125,0.078125
role,Summary,2,1,0.0001,256,128,256,128,4,True,9,7.791040748903503,5.342375171045928,5.85266032104408,-0.5102851499981524,-11.36463259102214,-12.504666522886556,0.11124272801348858,0.4571975110340486,0.16666666666666666,0.017553021300004714,0.9203252234889455,0.09375,0.19772455806067113,0.015625,0.0546875
role,Summary,2,1,0.001,256,128,256,128,4,True,9,9.060323908610638,5.0282739246551875,5.657513563186717,-0.6292396385315299,-10.636365145247025,-12.033277668253175,0.09072088243765189,0.4384800486961008,0.16666666666666666,0.01755302130000471,0.9400448303581447,0.115478515625,0.06067835964772805,0.015625,0.0546875
role,Summary,2,2,1e-06,256,128,256,128,4,True,10,12.74969652920164,11.2089782511611,11.916953470262442,-0.707975219101344,-24.00938005309861,-25.597466926341237,0.043928628514944265,0.415865340814211,0.3333333333333333,0.013516405960511286,1.2187542562625289,0.19189453125,0.0001330280524811096,0.015625,0.0703125
role,Summary,2,2,0.0001,256,128,256,128,4,True,10,14.843312499086908,9.090788145102486,10.012146035434387,-0.9213578903319002,-19.095209753938434,-21.254940718128612,0.03274717310819951,0.47994664330249875,0.3333333333333333,0.013516405960511279,1.224743192953014,0.135986328125,0.01587000057871768,0.015625,0.0625
role,Summary,2,2,0.001,256,128,256,128,4,True,9,17.934053988948314,7.925075557459774,9.077501955986385,-1.15242639852661,-16.349425890897194,-19.090540583636887,0.028017911954324383,0.5559162890690426,0.3333333333333333,0.013516405960511284,1.2722738163973883,0.14306640625,0.00949052709179976,0.0234375,0.0546875
role,Summary,2,3,1e-06,256,128,256,128,4,True,10,10.709175381042211,7.6785462309477985,7.802839793537505,-0.12429356258970618,-15.514949032260438,-15.881446452256755,0.04712049978353049,0.18106232432535396,0.3333333333333333,0.05307532141196025,0.39322909099154435,0.20458984375,3.559800094563038e-05,0.0,0.0703125
role,Summary,2,3,0.0001,256,128,256,128,4,True,10,12.386713714325413,6.649087252252845,6.91070580472017,-0.2616185524673242,-13.594432886434854,-14.287518471237487,0.03202281131802561,0.22289188946626415,0.3333333333333333,0.053075321411960225,0.3951652462205956,0.12060546875,0.0442956784387355,0.0,0.078125
role,Summary,2,3,0.001,256,128,256,128,4,True,11,14.505173813493661,6.1485005774998776,6.57290765488338,-0.42440707738350303,-12.58060286815617,-13.662476031026841,0.022853003524386108,0.31228257445958074,0.3333333333333333,0.05307532141196026,0.4122267160320797,0.079345703125,0.3762074355177175,0.0,0.078125
role,Summary,2,4,1e-06,256,128,256,128,4,True,8,7.632052527904431,7.590796986647104,7.795187724350855,-0.2043907377037517,-13.226762187962784,-13.495327689574637,0.11330309936076899,0.5587017029847233,0.3333333333333333,0.017117529016745597,0.2633088041136424,0.267578125,1.3941731711856932e-08,0.0,0.0390625
role,Summary,2,4,0.0001,256,128,256,128,4,True,8,8.709379300225496,6.298159052578173,6.607381932043991,-0.309222879465817,-11.4217772524098,-11.997228729963911,0.09394416273149665,0.39107461366846397,0.3333333333333333,0.01711752901674559,0.26440841156231226,0.15185546875,0.004832642106056384,0.0,0.0234375
role,Summary,2,4,0.001,256,128,256,128,4,True,10,9.979187789216027,5.697489833580068,6.1302218186978195,-0.43273198511775063,-10.530353608753863,-11.416430143659005,0.08005161585512045,0.28329131333538765,0.3333333333333333,0.017117529016745587,0.27429125397118015,0.125244140625,0.03292863109760036,0.0,0.015625
role,Summary,2,5,1e-06,256,128,256,128,4,True,9,7.34133539973984,8.314151886866725,8.799743688753471,-0.48559180188674733,-17.151358235949946,-18.263833840330136,0.14131988344812405,0.544008435707661,0.3333333333333333,0.0395946147674461,0.7377625878260187,0.234619140625,1.111240611413472e-06,0.0234375,0.078125
role,Summary,2,5,0.0001,256,128,256,128,4,True,10,8.264131846751326,6.739465487982718,7.373410037873342,-0.6339445498906251,-13.739540737814313,-15.159587681311994,0.1242353226965787,0.44324489446420373,0.3333333333333333,0.0395946147674461,0.7402730659725525,0.154296875,0.003977669296941766,0.015625,0.078125
role,Summary,2,5,0.001,256,128,256,128,4,True,10,9.48105424902419,5.99021544875769,6.77181455942344,-0.7815991106657516,-12.004461533075197,-13.752273629161905,0.11045019430986497,0.3885663108532366,0.3333333333333333,0.03959461476744612,0.7622494404964005,0.12451171875,0.03453288810440158,0.015625,0.0546875
role,Summary,2,6,1e-06,256,128,256,128,4,True,10,5.621848150582899,5.48232934628485,5.685253583975963,-0.2029242376911135,-11.127140796550773,-11.524291583227955,0.17784723346749637,0.9627709241657663,0.16666666666666666,0.03315119939242272,0.27821161093103325,0.215576171875,1.060215687249166e-05,0.0,0.0859375
role,Summary,2,6,0.0001,256,128,256,128,4,True,10,6.4423173355039385,4.752713355640724,5.109549943017934,-0.3568365873772107,-9.494425164699491,-10.199284570582918,0.1520949320123454,0.7609618670170664,0.16666666666666666,0.03315119939242269,0.27888666671567236,0.146728515625,0.007199616876311321,0.0078125,0.0859375
role,Summary,2,6,0.001,256,128,256,128,4,True,8,7.3821287702101746,4.430045179523927,4.904526685867372,-0.4744815063434452,-8.719174986470843,-9.686282135885058,0.1333557457077179,0.6141200990907738,0.16666666666666666,0.03315119939242268,0.2850286300082667,0.083251953125,0.3196910829538677,0.0078125,0.0546875
role,Summary,2,7,1e-06,256,128,256,128,4,True,10,6.1967737190605785,5.902666374415496,6.08399754695386,-0.1813311725383645,-10.249003038727253,-10.3231499822962,0.21549531161179197,1.0837543370930638,0.16666666666666666,0.02447803558825903,0.49156697597216087,0.259033203125,4.598693316622051e-08,0.0078125,0.0625
role,Summary,2,7,0.0001,256,128,256,128,4,True,10,7.0078196500063274,4.911004036851825,5.24616566945588,-0.3351616326040551,-8.807741753333572,-9.256384394450958,0.19281770371353024,0.8871141995399657,0.16666666666666666,0.02447803558825903,0.4923109127178021,0.208984375,2.210189394153325e-05,0.0078125,0.0625
role,Summary,2,7,0.001,256,128,256,128,4,True,10,7.878869174597484,4.487197624490929,4.922396286669836,-0.43519866217890685,-8.16615134432607,-8.883301207180315,0.17637026754945567,0.7430815077487776,0.16666666666666666,0.024478035588259037,0.4990186456761223,0.148193359375,0.0064336711883528075,0.0078125,0.0625
role,Summary,2,8,1e-06,256,128,256,128,4,True,11,7.003354960198202,6.544873053312067,6.440157024214345,0.1047160290977208,-14.43005538506413,-14.771735658959074,0.10573322765153015,0.9699087092180039,0.16666666666666666,0.05271241030924135,0.27911736770032974,0.191650390625,0.00013632751484347387,0.03125,0.140625
role,Summary,2,8,0.0001,256,128,256,128,4,True,10,7.832674545693277,5.409797711344031,5.475799842124471,-0.06600213078044069,-11.548590469360171,-12.209107754337186,0.08791658206731948,0.789508766948712,0.16666666666666666,0.05271241030924135,0.27863932678810927,0.12890625,0.025849477725005232,0.0390625,0.1171875
role,Summary,2,8,0.001,256,128,256,128,4,True,9,8.864416676334017,4.910002601545796,5.113709251214762,-0.20370664966896726,-10.186977232406946,-11.106361708204807,0.07403905792282717,0.6335287754368683,0.16666666666666666,0.05271241030924135,0.2744227202563048,0.109130859375,0.08790259115028154,0.015625,0.109375
role,Summary,2,9,1e-06,256,128,256,128,4,True,10,6.880160416204065,6.34860529994483,6.552914667111052,-0.2043093671662221,-12.659556109501953,-13.039851920711449,0.15444378507080794,0.9120542996645883,0.16666666666666666,0.0645535649074319,0.44027373813134985,0.21728515625,8.729795185183978e-06,0.03125,0.1015625
role,Summary,2,9,0.0001,256,128,256,128,4,True,9,7.763533089736906,5.402815119658527,5.801333509993148,-0.3985183903346207,-10.770402805362775,-11.521298043323373,0.13504800395758576,0.7631934695495403,0.16666666666666666,0.06455356490743187,0.44100838607110565,0.1455078125,0.007900297530871625,0.03125,0.078125
role,Summary,2,9,0.001,256,128,256,128,4,True,10,8.764320064115317,4.9697297612306315,5.502288520634271,-0.5325587594036392,-9.849902994475018,-10.900038085517814,0.12090281707290551,0.6563680917868853,0.16666666666666666,0.06455356490743186,0.4477032807238372,0.114501953125,0.0643267903349507,0.0390625,0.078125
role,Summary,2,10,1e-06,256,128,256,128,4,True,9,8.377721202134056,7.397548372061273,7.659399586043097,-0.26185121398182487,-15.150786937820316,-15.794553329796553,0.1415832778759865,0.9169466019236655,0.16666666666666666,0.0634102011771732,0.49952144091015943,0.260986328125,3.5134666983784725e-08,0.046875,0.1171875
role,Summary,2,10,0.0001,256,128,256,128,4,True,8,9.421531973493677,6.007049943028829,6.417106555806383,-0.4100566127775531,-12.174075656462374,-13.1257369384296,0.1250381368324075,0.7840586278553554,0.16666666666666666,0.06341020117717319,0.49892260606897954,0.201416015625,4.989967196882981e-05,0.0390625,0.109375
role,Summary,2,10,0.001,256,128,256,128,4,True,9,10.743599188617537,5.395734203452358,5.88905624240917,-0.49332203895681204,-10.809892374545221,-11.96473407357022,0.11136804039453824,0.6791717779030557,0.16666666666666666,0.06341020117717319,0.4935831379124137,0.152587890625,0.0045599625628929275,0.046875,0.109375
role,Summary,2,11,1e-06,256,128,256,128,4,True,11,7.218576442171779,5.142332757763548,5.293807407141585,-0.1514746493780374,-10.654374088933267,-10.925021672800284,0.14671095880006998,0.9529177593804835,0.16666666666666666,0.021536675056195158,0.6958560263546764,0.19482421875,9.889485130012572e-05,0.03125,0.0625
role,Summary,2,11,0.0001,256,128,256,128,4,True,9,8.270881664549231,4.640273690573038,5.006296602447057,-0.36602291187401886,-9.583605463021353,-10.270031109500225,0.12555669675134493,0.807188424588246,0.16666666666666666,0.02153667505619518,0.6973011401536745,0.083984375,0.30977169045782327,0.0390625,0.0546875
role,Summary,2,11,0.001,256,128,256,128,4,True,10,9.368289272917572,4.437892687827292,4.953993276579602,-0.5161005887523112,-9.079139627454465,-10.101519035688563,0.11096027285819968,0.7145953130697607,0.16666666666666666,0.021536675056195165,0.7101878850331328,0.117919921875,0.052323174412260975,0.0390625,0.0625
role,Summary,2,12,1e-06,256,128,256,128,4,True,9,6.720820796518509,3.309702647720532,3.3402201775609686,-0.03051752984043625,-6.424602583471598,-6.130395171333996,0.08530711909419844,0.6147188927136622,0.0,0.0,0.43401008304809374,0.092529296875,0.20973583483337566,0.03125,0.0546875
role,Summary,2,12,0.0001,256,128,256,128,4,True,9,7.522558003212569,3.1804764347435084,3.409651156978473,-0.22917472223496477,-6.332550941147398,-6.4944480098268595,0.06453604494930479,0.5645647610983126,0.0,0.0,0.43375317468284547,0.14453125,0.00850482833415378,0.0390625,0.0625
role,Summary,2,12,0.001,256,128,256,128,4,True,8,8.184171091647595,3.144566242268454,3.5145991863423007,-0.37003294407384646,-6.315995308108253,-6.791855622876119,0.05289703205571719,0.5425217001576914,0.0,0.0,0.4314352396906848,0.118896484375,0.04926974091519487,0.0390625,0.0625
role,Summary,2,13,1e-06,256,128,256,128,4,True,10,8.623646892114497,8.421022879958304,8.889779710003417,-0.4687568300451132,-16.802215794155032,-17.707822601487408,0.12823153733824202,0.8683473057115065,0.16666666666666666,0.059335307908767995,0.6243301881797179,0.32275390625,2.2921017217248128e-12,0.0625,0.1171875
role,Summary,2,13,0.0001,256,128,256,128,4,True,10,9.55854510442342,6.606666535598066,7.274777070721972,-0.6681105351239054,-13.076657176721394,-14.315970954905842,0.11444287116052632,0.758119635647348,0.16666666666666666,0.05933530790876799,0.6233873736649006,0.264892578125,2.037709699341051e-08,0.0625,0.1015625
role,Summary,2,13,0.001,256,128,256,128,4,True,8,10.742330470894053,5.778942171514726,6.5699298758547675,-0.7909877043400417,-11.340150166119376,-12.810600783746958,0.10274146585730606,0.6654412484150787,0.16666666666666666,0.05933530790876801,0.6149394451613036,0.2275390625,2.6308947107517063e-06,0.0546875,0.0859375
role,Summary,2,14,1e-06,256,128,256,128,4,True,11,5.351161656508408,5.238746609334742,5.542522099902959,-0.3037754905682176,-13.304914470192582,-14.469627101395794,0.15769290836846453,1.008697550337433,0.3333333333333333,0.023294692462638936,0.5713173353813473,0.265380859375,1.9024162158742482e-08,0.078125,0.109375
role,Summary,2,14,0.0001,256,128,256,128,4,True,11,5.938497098471746,4.4536807477372475,4.9806058318340956,-0.5269250840968476,-10.46225454100597,-12.014734460582943,0.13610886271848238,0.9245421892805334,0.3333333333333333,0.02329469246263891,0.5714950596596943,0.117431640625,0.05391008299303435,0.078125,0.1015625
role,Summary,2,14,0.001,256,128,256,128,4,True,9,6.625187006706302,4.114625533513306,4.7759961873453864,-0.66137065383208,-9.153345053842727,-10.952783536574366,0.11889605252894259,0.8628372163314931,0.3333333333333333,0.023294692462638957,0.5731519323357418,0.083740234375,0.3130542397206274,0.078125,0.1015625
role,Summary,2,15,1e-06,256,128,256,128,4,True,8,4.130054591839275,5.708664625417451,6.287183738812386,-0.5785191133949342,-12.209068858474783,-13.442106025993777,0.18807209349124032,0.8172696240750948,0.16666666666666666,0.07122100466710898,0.7570942214741098,0.211669921875,1.643202656988957e-05,0.046875,0.140625
role,Summary,2,15,0.0001,256,128,256,128,4,True,9,4.6059225632164456,4.624559712270273,5.382984751801848,-0.7584250395315759,-9.755516015618241,-11.299735273752315,0.1618410586095423,0.7432139009585758,0.16666666666666666,0.07122100466710901,0.7566485017339829,0.17138671875,0.0009319313431497278,0.0390625,0.125
role,Summary,2,15,0.001,256,128,256,128,4,True,9,5.158459216819847,4.115165898567199,4.9961164597067365,-0.8809505611395376,-8.54172035594333,-10.30196234327002,0.14232233195037788,0.6944311813950588,0.16666666666666666,0.07122100466710898,0.7526494066875186,0.143798828125,0.008985436620082776,0.0390625,0.125
role,Summary,2,16,1e-06,256,128,256,128,4,True,8,3.7975125181828675,6.106026078132084,6.85238562341407,-0.7463595452819858,-12.701942489868879,-14.07873943231916,0.18406767928938117,0.8615231407947009,0.16666666666666666,0.03840676258738406,0.8162164194820445,0.251953125,1.1984054032572522e-07,0.0078125,0.1015625
role,Summary,2,16,0.0001,256,128,256,128,4,True,8,4.2652242766807245,4.9030270448292175,5.805702271264638,-0.9026752264354195,-10.13602642275553,-11.784719608163458,0.15560191825228598,0.7638396618159822,0.16666666666666666,0.038406762587384076,0.8158363598258681,0.177734375,0.0005225542956394998,0.015625,0.09375
role,Summary,2,16,0.001,256,128,256,128,4,True,9,4.834588113664311,4.323252638596106,5.306907039483745,-0.9836544008876388,-8.801739560270638,-10.629804450329999,0.13482381228785018,0.6952613995631477,0.16666666666666666,0.038406762587384055,0.812424459474368,0.138427734375,0.013331289159055237,0.03125,0.0625
role,Summary,2,17,1e-06,256,128,256,128,4,True,10,4.2682280972087225,7.575583065515729,8.387543903524826,-0.8119608380090981,-14.965871104951942,-16.725395996868425,0.16084557105188,0.8802501730986065,0.3333333333333333,0.035358668475980605,0.6312046848393756,0.258544921875,4.917152677515049e-08,0.015625,0.15625
role,Summary,2,17,0.0001,256,128,256,128,4,True,9,4.775702228380893,5.926188866135045,6.887431378165843,-0.9612425120307976,-11.630517707694835,-13.696722012438073,0.13664102181684462,0.761766243072085,0.3333333333333333,0.03535866847598058,0.6306144157240475,0.22021484375,6.233395021911311e-06,0.015625,0.0859375
role,Summary,2,17,0.001,256,128,256,128,4,True,9,5.423802926911152,5.10295472690003,6.148496897451993,-1.045542170551963,-9.891522917861685,-12.172685121820784,0.11812574900579348,0.6717771293070145,0.3333333333333333,0.0353586684759806,0.6253442318701155,0.189208984375,0.00017386864688473722,0.015625,0.078125
role,Summary,2,18,1e-06,256,128,256,128,4,True,10,8.90067651281971,8.6323696724598,9.26602476667756,-0.6336550942177612,-18.393825154953547,-19.750427302363846,0.07349018291210349,0.3975363379826747,0.16666666666666666,0.04734644572285335,0.7287311956875047,0.198486328125,6.782479066883927e-05,0.046875,0.140625
role,Summary,2,18,0.0001,256,128,256,128,4,True,9,10.029829538246437,6.894305655985024,7.664241408877274,-0.7699357528922498,-14.648013573204949,-16.26601122249538,0.06559079857475461,0.4118328735208868,0.16666666666666666,0.047346445722853334,0.7309250941394582,0.123779296875,0.036205159806201426,0.03125,0.1171875
role,Summary,2,18,0.001,256,128,256,128,4,True,10,11.603639133970237,6.014119964060159,6.913902559711569,-0.8997825956514103,-12.728788114842136,-14.59928245602515,0.06067935270174492,0.4540347062026281,0.16666666666666666,0.047346445722853354,0.7502221632055678,0.10888671875,0.08912725360527618,0.03125,0.1015625
role,Summary,2,19,1e-06,256,128,256,128,4,True,10,8.550729442447071,9.091321965930016,9.842929043443519,-0.751607077513505,-19.64981762461091,-21.597757077269343,0.07212170959793253,0.6059888658321079,0.3333333333333333,0.054540968117749715,0.6773579768031405,0.23486328125,1.0781705042041505e-06,0.0546875,0.1328125
role,Summary,2,19,0.0001,256,128,256,128,4,True,9,9.583393571318373,7.261300649514058,8.179688434446664,-0.9183877849326081,-15.415007612754495,-17.699544443535096,0.05824835632167845,0.5837468413891608,0.3333333333333333,0.05454096811774973,0.6760745787849539,0.180419921875,0.00040646420575885195,0.0546875,0.1015625
role,Summary,2,19,0.001,256,128,256,128,4,True,10,11.056517394739627,6.37115197905656,7.430772722792764,-1.0596207437362035,-13.217880167831474,-15.771090105075414,0.04712831495789102,0.5825000638378777,0.3333333333333333,0.05454096811774971,0.6646764079358212,0.161865234375,0.0021321249351390348,0.0546875,0.09375
role,Summary,2,20,1e-06,256,128,256,128,4,True,9,5.993563232796626,8.406098991486887,9.320140212559004,-0.9140412210721175,-15.912177914446346,-17.48773110851089,0.15935128172231436,0.8061790605429852,0.16666666666666666,0.03795883898398925,0.7061542515767562,0.329833984375,6.587007275448717e-13,0.0546875,0.1640625
role,Summary,2,20,0.0001,256,128,256,128,4,True,9,6.697884840192566,6.497317412766394,7.5329293251986185,-1.035611912432224,-12.583025566411886,-14.431001961734104,0.13983425169652364,0.7481845694235942,0.16666666666666666,0.03795883898398927,0.7054050871942754,0.26416015625,2.258332964442578e-08,0.0546875,0.1484375
role,Summary,2,20,0.001,256,128,256,128,4,True,9,7.598181964330099,5.5764010664825445,6.681297643986686,-1.10489657750414,-10.922124569225778,-12.969941592076719,0.12418816538859193,0.7113342312000835,0.16666666666666666,0.037958838983989295,0.6987657988292337,0.236083984375,9.26552057945927e-07,0.0546875,0.140625
role,Summary,2,21,1e-06,256,128,256,128,4,True,11,4.57160522414369,7.190167565495335,8.021258243314088,-0.8310906778187546,-15.86555489315759,-17.741028121730402,0.1617194250288071,0.9091555814931221,0.3333333333333333,0.0625945423345462,0.8708213743891287,0.218994140625,7.176650697471402e-06,0.0390625,0.171875
role,Summary,2,21,0.0001,256,128,256,128,4,True,10,5.140112367078476,5.748191137158004,6.7788781251511265,-1.0306869879931222,-12.40120060602395,-14.612057488578966,0.13893526889510335,0.8236640841380022,0.3333333333333333,0.0625945423345462,0.8702507431095078,0.161376953125,0.0022216818581194397,0.03125,0.125
role,Summary,2,21,0.001,256,128,256,128,4,True,8,5.913241206794746,5.031520137060857,6.199279502642598,-1.1677593655817413,-10.527530328240204,-12.983710613254752,0.12217508773016714,0.7638100960653,0.3333333333333333,0.0625945423345462,0.8651530877173784,0.142578125,0.00984138908237886,0.03125,0.109375
role,Summary,2,22,1e-06,256,128,256,128,4,True,9,6.636552930565044,7.717507898289804,8.386900851054431,-0.6693929527646272,-17.09635910026465,-18.81534367940514,0.10400701989159897,0.7989871654637374,0.16666666666666666,0.04196886332998145,0.6526289652892836,0.199951171875,5.820961359956982e-05,0.0390625,0.1796875
role,Summary,2,22,0.0001,256,128,256,128,4,True,9,7.433868861014399,6.217733999421769,7.049552985614099,-0.8318189861923304,-13.538342095090018,-15.59063366619523,0.08257432905673712,0.7275273490505741,0.16666666666666666,0.04196886332998143,0.6518845161287545,0.135986328125,0.01587000057871768,0.0390625,0.1484375
role,Summary,2,22,0.001,256,128,256,128,4,True,9,8.515135777373354,5.464571430731613,6.395391150455644,-0.9308197197240309,-11.68282874533696,-13.960207660306654,0.06533005999528116,0.6797255930468385,0.16666666666666666,0.04196886332998144,0.6452625069980488,0.10302734375,0.12307421673542529,0.046875,0.140625
role,Summary,2,23,1e-06,256,128,256,128,4,True,10,8.716860120533077,7.77071425378268,8.498816497427233,-0.728102243644555,-18.561518593420015,-20.139441224941056,0.12035798818528287,0.8384941664997345,0.0,0.0,0.7725373897279038,0.210693359375,1.831057549125986e-05,0.078125,0.1484375
role,Summary,2,23,0.0001,256,128,256,128,4,True,9,9.848396213128908,6.408537058284337,7.296762425107525,-0.888225366823188,-14.936863401297826,-16.835533701175457,0.10309374713390991,0.8140613031152286,0.0,0.0,0.7713041038000628,0.11279296875,0.07116213495271151,0.078125,0.125
role,Summary,2,23,0.001,256,128,256,128,4,True,9,11.385864945261192,5.7319009498288604,6.7443539051120736,-1.0124529552832122,-13.074378207949113,-15.28163999507227,0.08875183125298315,0.8028246486830961,0.0,0.0,0.7604057111082559,0.125,0.03345596830001085,0.0859375,0.109375
role,Summary,2,24,1e-06,256,128,256,128,4,True,9,8.395061240289657,9.236953600162291,10.06716847306281,-0.8302148729005207,-19.659682295046533,-21.293776547147157,0.0890747036869641,0.7797485686702127,0.16666666666666666,0.06927086606631161,0.8092236169564178,0.2685546875,1.2132251149314898e-08,0.1015625,0.1484375
role,Summary,2,24,0.0001,256,128,256,128,4,True,10,9.46247101676597,7.272809283235459,8.241362281831545,-0.9685529985960866,-15.514417117168605,-17.463841200455946,0.07235698662261582,0.7573547843850592,0.16666666666666666,0.06927086606631165,0.808341415022315,0.17822265625,0.0004993646728316851,0.1015625,0.140625
role,Summary,2,24,0.001,256,128,256,128,4,True,9,10.9941571143691,6.259434081657352,7.348810352884467,-1.0893762712271153,-13.349872571109163,-15.578645973904031,0.05861874392389149,0.7488528447198048,0.16666666666666666,0.06927086606631162,0.8004839663423522,0.14697265625,0.007066456719759029,0.1015625,0.125
role,Summary,2,25,1e-06,256,128,256,128,4,True,9,7.261443656382007,9.74668184159245,10.319425649008554,-0.5727438074161069,-21.078390465787102,-23.218738681361028,0.10699088865924829,0.868947970858131,0.16666666666666666,0.024286099087164364,0.6574718194637851,0.22265625,4.6910366522335245e-06,0.0390625,0.09375
role,Summary,2,25,0.0001,256,128,256,128,4,True,9,8.196179071345455,7.928943593708299,8.636233422063064,-0.7072898283547654,-16.571200637182365,-18.984741080943888,0.09171781095936238,0.7597005901285409,0.16666666666666666,0.024286099087164347,0.6597476410014296,0.150390625,0.005423288691673855,0.0390625,0.0703125
role,Summary,2,25,0.001,256,128,256,128,4,True,9,9.60426789327974,6.961172149939865,7.845334170119464,-0.8841620201795988,-14.072090347026522,-16.757751325709677,0.07998596133575692,0.6848795041299836,0.16666666666666666,0.024286099087164358,0.6800551442542321,0.14404296875,0.00882256605564613,0.0390625,0.0546875
role,Summary,2,26,1e-06,256,128,256,128,4,True,9,6.149159350884733,6.324169743675574,6.980485774433944,-0.65631603075837,-16.52520001338444,-18.278103253849057,0.14452012380129214,0.7487634491050407,0.16666666666666666,0.09245322237967527,0.9548509643916765,0.22265625,4.6910366522335245e-06,0.1015625,0.265625
role,Summary,2,26,0.0001,256,128,256,128,4,True,9,6.926135967602479,5.338149380342816,6.203774622267263,-0.8656252419244468,-13.167215442180504,-15.27308537171559,0.12792954220795852,0.7250581645188652,0.16666666666666666,0.09245322237967521,0.9545279369619902,0.20361328125,3.9519149331483166e-05,0.1015625,0.234375
role,Summary,2,26,0.001,256,128,256,128,4,True,10,7.999994753954256,4.789598887925093,5.801645272124828,-1.0120463841997356,-11.382392269426171,-13.688924645532165,0.11050858833477485,0.7164433750949695,0.16666666666666666,0.09245322237967524,0.9516345290096014,0.18994140625,0.00016168731883174105,0.1015625,0.2265625
role,Summary,2,27,1e-06,256,128,256,128,4,True,10,7.133441460700698,7.711710671215087,8.46464288094575,-0.7529322097306616,-18.465856455872455,-20.51640444275113,0.11485307171586746,0.8139103731745092,0.16666666666666666,0.08972073779081678,0.6945927200307276,0.2216796875,5.258006182389629e-06,0.09375,0.1875
role,Summary,2,27,0.0001,256,128,256,128,4,True,10,7.987202946391413,6.3484177618642565,7.285572887413477,-0.9371551255492222,-14.511797292479928,-16.888319023237884,0.09538793578413877,0.7722325450018419,0.16666666666666666,0.08972073779081684,0.6940629894870752,0.14599609375,0.007612909873257245,0.09375,0.1484375
role,Summary,2,27,0.001,256,128,256,128,4,True,10,9.15121622773507,5.653090618342491,6.743834413974371,-1.0907437956318788,-12.500784522058357,-15.103124565512577,0.07921747657436666,0.7481199845504538,0.16666666666666666,0.08972073779081682,0.6894965461304112,0.114501953125,0.0643267903349507,0.0859375,0.140625
role,Summary,2,28,1e-06,256,128,256,128,4,True,9,4.3137960832975475,3.3181566705903505,3.617839163354505,-0.2996824927641544,-9.083307593969232,-9.705570959748654,0.22253010475847984,0.6874930893131675,0.3333333333333333,0.011190875420898102,1.0117094808181588,0.26416015625,2.258332964442578e-08,0.0625,0.1796875
role,Summary,2,28,0.0001,256,128,256,128,4,True,9,4.827693827571147,3.153843572541093,3.662346803385479,-0.5085032308443855,-7.82514113091576,-8.780523481889956,0.18545676224157337,0.6553144221689182,0.3333333333333333,0.011190875420898099,1.0116325634301326,0.188232421875,0.00019146400066605358,0.0859375,0.1875
role,Summary,2,28,0.001,256,128,256,128,4,True,10,5.354236843284362,3.0633722564897887,3.722595258435133,-0.6592230019453447,-7.234317099770538,-8.443353199316752,0.1596434601405201,0.6427815221323047,0.3333333333333333,0.0111908754208981,1.0109432811509549,0.1650390625,0.001626766130665258,0.0703125,0.1640625
role,Summary,2,29,1e-06,256,128,256,128,4,True,9,5.807604436020547,7.325713859386287,7.683554556574703,-0.35784069718841616,-17.889256247693424,-19.531077806978864,0.08299637973404639,0.6165281482915359,0.3333333333333333,0.07237442588605203,0.8481693096255302,0.199462890625,6.12606872290805e-05,0.0703125,0.1640625
role,Summary,2,29,0.0001,256,128,256,128,4,True,9,6.487909166579244,6.200631387357571,6.686604974395561,-0.4859735870379895,-14.141810044645664,-16.00756927684649,0.06051736732851591,0.6016444904227094,0.3333333333333333,0.07237442588605206,0.8476339389833846,0.122314453125,0.03976314520438362,0.0625,0.171875
role,Summary,2,29,0.001,256,128,256,128,4,True,8,7.401053338365915,5.574086132312759,6.214389015372331,-0.6403028830595717,-12.186543519046339,-14.219581061755589,0.0457806081059258,0.6024275523543405,0.3333333333333333,0.07237442588605207,0.8428481186051265,0.1201171875,0.04567034310986029,0.0625,0.1484375
role,Summary,2,30,1e-06,256,128,256,128,4,True,10,4.20313196024923,4.298543592012245,4.8168294457689935,-0.5182858537567481,-11.242740464012762,-12.485324927622212,0.20538535130335633,0.7328910374841401,0.16666666666666666,0.088725806199122,0.8675672764261739,0.306396484375,3.6485038715843776e-11,0.1171875,0.2265625
role,Summary,2,30,0.0001,256,128,256,128,4,True,9,4.733236187198383,3.6916458940474985,4.397490328739533,-0.7058444346920347,-9.129930545528632,-10.678658499372517,0.1673254489729839,0.6784640992744008,0.16666666666666666,0.08872580619912199,0.8673774310929437,0.222900390625,4.5587453789178095e-06,0.1015625,0.1875
role,Summary,2,30,0.001,256,128,256,128,4,True,10,5.361998515455046,3.3921385162487043,4.229719583690512,-0.8375810674418082,-8.092651226120383,-9.831212829876744,0.1404419257614306,0.6473488004159997,0.16666666666666666,0.08872580619912203,0.8656706675285295,0.179443359375,0.00044554535567856526,0.09375,0.1796875
role,Summary,2,31,1e-06,256,128,256,128,4,True,9,2.266210064232406,4.454209993637804,4.448387486015163,0.0058225076226419495,-9.353483507098733,-9.538568235456815,0.2653892275668887,0.773908834459698,0.16666666666666666,0.05924624819678941,0.8774191381423616,0.191650390625,0.00013632751484347387,0.0,0.015625
role,Summary,2,31,0.0001,256,128,256,128,4,True,9,2.868503858435802,3.6980160941918045,4.099652100012692,-0.40163600582088654,-7.648436107394933,-8.604897318746051,0.1977466991926427,0.6552887448128223,0.16666666666666666,0.059246248196789385,0.8773636538411864,0.107666015625,0.09546675276876437,0.0078125,0.0234375
role,Summary,2,31,0.001,256,128,256,128,4,True,9,3.4503062321138187,3.3632904389201426,4.0422978882891965,-0.6790074493690538,-6.861920742884271,-8.320754895585065,0.17703880920196213,0.6117962795303169,0.16666666666666666,0.0592462481967894,0.8768686122389174,0.048828125,0.9055374722436866,0.03125,0.0703125
role,Summary,3,0,1e-06,512,256,512,256,4,True,9,2.2186199901656547,4.60746593607735,4.714062064676037,-0.10659612859868625,-11.509474334125407,-11.881882974654395,0.34936299348875866,0.6751360810676322,0.16666666666666666,0.06553875376571401,0.71612463013424,0.228271484375,3.3080347427732993e-12,0.0,0.1015625
role,Summary,3,0,0.0001,512,256,512,256,4,True,8,2.710202010336478,3.7097857528752947,4.24822374109276,-0.5384379882174648,-8.997600621011802,-10.273196253234104,0.30246855511737425,0.5757518096110414,0.16666666666666666,0.06553875376571407,0.7172201377500063,0.153564453125,9.758129725521494e-06,0.0078125,0.09375
role,Summary,3,0,0.001,512,256,512,256,4,True,10,3.182576368536634,3.211926611508333,3.974109471011056,-0.7621828595027227,-7.624869286640804,-9.336712448339808,0.2751234931892339,0.5311580524959674,0.16666666666666666,0.06553875376571405,0.7270110175718039,0.08837890625,0.03444058630453661,0.0234375,0.078125
role,Summary,3,1,1e-06,512,256,512,256,4,True,11,5.427456392637976,6.3382290792326454,6.717323720191749,-0.3790946409591044,-12.16013109383424,-12.955710113204807,0.18564993448117584,0.71755260707418,0.0,0.0,0.6910864794726821,0.15576171875,6.856175277608973e-06,0.0078125,0.0546875
role,Summary,3,1,0.0001,512,256,512,256,4,True,10,6.199521599484998,5.57105815482632,6.071226580466401,-0.5001684256400825,-10.560627922461398,-11.611251676368429,0.16040009197209376,0.6135381862019068,0.0,0.0,0.6929778194992406,0.086181640625,0.04199637474794349,0.0078125,0.05078125
role,Summary,3,1,0.001,512,256,512,256,4,True,9,7.0634078984218425,5.168525149831129,5.793168147992867,-0.624642998161738,-9.751944366184045,-11.039988409924522,0.14234485290679452,0.559109865447389,0.0,0.0,0.7096935665932821,0.14501953125,3.668043014876072e-05,0.01171875,0.04296875
role,Summary,3,2,1e-06,512,256,512,256,4,True,10,11.777487270299236,11.880549101087034,12.494299825510659,-0.6137507244236214,-22.794680997022695,-24.097185113699325,0.07411032222982082,0.34174057861831775,0.5,0.05055813523094593,1.104605487148246,0.283935546875,9.350957050937728e-19,0.015625,0.07421875
role,Summary,3,2,0.0001,512,256,512,256,4,True,10,13.648379082633951,9.51394790436095,10.327968713433993,-0.8140208090730421,-18.13994223738373,-19.947426722872894,0.06347515996286987,0.3088299770613425,0.5,0.050558135230945905,1.1101051276535576,0.2060546875,5.209711303170747e-10,0.015625,0.0546875
role,Summary,3,2,0.001,512,256,512,256,4,True,10,16.397226960771153,8.251381543195894,9.28988594248232,-1.0385043992864267,-15.593294087442763,-17.943234694894187,0.05481206455424908,0.35704955661118176,0.5,0.05055813523094589,1.1548149719370113,0.2109375,1.7945141210831056e-10,0.015625,0.0390625
role,Summary,3,3,1e-06,512,256,512,256,4,True,10,9.079508230523318,7.284011105635123,7.673482248405988,-0.38947114277086503,-13.718871933702019,-14.330064651836889,0.09255877858773419,0.5601023700487968,0.3333333333333333,0.02079640774656889,0.9488011323480761,0.232666015625,1.1405915544075283e-12,0.03125,0.09375
role,Summary,3,3,0.0001,512,256,512,256,4,True,9,10.505744908643933,6.290706543057753,6.798504143339082,-0.5077976002813301,-12.136430288264995,-13.027153235974833,0.07423970249552905,0.5167407353610844,0.3333333333333333,0.020796407746568893,0.9510059921006291,0.165771484375,1.2873460507341176e-06,0.03125,0.078125
role,Summary,3,3,0.001,512,256,512,256,4,True,10,12.16559507274394,5.811230237153005,6.460752066387114,-0.6495218292341081,-11.367837515222725,-12.54512403807627,0.060948296753664935,0.5150537327344435,0.3333333333333333,0.02079640774656888,0.9702474676160845,0.12255859375,0.0008262553837460773,0.04296875,0.07421875
role,Summary,3,4,1e-06,512,256,512,256,4,True,9,7.0405591137754024,5.76993961032332,5.899739468672136,-0.1297998583488165,-12.833064094622875,-13.21337944205452,0.11526042272886965,0.5934333606944522,0.16666666666666666,0.016134988756313536,0.40518061335087624,0.239990234375,1.8442848754999466e-13,0.02734375,0.078125
role,Summary,3,4,0.0001,512,256,512,256,4,True,9,8.073701898243826,5.146270836990372,5.419966016358432,-0.2736951793680602,-11.029334000428927,-11.669953931882311,0.08929845611921672,0.5182212864121433,0.16666666666666666,0.016134988756313536,0.4060731790561754,0.141357421875,6.319254107939184e-05,0.02734375,0.0625
role,Summary,3,4,0.001,512,256,512,256,4,True,9,9.29666668937938,4.85628863519417,5.2425777124163755,-0.3862890772222049,-10.163745170861095,-11.057329938304697,0.07184207780352257,0.4911067399021084,0.16666666666666666,0.016134988756313546,0.4141024559476565,0.04638671875,0.6232579994995996,0.02734375,0.05078125
role,Summary,3,5,1e-06,512,256,512,256,4,True,10,5.878950326771337,6.824019659151101,7.213338189867551,-0.3893185307164507,-13.302931680569934,-14.06573665811827,0.1894335469478083,0.5486009441206477,0.16666666666666666,0.01883836962591637,0.7232913280304614,0.206787109375,4.4473408286606135e-10,0.0078125,0.08984375
role,Summary,3,5,0.0001,512,256,512,256,4,True,9,6.66496182771445,5.726064122821492,6.248760177183579,-0.5226960543620862,-11.069552362007634,-12.131505439369752,0.16675498350375284,0.4511099746893761,0.16666666666666666,0.018838369625916358,0.7251153268187575,0.1357421875,0.00014157881403496135,0.0078125,0.046875
role,Summary,3,5,0.001,512,256,512,256,4,True,10,7.598521991908103,5.197062868434435,5.8388318016431935,-0.6417689332087582,-9.970110438799061,-11.313290928276068,0.14947832694808266,0.4048458813567375,0.16666666666666666,0.018838369625916358,0.7412145339634614,0.103271484375,0.00787054497518077,0.0078125,0.0390625
role,Summary,3,6,1e-06,512,256,512,256,4,True,10,5.343105986617604,4.667562926727017,4.841404650899559,-0.17384172417254173,-9.76393224251707,-10.15563413210559,0.1852412714587268,0.6496869916494584,0.16666666666666666,0.005457374611377971,0.211526595781804,0.19921875,2.218021548846445e-09,0.0078125,0.0546875
role,Summary,3,6,0.0001,512,256,512,256,4,True,10,6.143429655708874,4.264100005429997,4.5742425985980795,-0.31014259316808357,-8.638484504346682,-9.297426268517292,0.15696332307662658,0.513501517692916,0.16666666666666666,0.005457374611377965,0.21168086634369201,0.082763671875,0.056610880824000565,0.00390625,0.04296875
role,Summary,3,6,0.001,512,256,512,256,4,True,9,6.994198713692778,4.082964276737565,4.487211606818256,-0.4042473300806912,-8.118271843584338,-8.990248137935604,0.13720651569042913,0.43775617025911273,0.16666666666666666,0.005457374611377963,0.21317830926566148,0.047607421875,0.590510525505473,0.015625,0.04296875
role,Summary,3,7,1e-06,512,256,512,256,4,True,11,4.830333465500199,4.114581296810655,4.3493682212751175,-0.2347869244644622,-7.899421692548753,-8.403847818244078,0.23050578538606573,0.7977441348368638,0.0,0.0,0.482477676864571,0.140380859375,7.288302910360958e-05,0.0078125,0.0390625
role,Summary,3,7,0.0001,512,256,512,256,4,True,10,5.556520770158558,3.784995546963459,4.1709025040026635,-0.3859069570392053,-7.206677357319274,-8.03654014486914,0.19874390708107664,0.6740646053865434,0.0,0.0,0.4832684735278297,0.069580078125,0.15991812798756866,0.0078125,0.0390625
role,Summary,3,7,0.001,512,256,512,256,4,True,9,6.264602775207575,3.643587661789322,4.131013464890811,-0.4874258031014886,-6.914217912001471,-7.950130805707366,0.17723525225706135,0.6060201058261713,0.0,0.0,0.4903808272094473,0.103271484375,0.00787054497518077,0.0078125,0.0390625
role,Summary,3,8,1e-06,512,256,512,256,4,True,10,5.438748125194005,5.033967760848687,5.095353269115071,-0.061385508266383865,-10.554968885363337,-10.845335022350621,0.18363116532276066,0.8336197072610247,0.16666666666666666,0.05364260796093203,0.20898628126214466,0.169677734375,6.511797546477905e-07,0.00390625,0.1015625
role,Summary,3,8,0.0001,512,256,512,256,4,True,9,6.114427506078881,4.419410223488464,4.64795941984461,-0.22854919635614634,-8.922208287273039,-9.552913936432793,0.16004449322977707,0.6689523740917854,0.16666666666666666,0.053642607960932044,0.20899746547365403,0.1171875,0.0016092341900310857,0.00390625,0.0625
role,Summary,3,8,0.001,512,256,512,256,4,True,9,6.844391525159822,4.138773380561743,4.495507597020895,-0.3567342164591523,-8.16023021602625,-9.043425765723182,0.1430461421782268,0.5488549451373443,0.16666666666666666,0.05364260796093206,0.20925913221457856,0.07373046875,0.11759156196751563,0.00390625,0.05859375
role,Summary,3,9,1e-06,512,256,512,256,4,True,10,5.266797118305177,4.316264529219805,4.277992590726116,0.038271938493689095,-9.211069516552758,-9.25727887838262,0.19729509407218598,0.7451085674259875,0.16666666666666666,0.03773307134007593,0.43847198742092025,0.190185546875,1.3922800056037709e-08,0.00390625,0.07421875
role,Summary,3,9,0.0001,512,256,512,256,4,True,8,5.972051884024339,3.9876758810130646,4.118107242853169,-0.13043136184010418,-8.243252082987697,-8.658875752685018,0.17221980985399582,0.6158888065370142,0.16666666666666666,0.03773307134007593,0.4392607958379356,0.07666015625,0.09363406656067774,0.00390625,0.0703125
role,Summary,3,9,0.001,512,256,512,256,4,True,10,6.690106263847012,3.829102915284099,4.0986484799033445,-0.26954556461924517,-7.7559227335017376,-8.489555612138998,0.1559299178633456,0.5385071786506584,0.16666666666666666,0.03773307134007595,0.4463605790045655,0.05810546875,0.3399441856074574,0.00390625,0.06640625
role,Summary,3,10,1e-06,512,256,512,256,4,True,10,5.303468281127186,6.156833321836309,6.4807726279590785,-0.3239393061227696,-11.547817710139718,-12.088332870643978,0.2262613782612176,0.9167993629771527,0.16666666666666666,0.06857166227577687,0.4243874452180555,0.2421875,1.055377574927736e-13,0.015625,0.08203125
role,Summary,3,10,0.0001,512,256,512,256,4,True,9,5.980982632036664,5.067769489894906,5.531023514339539,-0.46325402444463365,-9.429339086996105,-10.22122095440821,0.2012434004379617,0.7654783166399,0.16666666666666666,0.06857166227577684,0.424006885153309,0.20849609375,3.0675113406054103e-10,0.01171875,0.0703125
role,Summary,3,10,0.001,512,256,512,256,4,True,9,6.758704842221215,4.577675858425639,5.12906807859809,-0.5513922201724506,-8.465305499966144,-9.435005969958674,0.18176886339299667,0.6541803872839835,0.16666666666666666,0.06857166227577682,0.4206263179471073,0.15478515625,8.025683786331283e-06,0.01171875,0.0546875
role,Summary,3,11,1e-06,512,256,512,256,4,True,10,5.571616213032826,4.318326000672689,4.334801282654237,-0.016475281981546134,-8.273578613252361,-8.390071764382292,0.17882996144378216,0.7072423272014161,0.16666666666666666,0.03282979499367286,0.5849094575301634,0.109130859375,0.0041342601721206206,0.0,0.03125
role,Summary,3,11,0.0001,512,256,512,256,4,True,10,6.343553279465063,4.032844097530605,4.223078059996271,-0.19023396246566612,-7.706559070813541,-8.154395992675934,0.15337351912229155,0.5439763650254879,0.16666666666666666,0.03282979499367287,0.5861997624557929,0.10498046875,0.0065471549950708065,0.0,0.03125
role,Summary,3,11,0.001,512,256,512,256,4,True,10,7.074180868589657,3.9085929416814933,4.238224954122689,-0.32963201244119583,-7.428568434067822,-8.155109681780782,0.13724191000976407,0.44372419516847106,0.16666666666666666,0.03282979499367289,0.5977241171947695,0.13330078125,0.0001989914443798999,0.0,0.03125
role,Summary,3,12,1e-06,512,256,512,256,4,True,8,6.307384911460941,2.869783874393968,2.6930795030282377,0.17670437136572995,-5.384531451027576,-5.353855394399464,0.08210401278495838,0.48322050208739914,0.0,0.0,0.347271019061349,0.2470703125,2.994730985929035e-14,0.03125,0.03515625
role,Summary,3,12,0.0001,512,256,512,256,4,True,8,6.727001045448614,2.905093155745272,2.9484489994374945,-0.0433558436922222,-5.437055854399293,-5.753393228886126,0.08699936882157135,0.4478431491631058,0.0,0.0,0.34704179520982886,0.253173828125,5.974760710120661e-15,0.03125,0.03515625
role,Summary,3,12,0.001,512,256,512,256,4,True,8,7.060864043165715,2.928536663624592,3.097905667009394,-0.1693690033848018,-5.4614274968885,-5.9531142792742,0.08969584973429696,0.4272882712266693,0.0,0.0,0.34497277675793164,0.248046875,2.320411433863677e-14,0.03125,0.03515625
role,Summary,3,13,1e-06,512,256,512,256,4,True,10,6.681297408707349,6.200250849092904,6.287900273403016,-0.08764942431011191,-13.430086380350971,-13.957170936792075,0.14629043061089714,0.7242242846644869,0.16666666666666666,0.05008788784638233,0.16893981313030518,0.213134765625,1.1014988228493839e-10,0.02734375,0.09375
role,Summary,3,13,0.0001,512,256,512,256,4,True,9,7.471873446106408,5.189289588136215,5.468128834014417,-0.278839245878202,-10.823417088435587,-11.668940961767444,0.12753344371256498,0.5558291302109108,0.16666666666666666,0.05008788784638232,0.16813169396922717,0.14111328125,6.549328598307456e-05,0.02734375,0.046875
role,Summary,3,13,0.001,512,256,512,256,4,True,10,8.398191546358483,4.752336692425409,5.148630833111703,-0.39629414068629476,-9.62184687202037,-10.67932333590188,0.11257288927208725,0.4151030912307066,0.16666666666666666,0.05008788784638232,0.16088908217791859,0.086669921875,0.04020283544403491,0.02734375,0.05078125
role,Summary,3,14,1e-06,512,256,512,256,4,True,10,5.1671315856375335,4.99724802691421,5.062281411028464,-0.0650333841142545,-9.74979438262921,-9.977912671054547,0.16096524107855337,0.8291726053700806,0.16666666666666666,0.04709430652708131,0.30376498217909226,0.172607421875,3.8643649382893206e-07,0.03125,0.1015625
role,Summary,3,14,0.0001,512,256,512,256,4,True,10,5.807296074017519,4.309320306797491,4.553749516513381,-0.2444292097158898,-8.296962248151697,-8.865919101242397,0.13565922846975506,0.6970682640817976,0.16666666666666666,0.04709430652708131,0.3037481181443439,0.13232421875,0.00022761929407463672,0.03125,0.0859375
role,Summary,3,14,0.001,512,256,512,256,4,True,9,6.477980049260237,3.9972287702262257,4.373308120824314,-0.37607935059808767,-7.648632996123617,-8.450758252904182,0.11762768382258587,0.6097779718328817,0.16666666666666666,0.047094306527081305,0.30366828913412675,0.103271484375,0.00787054497518077,0.03125,0.0859375
role,Summary,3,15,1e-06,512,256,512,256,4,True,8,4.43328745793447,6.144734417182896,6.533061383416948,-0.3883269662340513,-10.945046342107656,-11.799472010543454,0.20178429880427975,0.7463104981795148,0.16666666666666666,0.09188396157557865,0.366322158655839,0.25244140625,7.265729029214347e-15,0.0234375,0.09375
role,Summary,3,15,0.0001,512,256,512,256,4,True,8,4.977499637248316,5.027214537346703,5.582112421900288,-0.554897884553585,-9.008047368779305,-10.181163249220937,0.1751785055548351,0.6119839654793701,0.16666666666666666,0.09188396157557863,0.3659892633141665,0.2109375,1.7945141210831056e-10,0.0234375,0.0703125
role,Summary,3,15,0.001,512,256,512,256,4,True,9,5.593357833572032,4.492881666533927,5.1906462059049945,-0.6977645393710663,-8.0612473709034,-9.473949232521953,0.1561509814523389,0.5181972954004661,0.16666666666666666,0.09188396157557861,0.36305064670382114,0.182373046875,6.352574812480008e-08,0.0234375,0.06640625
role,Summary,3,16,1e-06,512,256,512,256,4,True,9,4.279733575189304,6.220137863220241,6.701570359119161,-0.48143249589891846,-11.318577695610118,-12.354567594717789,0.16791743491722158,0.9100820417769167,0.16666666666666666,0.0847091058627877,0.5213059963739696,0.25244140625,7.265729029214347e-15,0.0234375,0.07421875
role,Summary,3,16,0.0001,512,256,512,256,4,True,8,4.838467543133798,5.052033134618994,5.71120399932596,-0.659170864706967,-9.240929801795083,-10.552354998422508,0.13921959470132148,0.7646168220770515,0.16666666666666666,0.0847091058627877,0.5208538200322057,0.205810546875,5.491132345129471e-10,0.02734375,0.0703125
role,Summary,3,16,0.001,512,256,512,256,4,True,9,5.495610920121334,4.48883737681616,5.262614797842861,-0.7737774210267017,-8.21688732761853,-9.687029929995298,0.11837528405603973,0.6560283236907569,0.16666666666666666,0.08470910586278768,0.5167944960188254,0.17529296875,2.3760270293988874e-07,0.02734375,0.0703125
role,Summary,3,17,1e-06,512,256,512,256,4,True,10,5.90484891739161,7.923992796399026,8.495107694533267,-0.5711148981342415,-13.878751502705967,-15.046906714687761,0.1425884850772273,0.772841849200312,0.3333333333333333,0.07967071257787273,0.47409728376633753,0.319580078125,9.354171061289914e-24,0.046875,0.109375
role,Summary,3,17,0.0001,512,256,512,256,4,True,9,6.645792758345199,6.288992933701017,6.9840320801080065,-0.6950391464069897,-11.200343824797136,-12.677445528623519,0.12117720910671695,0.6335335895950656,0.3333333333333333,0.07967071257787271,0.4734426240430773,0.27294921875,2.4178420343852325e-17,0.03125,0.08984375
role,Summary,3,17,0.001,512,256,512,256,4,True,9,7.572458776144582,5.484575553398008,6.26508663826,-0.7805110848619923,-9.885910261180378,-11.568968817126041,0.10474288063544715,0.5279676403567327,0.3333333333333333,0.07967071257787271,0.4676131024900976,0.23681640625,4.0915553833618407e-13,0.015625,0.0859375
role,Summary,3,18,1e-06,512,256,512,256,4,True,9,7.446020269230418,9.298496496689967,9.852971703119051,-0.5544752064290814,-16.980074221599125,-18.249437912734443,0.10814110479524916,0.5721205284776337,0.16666666666666666,0.045013984196822024,0.5464919981573536,0.307373046875,5.698638168716087e-22,0.0234375,0.08984375
role,Summary,3,18,0.0001,512,256,512,256,4,True,10,8.362302871975725,7.332482355461016,8.023959694585592,-0.691477339124577,-13.549120017879341,-15.093409080831895,0.0914788950655892,0.4259931770718759,0.16666666666666666,0.04501398419682202,0.5481051689205501,0.2294921875,2.4662711417629512e-12,0.01953125,0.06640625
role,Summary,3,18,0.001,512,256,512,256,4,True,10,9.572751338454376,6.380831910098253,7.196456171400929,-0.8156242613026756,-11.819856863977186,-13.628360859754935,0.08090850637794118,0.3170957839210556,0.16666666666666666,0.045013984196822024,0.5624950850526466,0.187255859375,2.4789550507374007e-08,0.0234375,0.0546875
role,Summary,3,19,1e-06,512,256,512,256,4,True,10,8.02448242861562,10.334769766375068,11.15811775095935,-0.8233479845842839,-18.681368545033056,-20.281334915056036,0.11120689247687711,0.6630508609240564,0.3333333333333333,0.10373561108810517,0.708416550251986,0.376220703125,4.686629418404919e-33,0.046875,0.10546875
role,Summary,3,19,0.0001,512,256,512,256,4,True,9,8.975995081080171,7.964412229199128,8.931437734971936,-0.9670255057728088,-14.635575827690172,-16.55005150273874,0.09630971552240317,0.6071417170821617,0.3333333333333333,0.10373561108810518,0.7072832657668952,0.319580078125,9.354171061289914e-24,0.046875,0.0859375
role,Summary,3,19,0.001,512,256,512,256,4,True,10,10.280105393726558,6.804512710658212,7.88827956454322,-1.0837668538850074,-12.620106538837657,-14.774851100130608,0.08408241427042565,0.5752434593815264,0.3333333333333333,0.1037356110881052,0.6972211995028109,0.268798828125,7.971469319414608e-17,0.04296875,0.0859375
role,Summary,3,20,1e-06,512,256,512,256,4,True,9,7.448077816234579,10.08222995084283,10.826521445567774,-0.7442914947249422,-18.46867120086965,-19.941721753193406,0.14270822679744535,0.6575170647894119,0.3333333333333333,0.08889386645392912,0.45551841996029796,0.349853515625,1.62907835233809e-28,0.05078125,0.10546875
role,Summary,3,20,0.0001,512,256,512,256,4,True,9,8.291357564333923,7.8269958097959815,8.705822240022503,-0.878826430226521,-14.270435173505518,-15.999323468604423,0.12723282645781814,0.5454418035007278,0.3333333333333333,0.08889386645392913,0.4546517923020711,0.29248046875,6.77122088762689e-20,0.03515625,0.0859375
role,Summary,3,20,0.001,512,256,512,256,4,True,9,9.447140835222394,6.714117733987887,7.708525977429604,-0.9944082434417156,-12.194885583330954,-14.152565798057191,0.11844035665966586,0.4599986449836966,0.3333333333333333,0.08889386645392913,0.4471318259272501,0.28466796875,7.491243090973815e-19,0.04296875,0.078125
role,Summary,3,21,1e-06,512,256,512,256,4,True,10,5.884272113085272,9.29713454722254,9.83944323694989,-0.542308689727349,-17.89266210038143,-19.37479982617161,0.16340755437329868,1.1978319203916208,0.16666666666666666,0.09900424278596069,0.592090563797786,0.267333984375,1.2088625521928064e-16,0.0234375,0.08984375
role,Summary,3,21,0.0001,512,256,512,256,4,True,9,6.575467497240597,7.324380701762696,8.021747954101516,-0.6973672523388198,-13.775670669744871,-15.549765330468691,0.1453804634752686,1.008039414071844,0.16666666666666666,0.0990042427859607,0.5912553218405905,0.217041015625,4.5658328251562244e-11,0.01953125,0.0625
role,Summary,3,21,0.001,512,256,512,256,4,True,9,7.555008868640645,6.339681761498623,7.167755426097833,-0.8280736645992106,-11.638126881575188,-13.674015495225458,0.13781528222348383,0.8282091699121019,0.16666666666666666,0.09900424278596068,0.5838087435212433,0.20166015625,1.3298117002579018e-09,0.0234375,0.05078125
role,Summary,3,22,1e-06,512,256,512,256,4,True,10,9.469293849687457,10.298320585750298,11.020312782010848,-0.7219921962605497,-18.44361624494426,-19.608113566912934,0.12833057900451145,0.8272715942498335,0.3333333333333333,0.12123080489880976,0.6414670930212802,0.35595703125,1.563192081197087e-29,0.04296875,0.109375
role,Summary,3,22,0.0001,512,256,512,256,4,True,10,10.646275167748005,8.038078387117606,8.883517513155113,-0.8454391260375062,-14.593618799792658,-16.03951004644647,0.11460272114067326,0.7145824820132131,0.3333333333333333,0.12123080489880977,0.640344382934553,0.32275390625,3.122098920272518e-24,0.03515625,0.0859375
role,Summary,3,22,0.001,512,256,512,256,4,True,9,12.304443606475058,6.912589797144912,7.852618944142902,-0.9400291469979889,-12.690716799065564,-14.377308998329497,0.10327474162621922,0.6252378995970767,0.3333333333333333,0.12123080489880975,0.6304066250404496,0.28955078125,1.6815165021953758e-19,0.03515625,0.06640625
role,Summary,3,23,1e-06,512,256,512,256,4,True,10,11.106733941367512,11.74147891036472,12.633047059668943,-0.8915681493042232,-20.443123857371106,-21.835608194079228,0.1303525985124263,0.7752728779156494,0.3333333333333333,0.07527819798958588,0.829833044533621,0.428466796875,3.4266871162657273e-43,0.046875,0.078125
role,Summary,3,23,0.0001,512,256,512,256,4,True,10,12.485772971560259,9.067888673853808,10.032326602149656,-0.96443792829585,-16.060296022709167,-17.70605560908195,0.11846831103933624,0.7051873550159943,0.3333333333333333,0.07527819798958592,0.8280659141621551,0.369140625,8.455158907738794e-32,0.046875,0.0625
role,Summary,3,23,0.001,512,256,512,256,4,True,10,14.486163204082395,7.737385766339216,8.783383898675378,-1.0459981323361611,-13.913928584536867,-15.803198497863129,0.10817898710356191,0.6578616714311664,0.3333333333333333,0.0752781979895859,0.8125434594535239,0.34423828125,1.3519568315059831e-27,0.046875,0.0625
role,Summary,3,24,1e-06,512,256,512,256,4,True,9,10.099657167106507,11.403660321798476,12.24638825763897,-0.8427279358404924,-21.546379768403412,-23.11297492388958,0.11056192633899321,0.7754144883557141,0.3333333333333333,0.13319747560046796,0.8527242281446659,0.389892578125,1.469162260383725e-35,0.046875,0.09375
role,Summary,3,24,0.0001,512,256,512,256,4,True,9,11.352525325479224,8.870359288292725,9.839271162085605,-0.9689118737928791,-16.71949954961852,-18.547796511465503,0.09855598895579772,0.7126743527399246,0.3333333333333333,0.1331974756004681,0.8512866313305434,0.322998046875,2.867960719481289e-24,0.046875,0.07421875
role,Summary,3,24,0.001,512,256,512,256,4,True,9,13.260372859651032,7.579844211945448,8.685233273534529,-1.1053890615890807,-14.244656178308679,-16.352998723454967,0.08856523673456382,0.6704050000978009,0.3333333333333333,0.13319747560046802,0.8385936233065989,0.29150390625,9.179580849681101e-20,0.046875,0.06640625
role,Summary,3,25,1e-06,512,256,512,256,4,True,10,10.654131212216459,10.747843474377445,11.552383472943571,-0.8045399985661265,-22.5980055111904,-24.112232831333827,0.05769122450962122,0.7662827049907469,0.16666666666666666,0.06446284880106845,1.0755896756121888,0.2880859375,2.6400197203163267e-19,0.078125,0.1640625
role,Summary,3,25,0.0001,512,256,512,256,4,True,10,12.083268102231166,8.342798502090602,9.267243277465768,-0.9244447753751661,-17.600561036495,-19.380245746001698,0.04824028826949434,0.7551651021986088,0.16666666666666666,0.06446284880106845,1.0748759376111943,0.240478515625,1.6298882497715257e-13,0.078125,0.14453125
role,Summary,3,25,0.001,512,256,512,256,4,True,10,14.383154519334093,7.1027054997194785,8.145178019956337,-1.042472520236859,-14.966476760327124,-17.027001406556728,0.039327938589539424,0.7560064468655346,0.16666666666666666,0.06446284880106848,1.0685298684229994,0.221923828125,1.4834160180736197e-11,0.07421875,0.12890625
role,Summary,3,26,1e-06,512,256,512,256,4,True,9,8.063091750240694,9.550524038783923,10.149567771518635,-0.5990437327347105,-17.63262060017741,-18.96108493712375,0.13627903386777646,0.822762435759727,0.3333333333333333,0.08298565944879231,1.0655444313116458,0.292724609375,6.274126712345397e-20,0.03515625,0.11328125
role,Summary,3,26,0.0001,512,256,512,256,4,True,9,9.056918413264313,7.5302922329674455,8.28643132873982,-0.7561390957723739,-13.965726987897227,-15.622686885631426,0.12093603329502037,0.7349729577377251,0.3333333333333333,0.08298565944879237,1.0648661037930218,0.236328125,4.620604528831067e-13,0.0390625,0.09375
role,Summary,3,26,0.001,512,256,512,256,4,True,9,10.470943593526545,6.527983716051759,7.407132513257144,-0.8791487972053849,-12.108410154629345,-13.979639051316397,0.1090281560422286,0.667378086449261,0.3333333333333333,0.08298565944879237,1.058806506138326,0.236328125,4.620604528831067e-13,0.03515625,0.0859375
role,Summary,3,27,1e-06,512,256,512,256,4,True,10,9.465685113236152,9.332543037326595,9.969398807206153,-0.6368557698795575,-18.707823297886627,-19.95825199149662,0.1090385535918545,0.7017000532106676,0.3333333333333333,0.10598947193388984,0.6597086648633484,0.28076171875,2.427063175358507e-18,0.0859375,0.15234375
role,Summary,3,27,0.0001,512,256,512,256,4,True,10,10.632792772692966,7.418457337228732,8.191707564491207,-0.7732502272624729,-14.775261406590438,-16.299982225370584,0.09528597821372903,0.6556685001404905,0.3333333333333333,0.10598947193388984,0.6588999115214412,0.243408203125,7.721905536525253e-14,0.0546875,0.125
role,Summary,3,27,0.001,512,256,512,256,4,True,10,12.282089830769776,6.489758368689314,7.373620038098737,-0.8838616694094235,-12.847442342344946,-14.58164111690683,0.08391425623884768,0.6317759664769466,0.3333333333333333,0.10598947193388987,0.651752706244838,0.219970703125,2.3330531617789306e-11,0.05078125,0.10546875
role,Summary,3,28,1e-06,512,256,512,256,4,True,10,5.5555885483184095,5.553221882748183,5.798334894689937,-0.24511301194175392,-10.201776259555212,-10.37111964398566,0.1513893675526161,0.6299054449195031,0.3333333333333333,0.061860282848684875,0.9358284253656496,0.21484375,7.508362222784407e-11,0.04296875,0.1328125
role,Summary,3,28,0.0001,512,256,512,256,4,True,9,6.250473010285289,4.661364195823556,5.050690834424467,-0.3893266386009108,-8.75652793391725,-9.223724614739929,0.131521116207675,0.5911980177924748,0.3333333333333333,0.06186028284868488,0.9356328940812271,0.184814453125,3.981042624820257e-08,0.04296875,0.10546875
role,Summary,3,28,0.001,512,256,512,256,4,True,9,7.002358254662978,4.250099686958263,4.751675400637409,-0.5015757136791466,-8.09830580753307,-8.810644965417573,0.12028434382771178,0.5761555104476285,0.3333333333333333,0.06186028284868488,0.9338791035863317,0.160888671875,2.949791922892699e-06,0.0390625,0.1015625
role,Summary,3,29,1e-06,512,256,512,256,4,True,10,7.246082854921972,8.067122013241747,8.61098520072306,-0.5438631874813133,-18.718765354120663,-20.112697711807037,0.08727866083886537,0.6699966216834148,0.5,0.07554104536707354,1.0472389927310557,0.17578125,2.1731393879081404e-07,0.06640625,0.1171875
role,Summary,3,29,0.0001,512,256,512,256,4,True,9,8.072761729450649,6.5034020468248475,7.193399828674268,-0.6899977818494212,-14.57885221021683,-16.190241843808437,0.07759559532881535,0.6643378676987428,0.5,0.07554104536707358,1.046728921558345,0.12451171875,0.0006435726028318844,0.0703125,0.10546875
role,Summary,3,29,0.001,512,256,512,256,4,True,10,9.221248670142156,5.743110881832812,6.5569331806025275,-0.8138222987697152,-12.524171305293471,-14.32404987877892,0.06754874342663233,0.6676447489826084,0.5,0.07554104536707354,1.0421727164256676,0.1044921875,0.006902882573931476,0.06640625,0.11328125
role,Summary,3,30,1e-06,512,256,512,256,4,True,9,4.887096042106685,6.951789424775792,7.373415875191076,-0.4216264504152838,-11.062945140401496,-11.758063052873517,0.2132008677323876,0.7406227091207419,0.3333333333333333,0.04752164892460457,1.0450073912747653,0.32666015625,7.957471955741224e-25,0.0390625,0.09375
role,Summary,3,30,0.0001,512,256,512,256,4,True,9,5.494687897485823,5.399104023996542,5.9224008952064455,-0.5232968712099038,-9.070310841222827,-10.070860929428218,0.18768030686646398,0.6739800731840726,0.3333333333333333,0.04752164892460459,1.0446866039494,0.266845703125,1.3881044773183449e-16,0.04296875,0.08203125
role,Summary,3,30,0.001,512,256,512,256,4,True,10,6.213982100386389,4.669157494746868,5.274972049581628,-0.6058145548347598,-8.113644563022135,-9.326141969252232,0.171254552795103,0.631001610243636,0.3333333333333333,0.04752164892460459,1.0418060139401242,0.226806640625,4.695326723875418e-12,0.0390625,0.07421875
role,Summary,3,31,1e-06,512,256,512,256,4,True,7,2.3581207530746204,5.057447602520333,5.014221942169138,0.04322566035119483,-10.213313715538682,-10.322791406652705,0.2736651903895918,0.7991946851720708,0.16666666666666666,0.05354593270569648,1.1028503043547413,0.15185546875,1.2795475210629142e-05,0.015625,0.02734375
role,Summary,3,31,0.0001,512,256,512,256,4,True,8,3.020799024466043,4.0604110561832405,4.402061089693791,-0.34165003351055034,-8.161407424414342,-9.071234090273233,0.2247931171986438,0.6741488197113795,0.16666666666666666,0.053545932705696485,1.1027792830851706,0.093017578125,0.022289024441867006,0.015625,0.02734375
role,Summary,3,31,0.001,512,256,512,256,4,True,9,3.677094500569555,3.6172167041479852,4.240273374797445,-0.6230566706494589,-7.2199940085999526,-8.685800319308493,0.20648663781650434,0.6297683615972243,0.16666666666666666,0.05354593270569646,1.102144917863089,0.0712890625,0.14121002866872856,0.03125,0.0546875
role,Summary,4,0,1e-06,1024,512,1024,512,4,True,9,1.905024555278818,4.172779756355618,4.285278596816193,-0.11249884046057396,-10.57006497922556,-11.003892739181746,0.37280023926832173,0.6355925570300471,0.16666666666666666,0.06556777889175835,0.7586934081610537,0.2197265625,3.4569139023681837e-22,0.001953125,0.068359375
role,Summary,4,0,0.0001,1024,512,1024,512,4,True,8,2.3491086219117108,3.470573850203422,4.023616510053317,-0.5530426598498952,-8.294828151829257,-9.761909180547082,0.311090250130342,0.5348500471372147,0.16666666666666666,0.06556777889175833,0.7599423441682264,0.124755859375,2.099110361978178e-07,0.0,0.025390625
role,Summary,4,0,0.001,1024,512,1024,512,4,True,10,2.7736117411894474,3.0724429592249427,3.833780044846309,-0.7613370856213661,-7.054572252599664,-9.021959999393971,0.27521422161220443,0.49176711888154845,0.16666666666666666,0.06556777889175834,0.7710781147605402,0.103271484375,3.302850871119e-05,0.0,0.013671875
role,Summary,4,1,1e-06,1024,512,1024,512,4,True,11,5.147073741847194,5.905694576590173,6.271375132516256,-0.36568055592608306,-11.916388710680184,-12.730513678536035,0.18413027689155664,0.6515457932073258,0.0,0.0,0.9596566119386966,0.141845703125,1.88533196241226e-09,0.025390625,0.07421875
role,Summary,4,1,0.0001,1024,512,1024,512,4,True,10,5.92373630413379,5.1980440695428385,5.678797248736812,-0.4807531791939733,-10.407205083119377,-11.463238845082007,0.1568359474035857,0.5765543532019471,0.0,0.0,0.9614569580654654,0.067138671875,0.018872007011069915,0.025390625,0.06640625
role,Summary,4,1,0.001,1024,512,1024,512,4,True,9,6.801779790702562,4.823818019644767,5.42999445864423,-0.6061764389994626,-9.614256679484416,-10.927652471665912,0.1375164164459016,0.5475851984833574,0.0,0.0,0.9772730014738815,0.08740234375,0.0007483178262765376,0.0234375,0.068359375
role,Summary,4,2,1e-06,1024,512,1024,512,4,True,10,10.86487800294149,10.535746989670692,11.07791810493254,-0.5421711152618467,-21.685170371953284,-22.769189090354427,0.0604114061687688,0.5429412985270435,0.5,0.06900886963219402,0.8655355673578637,0.239013671875,3.1887373181708863e-26,0.041015625,0.150390625
role,Summary,4,2,0.0001,1024,512,1024,512,4,True,11,12.77538461127673,8.465818644140686,9.27091998910003,-0.8051013449593426,-17.512864637023892,-19.20203601826519,0.04862138507881572,0.5768522919327246,0.5,0.06900886963219398,0.8705455460626369,0.171630859375,1.1733514068701636e-13,0.052734375,0.125
role,Summary,4,2,0.001,1024,512,1024,512,4,True,11,15.440243002863044,7.357843732956653,8.399220465051927,-1.0413767320952734,-15.184339358299397,-17.43232406354709,0.03913423753459122,0.6250280074301948,0.5,0.06900886963219399,0.9127290232437126,0.147705078125,3.253418476592591e-10,0.056640625,0.1171875
role,Summary,4,3,1e-06,1024,512,1024,512,4,True,11,8.410943143967199,6.961906630245193,7.218669710974716,-0.256763080729523,-14.052795065462073,-14.694703249069246,0.06553031204608639,0.3858701521226433,0.3333333333333333,0.01660089943037268,0.9206592346707838,0.16259765625,2.699240341806039e-12,0.015625,0.091796875
role,Summary,4,3,0.0001,1024,512,1024,512,4,True,9,9.785005746577884,6.119081342009318,6.512463909245298,-0.39338256723598,-12.448318057416518,-13.368417232858166,0.043860958966239594,0.4151888732612423,0.3333333333333333,0.016600899430372695,0.9229177058108798,0.094482421875,0.00019836283729350612,0.015625,0.078125
role,Summary,4,3,0.001,1024,512,1024,512,4,True,10,11.446230671251525,5.688868253922021,6.249914220669467,-0.5610459667474477,-11.58316539198628,-12.834326569380098,0.04035888061671254,0.46863729535600346,0.3333333333333333,0.016600899430372677,0.9426073520254789,0.064208984375,0.028057859913442007,0.021484375,0.083984375
role,Summary,4,4,1e-06,1024,512,1024,512,4,True,10,6.1245219839448,6.075028429080245,6.255506354006515,-0.18047792492627057,-12.616935056822683,-13.214691674290595,0.10156292697641277,0.3214490957197557,0.16666666666666666,0.005384682138253279,0.5944454329161201,0.247314453125,4.540222662098484e-28,0.00390625,0.04296875
role,Summary,4,4,0.0001,1024,512,1024,512,4,True,9,7.082964752856407,5.328558251740226,5.625988213247747,-0.29742996150752055,-10.916114654544602,-11.730198431845167,0.07711635185174999,0.2589815397410305,0.16666666666666666,0.005384682138253278,0.5961043917148134,0.13818359375,5.449539449045153e-09,0.001953125,0.025390625
role,Summary,4,4,0.001,1024,512,1024,512,4,True,9,8.238915784666844,4.9552040396136325,5.378367105176019,-0.4231630655623862,-10.023345739304009,-11.062055641668106,0.059860737945816915,0.2835571376215088,0.16666666666666666,0.005384682138253275,0.61080077339434,0.09033203125,0.0004374694419466158,0.005859375,0.025390625
role,Summary,4,5,1e-06,1024,512,1024,512,4,True,10,4.736672487842576,6.862900326213996,7.298526475754315,-0.43562614954031875,-12.748240215746975,-13.740715326993106,0.11985233456687475,0.3039566350376505,0.16666666666666666,0.014888481529306125,0.6447281340436377,0.217529296875,9.459488382674146e-22,0.001953125,0.03125
role,Summary,4,5,0.0001,1024,512,1024,512,4,True,10,5.391899705582617,5.622296148205656,6.1944433264467555,-0.5721471782410996,-10.701386197732951,-11.980134890928612,0.09319903309938225,0.24806757260945075,0.16666666666666666,0.014888481529306117,0.6469788000761704,0.138427734375,5.081701845273509e-09,0.001953125,0.029296875
role,Summary,4,5,0.001,1024,512,1024,512,4,True,11,6.157617850082036,4.997383858168016,5.704856469396791,-0.7074726112287748,-9.603769818238257,-11.164965189042665,0.07380443946996951,0.26503431884716916,0.16666666666666666,0.014888481529306127,0.6668113973566369,0.09033203125,0.0004374694419466158,0.001953125,0.017578125
role,Summary,4,6,1e-06,1024,512,1024,512,4,True,9,4.422156198889816,4.568572401796802,4.80432210234009,-0.2357497005432891,-7.905651507574553,-8.28256080615671,0.18474249434908746,0.494272245643272,0.16666666666666666,0.01696447508391765,0.6303504852183601,0.139892578125,3.3324466839220886e-09,0.0,0.015625
role,Summary,4,6,0.0001,1024,512,1024,512,4,True,9,5.112573991702998,4.095051611261597,4.462753468278114,-0.3677018570165177,-7.349854637332912,-7.996160822829477,0.1511797023894065,0.35658143458641994,0.16666666666666666,0.016964475083917654,0.6315805684248237,0.112060546875,4.68430393341721e-06,0.0,0.013671875
role,Summary,4,6,0.001,1024,512,1024,512,4,True,10,5.784550223769757,3.861951984898125,4.339943936312499,-0.4779919514143752,-7.059983423992674,-7.935982800778711,0.1298107510335763,0.2914414957376396,0.16666666666666666,0.01696447508391765,0.6425499662046048,0.155517578125,2.7926918452185234e-11,0.0,0.017578125
role,Summary,4,7,1e-06,1024,512,1024,512,4,True,9,4.9250460261163935,4.051116574282281,4.305608229808748,-0.2544916555264678,-7.315360768680885,-7.904692798564938,0.09208806956237191,0.509338989398759,0.3333333333333333,0.028601618918977962,0.596395307081299,0.10986328125,7.749030480510302e-06,0.0,0.005859375
role,Summary,4,7,0.0001,1024,512,1024,512,4,True,10,5.704397407485558,3.714377814956348,4.122780451597156,-0.4084026366408081,-7.05616131147419,-7.974789056223349,0.07872794846783414,0.4019768850859792,0.3333333333333333,0.028601618918977962,0.5977003315626969,0.1494140625,1.9224955576690654e-10,0.0,0.005859375
role,Summary,4,7,0.001,1024,512,1024,512,4,True,10,6.417755389434903,3.556747933822386,4.091800532642031,-0.535052598819644,-6.91590980883211,-8.092624134931263,0.07183989311230295,0.3593634427701962,0.3333333333333333,0.02860161891897797,0.6093659278974468,0.156494140625,2.036077973541081e-11,0.0,0.009765625
role,Summary,4,8,1e-06,1024,512,1024,512,4,True,11,4.832637515660883,5.888934521254837,6.170368705032563,-0.2814341837777251,-9.387471064972768,-9.754860697732495,0.08054031899226392,0.5070461044752894,0.16666666666666666,0.044182499430429636,0.2685419136729772,0.265380859375,2.552721027500437e-32,0.001953125,0.05859375
role,Summary,4,8,0.0001,1024,512,1024,512,4,True,10,5.539931786734901,4.8151610114158,5.234348352751824,-0.4191873413360238,-8.18659708673718,-8.847006504788276,0.06863376946554975,0.3760300454225415,0.16666666666666666,0.04418249943042962,0.2688990386031506,0.2060546875,1.5297325000520715e-19,0.0,0.037109375
role,Summary,4,8,0.001,1024,512,1024,512,4,True,10,6.301014512204703,4.289066386148461,4.83235287545137,-0.5432864893029099,-7.596444008349218,-8.500685866039275,0.0729455564290383,0.3058264316602307,0.16666666666666666,0.04418249943042962,0.27232267346484856,0.177001953125,1.6746396806903126e-14,0.001953125,0.041015625
role,Summary,4,9,1e-06,1024,512,1024,512,4,True,9,4.258252161947337,4.8500500747153374,5.037156021176649,-0.18710594646131212,-8.12522572221068,-8.41347504027577,0.10199604724653664,0.5760756409003311,0.16666666666666666,0.03456941861450313,0.48840863443147164,0.18115234375,3.566522933485555e-15,0.001953125,0.052734375
role,Summary,4,9,0.0001,1024,512,1024,512,4,True,10,4.855276082862327,4.164437841466361,4.4892508297279115,-0.32481298826155125,-7.373720468400583,-7.962126901928976,0.08970969047846715,0.4581565608498204,0.16666666666666666,0.03456941861450313,0.48971181986204537,0.12646484375,1.346882989549801e-07,0.001953125,0.052734375
role,Summary,4,9,0.001,1024,512,1024,512,4,True,11,5.445968415034061,3.8112635853413166,4.277117045849809,-0.46585346050849247,-6.959749357150134,-7.818600980685742,0.08384328281305022,0.39686740431217643,0.16666666666666666,0.03456941861450314,0.501413684155254,0.177978515625,1.1676671101616719e-14,0.00390625,0.048828125
role,Summary,4,10,1e-06,1024,512,1024,512,4,True,9,4.070240044285438,5.814676368945261,6.2692199840042395,-0.4545436150589782,-10.161356540876291,-11.125373534580667,0.17341808812265003,0.7242878996565478,0.16666666666666666,0.04929440824741661,0.3883979962708396,0.2705078125,1.3891584634417496e-33,0.015625,0.103515625
role,Summary,4,10,0.0001,1024,512,1024,512,4,True,9,4.612025852661773,4.638728582214412,5.2075553882818815,-0.5688268060674693,-8.378080782052098,-9.569168172582788,0.1426246711774372,0.5995488771647652,0.16666666666666666,0.04929440824741661,0.38798522588136114,0.195068359375,1.5243164035850007e-17,0.01171875,0.078125
role,Summary,4,10,0.001,1024,512,1024,512,4,True,8,5.215301179196107,4.092017105634531,4.737401684369674,-0.6453845787351431,-7.527737392144573,-8.882964401201521,0.11983112912591229,0.5185754265441939,0.16666666666666666,0.049294408247416606,0.38434815242402487,0.177734375,1.278064028969618e-14,0.009765625,0.068359375
role,Summary,4,11,1e-06,1024,512,1024,512,4,True,10,4.248569331141667,4.256750801666341,4.535000164789022,-0.2782493631226821,-7.6005588871087815,-8.201115764030266,0.13116679036853895,0.5969311374551199,0.3333333333333333,0.01929708767966242,0.770887037049534,0.126953125,1.1851788826228413e-07,0.0,0.021484375
role,Summary,4,11,0.0001,1024,512,1024,512,4,True,10,4.902633810503198,3.80599456550844,4.22404380615044,-0.4180492406419998,-7.085884010486246,-7.94823090649238,0.10176050698951121,0.4873540971254629,0.3333333333333333,0.019297087679662425,0.772759566727548,0.156494140625,2.036077973541081e-11,0.0,0.015625
role,Summary,4,11,0.001,1024,512,1024,512,4,True,11,5.530445577026386,3.5712774114594237,4.1376437934677455,-0.5663663820083221,-6.797549047364795,-7.913540516233806,0.0900153492968162,0.436523785416048,0.3333333333333333,0.01929708767966242,0.7893688289878329,0.180908203125,3.910195136231971e-15,0.0,0.021484375
role,Summary,4,12,1e-06,1024,512,1024,512,4,True,9,6.003862419057784,2.45173104271858,2.422176962032109,0.029554080686470627,-5.380232412236998,-5.607487822120779,0.11612680859307935,0.326046702964293,0.0,0.0,0.3692251994369417,0.18701171875,3.7732989564876387e-16,0.044921875,0.044921875
role,Summary,4,12,0.0001,1024,512,1024,512,4,True,9,6.370802497040559,2.4712514523687443,2.604063183574086,-0.13281173120534195,-5.460974107619389,-5.982409642421983,0.1279486775603635,0.3227851727924836,0.0,0.0,0.3689376960789153,0.18603515625,5.514795236516515e-16,0.044921875,0.046875
role,Summary,4,12,0.001,1024,512,1024,512,4,True,9,6.664344695508966,2.4762137057562694,2.6939995013256484,-0.2177857955693791,-5.480486809591729,-6.146478180322369,0.1344697622402169,0.3220736352368735,0.0,0.0,0.3663439129133083,0.17236328125,9.030366532332844e-14,0.04296875,0.046875
role,Summary,4,13,1e-06,1024,512,1024,512,4,True,10,6.239788030010054,7.275034673944964,7.725128537359298,-0.45009386341433444,-14.088152567200275,-15.182052407863871,0.12551075717351876,0.9346820756228215,0.16666666666666666,0.04641804846803423,0.5603194509599084,0.270751953125,1.2075474379241903e-33,0.064453125,0.12890625
role,Summary,4,13,0.0001,1024,512,1024,512,4,True,9,6.99710562819914,5.8364885651378025,6.490941818487299,-0.6544532533494956,-11.309152568785144,-12.794892123829511,0.10726740750713681,0.8062010802101294,0.16666666666666666,0.04641804846803422,0.5594465136824511,0.206787109375,1.1151880918844645e-19,0.064453125,0.12109375
role,Summary,4,13,0.001,1024,512,1024,512,4,True,9,7.918422547970997,5.128607360491845,5.919495469334274,-0.79088810884243,-9.943574647560766,-11.676051939636265,0.09306400165408253,0.7030208546243347,0.16666666666666666,0.04641804846803425,0.5516170244419423,0.201904296875,8.972642373467396e-19,0.0703125,0.12109375
role,Summary,4,14,1e-06,1024,512,1024,512,4,True,11,4.28983214765168,5.553547235024826,5.9096718848542515,-0.3561246498294254,-9.13534859114542,-9.712413561997366,0.11213097168587507,0.8823950561049912,0.16666666666666666,0.06375292729256184,0.4525021016072063,0.253173828125,2.0582538509047522e-29,0.021484375,0.109375
role,Summary,4,14,0.0001,1024,512,1024,512,4,True,10,4.856616456954173,4.520578861471404,5.033800970310513,-0.5132221088391092,-7.785858505542144,-8.639955753370968,0.0866074304609987,0.7681111578922267,0.16666666666666666,0.06375292729256184,0.45297068374962374,0.188720703125,1.9327091938741476e-16,0.03515625,0.107421875
role,Summary,4,14,0.001,1024,512,1024,512,4,True,10,5.456519342773033,4.013162581533472,4.647411960040479,-0.6342493785070062,-7.155967989535572,-8.212946955065778,0.07899225324017092,0.6957345827477628,0.16666666666666666,0.06375292729256182,0.4572763852856195,0.186279296875,5.016614212353419e-16,0.037109375,0.09765625
role,Summary,4,15,1e-06,1024,512,1024,512,4,True,9,3.024487643055746,4.961065419099084,5.432561066176841,-0.47149564707775704,-9.162958173191225,-10.380402656668863,0.20977783302769668,0.6054150765932733,0.16666666666666666,0.07087635739783339,0.35446037623084486,0.20849609375,5.3099475083042135e-20,0.02734375,0.0859375
role,Summary,4,15,0.0001,1024,512,1024,512,4,True,8,3.3953822789444588,4.093586892167654,4.7241235359636295,-0.6305366437959752,-7.597493481449227,-9.13495713975671,0.17488697357816155,0.4998115852020508,0.16666666666666666,0.07087635739783339,0.3541636399960786,0.159912109375,6.631152818641698e-12,0.0234375,0.080078125
role,Summary,4,15,0.001,1024,512,1024,512,4,True,9,3.7948446137937086,3.651443610673413,4.379294940318362,-0.7278513296449485,-6.775464988778488,-8.536764898276608,0.15126522260137454,0.43648014922698103,0.16666666666666666,0.07087635739783342,0.35153451441271644,0.13134765625,3.6653652817365215e-08,0.017578125,0.068359375
role,Summary,4,16,1e-06,1024,512,1024,512,4,True,9,3.4549856909335084,5.581456345243731,6.1248552090424,-0.54339886379867,-10.613858667939347,-11.975826244319164,0.20573918410312483,0.7966085335240864,0.16666666666666666,0.018726285253556487,0.550777776455871,0.22509765625,2.822934771095092e-23,0.00390625,0.1015625
role,Summary,4,16,0.0001,1024,512,1024,512,4,True,9,3.91369517291971,4.559213474947459,5.237248390567293,-0.6780349156198336,-8.721155869912245,-10.371657412003355,0.1726815065054064,0.6788769335351627,0.16666666666666666,0.018726285253556484,0.5503671913972893,0.1650390625,1.1765559819272068e-12,0.001953125,0.087890625
role,Summary,4,16,0.001,1024,512,1024,512,4,True,9,4.435965332963911,4.032797599103421,4.799147829965222,-0.7663502308618023,-7.7238288960667525,-9.54086063280044,0.14931710888852479,0.5997926950554787,0.16666666666666666,0.01872628525355648,0.5466810915123339,0.13623046875,9.488717725531023e-09,0.009765625,0.080078125
role,Summary,4,17,1e-06,1024,512,1024,512,4,True,11,4.354137671479026,6.465030206164133,7.03436508788288,-0.5693348817187462,-12.28223680097939,-13.656259705903729,0.1274667577878418,0.732727826358004,0.16666666666666666,0.07153843413014217,0.431488694090318,0.27392578125,1.929907117796277e-34,0.041015625,0.158203125
role,Summary,4,17,0.0001,1024,512,1024,512,4,True,10,4.917647908462141,5.156441478689994,5.840051669384403,-0.6836101906944093,-10.04428749458191,-11.748073179915643,0.10012617881423883,0.6156074448439792,0.16666666666666666,0.07153843413014219,0.4310098922691545,0.21826171875,6.7709666305899065e-22,0.03125,0.12109375
role,Summary,4,17,0.001,1024,512,1024,512,4,True,8,5.590699002638143,4.503619241572498,5.265997067138226,-0.7623778255657283,-8.87123475658424,-10.828070015076236,0.08022579967815494,0.5363362102886091,0.16666666666666666,0.0715384341301422,0.42673878521854364,0.18505859375,8.043565829592644e-16,0.037109375,0.115234375
role,Summary,4,18,1e-06,1024,512,1024,512,4,True,9,4.533288837379796,8.916034803960544,9.66862468291402,-0.7525898789534755,-15.889579431112027,-17.59257460813602,0.18680983073357008,0.5742283998259623,0.16666666666666666,0.0535398684451838,0.4719583250269835,0.33056640625,2.3648397928087835e-50,0.0234375,0.107421875
role,Summary,4,18,0.0001,1024,512,1024,512,4,True,10,5.063076327752057,6.947963712635567,7.804123853926498,-0.8561601412909307,-12.58614890701104,-14.574246847703797,0.1643078103536677,0.4361681260316653,0.16666666666666666,0.05353986844518383,0.47421394110448634,0.253173828125,2.0582538509047522e-29,0.005859375,0.0703125
role,Summary,4,18,0.001,1024,512,1024,512,4,True,10,5.743092407459245,5.890657688763328,6.881400806840928,-0.9907431180776003,-10.748305710359887,-13.045734715998424,0.14750854108903483,0.3349157019175871,0.16666666666666666,0.053539868445183825,0.4942438980702629,0.206298828125,1.3769427695172934e-19,0.005859375,0.0546875
role,Summary,4,19,1e-06,1024,512,1024,512,4,True,8,6.699395178299364,9.184489870173184,10.006174611724768,-0.8216847415515846,-17.36520256290228,-19.024868747091826,0.15666637149208806,0.7028790716558231,0.5,0.11268391331677194,0.7052591614251977,0.303466796875,2.4675167557272e-42,0.0703125,0.130859375
role,Summary,4,19,0.0001,1024,512,1024,512,4,True,9,7.508422303638181,7.284352942748351,8.225343879322482,-0.9409909365741305,-13.834168952858501,-15.804131279212097,0.1392264217974737,0.6490941803303362,0.5,0.11268391331677187,0.7042666206028285,0.261474609375,2.2538492490594506e-31,0.05859375,0.123046875
role,Summary,4,19,0.001,1024,512,1024,512,4,True,9,8.58426297006807,6.284975754187032,7.349032993829732,-1.0640572396427004,-11.987141839221199,-14.242953170911173,0.12546609709054146,0.6192408405611192,0.5,0.11268391331677191,0.6954910699448635,0.246826171875,5.855174409324181e-28,0.0703125,0.123046875
role,Summary,4,20,1e-06,1024,512,1024,512,4,True,9,5.770668067334228,9.44039773662427,10.143468877928719,-0.7030711413044491,-17.130193796053433,-18.555667748268633,0.15569328416230777,0.5364999216566335,0.3333333333333333,0.07412948014596754,0.36819320813578554,0.3388671875,5.831028357153204e-53,0.046875,0.13671875
role,Summary,4,20,0.0001,1024,512,1024,512,4,True,10,6.446338739142553,7.340968321303178,8.171848878895775,-0.830880557592595,-13.462931962909526,-15.169186975110744,0.13681473811983721,0.4404375527635945,0.3333333333333333,0.07412948014596756,0.3682096168445926,0.28857421875,3.0242932517018117e-38,0.029296875,0.115234375
role,Summary,4,20,0.001,1024,512,1024,512,4,True,9,7.349235536790513,6.252397487657238,7.21862061411685,-0.9662231264596121,-11.512555352934925,-13.50682239633769,0.12216042337480797,0.38233861515276857,0.3333333333333333,0.07412948014596751,0.36872596803745716,0.259765625,5.781877334093457e-31,0.0234375,0.111328125
role,Summary,4,21,1e-06,1024,512,1024,512,4,True,11,4.758145722266102,8.333317543070518,9.066925792924476,-0.7336082498539562,-15.08122232883747,-16.218677903028205,0.13741761240645642,0.7146811614091644,0.16666666666666666,0.09973889547978013,0.48527454261117997,0.322265625,8.131122854182609e-48,0.05859375,0.16015625
role,Summary,4,21,0.0001,1024,512,1024,512,4,True,10,5.356292436402837,6.438298602490727,7.313717096634974,-0.875418494144248,-12.015878197369512,-13.468895747512224,0.11459757185350194,0.639407868202141,0.16666666666666666,0.09973889547978011,0.4848428395862914,0.2783203125,1.4670286112971212e-35,0.046875,0.140625
role,Summary,4,21,0.001,1024,512,1024,512,4,True,8,6.15349417264191,5.4202857141095695,6.422082921421923,-1.0017972073123556,-10.322767353534942,-12.074892663051319,0.0984994049424372,0.5948796133458272,0.16666666666666666,0.09973889547978014,0.4810240152075348,0.237060546875,8.48101022788655e-26,0.046875,0.10546875
role,Summary,4,22,1e-06,1024,512,1024,512,4,True,10,7.703461250255932,9.235147944116804,9.806081276835407,-0.5709333327186024,-17.759136434476602,-18.9924044214226,0.09597608577312061,0.5721522991047555,0.3333333333333333,0.08272934674112813,0.3661039816870731,0.306640625,3.104660565021947e-43,0.0546875,0.12109375
role,Summary,4,22,0.0001,1024,512,1024,512,4,True,9,8.666942413870903,7.26201256605159,7.952720193434869,-0.6907076273832777,-14.107155246726236,-15.61230838319105,0.08011101588888839,0.4827280192926692,0.3333333333333333,0.08272934674112808,0.3658911605485916,0.259033203125,8.640573571610937e-31,0.044921875,0.103515625
role,Summary,4,22,0.001,1024,512,1024,512,4,True,9,10.0040176215766,6.2541022269521775,7.067711016654384,-0.8136087897022064,-12.194861809432677,-13.956006684485173,0.06765283650848544,0.43064363309807896,0.3333333333333333,0.08272934674112811,0.36438771614934823,0.22216796875,1.1157137421124006e-22,0.044921875,0.09375
role,Summary,4,23,1e-06,1024,512,1024,512,4,True,10,8.020394807697823,10.222464687892888,10.754611993003508,-0.5321473051106221,-18.364760741128777,-19.69894880875504,0.11564108241707478,0.9491646038865033,0.16666666666666666,0.07477196378845259,0.40756800813793803,0.365966796875,5.548481557938828e-62,0.025390625,0.07421875
role,Summary,4,23,0.0001,1024,512,1024,512,4,True,10,9.047859997145927,8.078233987569128,8.764343650376205,-0.686109662807077,-14.694383809953653,-16.3605862174401,0.10005130665582797,0.7374569782962109,0.16666666666666666,0.07477196378845255,0.408369601385694,0.296630859375,1.9797661043430448e-40,0.0234375,0.060546875
role,Summary,4,23,0.001,1024,512,1024,512,4,True,10,10.472830208555962,7.00240863442053,7.844315154436069,-0.8419065200155382,-12.775764642961475,-14.774984911950337,0.09946201474771385,0.548627278430064,0.16666666666666666,0.07477196378845258,0.415972401529161,0.259521484375,6.611271513660417e-31,0.025390625,0.052734375
role,Summary,4,24,1e-06,1024,512,1024,512,4,True,9,8.347122890661932,11.770079143759418,12.619381947309149,-0.8493028035497301,-21.703635982187674,-23.33166296314716,0.10882479891697913,0.7194636880662735,0.16666666666666666,0.07622374580119405,0.4455750679982225,0.40771484375,1.9084575650611834e-77,0.033203125,0.091796875
role,Summary,4,24,0.0001,1024,512,1024,512,4,True,9,9.398224795994672,9.099771587899186,10.078426703464855,-0.9786551155656691,-16.81013414510984,-18.73324594876668,0.09545356876675157,0.5915860697417689,0.16666666666666666,0.07622374580119406,0.4449204825239459,0.3388671875,5.831028357153204e-53,0.029296875,0.0625
role,Summary,4,24,0.001,1024,512,1024,512,4,True,9,10.984496798750323,7.667317093827688,8.808853405080328,-1.14153631125264,-14.15448954982465,-16.419830935161574,0.08679590739781805,0.4961210373883697,0.16666666666666666,0.07622374580119408,0.4401010431152891,0.314208984375,2.013234882806979e-45,0.025390625,0.056640625
role,Summary,4,25,1e-06,1024,512,1024,512,4,True,9,8.61755111883822,11.557520215409019,12.290365143164713,-0.7328449277556958,-23.45730605346003,-24.942402542282515,0.06990208248897781,0.6684770463356452,0.3333333333333333,0.09452151726982906,0.5664592595747251,0.310302734375,2.7576743354651736e-44,0.05859375,0.103515625
role,Summary,4,25,0.0001,1024,512,1024,512,4,True,9,10.223386073891138,8.98393505225683,9.881398627974445,-0.8974635757176148,-18.214758698769522,-20.05177579878913,0.05270010988792066,0.6341815538938518,0.3333333333333333,0.09452151726982905,0.565731257548188,0.266845703125,1.11795696106199e-32,0.060546875,0.09765625
role,Summary,4,25,0.001,1024,512,1024,512,4,True,10,12.437024348042803,7.5804214749612875,8.653054500233125,-1.072633025271837,-15.30934961296364,-17.512610742795506,0.04125465435246744,0.6366620337754844,0.3333333333333333,0.09452151726982909,0.5597539360475468,0.256591796875,3.2684365809485645e-30,0.060546875,0.09375
role,Summary,4,26,1e-06,1024,512,1024,512,4,True,9,5.798461931671605,8.63578815856654,9.416361849302785,-0.7805736907362449,-16.83919273906027,-18.33919001599599,0.12974702899260449,0.7107547928040466,0.5,0.10999619098768657,1.0444115058349692,0.276611328125,4.017119745811437e-35,0.080078125,0.16015625
role,Summary,4,26,0.0001,1024,512,1024,512,4,True,9,6.5194410927423485,6.884375237395408,7.839867275292191,-0.9554920378967842,-13.346571239639825,-15.182742733599317,0.11442251595365406,0.6677599454147028,0.5,0.10999619098768655,1.0438822057871544,0.242431640625,5.6406750936957435e-27,0.0703125,0.142578125
role,Summary,4,26,0.001,1024,512,1024,512,4,True,10,7.526462951089627,5.906538617427987,6.980382874527596,-1.0738442570996087,-11.408504717640554,-13.488821385296049,0.10055652625782871,0.6403949207511683,0.5,0.10999619098768655,1.0391421943420742,0.234130859375,3.6209106456369184e-25,0.0859375,0.13671875
role,Summary,4,27,1e-06,1024,512,1024,512,4,True,9,7.2173406914817955,9.287621543518343,10.075487980532692,-0.7878664370143496,-18.847051586173464,-20.38583309026947,0.12365454264138244,0.8020646561225376,0.3333333333333333,0.0649249262053783,0.8955953101035066,0.303955078125,1.7964949611747467e-42,0.087890625,0.16015625
role,Summary,4,27,0.0001,1024,512,1024,512,4,True,9,8.1081786263811,7.2888674821731225,8.214047358332937,-0.925179876159814,-14.785376652787894,-16.60663240965955,0.10762514631372891,0.7576736773314846,0.3333333333333333,0.06492492620537835,0.8946862165493059,0.259765625,5.781877334093457e-31,0.07421875,0.13671875
role,Summary,4,27,0.001,1024,512,1024,512,4,True,10,9.376843404793455,6.246018097091575,7.284357771642974,-1.0383396745513995,-12.63243445246254,-14.718868183280863,0.09489379219868238,0.7318602754625874,0.3333333333333333,0.06492492620537836,0.8866018622368643,0.23046875,2.163737944092039e-24,0.0859375,0.12890625
role,Summary,4,28,1e-06,1024,512,1024,512,4,True,9,4.540671321892152,5.792485946561303,6.025133282383521,-0.23264733582221858,-10.711432494061505,-11.237842756686954,0.19181555414956583,0.6189850188720223,0.5,0.10877026944155568,0.40474675065998644,0.208251953125,5.906031702124291e-20,0.015625,0.072265625
role,Summary,4,28,0.0001,1024,512,1024,512,4,True,9,5.165683815482751,4.896680900414179,5.293709672361965,-0.39702877194778646,-9.04154398681337,-9.899792787505191,0.16221663865678,0.49381699589423783,0.5,0.10877026944155568,0.40453085213166584,0.17919921875,7.418585515012082e-15,0.013671875,0.05859375
role,Summary,4,28,0.001,1024,512,1024,512,4,True,9,5.834637630071359,4.481422831788636,5.010831165382672,-0.5294083335940357,-8.23628109551502,-9.36725793097785,0.14231488641140405,0.4221045514448753,0.5,0.10877026944155568,0.402620034363772,0.153564453125,5.22218285863621e-11,0.01171875,0.0546875
role,Summary,4,29,1e-06,1024,512,1024,512,4,True,10,4.871242256966926,9.411537334407539,10.119501440085507,-0.7079641056779665,-19.084349972295097,-21.107141735322482,0.15358632936271266,0.6370863667918859,0.5,0.12456372418575369,0.6902435145746243,0.2783203125,1.4670286112971212e-35,0.05078125,0.142578125
role,Summary,4,29,0.0001,1024,512,1024,512,4,True,10,5.633037553040334,7.325492373154575,8.138762626868463,-0.8132702537138867,-14.641039393125363,-16.86014591070488,0.12577275279325367,0.5418916563397729,0.5,0.12456372418575369,0.6895019341948915,0.25244140625,3.0427664873988116e-29,0.05859375,0.126953125
role,Summary,4,29,0.001,1024,512,1024,512,4,True,10,6.5500167113834875,6.267652659972335,7.200871133884076,-0.9332184739117415,-12.341374546460324,-14.704596230449614,0.10636764263696974,0.4955076379801044,0.5,0.12456372418575368,0.6829015745478921,0.233154296875,5.849393426811333e-25,0.046875,0.119140625
role,Summary,4,30,1e-06,1024,512,1024,512,4,True,10,4.163081679126182,6.182825525486458,6.627391585859751,-0.444566060373294,-11.03374497156761,-12.008538727799191,0.21713449870825538,0.7901451337452277,0.3333333333333333,0.09267077447307877,0.8198072222396995,0.272216796875,5.194991219139863e-34,0.048828125,0.11328125
role,Summary,4,30,0.0001,1024,512,1024,512,4,True,9,4.697442496121239,4.989393705136392,5.562543855762823,-0.5731501506264319,-9.035417458382543,-10.307985612562266,0.18860940941471557,0.681471526591805,0.3333333333333333,0.09267077447307881,0.8194243099913717,0.228515625,5.546620660865588e-24,0.03515625,0.09375
role,Summary,4,30,0.001,1024,512,1024,512,4,True,9,5.337148310826395,4.387208968297063,5.070632363670793,-0.6834233953737299,-8.006663104780193,-9.52266927612291,0.16860639580703968,0.6060541140335116,0.3333333333333333,0.0926707744730788,0.8159854982877691,0.21435546875,3.97430757230516e-21,0.0390625,0.0859375
role,Summary,4,31,1e-06,1024,512,1024,512,4,True,8,2.1998306531214764,4.813209083871829,4.9029678613382055,-0.08975877746637596,-9.375825508642386,-9.474933555458914,0.2990612188728639,0.7900973221992651,0.16666666666666666,0.04696691355564773,1.0268881797765907,0.14990234375,1.6523246671537947e-10,0.0,0.021484375
role,Summary,4,31,0.0001,1024,512,1024,512,4,True,8,2.8097573112941236,3.9219297337254906,4.437153525570304,-0.5152237918448132,-7.611209128914561,-8.558459004312974,0.232731221251945,0.6641115296065578,0.16666666666666666,0.04696691355564772,1.0267995049693295,0.10546875,2.0576263910496454e-05,0.001953125,0.025390625
role,Summary,4,31,0.001,1024,512,1024,512,4,True,9,3.4064195359412834,3.5096192774884236,4.293570559524953,-0.78395128203653,-6.791024985082239,-8.261548245707296,0.20405802109616833,0.615858158216852,0.16666666666666666,0.04696691355564773,1.0260059054292257,0.0849609375,0.0011547248519778034,0.015625,0.056640625
role,Summary,5,0,1e-06,2048,1024,1024,1024,4,True,10,1.9119931677861826,4.1819932172684116,4.305448911194727,-0.12345569392631434,-10.167824393801164,-10.574119653390213,0.35493836970479714,0.6050668693368234,0.16666666666666666,0.06095075716480938,0.673832989902913,0.159423828125,3.3434946547626966e-23,0.0,0.0224609375
role,Summary,5,0,0.0001,2048,1024,1024,1024,4,True,9,2.3324804417208855,3.517098865330887,4.1089562898543335,-0.5918574245234473,-8.189336082541908,-9.642487331789562,0.29742116453962253,0.5314943555123157,0.16666666666666666,0.06095075716480938,0.6750698389840235,0.111572265625,1.4728926142869072e-11,0.0,0.0068359375
role,Summary,5,0,0.001,2048,1024,1024,1024,4,True,10,2.727423205572588,3.1218771924588085,3.929101782434749,-0.8072245899759405,-7.058070182335467,-9.032232286886478,0.2648116217335598,0.5060202122491748,0.16666666666666666,0.06095075716480938,0.6861199232595725,0.132080078125,4.885827320051343e-16,0.0,0.0009765625
role,Summary,5,1,1e-06,2048,1024,1024,1024,4,True,10,4.952164026323738,5.865347425790924,6.207811545586493,-0.3424641197955697,-12.376200285630603,-13.133403478722864,0.1677407572176963,0.6450478463118009,0.0,0.0,1.0167033419102354,0.157470703125,1.2062234418563808e-22,0.0234375,0.072265625
role,Summary,5,1,0.0001,2048,1024,1024,1024,4,True,9,5.64649962764619,5.179549245345658,5.65222813161664,-0.47267888627098226,-10.723739220796684,-11.740190450834364,0.14186520964565252,0.5782326573700667,0.0,0.0,1.0187555270501427,0.049072265625,0.013940981736299636,0.029296875,0.06640625
role,Summary,5,1,0.001,2048,1024,1024,1024,4,True,10,6.4390025744348165,4.795943227760791,5.415264819754174,-0.6193215919933828,-9.81392537511303,-11.124724688812389,0.12409700340752598,0.5532087439326853,0.0,0.0,1.0366983908093295,0.07861328125,5.957971976032627e-06,0.029296875,0.06640625
role,Summary,5,2,1e-06,2048,1024,1024,1024,4,True,11,10.76252710680841,9.80941721451197,10.297797142870227,-0.48837992835825594,-21.668915350538313,-22.65302718654091,0.07833856662385554,0.6079592471867603,0.5,0.06253554161688095,0.7317758940582983,0.20068359375,1.2631400459225036e-36,0.048828125,0.16796875
role,Summary,5,2,0.0001,2048,1024,1024,1024,4,True,11,12.673772277549261,8.083432669631406,8.889168663472386,-0.8057359938409798,-17.593994099204036,-19.223890770276657,0.06464741497795916,0.6300738576067089,0.5,0.06253554161688092,0.738216517750879,0.10546875,2.2603510775725193e-10,0.05078125,0.1376953125
role,Summary,5,2,0.001,2048,1024,1024,1024,4,True,11,15.323124105594204,7.077468349615775,8.16442283989246,-1.0869544902766832,-15.270693265411197,-17.541465633453683,0.053593510328718875,0.6668539695585016,0.5,0.06253554161688095,0.7923540501241216,0.12060546875,1.946261106116027e-13,0.0732421875,0.140625
role,Summary,5,3,1e-06,2048,1024,1024,1024,4,True,10,8.734581719666869,6.349846450228899,6.655904525460775,-0.30605807523187634,-14.527613846229123,-15.163523632055249,0.10774604635448624,0.5542859378158561,0.5,0.042751414818552366,0.8678319076584947,0.22216796875,7.07250864333553e-45,0.03125,0.12109375
role,Summary,5,3,0.0001,2048,1024,1024,1024,4,True,10,10.123090115632802,5.7298322094092935,6.199615927703741,-0.4697837182944476,-12.75300296163471,-13.67750160196746,0.09128932142282291,0.5595530649900181,0.5,0.04275141481855235,0.8704713903010929,0.127197265625,6.6785319560061816e-15,0.048828125,0.1083984375
role,Summary,5,3,0.001,2048,1024,1024,1024,4,True,10,11.807639564945665,5.38841975361867,6.0336091243631,-0.645189370744429,-11.82435427628197,-13.088759226922981,0.08502855517585944,0.5857749195379615,0.5,0.042751414818552366,0.8934821281103893,0.086181640625,4.575466160480047e-07,0.048828125,0.1083984375
role,Summary,5,4,1e-06,2048,1024,1024,1024,4,True,9,5.999723625423029,5.74857739837516,6.01680333519809,-0.26822593682293017,-13.024386425512574,-13.548828834342824,0.14473580890928275,0.4481389058593879,0.16666666666666666,0.008156163010401002,0.5829967210916376,0.27734375,3.973846351981374e-70,0.0205078125,0.10546875
role,Summary,5,4,0.0001,2048,1024,1024,1024,4,True,9,6.92011579327938,5.035662593990541,5.430108012375478,-0.3944454183849377,-11.177552932982728,-11.925007102500883,0.11577532924332015,0.42889790461908944,0.16666666666666666,0.008156163010401002,0.5848001231391066,0.18408203125,7.640253150321185e-31,0.0263671875,0.0810546875
role,Summary,5,4,0.001,2048,1024,1024,1024,4,True,9,8.047096962872635,4.6439750649061295,5.176835420509564,-0.5328603556034344,-10.187550183432352,-11.194610951191308,0.10678167001394992,0.45242278314580386,0.16666666666666666,0.008156163010401,0.6007907209628015,0.134765625,1.111166976835318e-16,0.029296875,0.0859375
role,Summary,5,5,1e-06,2048,1024,1024,1024,4,True,10,5.022851579888485,6.061549759373505,6.487636056829054,-0.4260862974555486,-11.814132860685628,-12.452569458735525,0.1255636842865649,0.42170027937795934,0.16666666666666666,0.01849959278985618,0.79821080567222,0.17822265625,6.322466873751491e-29,0.001953125,0.0625
role,Summary,5,5,0.0001,2048,1024,1024,1024,4,True,11,5.744211339577817,5.185187245050828,5.760064972548562,-0.5748777274977341,-10.310116226055728,-11.27005059280048,0.09711216038059103,0.357502426952948,0.16666666666666666,0.01849959278985617,0.8009086923382648,0.0927734375,4.034319916444201e-08,0.0009765625,0.029296875
role,Summary,5,5,0.001,2048,1024,1024,1024,4,True,10,6.552533234934895,4.71303732678202,5.43899636061901,-0.7259590338369899,-9.431749711393445,-10.750429137178513,0.07943775922214806,0.3513853436742872,0.16666666666666666,0.018499592789856176,0.8245282302185741,0.072265625,4.2733135585867755e-05,0.0029296875,0.0263671875
role,Summary,5,6,1e-06,2048,1024,1024,1024,4,True,9,4.149833851813868,4.294294734271056,4.448977956479386,-0.15468322220832992,-8.285177368003277,-8.661400512571033,0.19535108442780924,0.5625378060493286,0.16666666666666666,0.011597293705658077,0.6703834841729293,0.130126953125,1.407474893672287e-15,0.0,0.017578125
role,Summary,5,6,0.0001,2048,1024,1024,1024,4,True,10,4.7833502686882,3.9667189574204067,4.271733603923941,-0.3050146465035348,-7.615871823116279,-8.251406030899876,0.161504970338242,0.42803064296296883,0.16666666666666666,0.011597293705658082,0.6718538334136804,0.072998046875,3.433354770643387e-05,0.0009765625,0.017578125
role,Summary,5,6,0.001,2048,1024,1024,1024,4,True,10,5.41687256001166,3.782843223453602,4.218966909937075,-0.43612368648347216,-7.231082256746777,-8.118561399645904,0.1400400485232763,0.360542387750491,0.16666666666666666,0.011597293705658087,0.6849376291070753,0.11279296875,8.373156106932522e-12,0.001953125,0.021484375
role,Summary,5,7,1e-06,2048,1024,1024,1024,4,True,9,4.953124070519335,3.469281028175371,3.6595491982352506,-0.19026817005987953,-6.5782413068257535,-6.786524240853742,0.14421472858379092,0.4770475646691008,0.3333333333333333,0.013540698037112758,0.5966181290454529,0.15576171875,3.658015076895767e-22,0.0009765625,0.005859375
role,Summary,5,7,0.0001,2048,1024,1024,1024,4,True,10,5.625373281174339,3.3660852414192233,3.6900817487288844,-0.32399650730966123,-6.538164070131547,-7.075896473349021,0.11693632364605788,0.4039527507119843,0.3333333333333333,0.013540698037112758,0.5980948772761167,0.166748046875,2.355070505509659e-25,0.0009765625,0.0068359375
role,Summary,5,7,0.001,2048,1024,1024,1024,4,True,10,6.20555156895642,3.3089947193924116,3.764298035747762,-0.45530331635535004,-6.456411681633826,-7.2741019383118,0.10225890719638639,0.3791561073990777,0.3333333333333333,0.013540698037112763,0.6112703112441715,0.171142578125,1.0793131567041156e-26,0.0009765625,0.0078125
role,Summary,5,8,1e-06,2048,1024,1024,1024,4,True,10,4.518147342877251,4.522749384889206,4.6394908131966845,-0.11674142830747879,-8.631330069606248,-8.877227096736839,0.16160710920263133,0.675000796267499,0.16666666666666666,0.027496852820392912,0.26152653321844793,0.13916015625,9.225216397156194e-18,0.005859375,0.0390625
role,Summary,5,8,0.0001,2048,1024,1024,1024,4,True,9,5.148238189297164,4.031607645032835,4.30088249675736,-0.2692748517245244,-7.7277181009487395,-8.282057928029868,0.13319431554526723,0.5243796461661586,0.16666666666666666,0.027496852820392926,0.26216832110536176,0.0693359375,0.00010030967166199287,0.005859375,0.0224609375
role,Summary,5,8,0.001,2048,1024,1024,1024,4,True,10,5.787936836708085,3.775360510876026,4.178549450923233,-0.4031889400472076,-7.242331776675474,-8.061140851192762,0.11495061655950502,0.4299358518533445,0.16666666666666666,0.027496852820392916,0.2681047856951759,0.098388671875,4.4227659336379555e-09,0.005859375,0.0224609375
role,Summary,5,9,1e-06,2048,1024,1024,1024,4,True,10,4.03186165936097,4.26549249531106,4.366600366430628,-0.10110787111956876,-7.997089135195683,-8.142627390666663,0.12540046195868268,0.6158920916785285,0.16666666666666666,0.030294992727989585,0.4521008141620151,0.111083984375,1.8430164026408002e-11,0.0078125,0.0498046875
role,Summary,5,9,0.0001,2048,1024,1024,1024,4,True,11,4.55880102560292,3.832142341547588,4.092737290163138,-0.2605949486155499,-7.331272248919846,-7.822555840486471,0.09445444527339421,0.5035703828782094,0.16666666666666666,0.030294992727989585,0.4533924377631282,0.109375,4.0076324268544635e-11,0.0068359375,0.05078125
role,Summary,5,9,0.001,2048,1024,1024,1024,4,True,11,5.072397066482024,3.5807958753940925,3.9865764269544,-0.40578055156030757,-6.899469597139945,-7.699679231123477,0.08423878031188346,0.4428371806538645,0.16666666666666666,0.03029499272798958,0.4650052863870209,0.139892578125,6.045281744155845e-18,0.0048828125,0.0537109375
role,Summary,5,10,1e-06,2048,1024,1024,1024,4,True,9,3.7063911435827848,5.3997294934385565,5.850601449786831,-0.4508719563482756,-9.68987616637978,-10.55223602860111,0.2128186771011904,0.7372232092007815,0.16666666666666666,0.0327820078732267,0.4655687874237788,0.2236328125,1.799185579231154e-45,0.013671875,0.05859375
role,Summary,5,10,0.0001,2048,1024,1024,1024,4,True,9,4.199931625335782,4.436455736487057,5.013918532311828,-0.5774627958247716,-8.064866159825634,-9.165094093572105,0.18008887827218714,0.6209307893204186,0.16666666666666666,0.032782007873226715,0.465091019039703,0.159912109375,2.4198965756563943e-23,0.0087890625,0.0537109375
role,Summary,5,10,0.001,2048,1024,1024,1024,4,True,9,4.740634885295012,3.9631034946556953,4.638389471657492,-0.6752859770017955,-7.2592810714528495,-8.567699956759743,0.15659407655547342,0.548380165329082,0.16666666666666666,0.032782007873226715,0.4608772091519604,0.13623046875,4.891314884012604e-17,0.013671875,0.048828125
role,Summary,5,11,1e-06,2048,1024,1024,1024,4,True,10,3.7768429715981164,3.8297481286330486,4.122180112864974,-0.2924319842319266,-7.368501256924638,-8.094634379066953,0.18720430161704252,0.6598179189006449,0.3333333333333333,0.01495956850208044,0.6891030579018989,0.07958984375,4.335573244810983e-06,0.0,0.0078125
role,Summary,5,11,0.0001,2048,1024,1024,1024,4,True,10,4.3543183316308625,3.5489132812318496,3.963814616001499,-0.4149013347696492,-6.901785099690501,-7.880648927519353,0.13355782204034006,0.523849131931937,0.3333333333333333,0.01495956850208044,0.6911746872666799,0.126220703125,1.113336853091984e-14,0.0,0.0087890625
role,Summary,5,11,0.001,2048,1024,1024,1024,4,True,10,4.905933775411651,3.3813768659785803,3.928012738595486,-0.546635872616906,-6.594339946554388,-7.844491676996994,0.10340477143922791,0.4505784613402341,0.3333333333333333,0.014959568502080434,0.7095469022504879,0.16650390625,2.788292228448948e-25,0.0,0.0087890625
role,Summary,5,12,1e-06,2048,1024,1024,1024,4,True,9,5.594777718531747,2.6258707763931737,2.730831054924038,-0.1049602785308641,-5.145954961596365,-5.217001407421931,0.09311363188188289,0.33521463787684147,0.0,0.0,0.39310222343187784,0.211181640625,1.5078114587409725e-40,0.033203125,0.0361328125
role,Summary,5,12,0.0001,2048,1024,1024,1024,4,True,9,6.020884322916269,2.6584644195733693,2.9129802300194814,-0.2545158104461116,-5.240345119356629,-5.615459336807911,0.07384588932969989,0.3321050558815994,0.0,0.0,0.3928156605151251,0.206298828125,1.0687900097119908e-38,0.033203125,0.0361328125
role,Summary,5,12,0.001,2048,1024,1024,1024,4,True,9,6.355712757437622,2.6618836171637916,2.994347104295101,-0.332463487131309,-5.270469722924433,-5.816725392334252,0.06623880711064903,0.3357084964509854,0.0,0.0,0.3902358637200048,0.193359375,5.197049770224678e-34,0.03125,0.0361328125
role,Summary,5,13,1e-06,2048,1024,1024,1024,4,True,10,5.0018548428395775,5.744432406079053,6.111052031147832,-0.3666196250687788,-11.867312928983072,-12.632139589639827,0.12879930198601613,0.7585697582177681,0.16666666666666666,0.0209427372048201,0.43919799113376873,0.17529296875,5.443189614759686e-28,0.0361328125,0.1240234375
role,Summary,5,13,0.0001,2048,1024,1024,1024,4,True,9,5.619335212250602,4.837424829787096,5.406486502249115,-0.569061672462018,-9.880588837485227,-11.00060442444589,0.10664392898489791,0.6405022747437394,0.16666666666666666,0.020942737204820094,0.4383207040768313,0.111328125,1.647798250737287e-11,0.0380859375,0.09765625
role,Summary,5,13,0.001,2048,1024,1024,1024,4,True,9,6.315477456708673,4.391480832993925,5.097279979636536,-0.7057991466426101,-8.845520140873047,-10.244492052046635,0.09097102932074522,0.5583278463860453,0.16666666666666666,0.020942737204820105,0.4305094557359862,0.09130859375,7.028974160351883e-08,0.0341796875,0.0888671875
role,Summary,5,14,1e-06,2048,1024,1024,1024,4,True,10,3.6380412931377215,4.484191705341004,4.793702255714211,-0.30951055037320696,-8.363751503333521,-8.941728160509568,0.17384296256963716,0.8220936427354576,0.16666666666666666,0.03547955388340013,0.49838485960587575,0.177978515625,7.575459684957246e-29,0.01171875,0.06640625
role,Summary,5,14,0.0001,2048,1024,1024,1024,4,True,10,4.113390155863711,3.776344922669255,4.228910897992092,-0.45256597532283754,-7.192335833316183,-8.058803716000623,0.12599478000196165,0.7077798445074343,0.16666666666666666,0.03547955388340012,0.4990888167672644,0.116455078125,1.4820529019797564e-12,0.009765625,0.0595703125
role,Summary,5,14,0.001,2048,1024,1024,1024,4,True,10,4.602612652852246,3.441116469712819,4.002808785544094,-0.5616923158312752,-6.61832539845682,-7.726633651740293,0.09502700892327015,0.6384135858494143,0.16666666666666666,0.03547955388340014,0.5054687380234265,0.06640625,0.00022727789719023266,0.013671875,0.0595703125
role,Summary,5,15,1e-06,2048,1024,1024,1024,4,True,9,2.8968505223023,4.479738534571908,4.9908084973944735,-0.5110699628225647,-9.45941281109001,-10.531556332827584,0.21842542093440911,0.6773598979210464,0.16666666666666666,0.05509315289685439,0.5003957791459721,0.236572265625,6.693465018342676e-51,0.02734375,0.126953125
role,Summary,5,15,0.0001,2048,1024,1024,1024,4,True,8,3.2896270915874477,3.7048474640373756,4.415145488197302,-0.7102980241599258,-7.8484225512464985,-9.294881122777678,0.17285473629725337,0.6063964141051755,0.16666666666666666,0.05509315289685438,0.5002696922368387,0.159912109375,2.4198965756563943e-23,0.0283203125,0.115234375
role,Summary,5,15,0.001,2048,1024,1024,1024,4,True,9,3.7090994475897316,3.2978762301484856,4.12858160190765,-0.8307053717591637,-6.948098747693233,-8.62843103565475,0.14851144374263442,0.5716735229864162,0.16666666666666666,0.05509315289685439,0.499195485691604,0.12548828125,1.6291027693619264e-14,0.033203125,0.1162109375
role,Summary,5,16,1e-06,2048,1024,1024,1024,4,True,9,3.356700844441537,4.9515705530633065,5.470189537819381,-0.5186189847560752,-9.67898665432472,-10.731837435505572,0.2053546975163057,0.7332987570442475,0.16666666666666666,0.013996789072518301,0.6145393957202081,0.18701171875,7.947830124923053e-32,0.0068359375,0.1064453125
role,Summary,5,16,0.0001,2048,1024,1024,1024,4,True,9,3.8085272632612552,4.126350195789883,4.795925959143318,-0.6695757633534335,-8.194649315172072,-9.531645129619928,0.17113842528331377,0.6469136598998484,0.16666666666666666,0.0139967890725183,0.6140809503332534,0.136962890625,3.234308675946685e-17,0.0078125,0.08984375
role,Summary,5,16,0.001,2048,1024,1024,1024,4,True,9,4.303577523119065,3.6887091153086975,4.4674697958590635,-0.7787606805503666,-7.366650788956265,-8.913251786092014,0.14822462856139884,0.5984925014058662,0.16666666666666666,0.013996789072518305,0.6099736472674268,0.103271484375,5.816582299462623e-10,0.013671875,0.0751953125
role,Summary,5,17,1e-06,2048,1024,1024,1024,4,True,11,4.1101035667994505,5.939706747249813,6.544515855371887,-0.6048091081220737,-11.990599414530555,-13.199789860440557,0.1836974240226503,0.7477424300259592,0.16666666666666666,0.06456045456605049,0.5125843954024656,0.233154296875,1.954335018027739e-49,0.0673828125,0.19921875
role,Summary,5,17,0.0001,2048,1024,1024,1024,4,True,10,4.634238859140523,4.799508028673422,5.564857023336345,-0.7653489946629223,-9.851478810529422,-11.371022525319319,0.14565380368168868,0.6735162554029497,0.16666666666666666,0.06456045456605049,0.5125661938108348,0.17724609375,1.3011046351321077e-28,0.0361328125,0.1591796875
role,Summary,5,17,0.001,2048,1024,1024,1024,4,True,8,5.255742685051343,4.2071766935292345,5.096457648890798,-0.8892809553615643,-8.68112576927916,-10.453100939603223,0.1248636473225638,0.6310942611463801,0.16666666666666666,0.06456045456605047,0.5125216712445639,0.149658203125,1.7387170657903212e-20,0.033203125,0.142578125
role,Summary,5,18,1e-06,2048,1024,1024,1024,4,True,10,4.598005025030384,8.524461629424433,9.384919531593429,-0.8604579021689938,-14.86866769722713,-16.28538061069687,0.1804908492427348,0.6088291261763705,0.16666666666666666,0.048481487770599255,0.6638876688587806,0.314453125,1.7268391061765157e-90,0.044921875,0.125
role,Summary,5,18,0.0001,2048,1024,1024,1024,4,True,9,5.15980838450004,6.671682156389753,7.642746575599608,-0.971064419209855,-11.927179721920727,-13.619645700804705,0.157120313937604,0.5516219166529578,0.16666666666666666,0.04848148777059926,0.6664343244614919,0.247314453125,1.1853542855963544e-55,0.04296875,0.0966796875
role,Summary,5,18,0.001,2048,1024,1024,1024,4,True,10,5.8730392253431045,5.619504326888167,6.736735821390306,-1.11723149450214,-10.293312456186138,-12.293916462279313,0.14003610723086057,0.5280243601677292,0.16666666666666666,0.048481487770599276,0.6889562945354631,0.19970703125,2.8565502036857447e-36,0.03125,0.0869140625
role,Summary,5,19,1e-06,2048,1024,1024,1024,4,True,9,5.5079520426125,9.483760260515076,10.350278006776712,-0.8665177462616374,-17.586860843205734,-19.30606215645724,0.1739082034885508,0.6842323081598979,0.5,0.0999565456522844,0.601657900077995,0.308349609375,5.99140358206441e-87,0.0732421875,0.12890625
role,Summary,5,19,0.0001,2048,1024,1024,1024,4,True,9,6.169638219047947,7.461313573315579,8.468128040804618,-1.0068144674890394,-13.924927049958534,-15.975522681820873,0.15476540092158686,0.6297306541164812,0.5,0.09995654565228446,0.6008601135647746,0.232421875,4.000238782317457e-49,0.0625,0.119140625
role,Summary,5,19,0.001,2048,1024,1024,1024,4,True,9,7.058799303550741,6.347025145664006,7.515914725853623,-1.1688895801896169,-11.879788086156875,-14.257377290841099,0.1402578435682682,0.6022763409289277,0.5,0.09995654565228443,0.5941477642538497,0.2265625,1.1319051349521608e-46,0.0595703125,0.1123046875
role,Summary,5,20,1e-06,2048,1024,1024,1024,4,True,9,5.551003828794548,8.990277187550266,9.774207310513898,-0.7839301229636326,-17.29360473839164,-18.821231012362635,0.12470426665948083,0.5805321461551689,0.5,0.07709942649032733,0.4849482957997681,0.286865234375,4.350623175052072e-75,0.068359375,0.166015625
role,Summary,5,20,0.0001,2048,1024,1024,1024,4,True,9,6.1946490085465244,6.985526755724679,7.891541264877263,-0.9060145091525859,-13.579889561190537,-15.39594918455839,0.10566521791397197,0.5451751111760645,0.5,0.07709942649032733,0.48477197305829206,0.23974609375,2.785266965706982e-52,0.06640625,0.1416015625
role,Summary,5,20,0.001,2048,1024,1024,1024,4,True,10,7.0473625079757,5.9039172310358,6.9404143954420014,-1.0364971644062013,-11.58781629912216,-13.718148899599653,0.09103158630055011,0.5359613844161846,0.5,0.07709942649032732,0.4835380319008588,0.2197265625,6.781508897207981e-44,0.0654296875,0.1337890625
role,Summary,5,21,1e-06,2048,1024,1024,1024,4,True,9,4.3917910071349215,8.06143312495617,8.667346752876243,-0.6059136279200723,-15.43161824492558,-16.38293809224519,0.16149872745405439,0.6834176757247157,0.16666666666666666,0.08068478642847791,0.48525956734956616,0.270751953125,8.475776405487399e-67,0.0498046875,0.1337890625
role,Summary,5,21,0.0001,2048,1024,1024,1024,4,True,8,4.934010152644836,6.37778233265327,7.14259245539883,-0.7648101227455602,-12.219975752698819,-13.477458973540474,0.13851439605652127,0.6010991566605467,0.16666666666666666,0.08068478642847789,0.48485506486229335,0.210205078125,3.564993203563359e-40,0.0458984375,0.1171875
role,Summary,5,21,0.001,2048,1024,1024,1024,4,True,9,5.656215007108949,5.432004676338334,6.3437277732915724,-0.9117230969532388,-10.409860199972924,-11.989947448753433,0.122598323946639,0.5534571717993267,0.16666666666666666,0.08068478642847789,0.48136306797441475,0.189697265625,9.665598367735833e-33,0.0498046875,0.109375
role,Summary,5,22,1e-06,2048,1024,1024,1024,4,True,9,6.131982380160352,8.743307801646399,9.484101849473133,-0.7407940478267345,-17.433944541710197,-18.896309866947377,0.12911283377382637,0.6447802896394076,0.3333333333333333,0.06837798349927549,0.5052701416064401,0.296875,1.6911679958785697e-80,0.060546875,0.1552734375
role,Summary,5,22,0.0001,2048,1024,1024,1024,4,True,9,6.877664432894089,6.859126963365401,7.727174216273225,-0.8680472529078229,-13.750517898014675,-15.498640162977452,0.11094773492276205,0.5925043265789903,0.3333333333333333,0.0683779834992755,0.5058617277433447,0.22900390625,1.0970807665581886e-47,0.0546875,0.1279296875
role,Summary,5,22,0.001,2048,1024,1024,1024,4,True,10,7.893413336662104,5.8509368109434625,6.846629605502937,-0.9956927945594738,-11.753056488216284,-13.796758799764982,0.09697424001873405,0.5684913154622223,0.3333333333333333,0.06837798349927547,0.5114882481936409,0.2255859375,2.857927745689442e-46,0.0556640625,0.107421875
role,Summary,5,23,1e-06,2048,1024,1024,1024,4,True,10,8.571910914362647,8.855241785298077,9.564632269625374,-0.7093904843272982,-18.75852864754852,-20.02294137707336,0.09220340435880862,0.7516536731031244,0.16666666666666666,0.061480781202666805,0.5845551173432483,0.276611328125,9.404601127362301e-70,0.0849609375,0.150390625
role,Summary,5,23,0.0001,2048,1024,1024,1024,4,True,8,9.670697862678905,7.064398956993571,7.932254333333012,-0.8678553763394414,-15.062929083139018,-16.64334190235429,0.07492704028819715,0.7314334319494262,0.16666666666666666,0.06148078120266682,0.5843056768927626,0.1904296875,5.4117818933242396e-33,0.076171875,0.1328125
role,Summary,5,23,0.001,2048,1024,1024,1024,4,True,10,11.193528281045207,6.107899364940227,7.1462461529151,-1.038346787974872,-13.12726004363995,-15.028463544223804,0.06081158247680536,0.7273219626833988,0.16666666666666666,0.06148078120266682,0.5825970713253098,0.16259765625,4.0153735626230505e-24,0.0771484375,0.1279296875
role,Summary,5,24,1e-06,2048,1024,1024,1024,4,True,9,7.281281475249764,10.687994247602347,11.51028976448294,-0.8222955168805922,-22.370488527417088,-24.259795059767832,0.08355125203494286,0.7260281672241402,0.16666666666666666,0.0658679682477667,0.570032593932172,0.30322265625,4.928430644326334e-84,0.0615234375,0.1279296875
role,Summary,5,24,0.0001,2048,1024,1024,1024,4,True,10,8.17386809589515,8.256851175087396,9.217431999734593,-0.960580824647197,-17.139664931463255,-19.326846256599804,0.06957012749644534,0.6847817181216176,0.16666666666666666,0.06586796824776672,0.5695398789528695,0.224853515625,5.708709825893692e-46,0.060546875,0.1083984375
role,Summary,5,24,0.001,2048,1024,1024,1024,4,True,11,9.52173373899849,6.929625916643442,8.060495179564583,-1.1308692629211419,-14.25131388250264,-16.777973146293768,0.058655997398708706,0.6669457798691522,0.16666666666666666,0.06586796824776671,0.5657404368444153,0.18701171875,7.947830124923053e-32,0.0556640625,0.1015625
role,Summary,5,25,1e-06,2048,1024,1024,1024,4,True,9,8.93676617243595,10.93726055435599,11.784831622490225,-0.8475710681342344,-23.847014306388147,-25.41481913860669,0.07298532880795114,0.7535204998102348,0.16666666666666666,0.07050952053060135,0.752274157223326,0.273681640625,2.878984771512318e-68,0.087890625,0.154296875
role,Summary,5,25,0.0001,2048,1024,1024,1024,4,True,10,10.161420681418848,8.46968069285356,9.469121860778323,-0.9994411679247637,-18.40832368619381,-20.306077085488283,0.05936189772624447,0.7462658177083243,0.16666666666666666,0.07050952053060133,0.7510255577332271,0.241943359375,3.003142045309895e-53,0.083984375,0.1328125
role,Summary,5,25,0.001,2048,1024,1024,1024,4,True,10,12.096217244907569,7.060591727566539,8.230676709133327,-1.1700849815667878,-15.382345768580407,-17.64313931490646,0.04843022810727929,0.753774277774817,0.16666666666666666,0.07050952053060137,0.7400292907541739,0.22216796875,7.07250864333553e-45,0.083984375,0.126953125
role,Summary,5,26,1e-06,2048,1024,1024,1024,4,True,9,5.477866135200446,8.677553586396824,9.512815595269789,-0.8352620088729638,-17.064919867450314,-18.585939463435107,0.13080298643282673,0.6827336928278367,0.5,0.10772615511343234,0.9681136018664854,0.290771484375,3.5571342030038296e-77,0.0830078125,0.1787109375
role,Summary,5,26,0.0001,2048,1024,1024,1024,4,True,9,6.139257260172539,6.825804826666034,7.827018003951448,-1.0012131772854145,-13.394284946170133,-15.234211847969586,0.11170940495667028,0.6446155452250062,0.5,0.10772615511343239,0.9675066478727212,0.249267578125,1.5343553447796837e-56,0.060546875,0.1435546875
role,Summary,5,26,0.001,2048,1024,1024,1024,4,True,10,7.063605470590225,5.783188639090337,6.9027261716546064,-1.1195375325642702,-11.368071074488427,-13.445671949352542,0.09796473127612244,0.6259925583201504,0.5,0.10772615511343239,0.96207053127869,0.23388671875,9.525405418793016e-50,0.0703125,0.134765625
role,Summary,5,27,1e-06,2048,1024,1024,1024,4,True,9,7.055915159846632,9.422227468327254,10.266216830862067,-0.8439893625348127,-18.965036874160575,-20.40162825053053,0.12166982843178435,0.7397309217355846,0.5,0.08294442625897398,0.8234497659244753,0.309814453125,8.605938115515097e-88,0.080078125,0.1455078125
role,Summary,5,27,0.0001,2048,1024,1024,1024,4,True,9,7.905570720298668,7.36824781107022,8.365300577481054,-0.9970527664108334,-14.821686745729398,-16.529600187110184,0.10564945474293334,0.7085348386803126,0.5,0.08294442625897397,0.8223505974576542,0.258056640625,1.254815140320185e-60,0.0771484375,0.12890625
role,Summary,5,27,0.001,2048,1024,1024,1024,4,True,9,9.113736885278268,6.267350640934797,7.4012518026464775,-1.1339011617116794,-12.624946016526371,-14.594352622015261,0.09299610822789077,0.6952973915767342,0.5,0.082944426258974,0.8126173720418546,0.2568359375,4.73435177634125e-60,0.07421875,0.1279296875
role,Summary,5,28,1e-06,2048,1024,1024,1024,4,True,10,4.451129987850794,5.2850539199860895,5.648402492970279,-0.36334857298418965,-11.212989929905588,-11.882584774979833,0.1565058110989588,0.6169526292269943,0.5,0.06870999305796588,0.7001309227315897,0.2060546875,1.3189809255198038e-38,0.0712890625,0.169921875
role,Summary,5,28,0.0001,2048,1024,1024,1024,4,True,9,4.983627800955888,4.407327470665124,4.916615780149574,-0.5092883094844495,-9.304160354391543,-10.26827286303434,0.1301604820092927,0.583689772697553,0.5,0.0687099930579659,0.6998323489123839,0.159912109375,2.4198965756563943e-23,0.056640625,0.1435546875
role,Summary,5,28,0.001,2048,1024,1024,1024,4,True,9,5.586187970602265,3.9766068872052838,4.6167002930909735,-0.64009340588569,-8.371392129910674,-9.590161560033055,0.11163886805956282,0.5736962336844306,0.5,0.06870999305796589,0.6971577109674089,0.122314453125,8.261997941836841e-14,0.0576171875,0.1328125
role,Summary,5,29,1e-06,2048,1024,1024,1024,4,True,9,4.6535868906164755,9.308173124927436,10.095854078074108,-0.7876809531466731,-18.24734156965305,-19.989786323803415,0.15700802013707682,0.5750019974258843,0.5,0.08670013559082455,0.7633651215456716,0.296142578125,4.2745694238114146e-80,0.0478515625,0.1279296875
role,Summary,5,29,0.0001,2048,1024,1024,1024,4,True,9,5.261421043024333,7.242202920624445,8.138469874419556,-0.8962669537951093,-14.089675939791896,-16.07151398574942,0.13270173614373265,0.5199056233180299,0.5,0.08670013559082455,0.762609328177976,0.259521484375,2.5276876723808537e-61,0.0546875,0.1201171875
role,Summary,5,29,0.001,2048,1024,1024,1024,4,True,10,6.027138588228477,6.165188683190726,7.163279321171299,-0.9980906379805723,-11.903498048604947,-14.08438879579877,0.11524159591788732,0.4960629085316002,0.5,0.08670013559082461,0.7558691686492742,0.2470703125,1.5286879415320575e-55,0.0439453125,0.1025390625
role,Summary,5,30,1e-06,2048,1024,1024,1024,4,True,9,4.039645913287641,5.842782576575765,6.318825869896069,-0.4760432933203049,-11.18988820152568,-11.934054918693171,0.22785848786209775,0.7301652561023055,0.3333333333333333,0.04052355120844841,0.8862880532275595,0.2607421875,6.601467069027302e-62,0.0517578125,0.1611328125
role,Summary,5,30,0.0001,2048,1024,1024,1024,4,True,9,4.527448369486115,4.664486413594016,5.2460004037578924,-0.5815139901638757,-9.038804825784116,-10.072031588991356,0.2005893643009224,0.6624149308911003,0.3333333333333333,0.04052355120844839,0.8859163324600807,0.220458984375,3.4513655291508687e-44,0.0400390625,0.12890625
role,Summary,5,30,0.001,2048,1024,1024,1024,4,True,9,5.109904945351125,4.05257828763832,4.721711878051827,-0.6691335904135067,-7.928985902779814,-9.193354035712417,0.18168734191878155,0.621619537767688,0.3333333333333333,0.040523551208448395,0.88257547524291,0.19921875,4.289090361603066e-36,0.046875,0.1259765625
role,Summary,5,31,1e-06,2048,1024,1024,1024,4,True,7,2.348351188414313,4.719416289764245,4.739277797444053,-0.019861507679807728,-8.863795183058476,-8.777896310528584,0.2841741717208862,0.7001621605733687,0.16666666666666666,0.022387248602694674,1.0019372761067276,0.17431640625,1.1065492191854461e-27,0.00390625,0.0400390625
role,Summary,5,31,0.0001,2048,1024,1024,1024,4,True,8,2.9391385482584638,3.810851087233769,4.224583028029908,-0.41373194079613895,-7.297306418797127,-8.061421433423003,0.20292891535481755,0.6064755097711859,0.16666666666666666,0.02238724860269467,1.0018438686397293,0.134521484375,1.2728912836604195e-16,0.0087890625,0.033203125
role,Summary,5,31,0.001,2048,1024,1024,1024,4,True,8,3.5004697318994378,3.3778301848708105,4.039508659807831,-0.6616784749370211,-6.5580980838293685,-7.861763624308656,0.16238039066060916,0.5750649525346754,0.16666666666666666,0.022387248602694667,1.001006779472215,0.112548828125,9.379100976846719e-12,0.03125,0.083984375
role,Summary,6,0,1e-06,3296,1760,1024,1024,4,True,8,1.8984128010923396,3.904550307303789,3.927515182807914,-0.02296487550412477,-10.791046077012043,-11.140125819238454,0.37974874748794424,0.5791579380078473,0.16666666666666666,0.059408147127752046,0.5809904686337638,0.253662109375,1.4488987424281208e-58,0.0,0.0185546875
role,Summary,6,0,0.0001,3296,1760,1024,1024,4,True,10,2.3197426493480275,3.4160403799843806,3.911662356934825,-0.4956219769504445,-8.758743464620748,-10.166258430112848,0.3240006706678751,0.51025196569719,0.16666666666666666,0.05940814712775204,0.5822114743123368,0.204833984375,3.760831813983377e-38,0.0,0.0029296875
role,Summary,6,0,0.001,3296,1760,1024,1024,4,True,10,2.707700391031656,3.0939519725115505,3.7957210055337756,-0.701769033022225,-7.580805320274905,-9.506703957951283,0.29310325530146986,0.48760231232809237,0.16666666666666666,0.05940814712775204,0.5931391132046655,0.220947265625,2.197188362178636e-44,0.0,0.0009765625
role,Summary,6,1,1e-06,3296,1760,1024,1024,4,True,10,4.871049981605595,6.1563047225397804,6.438587327226566,-0.28228260468678557,-12.329298426957571,-12.934112622643362,0.17359478898413544,0.5715019281541921,0.0,0.0,1.0325974784854184,0.150146484375,1.28406146873018e-20,0.01171875,0.052734375
role,Summary,6,1,0.0001,3296,1760,1024,1024,4,True,9,5.551470806748599,5.371152595414236,5.786237783572744,-0.4150851881585081,-10.583530574038607,-11.444501553995767,0.14729876906447942,0.479899417874916,0.0,0.0,1.0344532661203074,0.060791015625,0.0009873494371718623,0.0146484375,0.0498046875
role,Summary,6,1,0.001,3296,1760,1024,1024,4,True,10,6.33613702103029,4.944604930585023,5.502553386862246,-0.557948456277223,-9.644769335564716,-10.798608070087619,0.12900386837447775,0.44289373444740904,0.0,0.0,1.0506998726318457,0.108154296875,6.92829541236691e-11,0.0185546875,0.04296875
role,Summary,6,2,1e-06,3296,1760,1024,1024,4,True,11,8.977616295155883,9.691594252854024,9.988773114885703,-0.297178862031678,-21.277460154647386,-22.026132695266163,0.07147772192377126,0.45339592775341564,0.5,0.04453518830221066,1.000727913655716,0.166259765625,3.3003696476978365e-25,0.025390625,0.1171875
role,Summary,6,2,0.0001,3296,1760,1024,1024,4,True,11,10.576634113878795,7.9898418718062185,8.613605533788888,-0.6237636619826676,-17.13188368159002,-18.553487363174128,0.05852862226961762,0.4935443351475626,0.5,0.04453518830221065,1.0063817600842508,0.09326171875,3.346097718393811e-08,0.0263671875,0.099609375
role,Summary,6,2,0.001,3296,1760,1024,1024,4,True,10,12.735843089372391,6.9949017078629785,7.939667058354833,-0.9447653504918554,-14.723225173809931,-16.794144150863985,0.0485763960189734,0.5525284772566854,0.5,0.04453518830221065,1.0531849542477654,0.125732421875,1.435322449979045e-14,0.033203125,0.0947265625
role,Summary,6,3,1e-06,3296,1760,1024,1024,4,True,9,7.647939519814033,6.929301370496287,7.147239707213069,-0.21793833671678262,-14.54259413908401,-15.170478865061916,0.08032822053146738,0.4204710023455697,0.3333333333333333,0.06892293231825192,0.9046247576586134,0.167236328125,1.678822875166155e-25,0.0283203125,0.083984375
role,Summary,6,3,0.0001,3296,1760,1024,1024,4,True,10,8.79076206160917,6.09298964216724,6.47985921398438,-0.3868695718171391,-12.636103028177455,-13.572896598358465,0.06145358479593635,0.4319244181831748,0.3333333333333333,0.06892293231825192,0.9071828003977704,0.080810546875,2.897851143526614e-06,0.0283203125,0.0810546875
role,Summary,6,3,0.001,3296,1760,1024,1024,4,True,10,10.182833475565257,5.637064306206923,6.226150300898247,-0.5890859946913249,-11.593060982436565,-12.895085607142747,0.04827992722363037,0.47155515775057594,0.3333333333333333,0.06892293231825193,0.9294333961805077,0.05517578125,0.0037672841933497924,0.0302734375,0.0810546875
role,Summary,6,4,1e-06,3296,1760,1024,1024,4,True,9,5.775209822115087,6.051228918942854,6.224274737856085,-0.17304581891323112,-12.496553756282623,-13.029290912221347,0.10314670881585111,0.35667663749200906,0.16666666666666666,0.009168391752129726,0.700775949559887,0.2236328125,1.799185579231154e-45,0.009765625,0.06640625
role,Summary,6,4,0.0001,3296,1760,1024,1024,4,True,9,6.655251465664895,5.314080761145372,5.617460179666813,-0.3033794185214417,-10.886513639517656,-11.691716046204341,0.0729287423120798,0.32045019163772503,0.16666666666666666,0.009168391752129728,0.7026117923655038,0.12060546875,1.946261106116027e-13,0.01171875,0.05078125
role,Summary,6,4,0.001,3296,1760,1024,1024,4,True,9,7.709784648447467,4.888752905078115,5.341132000652368,-0.4523790955742527,-9.952255356466866,-11.053836578188736,0.05475713070961,0.34773179163757423,0.16666666666666666,0.009168391752129728,0.7188351592604663,0.0703125,7.577470969345556e-05,0.0107421875,0.0537109375
role,Summary,6,5,1e-06,3296,1760,1024,1024,4,True,10,4.910032603802925,5.658480977457859,5.986880646384755,-0.32839966892689637,-11.02100468474648,-11.61829366270485,0.1357521242613226,0.31507413126321115,0.16666666666666666,0.012572705239545817,0.756230465204938,0.154541015625,8.018888488086625e-22,0.0029296875,0.0380859375
role,Summary,6,5,0.0001,3296,1760,1024,1024,4,True,11,5.645964490377771,4.900748889086021,5.367040862546574,-0.4662919734605527,-9.827254607592241,-10.741723383969838,0.10821466839169641,0.3044110130867432,0.16666666666666666,0.012572705239545817,0.7585506828932338,0.081787109375,2.090137390362055e-06,0.0048828125,0.0380859375
role,Summary,6,5,0.001,3296,1760,1024,1024,4,True,10,6.448626980602461,4.47991612636396,5.098033827919022,-0.6181177015550623,-9.082545002283899,-10.369604442803539,0.0901563093607777,0.3401291932077633,0.16666666666666666,0.012572705239545815,0.7789573195784089,0.0673828125,0.00017372365717925782,0.0087890625,0.0400390625
role,Summary,6,6,1e-06,3296,1760,1024,1024,4,True,9,4.32804091564122,4.114189853722277,4.1650559886062215,-0.05086613488394484,-7.84137204993775,-7.942640509481457,0.17498419447979827,0.3610742013751765,0.16666666666666666,0.006459694411523749,0.7168579968877148,0.106201171875,1.6421341147101565e-10,0.0,0.009765625
role,Summary,6,6,0.0001,3296,1760,1024,1024,4,True,9,4.967599956355889,3.8112249136779104,4.004317785940148,-0.1930928722622378,-7.429263335789889,-7.847410504833199,0.14396540770916744,0.27223552262331135,0.16666666666666666,0.0064596944115237484,0.7182943773484258,0.092529296875,4.4281806459673964e-08,0.0,0.013671875
role,Summary,6,6,0.001,3296,1760,1024,1024,4,True,10,5.581400272812878,3.6394894972149485,3.9752264115433564,-0.3357369143284078,-7.116434739113759,-7.823676438503182,0.12597289490081187,0.2529832593850968,0.16666666666666666,0.006459694411523749,0.7310692303875584,0.12890625,2.704609422242061e-15,0.0,0.017578125
role,Summary,6,7,1e-06,3296,1760,1024,1024,4,True,10,5.74705380915278,3.2922177145110867,3.3316172775183395,-0.039399563007252815,-6.531762009472043,-6.6393969530134935,0.10615627049596173,0.3337088876032662,0.3333333333333333,0.026566933547169536,0.6752070971996883,0.172607421875,3.7924752157034515e-27,0.0,0.0068359375
role,Summary,6,7,0.0001,3296,1760,1024,1024,4,True,9,6.426862846113657,3.2986708068987394,3.505054166527705,-0.20638335962896523,-6.597609207967562,-7.065223809518949,0.08501533511390469,0.28037738301039444,0.3333333333333333,0.026566933547169533,0.6766532904675118,0.138427734375,1.4046146898568365e-17,0.0009765625,0.009765625
role,Summary,6,7,0.001,3296,1760,1024,1024,4,True,11,6.997325279586322,3.281681420333084,3.645854938959976,-0.3641735186268916,-6.545374734333469,-7.3062422002308685,0.07481458472734355,0.27033308055282923,0.3333333333333333,0.026566933547169533,0.6895431009671984,0.149169921875,2.3519870626989198e-20,0.0009765625,0.0107421875
role,Summary,6,8,1e-06,3296,1760,1024,1024,4,True,10,4.388944571616209,3.7400638097598127,3.717468655485952,0.02259515427386036,-8.184283095102709,-8.359632542856438,0.15900599061053083,0.6179154290472626,0.16666666666666666,0.004499097652095329,0.19045460974359366,0.161376953125,9.119077373652906e-24,0.001953125,0.021484375
role,Summary,6,8,0.0001,3296,1760,1024,1024,4,True,9,5.020390449459118,3.547533277190685,3.697348134068573,-0.14981485687788787,-7.491918734375622,-7.961401725261725,0.1155041127652515,0.4642730245700638,0.16666666666666666,0.004499097652095334,0.19094249499730223,0.067138671875,0.00018586323497182643,0.001953125,0.0185546875
role,Summary,6,8,0.001,3296,1760,1024,1024,4,True,9,5.6539248453453785,3.429885985019317,3.722819454764763,-0.2929334697454462,-7.065355954418125,-7.800352908834321,0.08722444796019421,0.3702152219630538,0.16666666666666666,0.004499097652095324,0.19553903226616112,0.067138671875,0.00018586323497182643,0.0009765625,0.013671875
role,Summary,6,9,1e-06,3296,1760,1024,1024,4,True,10,3.6683089502058657,3.7339220852113,3.7418656227164915,-0.007943537505191878,-8.201578727589261,-8.360686838176198,0.1690496180325408,0.7046134680952304,0.16666666666666666,0.031593429076697196,0.4891874092515178,0.154296875,9.374743116328482e-22,0.0009765625,0.0537109375
role,Summary,6,9,0.0001,3296,1760,1024,1024,4,True,10,4.144658682104736,3.4991529795440117,3.6971498013794637,-0.19799682183545125,-7.384116245363275,-7.904272185683941,0.12349961954053866,0.5662687881236604,0.16666666666666666,0.03159342907669721,0.4906001648370864,0.076904296875,1.0293766614909726e-05,0.0009765625,0.0537109375
role,Summary,6,9,0.001,3296,1760,1024,1024,4,True,11,4.616591628765022,3.3435387885999828,3.6949220479403797,-0.35138325934039644,-6.870912194050356,-7.710178659727722,0.10272001581248394,0.48123112449815875,0.16666666666666666,0.031593429076697196,0.5032517219766232,0.113037109375,7.473246830274823e-12,0.0009765625,0.0556640625
role,Summary,6,10,1e-06,3296,1760,1024,1024,4,True,8,3.701409195552867,4.56335619954898,4.900934928910507,-0.33757872936152744,-8.763120555063951,-9.355424668919214,0.23634178337657596,0.75314265942528,0.16666666666666666,0.02894788566623843,0.46943181852705335,0.163330078125,2.447217036390277e-24,0.0048828125,0.0556640625
role,Summary,6,10,0.0001,3296,1760,1024,1024,4,True,8,4.221819172740531,3.9462699081776003,4.431250628953167,-0.4849807207755671,-7.552051986396389,-8.393735924856038,0.2024386823058165,0.6430238311692787,0.16666666666666666,0.028947885666238408,0.4690701753918166,0.1015625,1.1965118780497984e-09,0.0068359375,0.0380859375
role,Summary,6,10,0.001,3296,1760,1024,1024,4,True,9,4.774382298919705,3.6314343032519196,4.24109981686706,-0.6096655136151411,-6.919960448536327,-7.9901580752029275,0.17933439251321093,0.5788276405176453,0.16666666666666666,0.028947885666238408,0.46593411717855254,0.079345703125,4.695911056594363e-06,0.0068359375,0.037109375
role,Summary,6,11,1e-06,3296,1760,1024,1024,4,True,10,4.231473359336064,3.5411743848941555,3.732244828291935,-0.19107044339777962,-7.046186024971548,-7.377649415016997,0.17268004236473494,0.5299703328400164,0.3333333333333333,0.021725130405824623,0.6398687163132534,0.09423828125,2.2950286444337598e-08,0.0,0.0205078125
role,Summary,6,11,0.0001,3296,1760,1024,1024,4,True,11,4.855122492396944,3.3733818944201586,3.6866111733526035,-0.3132292789324449,-6.8624558106952485,-7.492820350745523,0.1425730723986997,0.42203017286281735,0.3333333333333333,0.021725130405824626,0.641804325631131,0.146484375,1.2169112151509688e-19,0.0,0.01953125
role,Summary,6,11,0.001,3296,1760,1024,1024,4,True,11,5.421975657947224,3.25717756871264,3.708043146830108,-0.450865578117468,-6.629896904174863,-7.582139128210754,0.1262523554793141,0.37376283122875886,0.3333333333333333,0.021725130405824626,0.6590035174647659,0.1669921875,1.988655004958342e-25,0.0,0.0234375
role,Summary,6,12,1e-06,3296,1760,1024,1024,4,True,10,6.265632483494571,2.6180412331579745,2.567025110227611,0.05101612293036285,-5.237198792158228,-5.1350650734932195,0.05154170593014558,0.2477371702710363,0.0,0.0,0.325850502952462,0.18359375,1.1101012504161948e-30,0.0341796875,0.037109375
role,Summary,6,12,0.0001,3296,1760,1024,1024,4,True,9,6.632038480466097,2.6480203600276977,2.747303087726528,-0.09928272769883023,-5.3239316522015905,-5.588050051684852,0.04072154437405656,0.24380732186837345,0.0,0.0,0.3255587399091249,0.16845703125,7.171005278868756e-26,0.0341796875,0.0380859375
role,Summary,6,12,0.001,3296,1760,1024,1024,4,True,9,6.93446061925397,2.6536962490106624,2.8313225793429164,-0.177626330332254,-5.346933448151775,-5.784447946665503,0.03588082960220321,0.24441038546336535,0.0,0.0,0.3229276740685906,0.139892578125,6.045281744155845e-18,0.03515625,0.0419921875
role,Summary,6,13,1e-06,3296,1760,1024,1024,4,True,10,4.46196823888323,4.956771592790085,5.172976979278776,-0.21620538648869148,-11.176631272801483,-11.909971935736461,0.18964007039837194,0.8317787312328612,0.16666666666666666,0.02478610608241354,0.3713285454852045,0.190185546875,6.56771776845409e-33,0.0146484375,0.0908203125
role,Summary,6,13,0.0001,3296,1760,1024,1024,4,True,8,5.02250636933128,4.371312755045453,4.787658433856183,-0.4163456788107301,-9.411381998542979,-10.481506406923275,0.1659673650711352,0.6788004456370658,0.16666666666666666,0.02478610608241354,0.3704650629616588,0.081298828125,2.4622908723398127e-06,0.0185546875,0.0810546875
role,Summary,6,13,0.001,3296,1760,1024,1024,4,True,9,5.643957680160451,4.066090605792368,4.637888760449244,-0.5717981546568757,-8.443702196287672,-9.80392677698848,0.14973796076853294,0.5653308736112715,0.16666666666666666,0.024786106082413557,0.3627962566450915,0.078857421875,5.50485420490884e-06,0.01953125,0.083984375
role,Summary,6,14,1e-06,3296,1760,1024,1024,4,True,10,3.5725326264606387,3.3675997367633155,3.452642311577781,-0.08504257481446585,-7.4026012504589,-7.680971074631251,0.21516961192225253,0.7242908090598743,0.16666666666666666,0.03202403868464006,0.4299301171393645,0.159423828125,3.3434946547626966e-23,0.0068359375,0.06640625
role,Summary,6,14,0.0001,3296,1760,1024,1024,4,True,10,4.072847524606716,3.092492675786816,3.3522856075614658,-0.2597929317746497,-6.645229744373278,-7.311012230212043,0.1803596592613892,0.6040402690520102,0.16666666666666666,0.03202403868464006,0.4306642052002854,0.080322265625,3.40710119820655e-06,0.005859375,0.0546875
role,Summary,6,14,0.001,3296,1760,1024,1024,4,True,9,4.561379043282234,2.9639134662600526,3.344132601492449,-0.3802191352323959,-6.2386522524468075,-7.193969164619327,0.15895035116453549,0.5363864099680732,0.16666666666666666,0.03202403868464007,0.43728652533729384,0.05859375,0.0016933457474535881,0.005859375,0.0478515625
role,Summary,6,15,1e-06,3296,1760,1024,1024,4,True,9,3.0196114397457636,4.246816366294805,4.6283785276946965,-0.3815621613998924,-7.8982075416096595,-8.360620728351329,0.2055010389764588,0.5781480808619519,0.16666666666666666,0.051909518826894645,0.39142511398392354,0.165771484375,4.620415053763332e-25,0.01953125,0.0791015625
role,Summary,6,15,0.0001,3296,1760,1024,1024,4,True,9,3.4288935404108978,3.618254997690813,4.181871286927748,-0.5636162892369352,-6.952401007159672,-7.887002741161146,0.1692946533809655,0.5082207622283942,0.16666666666666666,0.05190951882689464,0.3913236593325617,0.110107421875,2.877081134989122e-11,0.01171875,0.0595703125
role,Summary,6,15,0.001,3296,1760,1024,1024,4,True,9,3.839683351154029,3.2686736485181753,3.956418049798136,-0.6877444012799607,-6.343565743014372,-7.5908118353605305,0.1485405852643138,0.47858961106248543,0.16666666666666666,0.05190951882689463,0.3904806029136377,0.081787109375,2.090137390362055e-06,0.013671875,0.064453125
role,Summary,6,16,1e-06,3296,1760,1024,1024,4,True,8,3.1973558293125746,4.596101024797926,5.071443157468037,-0.47534213267011005,-8.938878353149814,-9.749820890350904,0.23207030502060666,0.6939746425378635,0.16666666666666666,0.012636071995094903,0.5536891395163154,0.171630859375,7.623960538550771e-27,0.0,0.0693359375
role,Summary,6,16,0.0001,3296,1760,1024,1024,4,True,8,3.6227724849892855,3.9256999352629594,4.552497821189506,-0.6267978859265464,-7.671367857472026,-8.79123357942851,0.19747993207314282,0.6023203850712606,0.16666666666666666,0.012636071995094913,0.5532022773629698,0.114990234375,2.9825469470469037e-12,0.001953125,0.056640625
role,Summary,6,16,0.001,3296,1760,1024,1024,4,True,10,4.07727608147313,3.5434732834026743,4.276452174511908,-0.7329788911092334,-6.922839253309669,-8.273099548043245,0.17542573273192907,0.5515087643689459,0.16666666666666666,0.012636071995094906,0.5488451355461251,0.076904296875,1.0293766614909726e-05,0.0009765625,0.0439453125
role,Summary,6,17,1e-06,3296,1760,1024,1024,4,True,10,3.933138275087744,5.596681569020909,6.076203661694354,-0.4795220926734454,-11.400235517375291,-12.403003506218472,0.21121195720611036,0.7315827217218556,0.16666666666666666,0.04910836263119865,0.4764521861089423,0.21337890625,2.142399826684085e-41,0.0283203125,0.1689453125
role,Summary,6,17,0.0001,3296,1760,1024,1024,4,True,8,4.43915394992131,4.6160218267798445,5.260369030964067,-0.6443472041842222,-9.418428842569213,-10.742888586417592,0.18302588211849735,0.6441419011744587,0.16666666666666666,0.049108362631198665,0.4761827424844459,0.16064453125,1.487194927601522e-23,0.029296875,0.1181640625
role,Summary,6,17,0.001,3296,1760,1024,1024,4,True,9,5.031769032645144,4.080034186523352,4.840263228033598,-0.7602290415102466,-8.296340888068492,-9.900076873231379,0.16366126847779572,0.5917168858292043,0.16666666666666666,0.049108362631198665,0.4738552183623064,0.1376953125,2.1338247603067346e-17,0.0283203125,0.103515625
role,Summary,6,18,1e-06,3296,1760,1024,1024,4,True,10,4.052204167012561,7.527501221756271,8.370393178291923,-0.8428919565356523,-14.133926095472923,-15.627113018158672,0.1836229344880959,0.6058616694183739,0.16666666666666666,0.047041698430396274,0.625192861627672,0.254638671875,5.081186073847235e-59,0.0537109375,0.15234375
role,Summary,6,18,0.0001,3296,1760,1024,1024,4,True,10,4.5507977848439305,5.972660520414186,6.9646622395418,-0.9920017191276146,-11.377320869707496,-13.158086844804945,0.15796554240532032,0.559180552217427,0.16666666666666666,0.04704169843039629,0.6271874546391442,0.188232421875,3.061960165682176e-32,0.033203125,0.111328125
role,Summary,6,18,0.001,3296,1760,1024,1024,4,True,10,5.1685607672489144,5.069463448131918,6.210320591331792,-1.1408571431998733,-9.806083111288006,-11.910860573345078,0.1395494117200365,0.5430143960716763,0.16666666666666666,0.04704169843039627,0.645004368848464,0.165283203125,6.461885070625771e-25,0.033203125,0.1083984375
role,Summary,6,19,1e-06,3296,1760,1024,1024,4,True,9,5.33224671094129,8.654235440462612,9.443318053767959,-0.7890826133053473,-16.066150524015836,-17.525398885292525,0.14671812799276684,0.6284109839867011,0.3333333333333333,0.10240795506281244,0.5446559607187134,0.29296875,2.309269308884295e-78,0.0703125,0.140625
role,Summary,6,19,0.0001,3296,1760,1024,1024,4,True,9,5.99972479989986,6.852865802224681,7.778858331901889,-0.9259925296772076,-12.995402720537871,-14.80762483476636,0.1260579927947085,0.5906667961553531,0.3333333333333333,0.10240795506281244,0.5440130447168767,0.236328125,8.53223332659794e-51,0.0732421875,0.126953125
role,Summary,6,19,0.001,3296,1760,1024,1024,4,True,9,6.8591720372325415,5.865171044840199,6.943317841554071,-1.0781467967138725,-11.257765390022124,-13.410251046944309,0.11089757247394785,0.5797032271856989,0.3333333333333333,0.10240795506281249,0.5386287756386717,0.204345703125,5.708419985685137e-38,0.068359375,0.1162109375
role,Summary,6,20,1e-06,3296,1760,1024,1024,4,True,9,4.4555522556644656,8.301635139996074,9.063727494425756,-0.7620923544296819,-15.338556973256594,-16.771709968798838,0.18051952119774586,0.675570503352049,0.5,0.04646058506961674,0.5389921337829073,0.289306640625,2.1750695462760424e-76,0.025390625,0.130859375
role,Summary,6,20,0.0001,3296,1760,1024,1024,4,True,8,4.980435908954549,6.527931204083048,7.436931084771287,-0.9089998806882387,-12.18497284118538,-13.896446509694703,0.15767298105921837,0.604825220573436,0.5,0.04646058506961673,0.5386185330767786,0.21923828125,1.0624700813648466e-43,0.0341796875,0.1171875
role,Summary,6,20,0.001,3296,1760,1024,1024,4,True,9,5.651103512584395,5.547449488697187,6.601196308347432,-1.0537468196502446,-10.424224703178758,-12.422631947685144,0.14095595035819103,0.5646550446674168,0.5,0.046460585069616735,0.535635240132768,0.23291015625,2.482040802281331e-49,0.0380859375,0.1025390625
role,Summary,6,21,1e-06,3296,1760,1024,1024,4,True,9,3.7826816637764367,7.308198516731615,7.73793153766475,-0.42973302093313437,-14.257738159020207,-14.938421609097732,0.1550046016042618,0.6125088953236817,0.16666666666666666,0.0787378029689442,0.4141048308788927,0.23974609375,2.785266965706982e-52,0.052734375,0.126953125
role,Summary,6,21,0.0001,3296,1760,1024,1024,4,True,8,4.357886514878682,5.8180298408995625,6.428507242112667,-0.6104774012131058,-11.47204365078004,-12.54486660436584,0.12400668820856325,0.521728446738742,0.16666666666666666,0.0787378029689442,0.4141770340261684,0.17529296875,5.443189614759686e-28,0.04296875,0.10546875
role,Summary,6,21,0.001,3296,1760,1024,1024,4,True,8,5.049819666461027,4.972039437324574,5.7442938279327045,-0.7722543906081296,-9.805236850480014,-11.250032304975667,0.10505665893034855,0.4809390612270754,0.16666666666666666,0.07873780296894421,0.4149441308595362,0.154296875,9.374743116328482e-22,0.0390625,0.1005859375
role,Summary,6,22,1e-06,3296,1760,1024,1024,4,True,9,5.678896642933056,8.628359239323593,9.416891451744753,-0.7885322124211582,-16.546379919570242,-17.71815573487089,0.1250696080513129,0.6045748264575859,0.5,0.05884034788947403,0.47519104827437253,0.300537109375,1.5791662851261755e-82,0.0537109375,0.1494140625
role,Summary,6,22,0.0001,3296,1760,1024,1024,4,True,8,6.382709538432363,6.773017738241563,7.712402578978139,-0.9393848407365757,-13.164745934746716,-14.67156135117208,0.1059069013039576,0.5565900962931036,0.5,0.05884034788947404,0.4752210402560569,0.25341796875,1.8815524283260795e-58,0.044921875,0.1171875
role,Summary,6,22,0.001,3296,1760,1024,1024,4,True,9,7.321995798618499,5.746038426466848,6.8218567597580755,-1.0758183332912261,-11.279239866903458,-13.110495907099526,0.09170628802608129,0.5389822440777757,0.5,0.05884034788947406,0.4759182172393758,0.234619140625,4.631682445365554e-50,0.05078125,0.1083984375
role,Summary,6,23,1e-06,3296,1760,1024,1024,4,True,10,7.118169692115794,9.064223390854949,9.607491108097872,-0.5432677172429217,-18.190428682396046,-19.425656996214883,0.10050620886566758,0.6158690476630398,0.16666666666666666,0.0584423789561728,0.5319221043933445,0.271728515625,2.7568594336522486e-67,0.0517578125,0.111328125
role,Summary,6,23,0.0001,3296,1760,1024,1024,4,True,10,8.008297420124102,7.283558279838923,7.993361573665828,-0.7098032938269048,-14.5489285462869,-16.156232027574468,0.08420242091064008,0.5647348461983545,0.16666666666666666,0.058442378956172804,0.5329891059812981,0.19873046875,6.433403615022755e-36,0.048828125,0.1015625
role,Summary,6,23,0.001,3296,1760,1024,1024,4,True,10,9.217816880949709,6.310174975487316,7.202872682145443,-0.8926977066581272,-12.582859477679156,-14.554628297036542,0.0716762354756021,0.5454933738528063,0.16666666666666666,0.058442378956172776,0.5428951627334784,0.171875,6.4051855485969134e-27,0.052734375,0.1005859375
role,Summary,6,24,1e-06,3296,1760,1024,1024,4,True,9,6.7142285902802925,10.785427450606964,11.700431154946601,-0.9150037043396377,-20.498159017744072,-21.910478419043784,0.10661110164529515,0.7288337011293072,0.3333333333333333,0.07098833502860695,0.6125695209274148,0.3544921875,1.255789878148667e-115,0.0693359375,0.1337890625
role,Summary,6,24,0.0001,3296,1760,1024,1024,4,True,9,7.580418401068587,8.263326201717843,9.332485402728416,-1.0691592010105715,-15.98113033702582,-17.755677346108936,0.09109487786854864,0.7019262677857498,0.3333333333333333,0.07098833502860694,0.612400866719583,0.29345703125,1.25383867790313e-78,0.0654296875,0.1025390625
role,Summary,6,24,0.001,3296,1760,1024,1024,4,True,10,8.845589813671946,6.8505875877265225,8.109720753244487,-1.2591331655179645,-13.427666454246173,-15.61131770060772,0.07941459693387042,0.6962112156333404,0.3333333333333333,0.07098833502860692,0.6116647113586279,0.283935546875,1.5280237433273453e-73,0.060546875,0.1005859375
role,Summary,6,25,1e-06,3296,1760,1024,1024,4,True,9,8.020943887150516,11.393129586432035,12.077123609441216,-0.683994023009181,-22.270403536478895,-23.469033266125,0.06649510972808305,0.5913911812344728,0.5,0.12296656864629317,0.5358845291147376,0.32666015625,8.458555968353694e-98,0.0654296875,0.1240234375
role,Summary,6,25,0.0001,3296,1760,1024,1024,4,True,9,9.109055045018719,8.794454107796039,9.643436749953397,-0.8489826421573575,-17.303907148065193,-18.8511784511544,0.05339175594589757,0.5847077816588783,0.5,0.1229665686462932,0.5360857888147343,0.291259765625,1.9409771340865606e-77,0.0712890625,0.1103515625
role,Summary,6,25,0.001,3296,1760,1024,1024,4,True,9,10.77911260538272,7.309740627298711,8.348631819661328,-1.0388911923626178,-14.519478869480903,-16.4423944750398,0.04364721147401589,0.6044370531490102,0.5,0.12296656864629314,0.5383935716517237,0.271484375,3.652011686497452e-67,0.0693359375,0.0947265625
role,Summary,6,26,1e-06,3296,1760,1024,1024,4,True,9,4.931018381040065,8.242693412638692,8.999633279476194,-0.7569398668375027,-15.58242086437501,-16.929933073623836,0.12149794678011867,0.6620738735104091,0.3333333333333333,0.10378020155148074,0.9432803982376087,0.28369140625,2.051897668242393e-73,0.0703125,0.1611328125
role,Summary,6,26,0.0001,3296,1760,1024,1024,4,True,10,5.542305131453318,6.54357296357441,7.484086644529971,-0.9405136809555613,-12.472569086020286,-14.202444801186765,0.10067707012670996,0.618237122826596,0.3333333333333333,0.10378020155148077,0.9426860050327869,0.23583984375,1.3852959881632614e-50,0.06640625,0.14453125
role,Summary,6,26,0.001,3296,1760,1024,1024,4,True,10,6.368515053255891,5.545552238099824,6.61067187050644,-1.0651196324066161,-10.66553767562728,-12.692748841631143,0.08666648130151568,0.5944749463372234,0.3333333333333333,0.10378020155148075,0.9373551708766841,0.2255859375,2.857927745689442e-46,0.068359375,0.1328125
role,Summary,6,27,1e-06,3296,1760,1024,1024,4,True,9,6.080980539899549,9.525824158058098,10.314380647888107,-0.7885564898300088,-18.393236838552195,-19.840509752248582,0.14131104147227497,0.7167379175371638,0.5,0.13579900588854102,0.768642070665309,0.321044921875,2.128247588891527e-94,0.0625,0.140625
role,Summary,6,27,0.0001,3296,1760,1024,1024,4,True,9,6.823274919164119,7.4731367002822635,8.425395582586921,-0.952258882304658,-14.424316944666867,-16.18838045075124,0.12367084697024336,0.6533060325440709,0.5,0.135799005888541,0.7675677263479506,0.265869140625,2.1819002504865326e-64,0.0458984375,0.12890625
role,Summary,6,27,0.001,3296,1760,1024,1024,4,True,9,7.859272517929719,6.345942511732049,7.439839664991851,-1.0938971532598016,-12.238231629149716,-14.314504159870298,0.11016331637893609,0.6163316687731762,0.5,0.13579900588854102,0.7580847066654571,0.2646484375,8.593632115466205e-64,0.0478515625,0.1171875
role,Summary,6,28,1e-06,3296,1760,1024,1024,4,True,9,4.133137345274685,5.587754280842525,5.806825117511638,-0.2190708366691128,-11.133916824407294,-11.49256849990951,0.17933108222520783,0.5635962873590166,0.5,0.09235873254863884,0.5579364394121434,0.197509765625,1.764703637869718e-35,0.0361328125,0.1123046875
role,Summary,6,28,0.0001,3296,1760,1024,1024,4,True,8,4.6748280105337665,4.664653420110119,5.065422046360633,-0.4007686262505148,-9.211831710637547,-9.95954593555867,0.15037983167883884,0.5103818284095691,0.5,0.09235873254863887,0.5576230144656016,0.155029296875,5.86266757844451e-22,0.0322265625,0.1015625
role,Summary,6,28,0.001,3296,1760,1024,1024,4,True,8,5.270439338584903,4.20401500279296,4.752828081697505,-0.5488130789045451,-8.240954503916878,-9.320187663824672,0.1313536260601018,0.4915578660804314,0.5,0.09235873254863883,0.5548239579204736,0.12890625,2.704609422242061e-15,0.0361328125,0.0888671875
role,Summary,6,29,1e-06,3296,1760,1024,1024,4,True,10,5.586849943679111,10.246412946965586,11.110402292082115,-0.8639893451165293,-18.50033782653501,-19.89254810353605,0.1195161222990646,0.5239530159931937,0.5,0.10914211409279134,0.6181439261871274,0.385009765625,4.421001258257804e-137,0.0712890625,0.13671875
role,Summary,6,29,0.0001,3296,1760,1024,1024,4,True,10,6.2393826643758254,7.849879466769236,8.80455776315559,-0.9546782963863545,-14.49529319847412,-16.100053355563908,0.10080187664088451,0.5114971696760126,0.5,0.10914211409279136,0.6171781527452003,0.3564453125,6.112954397466144e-117,0.06640625,0.126953125
role,Summary,6,29,0.001,3296,1760,1024,1024,4,True,10,7.135896739030443,6.56700366604356,7.624439832453588,-1.0574361664100274,-12.351953694061017,-14.180891090661735,0.08652119606449425,0.5209221168651965,0.5,0.1091421140927913,0.6085965459003614,0.320068359375,8.18099863494231e-94,0.0703125,0.1142578125
role,Summary,6,30,1e-06,3296,1760,1024,1024,4,True,9,3.6620054913690185,5.855287765764042,6.259004600043611,-0.40371683427956884,-10.82569011723205,-11.333620370308472,0.24157625605466715,0.6626756795150772,0.5,0.06807263034086819,0.7388740795183261,0.250244140625,5.485187223893765e-57,0.0361328125,0.109375
role,Summary,6,30,0.0001,3296,1760,1024,1024,4,True,9,4.140911054751471,4.693938256113358,5.236463488191596,-0.5425252320782386,-8.805052961766922,-9.666513150517417,0.2112195623919721,0.5876555038716119,0.5,0.06807263034086815,0.738448890809573,0.20556640625,2.007213993074553e-38,0.0341796875,0.0927734375
role,Summary,6,30,0.001,3296,1760,1024,1024,4,True,9,4.693256984509757,4.07330956262082,4.721148916467869,-0.6478393538470485,-7.705478506361043,-8.82996004258481,0.19157174512018463,0.5454712235862745,0.5,0.06807263034086816,0.7346295089641708,0.19091796875,3.671619687936408e-33,0.0361328125,0.0810546875
role,Summary,6,31,1e-06,3296,1760,1024,1024,4,True,8,2.334310086168515,4.744735525524278,4.6994727262721145,0.04526279925216329,-8.528713642550256,-8.325898642368056,0.24973402758891683,0.6540284719333188,0.16666666666666666,0.018604246660454814,0.8556579959663004,0.171142578125,1.0793131567041156e-26,0.0,0.0595703125
role,Summary,6,31,0.0001,3296,1760,1024,1024,4,True,7,2.904811353110744,3.7747067168773603,4.1484634910331835,-0.3737567741558233,-7.0263942813045315,-7.671927207338083,0.17664624422492597,0.5860245732326667,0.16666666666666666,0.018604246660454814,0.8554803034069391,0.142333984375,1.4536941769332194e-18,0.0048828125,0.048828125
role,Summary,6,31,0.001,3296,1760,1024,1024,4,True,8,3.450819160388433,3.307171625403287,3.958225158674319,-0.6510535332710322,-6.294488165988138,-7.447364034683959,0.16638715002068416,0.5658836564583668,0.16666666666666666,0.018604246660454817,0.8538842402283984,0.117431640625,9.251714133525346e-13,0.0078125,0.0849609375
