representation,task,causal_position_bucket,layer,pseudocount,fit_rows_seen,validation_rows_seen,fit_rows,validation_rows,components,dirichlet_converged,dirichlet_iterations,dirichlet_concentration,dirichlet_average_log_likelihood,logistic_normal_average_log_likelihood,dirichlet_minus_logistic_normal_nats,dirichlet_train_aic_per_row,logistic_normal_train_aic_per_row,mean_l1_error,covariance_relative_frobenius_error,positive_offdiagonal_covariance_fraction,positive_offdiagonal_covariance_mass_ratio,moment_concentration_coefficient_of_variation,nll_pit_ks_statistic,nll_pit_ks_pvalue,nll_tail_probability_below_001_fraction,nll_tail_probability_below_005_fraction
provenance,Data2txt,0,0,1e-06,576,288,128,128,6,True,26,6.620764848984304,34.18376162798034,44.39499794190941,-10.211236313929078,-68.45387132331918,-88.45668637857608,0.18481290055620558,0.5106592932488935,0.06666666666666667,0.019030295541345933,0.9999788046415479,0.51953125,1.1716351351399961e-32,0.0,0.0
provenance,Data2txt,0,0,0.0001,576,288,128,128,6,True,26,7.98166557226708,21.57910895447674,30.86072713457559,-9.281618180098846,-43.46557552458344,-61.47581318507544,0.19922144994051005,0.5900934507276914,0.06666666666666667,0.019030295541345936,0.9999997866457939,0.3671875,5.542534149978852e-16,0.0,0.0
provenance,Data2txt,0,0,0.001,576,288,128,128,6,True,29,9.769565862185843,15.594794897193617,24.133021800393593,-8.538226903199977,-31.67239269685402,-48.08791097245372,0.20886387728196315,0.6594109958570926,0.06666666666666667,0.019030295541345946,0.9999999773809575,0.3359375,2.1947921596940167e-13,0.0,0.0
provenance,Data2txt,0,1,1e-06,576,288,128,128,6,True,21,9.014699525439115,34.283870419734484,44.681592083344725,-10.397721663610236,-67.9351804684531,-88.71068907233885,0.10445969344730721,0.4438177995571919,0.0,7.819558048027981e-36,0.9999785111541903,0.45703125,5.804759161694703e-25,0.0,0.0
provenance,Data2txt,0,1,0.0001,576,288,128,128,6,True,22,10.673240309582855,22.11198986903335,30.88241273765886,-8.770422868625513,-43.47244606930171,-61.109341954388256,0.12081104862752334,0.5240079875143655,0.0,3.497278944264264e-33,0.9999997842758829,0.41015625,5.470057972924996e-20,0.0,0.0
provenance,Data2txt,0,1,0.001,576,288,128,128,6,True,29,12.954499331591697,16.54642275963591,24.096139917888063,-7.54971715825215,-32.17818345115884,-47.51555621018344,0.1339155900128406,0.6008959192384085,0.0,2.479003145184642e-32,0.9999999776636365,0.35546875,5.601551930573579e-15,0.0,0.0
provenance,Data2txt,0,2,1e-06,576,288,128,128,6,True,22,27.866169580794274,36.19826130837261,47.35415339994947,-11.155892091576852,-73.73529114022021,-95.80077299110275,0.056359694447803727,0.8224374532490101,0.0,5.352810698700388e-35,0.999964056734167,0.375,1.130724758563229e-16,0.0,0.0
provenance,Data2txt,0,2,0.0001,576,288,128,128,6,True,26,35.52982252712231,24.06943962890178,33.725887605707285,-9.656447976805502,-49.55222469644274,-68.51462357282023,0.06277099638186164,0.8639242167449225,0.0,1.1487995307685886e-33,0.9999996370800474,0.35546875,5.601551930573579e-15,0.015625,0.046875
provenance,Data2txt,0,2,0.001,576,288,128,128,6,True,25,47.30672959790713,18.481675779616026,27.070420820831895,-8.588745041215867,-38.43000316252422,-55.07533100693952,0.06765864164381166,0.8970509357452324,0.0,4.436172467259947e-33,0.9999999605119725,0.25390625,9.227219252368915e-08,0.0703125,0.1015625
provenance,Data2txt,0,3,1e-06,576,288,128,128,6,True,22,15.879258782587113,35.025466497974044,46.1238440498073,-11.098377551833263,-69.55044028946485,-91.57523680908301,0.06084340131623524,0.5486584643658658,0.0,7.313290126932936e-37,0.9999759212255223,0.4765625,3.123319304000983e-27,0.0,0.0
provenance,Data2txt,0,3,0.0001,576,288,128,128,6,True,21,19.11767714441335,22.92536809764568,32.32958760747775,-9.404219509832066,-45.31482195171189,-63.98653956694437,0.0711898349407063,0.6269897434957952,0.0,1.1171567039962433e-33,0.9999997580142919,0.3984375,7.613526402484427e-19,0.0,0.0
provenance,Data2txt,0,3,0.001,576,288,128,128,6,True,25,23.69024472733217,17.42584869673508,25.553140122751955,-8.127291426016878,-34.278045362790735,-50.42861476356471,0.07965757691631775,0.6965081127408268,0.0,7.326091772550861e-33,0.9999999747050292,0.34765625,2.4982790013842228e-14,0.0,0.015625
provenance,Data2txt,0,4,1e-06,576,288,128,128,6,True,26,18.6250979779716,34.47895950296182,45.814859810837035,-11.335900307875216,-69.082097006195,-91.52437500144187,0.05441875254273093,0.5844463136840297,0.0,8.383188534455787e-36,0.9999783089778506,0.4453125,1.1714659285130115e-23,0.0,0.0
provenance,Data2txt,0,4,0.0001,576,288,128,128,6,True,24,22.34232058920341,22.378292298513628,32.014305078806565,-9.636012780292933,-44.92732557290959,-63.92158691669029,0.061604929454642,0.6555963922998611,0.0,1.7185308524711677e-33,0.9999997823497294,0.375,1.130724758563229e-16,0.0,0.0
provenance,Data2txt,0,4,0.001,576,288,128,128,6,True,24,27.598813426160607,16.908982327506394,25.220051400015958,-8.31106907250956,-34.05444311791723,-50.32704598914588,0.07109526748039223,0.718764910708695,0.0,6.723288343602199e-33,0.999999977558761,0.33984375,1.073542535028726e-13,0.0,0.015625
provenance,Data2txt,0,5,1e-06,576,288,128,128,6,True,24,17.22334334851669,34.303787586371726,45.9233363828895,-11.619548796517781,-69.20499084469682,-92.17968215453615,0.06950882908517908,0.6826134889873968,0.0,2.0686822258270764e-34,0.9999818471233806,0.42578125,1.4189253022669924e-21,0.0,0.0
provenance,Data2txt,0,5,0.0001,576,288,128,128,6,True,23,20.667744026719273,22.163047049637175,32.121047372619245,-9.958000322982066,-45.01213894955583,-64.57587483905547,0.07723633058136112,0.7370917560108915,0.0,3.2345427373756444e-33,0.9999998177971912,0.375,1.130724758563229e-16,0.0078125,0.015625
provenance,Data2txt,0,5,0.001,576,288,128,128,6,True,25,25.42616758106003,16.637031610410585,25.3110935370432,-8.674061926632616,-34.06419029591818,-50.9596554264544,0.08559584289308347,0.7846671952703465,0.0,2.341527094453325e-32,0.9999999811632051,0.32421875,1.7752249813670875e-12,0.03125,0.0390625
provenance,Data2txt,0,6,1e-06,576,288,128,128,6,True,24,16.79723067023758,34.1913200852391,45.639334093956435,-11.448014008717335,-68.3492679717082,-91.09170149555088,0.03775442309073753,0.4001674183525985,0.0,2.76620521208621e-35,0.9999792820049546,0.484375,3.5744265926567454e-28,0.0,0.0
provenance,Data2txt,0,6,0.0001,576,288,128,128,6,True,24,20.017964037915952,22.107975752865457,31.842322409918914,-9.734346657053461,-44.15019558486038,-63.50362578581672,0.050110399826796014,0.5009407817750782,0.0,2.4311891835282354e-33,0.9999997922102858,0.37109375,2.5154011173646954e-16,0.0,0.0
provenance,Data2txt,0,6,0.001,576,288,128,128,6,True,24,24.47507105771794,16.67498677647886,25.05370509179221,-8.378718315313353,-33.232157524376206,-49.947485367849936,0.06315402198939893,0.5891766666495213,0.0,1.4809581525136e-34,0.9999999786643153,0.3203125,3.4992283936701867e-12,0.0078125,0.0390625
provenance,Data2txt,0,7,1e-06,576,288,128,128,6,True,25,17.64180107663827,34.04118765940485,45.58356200036884,-11.542374340964002,-68.47911540593903,-91.38787841130306,0.04636742131621599,0.544956187647381,0.0,1.7250218895391019e-35,0.9999784858480507,0.484375,3.5744265926567454e-28,0.0,0.0
provenance,Data2txt,0,7,0.0001,576,288,128,128,6,True,22,21.05005151799625,21.927440710455244,31.77865506695386,-9.85121435649862,-44.30082770440268,-63.77568342450331,0.058858714450412825,0.6185708356081356,0.0,7.152620324882506e-33,0.9999997842038401,0.359375,2.615412053009669e-15,0.0,0.0
provenance,Data2txt,0,7,0.001,576,288,128,128,6,True,25,25.69535561435452,16.4508823538941,24.960990329518445,-8.510107975624344,-33.398779091268445,-50.120134356381016,0.0696389200724851,0.6843068238028507,0.0,2.9507739126841743e-33,0.999999977822574,0.28125,1.895287375668482e-09,0.0,0.0
provenance,Data2txt,0,8,1e-06,576,288,128,128,6,True,23,14.838133603282468,34.021387467412495,45.11472254623835,-11.093335078825852,-67.79918674468752,-89.63979663445201,0.042044000761180686,0.2792307661566244,0.0,3.528430731060108e-36,0.9999773786577618,0.4453125,1.1714659285130115e-23,0.0,0.0
provenance,Data2txt,0,8,0.0001,576,288,128,128,6,True,23,17.619460154295687,21.89846964719141,31.31750968096581,-9.419040033774401,-43.545767834723385,-62.05293778259876,0.05580697442007561,0.38694925401169783,0.0,1.4608412937286512e-33,0.9999997731727985,0.38671875,9.694174955308428e-18,0.0,0.0
provenance,Data2txt,0,8,0.001,576,288,128,128,6,True,25,21.57903118025289,16.40766313889541,24.535143545987474,-8.12748040709206,-32.56357984915752,-48.523322748225866,0.06990281718239677,0.492068477006029,0.0,7.669042172173881e-33,0.9999999767573797,0.296875,1.6997263144796861e-10,0.0,0.0
provenance,Data2txt,0,9,1e-06,576,288,128,128,6,True,23,16.31158489549698,34.161833006515664,45.1247266991824,-10.96289369266673,-68.52357684911689,-90.06678887290211,0.06020859706183576,0.4029436840834101,0.0,1.479178169282051e-35,0.9999752872472346,0.4296875,5.55074371993741e-22,0.0,0.0
provenance,Data2txt,0,9,0.0001,576,288,128,128,6,True,20,19.545493644916544,22.032441292624135,31.35924352439759,-9.326802231773456,-44.30461495290643,-62.558414682954535,0.06795968627055046,0.5022685244083582,0.0,9.981581220719471e-33,0.9999997520987208,0.36328125,1.209705534646815e-15,0.0,0.0
provenance,Data2txt,0,9,0.001,576,288,128,128,6,True,24,24.200175879065846,16.527822931752503,24.631794124640784,-8.103971192888277,-33.34969846540325,-49.17935465394959,0.07416895434755798,0.5939663502131354,0.0,4.521085718080059e-34,0.9999999745034104,0.3359375,2.1947921596940167e-13,0.0,0.0
provenance,Data2txt,0,10,1e-06,576,288,128,128,6,True,25,19.30646227023614,34.27058578690189,45.96530167093606,-11.694715884034167,-68.69886772561803,-91.91198531103367,0.03296016157457422,0.4357299949669683,0.0,4.818791008991386e-35,0.9999765352220904,0.46484375,7.42015100590255e-26,0.0,0.0
provenance,Data2txt,0,10,0.0001,576,288,128,128,6,True,23,23.146830230747504,22.185366857381283,32.178815139307275,-9.993448281925993,-44.55991310938947,-64.3410426752707,0.044344253974207354,0.5179822594530765,0.0,4.61650831082012e-36,0.9999997647391696,0.359375,2.615412053009669e-15,0.0,0.0
provenance,Data2txt,0,10,0.001,576,288,128,128,6,True,25,28.595723768748798,16.74479093668708,25.420147714237686,-8.6753567775506,-33.71135554773108,-50.82384613869595,0.055712021503789365,0.5977830788917979,0.0,1.2123877731227514e-32,0.9999999759150913,0.33203125,4.446104931843403e-13,0.0390625,0.0390625
provenance,Data2txt,0,11,1e-06,576,288,128,128,6,True,23,17.47866643959827,33.95757964968463,45.695396310155566,-11.737816660470934,-68.17974519052231,-91.37696473795782,0.05209431865566596,0.5375899972219265,0.06666666666666667,0.020835231182380547,0.9999713023659896,0.4921875,3.9093247371776895e-29,0.0,0.0
provenance,Data2txt,0,11,0.0001,576,288,128,128,6,True,21,20.811861395107744,21.823106261931187,31.88957517094921,-10.066468909018026,-43.99809131137383,-63.76548049532194,0.061494815601287986,0.609469937017191,0.06666666666666667,0.02083523118238055,0.9999997120609063,0.38671875,9.694174955308428e-18,0.0,0.0
provenance,Data2txt,0,11,0.001,576,288,128,128,6,True,25,25.309236639756612,16.318371007939216,25.062887653273666,-8.744516645334448,-33.097356690416476,-50.114366656232704,0.06903448620047822,0.6746501885453948,0.06666666666666667,0.020835231182380554,0.9999999703275969,0.328125,8.924716016110725e-13,0.0,0.0
provenance,Data2txt,0,12,1e-06,576,288,128,128,6,True,24,15.292258486792417,33.31357097977053,44.882034020144346,-11.568463040373809,-67.1580225840502,-89.82001377424683,0.09283617927475663,0.5410230416392202,0.0,2.2337501652110875e-35,0.9999850637273788,0.44921875,4.348997194110803e-24,0.0,0.0
provenance,Data2txt,0,12,0.0001,576,288,128,128,6,True,26,18.023328450287057,21.144661104711982,31.0735209360382,-9.928859831326218,-42.92000149610459,-62.203678429496165,0.10806106612142721,0.6080583206417597,0.0,6.428019875624216e-33,0.9999998502868398,0.4296875,5.55074371993741e-22,0.0,0.0390625
provenance,Data2txt,0,12,0.001,576,288,128,128,6,True,26,21.649560006830956,15.604346908061618,24.228384292147208,-8.624037384085591,-31.967367930066345,-48.519461412952474,0.12035306744390509,0.6683544862450196,0.0,8.446326295578086e-35,0.9999999847089569,0.35546875,5.601551930573579e-15,0.0390625,0.0390625
provenance,Data2txt,0,13,1e-06,576,288,128,128,6,True,24,22.60599550757114,34.115241330989505,46.68601105174207,-12.570769720752565,-68.48064629485421,-93.28740311290326,0.057202714936063916,0.4745441288129269,0.0,1.0792590019608047e-35,0.999978047647216,0.4921875,3.9093247371776895e-29,0.0,0.0
provenance,Data2txt,0,13,0.0001,576,288,128,128,6,True,29,27.068208908175233,22.05265541616077,32.87984671235214,-10.827191296191366,-44.41576170643344,-65.67537451182821,0.06796176621605099,0.5589806235409325,0.0,3.632882015693045e-36,0.9999997799459655,0.375,1.130724758563229e-16,0.0,0.0234375
provenance,Data2txt,0,13,0.001,576,288,128,128,6,True,27,33.082714943889286,16.636590317728285,26.050188738164152,-9.413598420435868,-33.6614680344931,-52.02034933735213,0.07647956859352907,0.6342050088209239,0.0,3.4961766401076865e-34,0.9999999775110602,0.3046875,4.827787419674662e-11,0.0390625,0.0390625
provenance,Data2txt,0,14,1e-06,576,288,128,128,6,True,23,15.314573898126698,33.71492803558975,44.87710783780255,-11.162179802212808,-67.38279595424665,-89.53942620627892,0.10122748653214514,0.3981800966473825,0.0,9.494556011670682e-35,0.9999670022392317,0.50390625,1.2968021329576814e-30,0.0,0.0
provenance,Data2txt,0,14,0.0001,576,288,128,128,6,True,20,18.09750458388162,21.603521832563597,31.07236837004131,-9.468846537477711,-43.14594301721176,-61.929066933501524,0.10871946322323892,0.4793205804105228,0.0,3.886050319625556e-33,0.9999996691368731,0.4296875,5.55074371993741e-22,0.0,0.0
provenance,Data2txt,0,14,0.001,576,288,128,128,6,True,25,21.895591969504995,16.139411192255736,24.257639640317993,-8.118228448062252,-32.19968529827819,-48.29357335752499,0.11412721781355756,0.5597687043954509,0.0,3.1463883349585145e-32,0.9999999661076415,0.34375,5.202843089038079e-14,0.0,0.0
provenance,Data2txt,0,15,1e-06,576,288,128,128,6,True,24,12.25218952525399,34.08757295453431,45.018566762411055,-10.930993807876755,-68.25785845053454,-89.70446319985265,0.06859004600333402,0.475711378358724,0.06666666666666667,0.06344479683067776,0.999985209308325,0.4296875,5.55074371993741e-22,0.0,0.0
provenance,Data2txt,0,15,0.0001,576,288,128,128,6,True,24,14.661349057002635,21.87489248442132,31.24978429836274,-9.374891813941424,-43.89995613709202,-62.1723706254441,0.0858526754037629,0.5619092811738606,0.06666666666666667,0.06344479683067782,0.9999998516947407,0.359375,2.615412053009669e-15,0.0,0.0
provenance,Data2txt,0,15,0.001,576,288,128,128,6,True,26,18.36246401089981,16.23664107436734,24.527041126862848,-8.290400052495503,-32.729683747908226,-48.77490705408282,0.09727390356688548,0.6439654255523811,0.06666666666666667,0.06344479683067777,0.9999999848056038,0.3125,1.3232765413914088e-11,0.0078125,0.0234375
provenance,Data2txt,0,16,1e-06,576,288,128,128,6,True,24,17.15137328164524,34.000996938965734,45.40737035516273,-11.406373416197006,-69.01946650995266,-91.3337171118535,0.06578554368381956,0.756633751530569,0.0,2.2968956940104742e-35,0.9999843990920844,0.37890625,5.0342822933606634e-17,0.0,0.0
provenance,Data2txt,0,16,0.0001,576,288,128,128,6,True,22,20.615974783188538,21.807073402691373,31.62583850254808,-9.818765099856707,-44.81897105608212,-63.76688480483821,0.07171100811159264,0.7904372959215938,0.0,6.703230895919813e-33,0.9999998435872952,0.390625,4.1923923769686e-18,0.015625,0.046875
provenance,Data2txt,0,16,0.001,576,288,128,128,6,True,25,25.68199170466318,16.206171860787634,24.886357194747575,-8.680185333959944,-33.85551852300997,-50.30247020602877,0.07962364454877931,0.822438848468027,0.0,6.501580248430875e-33,0.9999999839904062,0.34375,5.202843089038079e-14,0.0546875,0.0546875
provenance,Data2txt,0,17,1e-06,576,288,128,128,6,True,24,19.668861520052687,34.42024956717576,46.10623653038573,-11.685986963209976,-69.18503024450878,-92.29625475002406,0.04761327480430029,0.46734810380948505,0.06666666666666667,0.01333947060367926,0.9999783815154996,0.42578125,1.4189253022669924e-21,0.0,0.0
provenance,Data2txt,0,17,0.0001,576,288,128,128,6,True,21,23.665419500280116,22.321848065346202,32.309068721404586,-9.987220656058376,-45.05130725609952,-64.69716249066127,0.06004263371252912,0.5592783132955135,0.06666666666666667,0.013339470603679262,0.9999997831826695,0.34765625,2.4982790013842228e-14,0.0,0.0
provenance,Data2txt,0,17,0.001,576,288,128,128,6,True,25,29.370293705186903,16.850845064510477,25.517394368295324,-8.666549303784851,-34.186755343952754,-51.08938832198151,0.06933238584532173,0.6413068302658267,0.06666666666666667,0.01333947060367927,0.9999999777408629,0.28125,1.895287375668482e-09,0.0,0.0234375
provenance,Data2txt,0,18,1e-06,576,288,128,128,6,True,24,16.65905365491672,35.2307070162784,46.228655511531414,-10.997948495252999,-69.90983932541086,-91.85410635277637,0.050004516735625136,0.3947209443696489,0.0,1.6148753320135528e-34,0.9999741641585873,0.484375,3.5744265926567454e-28,0.0,0.0
provenance,Data2txt,0,18,0.0001,576,288,128,128,6,True,24,20.22599387296557,23.15760830277219,32.469789878501324,-9.312181575729134,-45.67114956024395,-64.34045722703019,0.060260211790290445,0.5040106913850405,0.0,1.1671349577702849e-32,0.9999997405121811,0.38671875,9.694174955308428e-18,0.0,0.0
provenance,Data2txt,0,18,0.001,576,288,128,128,6,True,24,25.565485135103884,17.68273811137595,25.745465587783777,-8.062727476407826,-34.60455954693643,-50.88482226182231,0.0690464499160803,0.6045135747308796,0.0,2.0012023712304706e-34,0.9999999730182799,0.3671875,5.542534149978852e-16,0.0,0.0
provenance,Data2txt,0,19,1e-06,576,288,128,128,6,True,26,31.99648083819396,35.584928817153,47.25083476106499,-11.66590594391199,-71.38549183095812,-94.35135120564898,0.03650599987379014,0.6166389394057873,0.06666666666666667,0.03504654401588295,0.999965625223186,0.43359375,2.149072486476542e-22,0.0,0.0
provenance,Data2txt,0,19,0.0001,576,288,128,128,6,True,26,39.39944389936447,23.60971661078296,33.46144313073519,-9.85172651995223,-47.48020423794502,-66.77377948815828,0.04377786452719428,0.6914092300454872,0.06666666666666667,0.03504654401588296,0.9999996546602009,0.2890625,5.776341456120769e-10,0.0,0.0
provenance,Data2txt,0,19,0.001,576,288,128,128,6,True,27,50.42138183622797,18.27797449726001,26.717758610782823,-8.439784113522812,-36.88058817687883,-53.29813852637839,0.04992925041531476,0.7561991826800487,0.06666666666666667,0.03504654401588295,0.9999999640109645,0.26953125,1.0551926983948056e-08,0.015625,0.0390625
provenance,Data2txt,0,20,1e-06,576,288,128,128,6,True,25,33.896268273355616,35.12584553271303,47.14534520401883,-12.019499671305807,-71.17359112475583,-94.89093709131083,0.051198074376113525,0.6844762160871711,0.06666666666666667,0.07269859231295188,0.9999741721817076,0.41796875,8.990944961969549e-21,0.0,0.0
provenance,Data2txt,0,20,0.0001,576,288,128,128,6,True,26,41.58968525138604,23.103539395893463,33.3441450424709,-10.240605646577446,-47.303722060351035,-67.28446083227104,0.05973023117389663,0.7450366861753674,0.06666666666666667,0.07269859231295195,0.9999997407707722,0.3359375,2.1947921596940167e-13,0.015625,0.03125
provenance,Data2txt,0,20,0.001,576,288,128,128,6,True,28,52.585336968074024,17.72775166550405,26.54798901851611,-8.82023735301206,-36.770509756013205,-53.667621894751086,0.06591987168694304,0.7956202792729242,0.06666666666666667,0.07269859231295196,0.9999999732082173,0.32421875,1.7752249813670875e-12,0.046875,0.0703125
provenance,Data2txt,0,21,1e-06,576,288,128,128,6,True,23,21.517235673631813,35.36302054665553,46.377411722752456,-11.014391176096929,-70.45529190491175,-92.29161266232819,0.026957607661745698,0.5068241105454298,0.0,1.3435503526339413e-34,0.999978040458509,0.44921875,4.348997194110803e-24,0.0,0.0
provenance,Data2txt,0,21,0.0001,576,288,128,128,6,True,21,26.281918577511536,23.298080624083802,32.609769645871,-9.311689021787195,-46.346168858878514,-64.77638405183416,0.039857219543493486,0.5933034525736807,0.0,3.2527526459994924e-33,0.9999997796239096,0.33203125,4.446104931843403e-13,0.0078125,0.0078125
provenance,Data2txt,0,21,0.001,576,288,128,128,6,True,24,33.51897495397459,17.835831188024954,25.8907092963342,-8.054878108309245,-35.47735819966812,-51.39319159715602,0.049020215407942866,0.6714224449398294,0.0,7.971491251532257e-32,0.9999999772493253,0.28515625,1.0509063100940924e-09,0.0078125,0.0234375
provenance,Data2txt,0,22,1e-06,576,288,128,128,6,True,22,51.98033965800567,35.73627345967148,47.79889585091243,-12.062622391240952,-72.6073914779125,-95.94542644577558,0.0288542762743595,0.6963997993029247,0.06666666666666667,0.09289783160890405,0.9999632618779681,0.40625,1.3289980870454757e-19,0.0,0.0078125
provenance,Data2txt,0,22,0.0001,576,288,128,128,6,True,26,65.17657620030961,23.79864938440641,34.0182331771212,-10.21958379271479,-48.96640294120621,-68.38457068179589,0.03490809871986766,0.7589188719765811,0.06666666666666667,0.09289783160890408,0.9999996310899603,0.30859375,2.538865745522775e-11,0.015625,0.0390625
provenance,Data2txt,0,22,0.001,576,288,128,128,6,True,28,85.34630142274652,18.520875519496244,27.333127633594323,-8.812252114098083,-38.72730133903369,-55.018489602548804,0.03875735543467592,0.8124474980747773,0.06666666666666667,0.0928978316089041,0.9999999617131399,0.2265625,2.9565885080962975e-06,0.0625,0.140625
provenance,Data2txt,0,23,1e-06,576,288,128,128,6,True,22,54.379401178883796,36.02276112907658,47.57259914110914,-11.549838012032566,-72.74427925465756,-95.13463656513403,0.0315639311000845,0.6185240905197966,0.0,2.2713461373682663e-34,0.9999564788440639,0.41015625,5.470057972924996e-20,0.0,0.0
provenance,Data2txt,0,23,0.0001,576,288,128,128,6,True,29,68.20458189247402,24.116244459387694,33.782789770160484,-9.666545310772792,-49.13402873408613,-67.55893784043548,0.03749138403744668,0.6985548318511825,0.0,8.728613360080495e-34,0.9999995627898491,0.32421875,1.7752249813670875e-12,0.0078125,0.03125
provenance,Data2txt,0,23,0.001,576,288,128,128,6,True,25,89.42022422831661,18.8781556225729,27.05176285033791,-8.173607227765007,-38.961851937605914,-54.13064161251603,0.04122523096604892,0.7659821962304393,0.0,3.925748291896322e-32,0.999999954454826,0.234375,1.1452873919607316e-06,0.046875,0.0859375
provenance,Data2txt,0,24,1e-06,576,288,128,128,6,True,20,31.730707707083656,36.17164506963314,47.20495774385802,-11.033312674224874,-72.36833932296457,-94.47859288797798,0.018996180347276976,0.6345347528275463,0.0,2.324759322825224e-34,0.9999746075319257,0.4921875,3.9093247371776895e-29,0.0,0.0
provenance,Data2txt,0,24,0.0001,576,288,128,128,6,True,26,39.47624061106281,24.215964134630948,33.43161084640495,-9.215646711774006,-48.43994069490155,-66.9212388733454,0.02836782713065802,0.7054981056843873,0.0,5.658233981772165e-33,0.9999997449215529,0.3671875,5.542534149978852e-16,0.015625,0.015625
provenance,Data2txt,0,24,0.001,576,288,128,128,6,True,26,51.44960961340345,18.89268335977654,26.74834268569161,-7.855659325915071,-37.74178141720425,-53.48849129210113,0.034703875883748986,0.7651064862105627,0.0,1.2979968839567523e-31,0.9999999734377338,0.265625,1.838083532653948e-08,0.0234375,0.03125
provenance,Data2txt,0,25,1e-06,576,288,128,128,6,True,22,58.873799007900985,36.55031149745314,47.78141347509569,-11.23110197764255,-74.01548576959038,-95.82395884349455,0.02567591998956402,0.6948133287508674,0.06666666666666667,0.039995749879417536,0.9999537878784499,0.40625,1.3289980870454757e-19,0.0078125,0.0078125
provenance,Data2txt,0,25,0.0001,576,288,128,128,6,True,27,74.94716933236174,24.66101418664275,34.005660802688084,-9.344646616045333,-50.43564169444541,-68.27390851241447,0.03117433269369606,0.7593755654632388,0.06666666666666667,0.03999574987941758,0.9999995356635647,0.3125,1.3232765413914088e-11,0.0078125,0.0390625
provenance,Data2txt,0,25,0.001,576,288,128,128,6,True,26,100.77827488288898,19.42469908141178,27.33770707950344,-7.913007998091661,-40.23998694197674,-54.95161121343409,0.03431896239872125,0.8122868945165057,0.06666666666666667,0.039995749879417536,0.9999999515459971,0.29296875,3.1472328013771007e-10,0.046875,0.109375
provenance,Data2txt,0,26,1e-06,576,288,128,128,6,True,22,21.695795121992003,34.22004828981163,46.073361741602085,-11.853313451790449,-70.10757318730464,-93.44750609019009,0.07361586948225167,0.8582698203205683,0.0,5.214188260548858e-35,0.9999798850336225,0.40234375,3.196793611528768e-19,0.0078125,0.0078125
provenance,Data2txt,0,26,0.0001,576,288,128,128,6,True,21,26.392136898647003,22.038882136331754,32.30769639478815,-10.268814258456402,-46.01143674071858,-65.92932948611664,0.07884436110081126,0.8821728396481688,0.0,4.763892187733462e-34,0.9999997982908865,0.3515625,1.1885095331896712e-14,0.03125,0.0546875
provenance,Data2txt,0,26,0.001,576,288,128,128,6,True,24,33.48045710584062,16.45195635614847,25.616472118094023,-9.164515761945557,-35.18303866619412,-52.58096687000475,0.08692257958919372,0.9026225594632047,0.0,1.0803573255820918e-34,0.9999999793190255,0.296875,1.6997263144796861e-10,0.0546875,0.1015625
provenance,Data2txt,0,27,1e-06,576,288,128,128,6,True,23,37.99635151422417,35.69482330516739,47.40826383876128,-11.713440533593898,-71.68215521492886,-94.81240285416084,0.02566981536081101,0.5313946390380165,0.06666666666666667,0.06284043548857225,0.999958919865603,0.421875,3.590065381245414e-21,0.0,0.0
provenance,Data2txt,0,27,0.0001,576,288,128,128,6,True,25,47.00961829356316,23.768211338719667,33.624134567028705,-9.855923228309036,-47.87100353508471,-67.24148108701685,0.02968453708624305,0.6174486416783079,0.06666666666666667,0.06284043548857225,0.9999995876336653,0.33203125,4.446104931843403e-13,0.0,0.0078125
provenance,Data2txt,0,27,0.001,576,288,128,128,6,True,27,60.92191811900594,18.52879204349451,26.92934985862192,-8.40055781512741,-37.429963164224766,-53.83313489398668,0.031499348721049675,0.6944944821255837,0.06666666666666667,0.06284043548857224,0.9999999573368327,0.27734375,3.3884305330612322e-09,0.015625,0.0625
provenance,Data2txt,0,28,1e-06,576,288,128,128,6,True,23,20.051118152973462,34.320014454375126,45.65890648191836,-11.338892027543235,-68.94912165110463,-91.21949158983702,0.04384137769183689,0.5566493407731689,0.06666666666666667,0.12253710221562361,0.9999754025650407,0.4921875,3.9093247371776895e-29,0.0,0.0
provenance,Data2txt,0,28,0.0001,576,288,128,128,6,True,22,24.06512579728214,22.224919436176275,31.865335577612484,-9.640416141436212,-44.830798807481386,-63.64207711408446,0.056521877115775734,0.6298968533116683,0.06666666666666667,0.12253710221562358,0.9999997533379762,0.3515625,1.1885095331896712e-14,0.0,0.0
provenance,Data2txt,0,28,0.001,576,288,128,128,6,True,26,29.922439988737562,16.775130736871574,25.104184829210695,-8.329054092339122,-34.031261786518044,-50.17209040593736,0.06592769070199656,0.696491032145134,0.06666666666666667,0.12253710221562358,0.999999974706641,0.30078125,9.098922052950389e-11,0.0,0.03125
provenance,Data2txt,0,29,1e-06,576,288,128,128,6,True,24,17.038171697100843,34.56608820298436,46.33898923999183,-11.772901037007472,-69.2151338663054,-92.46201403846753,0.048478662280921445,0.6669803227917079,0.06666666666666667,0.12762731938393918,0.9999810036020657,0.40625,1.3289980870454757e-19,0.0,0.0
provenance,Data2txt,0,29,0.0001,576,288,128,128,6,True,22,20.433316753319556,22.45087727033045,32.53583515089559,-10.084957880565142,-45.01968385056688,-64.85661963859243,0.05659258101617942,0.7209455351847415,0.06666666666666667,0.12762731938393912,0.9999998094657122,0.3515625,1.1885095331896712e-14,0.0078125,0.0078125
provenance,Data2txt,0,29,0.001,576,288,128,128,6,True,24,25.141769502651766,16.96004737567038,25.72105531628551,-8.76100794061513,-34.08190999766576,-51.23664483975086,0.0622198802310127,0.7675154962547025,0.06666666666666667,0.12762731938393904,0.9999999804258756,0.32421875,1.7752249813670875e-12,0.0234375,0.046875
provenance,Data2txt,0,30,1e-06,576,288,128,128,6,True,25,15.400360720534968,33.571006829107674,45.14462243623747,-11.573615607129799,-68.11796099187278,-90.74690852838063,0.07615563740278375,0.712924280704955,0.06666666666666667,0.05965296799864036,0.9999819281878619,0.3984375,7.613526402484427e-19,0.0,0.0
provenance,Data2txt,0,30,0.0001,576,288,128,128,6,True,23,18.34179668870534,21.383915662660094,31.354151212299872,-9.970235549639778,-43.87926697248136,-63.165490477384175,0.08300802307685567,0.7535414663697392,0.06666666666666667,0.05965296799864039,0.9999998188520066,0.390625,4.1923923769686e-18,0.015625,0.0234375
provenance,Data2txt,0,30,0.001,576,288,128,128,6,True,25,22.61713142531429,15.816602102101248,24.609914887364653,-8.793312785263403,-32.91049484994234,-49.66718972195703,0.08633153832082191,0.7919839744625472,0.06666666666666667,0.0596529679986404,0.9999999814933657,0.33984375,1.073542535028726e-13,0.0546875,0.078125
provenance,Data2txt,0,31,1e-06,576,288,128,128,6,True,23,4.43283264681862,32.08244296998268,42.21320033403855,-10.130757364055867,-65.37535320962851,-84.99681478793053,0.240686697619644,0.6683180345555352,0.06666666666666667,0.013587567826293315,0.999984075162792,0.46875,2.6098261185854713e-26,0.0,0.0
provenance,Data2txt,0,31,0.0001,576,288,128,128,6,True,25,6.247760040354406,19.832107463603855,28.885119585836907,-9.053012122233055,-41.04816741622505,-58.411484924149725,0.2206389507218588,0.725667435066872,0.06666666666666667,0.013587567826293287,0.9999998403582366,0.37109375,2.5154011173646954e-16,0.0390625,0.0390625
provenance,Data2txt,0,31,0.001,576,288,128,128,6,True,28,8.36545289766494,14.184127421331828,22.404110916151236,-8.219983494819406,-29.890101250610552,-45.40433779297888,0.20898454025937147,0.779843977764984,0.06666666666666667,0.013587567826293317,0.9999999836771492,0.3515625,1.1885095331896712e-14,0.046875,0.046875
provenance,Data2txt,1,0,1e-06,1152,576,128,128,6,True,13,3.2336229810163406,28.525900872064675,33.86861099116851,-5.3427101191038275,-55.096994049245936,-65.76174883501938,0.1993447769343182,0.49626820185502024,0.06666666666666667,0.06711542618313651,1.414194225363115,0.3359375,2.1947921596940167e-13,0.0,0.0
provenance,Data2txt,1,0,0.0001,1152,576,128,128,6,True,11,4.008928945512752,18.194999362540777,23.593156394521845,-5.39815703198107,-34.929375596750134,-45.56759145452176,0.21870626017519332,0.4432529239932877,0.06666666666666667,0.06711542618313647,1.414213368385135,0.3671875,5.542534149978852e-16,0.0,0.0
provenance,Data2txt,1,0,0.001,1152,576,128,128,6,True,13,4.885979932733601,13.292306352706795,18.569887499584716,-5.27758114687792,-25.40494408999676,-35.666110519502084,0.2357204864343549,0.45834172694631337,0.06666666666666667,0.06711542618313653,1.414213542409492,0.296875,1.6997263144796861e-10,0.015625,0.0234375
provenance,Data2txt,1,1,1e-06,1152,576,128,128,6,True,9,10.708764179967662,18.553990168309326,21.9496957301836,-3.39570556187427,-33.410191154250555,-39.21024018532833,0.07084118135792745,0.4659332801743662,0.4666666666666667,0.12603401337432657,0.9173561922842872,0.3125,1.3232765413914088e-11,0.03125,0.109375
provenance,Data2txt,1,1,0.0001,1152,576,128,128,6,True,9,13.389618176853832,14.838370709139586,18.195713252133864,-3.357342542994276,-28.054295877272956,-33.98054477723356,0.06375543046574829,0.5573171358807852,0.4666666666666667,0.1260340133743266,0.9184786425107815,0.23828125,7.038776424263986e-07,0.0546875,0.1484375
provenance,Data2txt,1,1,0.001,1152,576,128,128,6,True,11,16.605118739502924,12.95841088521519,16.452855367970965,-3.494444482755771,-25.12382349652833,-31.465088113097085,0.07142408775387307,0.6306770729502774,0.4666666666666667,0.12603401337432654,0.9339781515523881,0.16015625,0.0024610192473685233,0.03125,0.0859375
provenance,Data2txt,1,2,1e-06,1152,576,128,128,6,True,12,25.482859133068438,32.122842759815086,36.910945508840015,-4.788102749024924,-62.70635812258904,-73.45379668362793,0.03041288782757054,0.754195795609066,0.4666666666666667,0.0183448847045831,2.185335030235981,0.34765625,2.4982790013842228e-14,0.015625,0.0546875
provenance,Data2txt,1,2,0.0001,1152,576,128,128,6,True,12,32.80424681205322,22.85658090483074,28.25174866254648,-5.39516775771574,-45.35020013599973,-56.61976060942071,0.03346835527916692,0.8140622693875975,0.4666666666666667,0.01834488470458304,2.2286903914199465,0.265625,1.838083532653948e-08,0.03125,0.0625
provenance,Data2txt,1,2,0.001,1152,576,128,128,6,True,11,43.860802968384874,18.283390931556507,23.689779734885917,-5.406388803329408,-36.69874203035506,-47.93387000784218,0.037385600591414866,0.8594978664458407,0.4666666666666667,0.018344884704583113,2.2349914049279205,0.24609375,2.592123269824214e-07,0.0625,0.0703125
provenance,Data2txt,1,3,1e-06,1152,576,128,128,6,True,14,16.165715529004974,28.023140628855117,32.88401178326545,-4.860871154410326,-54.28706376204573,-63.6671675427444,0.055266067736172625,0.5856650675090465,0.26666666666666666,0.012140503216374984,2.235410547945235,0.25390625,9.227219252368915e-08,0.0,0.0
provenance,Data2txt,1,3,0.0001,1152,576,128,128,6,True,13,20.214387029337235,20.09084651163989,24.987032117437472,-4.89618560579758,-39.23765757191665,-48.74497943112324,0.058354502506388045,0.6722492393869675,0.26666666666666666,0.012140503216374991,2.2360593582258064,0.17578125,0.0006257967777605344,0.0,0.0078125
provenance,Data2txt,1,3,0.001,1152,576,128,128,6,True,11,25.927210727604898,16.282736355469183,21.07506558445396,-4.7923292289847765,-31.950865472101142,-41.10976080402942,0.0639246506875744,0.7426548877919874,0.26666666666666666,0.012140503216374991,2.2360666609060917,0.20703125,2.7352006658291592e-05,0.0234375,0.0234375
provenance,Data2txt,1,4,1e-06,1152,576,128,128,6,True,14,14.386460532647192,25.409488305378993,30.159844846678396,-4.750356541299402,-51.19394502764197,-60.24660273463145,0.06808038503413522,0.4558922753372427,0.26666666666666666,0.05287355056791103,2.2357597470329913,0.20703125,2.7352006658291592e-05,0.0,0.0
provenance,Data2txt,1,4,0.0001,1152,576,128,128,6,True,12,17.923879240346576,18.14420195735085,22.902410350280448,-4.758208392929594,-36.829800268878685,-45.89429057730542,0.069065087155881,0.5598410434384701,0.26666666666666666,0.05287355056791105,2.236064820924155,0.17578125,0.0006257967777605344,0.0390625,0.046875
provenance,Data2txt,1,4,0.001,1152,576,128,128,6,True,14,22.6783995267779,14.781837121583502,19.373436547103097,-4.591599425519592,-30.18185746710158,-38.929693659681575,0.06987231244787961,0.6450488031205316,0.26666666666666666,0.05287355056791102,2.2360676147722067,0.1171875,0.05471894473064931,0.0390625,0.0703125
provenance,Data2txt,1,5,1e-06,1152,576,128,128,6,True,13,11.472414862826847,24.016778932642808,28.8254023615791,-4.808623428936295,-54.19870082719179,-64.7619088651449,0.06133518493134048,0.5621281912160371,0.2,0.04035522261882189,2.235830497592852,0.27734375,3.3884305330612322e-09,0.0078125,0.015625
provenance,Data2txt,1,5,0.0001,1152,576,128,128,6,True,14,14.029353079167528,17.2927864627524,22.224094260775725,-4.931307798023326,-37.95239558381617,-48.74490750550878,0.06355703285099995,0.6425925537692714,0.2,0.04035522261882189,2.236065569196499,0.203125,4.163077668109129e-05,0.0078125,0.03125
provenance,Data2txt,1,5,0.001,1152,576,128,128,6,True,12,17.305681640908528,14.124902502509672,19.017814388861023,-4.892911886351353,-30.33432419097105,-40.926632463621644,0.06775463646656645,0.7070877792474497,0.2,0.040355222618821934,2.236067706079635,0.21484375,1.1517275704865574e-05,0.0078125,0.078125
provenance,Data2txt,1,6,1e-06,1152,576,128,128,6,True,13,9.407031223115819,20.62299209478886,24.92071522080586,-4.297723126017001,-42.447127554009356,-51.03280359415629,0.08391666074146165,0.3552466964244658,0.2,0.10598636437762989,2.2359067636875425,0.19140625,0.00013970433630997956,0.0,0.0078125
provenance,Data2txt,1,6,0.0001,1152,576,128,128,6,True,14,11.627408576808666,14.89921072400541,19.181721649116056,-4.282510925110647,-30.74964438516787,-39.34947453051503,0.08195596061148525,0.43791827272501616,0.2,0.10598636437762991,2.236066356850771,0.15234375,0.004649248065287104,0.0078125,0.03125
provenance,Data2txt,1,6,0.001,1152,576,128,128,6,True,13,14.32929106824779,12.26648422522447,16.40811161247548,-4.1416273872510105,-25.339138869255144,-33.67136014336813,0.08116187241302819,0.5224997678232446,0.2,0.1059863643776299,2.2360678077118186,0.1171875,0.05471894473064931,0.0390625,0.0703125
provenance,Data2txt,1,7,1e-06,1152,576,128,128,6,True,15,10.304918789762096,23.357761816194277,28.042131331972968,-4.684369515778689,-44.090776798143246,-52.89788616852408,0.09082129854785882,0.35850242424035916,0.2,0.08410831246880625,2.235901011079506,0.1875,0.00020575038655746867,0.0,0.0078125
provenance,Data2txt,1,7,0.0001,1152,576,128,128,6,True,14,12.570149990834029,16.6040898256983,21.30073950389759,-4.696649678199292,-31.737866194310087,-40.66788226409465,0.08905177865131964,0.3880415177655176,0.2,0.0841083124688063,2.236066295352184,0.22265625,4.6910366522335245e-06,0.0078125,0.03125
provenance,Data2txt,1,7,0.001,1152,576,128,128,6,True,13,15.251835864298494,13.492371582233927,17.97840152536302,-4.4860299431290915,-26.02937952267156,-34.64128547364097,0.08763751102775567,0.4549300942209516,0.2,0.08410831246880637,2.2360677979134027,0.2265625,2.9565885080962975e-06,0.0546875,0.0625
provenance,Data2txt,1,8,1e-06,1152,576,128,128,6,True,13,10.33328955053601,24.04744680264539,28.791661547999464,-4.744214745354073,-49.78850520840033,-58.99560276490042,0.09546404089950826,0.3594211749920353,0.2,0.07503695507055227,2.2359042086211867,0.1796875,0.0004354569877453,0.0,0.0078125
provenance,Data2txt,1,8,0.0001,1152,576,128,128,6,True,14,12.54411634653376,16.644900682637463,21.512888662383087,-4.867987979745626,-34.64359337128079,-44.06061978034862,0.0959776746190995,0.46651853831213785,0.2,0.0750369550705523,2.23606632740154,0.16015625,0.0024610192473685233,0.0390625,0.09375
provenance,Data2txt,1,8,0.001,1152,576,128,128,6,True,13,15.36264225636212,13.227923928971677,17.993885713973366,-4.7659617850016875,-27.67088481453656,-36.91395030309186,0.09612380888974845,0.5570878933339917,0.2,0.07503695507055229,2.2360678011830646,0.15625,0.0033962516565197998,0.0390625,0.078125
provenance,Data2txt,1,9,1e-06,1152,576,128,128,6,True,14,9.632630333122727,24.72839648498832,29.472786397412698,-4.744389912424378,-51.85209401957823,-61.65110065661037,0.09833396868729513,0.33507459495697434,0.2,0.0930700343837116,2.2359449739191373,0.2109375,1.782257225451088e-05,0.0,0.0546875
provenance,Data2txt,1,9,0.0001,1152,576,128,128,6,True,13,11.71025191101152,17.110896434906444,21.92523893983831,-4.814342504931869,-35.73817737257134,-45.6564504336778,0.09941184923684025,0.43654121784662236,0.2,0.0930700343837117,2.2360667400999423,0.16796875,0.001261290693128525,0.0546875,0.078125
provenance,Data2txt,1,9,0.001,1152,576,128,128,6,True,12,14.369001270833923,13.545395097778648,18.290099600059285,-4.744704502280638,-28.247852015575937,-37.94166191330669,0.10012932631729424,0.528979019066819,0.2,0.09307003438371159,2.2360678470483664,0.14453125,0.00850482833415378,0.046875,0.09375
provenance,Data2txt,1,10,1e-06,1152,576,128,128,6,True,14,11.38228132918115,26.498790756551237,31.47199966918202,-4.973208912630785,-53.471085111349396,-63.40894311215534,0.028707190845569407,0.3714354978235721,0.2,0.061821449272663656,2.2358764217185967,0.30859375,2.538865745522775e-11,0.0078125,0.03125
provenance,Data2txt,1,10,0.0001,1152,576,128,128,6,True,13,13.891022217952978,17.99684562382439,22.938429391933575,-4.941583768109181,-36.276306788802195,-46.22196685419463,0.040548687136565134,0.47759757715675566,0.2,0.06182144927266368,2.2360660432473436,0.25390625,9.227219252368915e-08,0.0390625,0.0546875
provenance,Data2txt,1,10,0.001,1152,576,128,128,6,True,13,17.188093660473186,14.11709578555165,18.900079198469413,-4.782983412917762,-28.506414848689346,-38.11862692138966,0.05363009041090358,0.5692543380014475,0.2,0.06182144927266364,2.236067767025507,0.19921875,6.28426475199267e-05,0.0546875,0.0859375
provenance,Data2txt,1,11,1e-06,1152,576,128,128,6,True,13,9.623015687442741,23.215997790760724,27.73113734558504,-4.515139554824314,-47.047966362379256,-56.04823581556626,0.0822440553266986,0.3814292750894954,0.26666666666666666,0.04628701624750311,2.235849600772453,0.2109375,1.782257225451088e-05,0.0,0.0
provenance,Data2txt,1,11,0.0001,1152,576,128,128,6,True,13,11.703111932381285,16.320321748578756,20.931600366817527,-4.6112786182387735,-32.85468258150479,-42.074211892911926,0.088301738304444,0.47889867182915713,0.26666666666666666,0.046287016247503095,2.236065777635731,0.16796875,0.001261290693128525,0.0,0.015625
provenance,Data2txt,1,11,0.001,1152,576,128,128,6,True,12,14.248077136024644,13.15816495265473,17.685560707231737,-4.527395754577008,-26.346723557347467,-35.39922297795564,0.09282518813844748,0.5627731227806729,0.26666666666666666,0.046287016247503185,2.2360677428928324,0.140625,0.011365189018294308,0.015625,0.03125
provenance,Data2txt,1,12,1e-06,1152,576,128,128,6,True,13,9.956792395541708,19.58215018437879,24.01486614269666,-4.432715958317873,-36.72425434397756,-44.5986351296452,0.08472197117494831,0.32750610971590993,0.2,0.07094944521454996,2.235893716860494,0.3203125,3.4992283936701867e-12,0.0,0.0
provenance,Data2txt,1,12,0.0001,1152,576,128,128,6,True,14,11.906945167797941,14.06216610876594,18.488730226021453,-4.426564117255515,-26.882248280104257,-34.92683118383246,0.08700998652073753,0.41917704473804734,0.2,0.07094944521454997,2.23606622612796,0.24609375,2.592123269824214e-07,0.0078125,0.03125
provenance,Data2txt,1,12,0.001,1152,576,128,128,6,True,13,13.935773318209767,11.551148476427816,15.816828641258548,-4.26568016483073,-22.400217848434522,-30.24092296215578,0.09910065382246379,0.491284518431471,0.2,0.07094944521454992,2.236067794422327,0.203125,4.163077668109129e-05,0.0234375,0.0390625
provenance,Data2txt,1,13,1e-06,1152,576,128,128,6,True,13,11.461314725984227,25.457421414440773,30.023001511856705,-4.56558009741593,-50.82970175567576,-60.27978376755871,0.06343298119039555,0.32393676165087204,0.2,0.05736392734127546,2.235819477652948,0.23828125,7.038776424263986e-07,0.0,0.0078125
provenance,Data2txt,1,13,0.0001,1152,576,128,128,6,True,14,13.897163350227096,17.851545014792105,22.587332786089647,-4.735787771297542,-34.94848952245759,-44.68035674746214,0.06985898688082455,0.15406789051893,0.2,0.057363927341275475,2.2360654678805654,0.2265625,2.9565885080962975e-06,0.0078125,0.03125
provenance,Data2txt,1,13,0.001,1152,576,128,128,6,True,14,16.947649809755863,14.436946132108044,19.100706115860845,-4.6637599837528025,-27.73424377557628,-37.351758377694395,0.08249411339741303,0.1726230070705998,0.2,0.05736392734127547,2.2360677041282444,0.28515625,1.0509063100940924e-09,0.0078125,0.03125
provenance,Data2txt,1,14,1e-06,1152,576,128,128,6,True,13,7.55710974525892,22.06839595907193,26.835152240981188,-4.766756281909263,-46.13289058747867,-55.33697496966905,0.13839367177358486,0.7871543678007119,0.06666666666666667,0.15492026754236446,2.235955949587196,0.25390625,9.227219252368915e-08,0.0,0.03125
provenance,Data2txt,1,14,0.0001,1152,576,128,128,6,True,13,9.133248708111921,14.906687476818085,19.700691990023095,-4.794004513205011,-31.508057549799652,-40.760115058567294,0.12587137046404245,0.7361437368980117,0.06666666666666667,0.15492026754236432,2.236066853647975,0.19140625,0.00013970433630997956,0.0859375,0.1015625
provenance,Data2txt,1,14,0.001,1152,576,128,128,6,True,13,11.052589316115295,11.62311166518716,16.292538903231552,-4.669427238044393,-24.843691840112516,-33.8211813767789,0.11685808245815811,0.7219889659801739,0.06666666666666667,0.15492026754236432,2.236067861882028,0.1640625,0.00176897694134448,0.09375,0.1015625
provenance,Data2txt,1,15,1e-06,1152,576,128,128,6,True,13,6.801430526431068,23.19833440078498,27.942875499729247,-4.744541098944266,-43.78653807918719,-53.55516387863088,0.10193790557801419,0.27709815318797154,0.26666666666666666,0.12105272742480802,2.235932132247715,0.2421875,4.289574463648891e-07,0.0,0.0
provenance,Data2txt,1,15,0.0001,1152,576,128,128,6,True,13,8.211490000977285,16.055168859997096,20.882203661121203,-4.827034801124112,-30.417439969417273,-40.38560833786323,0.09842935038650326,0.30732263041294416,0.26666666666666666,0.12105272742480783,2.2360666125156055,0.1953125,9.40842686753401e-05,0.0,0.015625
provenance,Data2txt,1,15,0.001,1152,576,128,128,6,True,13,9.867529460126274,12.759971894983702,17.476990933820492,-4.7170190388367885,-24.239527141589,-33.96894415485308,0.11124629583810053,0.38329618720425485,0.26666666666666666,0.12105272742480801,2.2360678350688463,0.19921875,6.28426475199267e-05,0.0234375,0.0625
provenance,Data2txt,1,16,1e-06,1152,576,128,128,6,True,14,7.2965825050446895,21.099037685060466,25.933789128313585,-4.83475144325312,-46.63493591222411,-56.22931109984033,0.126456025750756,0.708843593441591,0.2,0.09267571953073597,2.235966102916676,0.1484375,0.006313488560237168,0.0078125,0.0078125
provenance,Data2txt,1,16,0.0001,1152,576,128,128,6,True,14,8.859400483662105,14.660630700964976,19.540180558719253,-4.879549857754277,-32.332769169401764,-41.98640051713595,0.12183131154207696,0.7064512116519825,0.2,0.0926757195307359,2.236066954573104,0.1171875,0.05471894473064931,0.046875,0.1171875
provenance,Data2txt,1,16,0.001,1152,576,128,128,6,True,12,10.792227851787969,11.66691329660271,16.38052370128336,-4.713610404680649,-25.6745574927513,-35.01045615938443,0.11551762421965553,0.7210068772334388,0.2,0.09267571953073586,2.2360678714071254,0.15234375,0.004649248065287104,0.09375,0.1328125
provenance,Data2txt,1,17,1e-06,1152,576,128,128,6,True,13,8.405767908693644,23.101013038964304,27.80498228507306,-4.703969246108752,-45.94730826221985,-55.372625087493944,0.06979608299524866,0.3330914517552235,0.2,0.09069565432184656,2.235923063404275,0.2578125,5.435300936256329e-08,0.0078125,0.0078125
provenance,Data2txt,1,17,0.0001,1152,576,128,128,6,True,14,10.175413751734384,16.18943976968555,20.91938225754405,-4.729942487858503,-32.19552373023423,-41.677707198253074,0.07611014402287408,0.3648091328973748,0.2,0.09069565432184658,2.2360665186608655,0.16796875,0.001261290693128525,0.0078125,0.0234375
provenance,Data2txt,1,17,0.001,1152,576,128,128,6,True,13,12.362721714056699,13.010880154954133,17.561568725858216,-4.550688570904079,-25.796682161547736,-34.924337667413894,0.08191343427828884,0.43596660043286495,0.2,0.09069565432184647,2.236067822780929,0.15625,0.0033962516565197998,0.0234375,0.046875
provenance,Data2txt,1,18,1e-06,1152,576,128,128,6,True,13,12.50351973613178,27.764140305200748,33.17296895883794,-5.408828653637194,-55.04264291730716,-65.6404524830676,0.05887975010920393,0.4146575325586019,0.26666666666666666,0.06568009101231517,2.2358751257561718,0.3125,1.3232765413914088e-11,0.0,0.0078125
provenance,Data2txt,1,18,0.0001,1152,576,128,128,6,True,12,15.301103796941458,19.207776316242644,24.648086429236034,-5.440310112993384,-38.170646487799814,-48.9441706904678,0.06446799405586459,0.5180692713178555,0.26666666666666666,0.06568009101231521,2.2360660263235963,0.2109375,1.782257225451088e-05,0.0078125,0.046875
provenance,Data2txt,1,18,0.001,1152,576,128,128,6,True,14,19.02231571598445,15.253979972706672,20.52473504336314,-5.2707550706564685,-30.336098245018793,-40.87531877864043,0.06917128533681312,0.6063889824722374,0.26666666666666666,0.06568009101231517,2.2360677616845313,0.17578125,0.0006257967777605344,0.0234375,0.0703125
provenance,Data2txt,1,19,1e-06,1152,576,128,128,6,True,14,16.497663264261945,28.881568895429748,34.530851711236,-5.649282815806242,-59.010557740639584,-70.13499854526907,0.0367951578164128,0.5185872788752578,0.4,0.11002807179747522,2.2358585492467307,0.33984375,1.073542535028726e-13,0.0,0.046875
provenance,Data2txt,1,19,0.0001,1152,576,128,128,6,True,13,20.41921797480077,20.03173772648428,25.677465361206743,-5.645727634722462,-40.761654613246776,-51.917195974471746,0.04034373682941357,0.6067739303815917,0.4,0.1100280717974752,2.236065848665385,0.23828125,7.038776424263986e-07,0.046875,0.09375
provenance,Data2txt,1,19,0.001,1152,576,128,128,6,True,13,25.903335740473334,15.97226223764722,21.37491780783694,-5.4026555701897205,-32.37759054724711,-43.143020077390716,0.044210254569650324,0.6829966613859358,0.4,0.11002807179747516,2.2360677330052043,0.2421875,4.289574463648891e-07,0.078125,0.1015625
provenance,Data2txt,1,20,1e-06,1152,576,128,128,6,True,14,14.077253079396963,27.8246292727086,33.31862704844691,-5.493997775738318,-56.60814665728192,-67.58796083884104,0.06768108474155736,0.4027917497659715,0.4,0.10189571084245343,2.2357701179128378,0.26171875,3.1743788057539135e-08,0.0,0.015625
provenance,Data2txt,1,20,0.0001,1152,576,128,128,6,True,14,17.33554029146249,19.44061575151446,25.00444482825624,-5.563829076741779,-39.00918431682338,-49.973842122268266,0.061787527229364904,0.5094692417492207,0.4,0.1018957108424534,2.2360649226979445,0.23046875,1.847888979619762e-06,0.0078125,0.0859375
provenance,Data2txt,1,20,0.001,1152,576,128,128,6,True,13,21.789039040929786,15.595991035952446,20.991316219019055,-5.3953251830666105,-30.93656233464973,-41.44993141118037,0.0566611016749328,0.6020745983813168,0.4,0.10189571084245337,2.2360676022759707,0.25390625,9.227219252368915e-08,0.0390625,0.078125
provenance,Data2txt,1,21,1e-06,1152,576,128,128,6,True,14,8.360500728874742,27.245506593473834,32.670058338012154,-5.4245517445383165,-48.581011622323736,-58.32466309439684,0.13086280009365636,0.6122823662942983,0.2,0.13166781330562424,2.2359158540986446,0.38671875,9.694174955308428e-18,0.0,0.03125
provenance,Data2txt,1,21,0.0001,1152,576,128,128,6,True,14,10.240042035849802,18.63102108981817,23.92679143357346,-5.2957703437552865,-33.91300243248229,-43.56462280107384,0.12079823852128523,0.5726955710139305,0.2,0.13166781330562424,2.236066439665672,0.3359375,2.1947921596940167e-13,0.03125,0.0703125
provenance,Data2txt,1,21,0.001,1152,576,128,128,6,True,12,12.695097524920612,14.583338975002189,19.61976091998914,-5.036421944986947,-27.048313470421903,-36.26469393210169,0.11282979409887156,0.5838512351485694,0.2,0.1316678133056243,2.2360678085425882,0.2890625,5.776341456120769e-10,0.03125,0.078125
provenance,Data2txt,1,22,1e-06,1152,576,128,128,6,True,13,19.15464714410915,28.847640443166515,34.193583453303255,-5.345943010136739,-55.947705717026,-66.1509238675363,0.06540870537643892,0.513711666781104,0.4,0.13433825315327194,2.2356498171783428,0.29296875,3.1472328013771007e-10,0.015625,0.0234375
provenance,Data2txt,1,22,0.0001,1152,576,128,128,6,True,13,23.9807622660283,19.93161685346922,25.279045864182255,-5.347429010713038,-39.54743272083486,-49.74881132253267,0.06663505375383257,0.6104910708304447,0.4,0.13433825315327189,2.236063657335584,0.265625,1.838083532653948e-08,0.03125,0.0625
provenance,Data2txt,1,22,0.001,1152,576,128,128,6,True,14,30.881074003481046,15.85980455205653,21.07778208347034,-5.21797753141381,-32.0387925950577,-41.91056079453131,0.07210812434782908,0.6926906793931297,0.4,0.13433825315327189,2.236067418693139,0.15234375,0.004649248065287104,0.046875,0.0625
provenance,Data2txt,1,23,1e-06,1152,576,128,128,6,True,14,18.50011023243863,30.138106910993017,35.539160746638174,-5.401053835645154,-56.95603809540761,-67.27715534710367,0.08122448358284878,0.39061765266937293,0.26666666666666666,0.08474360515541267,2.2358115200466564,0.34375,5.202843089038079e-14,0.0078125,0.0078125
provenance,Data2txt,1,23,0.0001,1152,576,128,128,6,True,13,22.990422741824926,20.937493418480987,26.147556595479656,-5.210063176998665,-39.99512742164549,-50.14132097819522,0.07591486765899069,0.44086541593974354,0.26666666666666666,0.08474360515541264,2.236065375146152,0.3203125,3.4992283936701867e-12,0.0078125,0.0234375
provenance,Data2txt,1,23,0.001,1152,576,128,128,6,True,12,29.13133696933143,16.768124857345118,21.65149208108103,-4.883367223735911,-32.26751374571951,-41.92038386822316,0.07124017586920967,0.5227141956739844,0.26666666666666666,0.08474360515541257,2.2360676827641,0.22265625,4.6910366522335245e-06,0.0078125,0.0546875
provenance,Data2txt,1,24,1e-06,1152,576,128,128,6,True,14,19.274565775041015,29.693168062163643,35.061148144487504,-5.367980082323859,-56.72773880649146,-66.88997495402793,0.03918000233376513,0.5001847995868998,0.2,0.10208119188460892,2.2358101583800254,0.35546875,5.601551930573579e-15,0.015625,0.0234375
provenance,Data2txt,1,24,0.0001,1152,576,128,128,6,True,14,24.290113492752184,20.71590983942343,25.959433542172427,-5.243523702748999,-40.20404018144908,-50.21912434330629,0.03963123178390433,0.5728721450511705,0.2,0.10208119188460892,2.236065336660759,0.296875,1.6997263144796861e-10,0.015625,0.0546875
provenance,Data2txt,1,24,0.001,1152,576,128,128,6,True,14,31.478314070915438,16.581574743558626,21.5449559597986,-4.963381216239972,-32.655585223663394,-42.225670586233534,0.0418055327547522,0.6489887922462576,0.2,0.10208119188460892,2.2360676560410457,0.22265625,4.6910366522335245e-06,0.0390625,0.078125
provenance,Data2txt,1,25,1e-06,1152,576,128,128,6,True,14,12.82968441204679,30.381158886347883,35.89553781244131,-5.514378926093428,-55.960329836255056,-66.52089220779915,0.09097963371286254,0.6978582609205998,0.2,0.11008436635116989,2.2357484981626032,0.4140625,2.2289157019360778e-20,0.0234375,0.0390625
provenance,Data2txt,1,25,0.0001,1152,576,128,128,6,True,14,16.05823085645924,21.10776055635209,26.38862605364363,-5.280865497291542,-39.246835201958554,-49.45459676929033,0.08337419104942523,0.6258575003065651,0.2,0.11008436635116992,2.236064715550483,0.375,1.130724758563229e-16,0.0234375,0.046875
provenance,Data2txt,1,25,0.001,1152,576,128,128,6,True,13,20.627836495422546,16.785841058791405,21.761533956377793,-4.97569289758639,-31.41126174711693,-41.09718960343328,0.07682406218214145,0.6242523153371466,0.2,0.11008436635116983,2.2360675899156357,0.41015625,5.470057972924996e-20,0.03125,0.0546875
provenance,Data2txt,1,26,1e-06,1152,576,128,128,6,True,15,9.977071744535259,28.320016838694478,33.73757658144393,-5.417559742749451,-53.02726787542761,-64.0711535751617,0.09071259649608235,0.5464075857163702,0.4,0.14939575413753342,2.2357642381550997,0.29296875,3.1472328013771007e-10,0.0078125,0.0078125
provenance,Data2txt,1,26,0.0001,1152,576,128,128,6,True,13,12.243963053237984,19.594772539551705,24.864150547752978,-5.269378008201271,-36.87142382416819,-47.86853792081765,0.0853581514271166,0.5557488152993639,0.4,0.14939575413753342,2.236064843034339,0.3203125,3.4992283936701867e-12,0.0078125,0.046875
provenance,Data2txt,1,26,0.001,1152,576,128,128,6,True,13,15.324852854191706,15.496932165832725,20.50503492608828,-5.008102760255559,-29.24984206207716,-39.82735481673876,0.08221010874567271,0.5956526904489707,0.4,0.1493957541375333,2.2360675751261696,0.28515625,1.0509063100940924e-09,0.0390625,0.0859375
provenance,Data2txt,1,27,1e-06,1152,576,128,128,6,True,15,19.176781285149232,27.369481793218185,32.53130202769532,-5.161820234477129,-56.20377026317112,-66.37639514925847,0.03569897580709876,0.5734516499093022,0.4,0.12920783892889817,2.2357524028446782,0.2734375,6.005467433544062e-09,0.015625,0.015625
provenance,Data2txt,1,27,0.0001,1152,576,128,128,6,True,13,24.03284744240208,19.394351276921014,24.54653676194671,-5.152185485025695,-39.91696928208661,-49.98440162610332,0.034199763853456175,0.6522278675819073,0.4,0.12920783892889812,2.236064732749758,0.23828125,7.038776424263986e-07,0.0390625,0.1015625
provenance,Data2txt,1,27,0.001,1152,576,128,128,6,True,13,30.882242865339094,15.72092330181335,20.663361759060642,-4.9424384572472935,-32.426572483736095,-41.9840437527788,0.036202651743104525,0.7192862905372166,0.4,0.12920783892889814,2.236067571551012,0.18359375,0.00030054999002206975,0.09375,0.125
provenance,Data2txt,1,28,1e-06,1152,576,128,128,6,True,14,7.956580124037718,22.067846282935832,27.012765656907682,-4.9449193739718424,-41.38955104601015,-50.59400988564598,0.13524406635123315,0.5091999293497543,0.4,0.12020116464349184,2.2358661796094252,0.2578125,5.435300936256329e-08,0.0,0.0
provenance,Data2txt,1,28,0.0001,1152,576,128,128,6,True,14,9.538628260411638,15.71159189805698,20.62190568631387,-4.910313788256888,-29.792964493304055,-39.08635489501539,0.12252230989740692,0.5404737156654218,0.4,0.12020116464349181,2.2360659364181625,0.1875,0.00020575038655746867,0.0,0.0078125
provenance,Data2txt,1,28,0.001,1152,576,128,128,6,True,12,11.348868375425557,12.735836759291193,17.43708450882625,-4.701247749535053,-24.33090717580894,-33.30864640612492,0.11669923137628499,0.582597907734402,0.4,0.12020116464349183,2.2360677523089034,0.16015625,0.0024610192473685233,0.0078125,0.0703125
provenance,Data2txt,1,29,1e-06,1152,576,128,128,6,True,13,7.99116286206952,25.81442144713568,30.93751097203598,-5.123089524900298,-50.9241622693675,-61.26405792385664,0.12774544958940087,0.5547963934783133,0.4,0.05428164021345515,2.2359065266300826,0.2265625,2.9565885080962975e-06,0.0,0.015625
provenance,Data2txt,1,29,0.0001,1152,576,128,128,6,True,14,9.653237251977334,18.01845103257952,23.115045811828054,-5.096594779248534,-35.23531214768249,-45.561146463905686,0.1221686762437608,0.5791831198583995,0.4,0.05428164021345512,2.236066344762766,0.23828125,7.038776424263986e-07,0.0078125,0.0234375
provenance,Data2txt,1,29,0.001,1152,576,128,128,6,True,12,11.735351548011911,14.393509280466166,19.252670127792726,-4.859160847326564,-27.858994159260888,-37.78399900872789,0.12155810747332976,0.6172161835270253,0.4,0.05428164021345515,2.236067797566638,0.2265625,2.9565885080962975e-06,0.03125,0.078125
provenance,Data2txt,1,30,1e-06,1152,576,128,128,6,True,14,7.089404743083941,21.19537566304379,25.855092332461403,-4.659716669417618,-41.515786595661,-50.6577211216384,0.09623598463560151,0.6063950688365206,0.26666666666666666,0.10768054506701,2.2358401884676162,0.1640625,0.00176897694134448,0.0,0.0
provenance,Data2txt,1,30,0.0001,1152,576,128,128,6,True,13,8.55804717332375,14.851425119252685,19.477231405582177,-4.6258062863294915,-29.3111325480456,-38.381598108305866,0.09671978835263402,0.628488366011208,0.26666666666666666,0.10768054506700998,2.2360656760448054,0.125,0.03345596830001085,0.0,0.03125
provenance,Data2txt,1,30,0.001,1152,576,128,128,6,True,13,10.315455110160118,11.867162623062528,16.35954126471795,-4.4923786416554226,-23.617031346703456,-32.36720537750756,0.09449944880796926,0.659853108029722,0.26666666666666666,0.10768054506700993,2.2360677258946837,0.140625,0.011365189018294308,0.0625,0.078125
provenance,Data2txt,1,31,1e-06,1152,576,128,128,6,True,14,3.682404395807975,20.062941582349815,24.627145870565826,-4.56420428821601,-38.74795646719801,-47.21208335243621,0.2801119455192831,0.642737171861297,0.2,0.05868162823141275,2.235930411950414,0.34375,5.202843089038079e-14,0.0,0.015625
provenance,Data2txt,1,31,0.0001,1152,576,128,128,6,True,14,5.048121685469111,13.83698560494739,18.475432075020187,-4.638446470072798,-26.97377261176614,-35.596067783381045,0.2582943613733034,0.6875134524602942,0.2,0.05868162823141273,2.236066592278782,0.25,1.553142566968138e-07,0.015625,0.03125
provenance,Data2txt,1,31,0.001,1152,576,128,128,6,True,13,6.478337967070369,10.94435013751405,15.52518682852925,-4.5808366910151985,-21.588184416261292,-30.002097551151508,0.24483569593635288,0.7341556440093701,0.2,0.05868162823141271,2.2360678302594894,0.26171875,3.1743788057539135e-08,0.03125,0.03125
provenance,Data2txt,2,0,1e-06,2304,1152,128,128,6,True,13,3.8264614058123834,28.063479744118013,33.12564281591163,-5.062163071793618,-54.79414631737569,-65.30070836995468,0.1677624015112989,0.30445077311171426,0.06666666666666667,0.04116059392339223,1.414198044636832,0.39453125,1.795398555331546e-18,0.0,0.0
provenance,Data2txt,2,0,0.0001,2304,1152,128,128,6,True,13,4.87971273951462,17.997331959563134,23.106736384347574,-5.109404424784438,-35.17517002536222,-45.76723209333106,0.18429417753253774,0.4009639560828989,0.06666666666666667,0.04116059392339222,1.4142134065905656,0.32421875,1.7752249813670875e-12,0.015625,0.0234375
provenance,Data2txt,2,0,0.001,2304,1152,128,128,6,True,12,6.070899008070797,13.213034974519791,18.286160143787775,-5.073125169267981,-25.93126883183957,-36.223237275918045,0.19809514895292457,0.49274089191156173,0.06666666666666667,0.04116059392339222,1.4142135462406762,0.26171875,3.1743788057539135e-08,0.0234375,0.0234375
provenance,Data2txt,2,1,1e-06,2304,1152,128,128,6,True,9,8.442671424985676,15.812714103796036,19.025915210236327,-3.2132011064402928,-33.68805670938568,-40.31021436351125,0.08476796390606983,0.42293619505268853,0.3333333333333333,0.1409093811947663,0.768605819533501,0.31640625,6.83543823843095e-12,0.1328125,0.2265625
provenance,Data2txt,2,1,0.0001,2304,1152,128,128,6,True,10,10.471331786516611,12.872600679290368,16.250930332522504,-3.378329653232133,-26.698592273559612,-33.69766813565862,0.07482767646204982,0.505437591782206,0.3333333333333333,0.14090938119476634,0.7713467070775685,0.16796875,0.001261290693128525,0.0234375,0.125
provenance,Data2txt,2,1,0.001,2304,1152,128,128,6,True,10,12.835759781987921,11.420829237852033,14.964781954818879,-3.543952716966847,-23.3759035575439,-30.652484805193314,0.07086226210508934,0.5791259844281121,0.3333333333333333,0.1409093811947663,0.7952047729417864,0.13671875,0.015066349402464208,0.0546875,0.1640625
provenance,Data2txt,2,2,1e-06,2304,1152,128,128,6,True,13,15.567757987382747,27.587860563160383,31.82396279925641,-4.236102236096023,-53.43860246594191,-62.525079593212034,0.05769562275426124,0.4280867976878111,0.4666666666666667,0.06206005284325195,1.9339565491660768,0.3125,1.3232765413914088e-11,0.03125,0.1484375
provenance,Data2txt,2,2,0.0001,2304,1152,128,128,6,True,13,20.126818576804904,20.50364313145442,25.150235276878853,-4.646592145424431,-39.44147437391891,-48.916527816592485,0.056938795381360506,0.5483466396975984,0.4666666666666667,0.0620600528432521,2.0217914436018476,0.2734375,6.005467433544062e-09,0.0,0.046875
provenance,Data2txt,2,2,0.001,2304,1152,128,128,6,True,12,26.76914251886737,16.890502371898037,21.794153512146707,-4.903651140248668,-32.38020947740688,-42.32566031881693,0.06020060418665337,0.6506117945172808,0.4666666666666667,0.062060052843251966,2.1712014422655064,0.2109375,1.782257225451088e-05,0.0390625,0.0546875
provenance,Data2txt,2,3,1e-06,2304,1152,128,128,6,True,14,13.236211352139039,24.328970130743794,28.417883191598193,-4.0889130608544,-52.1660629780286,-61.19036176812178,0.07697586693283649,0.34548562597085675,0.4666666666666667,0.0724157991472369,2.215333081865164,0.17578125,0.0006257967777605344,0.015625,0.0234375
provenance,Data2txt,2,3,0.0001,2304,1152,128,128,6,True,13,16.396174113100603,18.513830957887834,23.04867484759717,-4.534843889709341,-38.09899998960486,-47.825637863063974,0.06876120149332098,0.42907697337718004,0.4666666666666667,0.07241579914723689,2.2348507695654525,0.14453125,0.00850482833415378,0.015625,0.0234375
provenance,Data2txt,2,3,0.001,2304,1152,128,128,6,True,12,20.86467360945044,15.421458443238837,19.826896412980524,-4.405437969741689,-30.843884580585463,-40.21095286131363,0.06747721673897145,0.5284177750299689,0.4666666666666667,0.07241579914723693,2.2359072296976525,0.15625,0.0033962516565197998,0.015625,0.03125
provenance,Data2txt,2,4,1e-06,2304,1152,128,128,6,True,15,11.903004233994768,22.513977205601222,26.910145745369103,-4.396168539767881,-46.86626899403002,-55.47611767280597,0.06886747242917075,0.4083794968031012,0.26666666666666666,0.05424005324371709,2.2358159510938775,0.14453125,0.00850482833415378,0.0,0.0
provenance,Data2txt,2,4,0.0001,2304,1152,128,128,6,True,14,14.736477835165458,16.4312717339971,20.87636326590364,-4.445091531906538,-34.07456965927177,-42.72820767610931,0.060703436528632165,0.5113796203266041,0.26666666666666666,0.054240053243717105,2.2360648135440058,0.1484375,0.006313488560237168,0.0,0.0078125
provenance,Data2txt,2,4,0.001,2304,1152,128,128,6,True,13,18.34034221517881,13.530662920022893,17.826699860740664,-4.296036940717769,-28.030878623665874,-36.304669333921915,0.05993490012737953,0.5975011170826375,0.26666666666666666,0.054240053243717126,2.23606762760869,0.17578125,0.0006257967777605344,0.0078125,0.015625
provenance,Data2txt,2,5,1e-06,2304,1152,128,128,6,True,13,8.879250906357912,24.116162647367698,28.798734431961343,-4.68257178459365,-49.60885934284491,-58.93198159453627,0.08973934493586601,0.5210050268967711,0.26666666666666666,0.03868743202674277,2.235642661966013,0.171875,0.0008920470081351661,0.0,0.0
provenance,Data2txt,2,5,0.0001,2304,1152,128,128,6,True,13,10.883068901073917,17.187203033398298,21.958935337904087,-4.771732304505793,-34.91342080330875,-44.271058770844306,0.09622023127682336,0.6104464385150257,0.26666666666666666,0.03868743202674274,2.236063641480703,0.1328125,0.019813663257872594,0.0,0.0078125
provenance,Data2txt,2,5,0.001,2304,1152,128,128,6,True,12,13.451251371686197,13.930511885915644,18.67145615673715,-4.740944270821506,-27.965337630451522,-37.18821456940182,0.10166347704587275,0.6822086999333495,0.26666666666666666,0.03868743202674275,2.2360674837760826,0.1328125,0.019813663257872594,0.0,0.0234375
provenance,Data2txt,2,6,1e-06,2304,1152,128,128,6,True,13,8.466608028923677,20.00529062351135,24.566627222160776,-4.561336598649426,-38.52070567738656,-47.067156083089685,0.12603796708699355,0.4692005089240254,0.2,0.11149386895183067,2.235904632833089,0.2734375,6.005467433544062e-09,0.0,0.0078125
provenance,Data2txt,2,6,0.0001,2304,1152,128,128,6,True,14,10.553480301128118,14.38531105648892,18.902648941693045,-4.517337885204127,-28.04342860978724,-36.5515803569287,0.11976867438414157,0.5185277246333034,0.2,0.11149386895183072,2.236066335979221,0.25,1.553142566968138e-07,0.015625,0.0234375
provenance,Data2txt,2,6,0.001,2304,1152,128,128,6,True,13,12.96018226948622,11.781420975385492,16.133909018086655,-4.352488042701161,-23.29728714802748,-31.454373756180413,0.11513576909906933,0.5784767848067783,0.2,0.11149386895183068,2.2360678060294115,0.19140625,0.00013970433630997956,0.0234375,0.0546875
provenance,Data2txt,2,7,1e-06,2304,1152,128,128,6,True,13,8.585522352385224,20.336224319100964,24.75749471893339,-4.421270399832425,-40.55945342832915,-49.31826015345378,0.11029534004050807,0.38889367171231654,0.2,0.06343298460308931,2.235850479076178,0.2421875,4.289574463648891e-07,0.0,0.0
provenance,Data2txt,2,7,0.0001,2304,1152,128,128,6,True,14,10.47365238964024,14.680461597937876,19.125896492450043,-4.445434894512166,-29.227845815087836,-38.05131365179323,0.10639823776415835,0.43205365960377246,0.2,0.06343298460308933,2.236065790201271,0.21875,7.381061347748238e-06,0.0,0.0
provenance,Data2txt,2,7,0.001,2304,1152,128,128,6,True,13,12.636602392235583,12.083548584954933,16.357452841837603,-4.2739042568826715,-24.006553316812948,-32.486426092623866,0.10352446228319528,0.4966810706768147,0.2,0.06343298460308931,2.2360677476307793,0.1328125,0.019813663257872594,0.0,0.03125
provenance,Data2txt,2,8,1e-06,2304,1152,128,128,6,True,13,9.501823042578268,23.180692808440327,27.753505233853613,-4.572812425413288,-44.319421098689475,-53.01088610134234,0.07782699130535756,0.2876389411107114,0.2,0.0988348249958922,2.2358719195297954,0.2421875,4.289574463648891e-07,0.0,0.0
provenance,Data2txt,2,8,0.0001,2304,1152,128,128,6,True,14,11.709044995009616,16.337763652924057,20.99677431584069,-4.659010662916637,-31.260103925185227,-40.15548171202438,0.08355459701764688,0.22613335746537216,0.2,0.09883482499589218,2.2360660059463053,0.20703125,2.7352006658291592e-05,0.0,0.0078125
provenance,Data2txt,2,8,0.001,2304,1152,128,128,6,True,13,14.436642620947708,13.235818846985989,17.776173592627956,-4.540354745641964,-25.33030292809646,-34.037786278537325,0.08785651025149574,0.3023829121385308,0.2,0.09883482499589215,2.236067770399912,0.140625,0.011365189018294308,0.0078125,0.046875
provenance,Data2txt,2,9,1e-06,2304,1152,128,128,6,True,13,9.229415992182274,21.53684274361401,26.028043192853858,-4.491200449239846,-44.27638020251695,-52.87656870939179,0.11751015120895396,0.37194279319030693,0.2,0.11590197008791303,2.2359329856088226,0.15234375,0.004649248065287104,0.0,0.0390625
provenance,Data2txt,2,9,0.0001,2304,1152,128,128,6,True,13,11.340863887304073,15.183693521677991,19.775568467485094,-4.591874945807106,-31.638716457469826,-40.46229105287721,0.11729843993484934,0.4585771610601549,0.2,0.11590197008791302,2.2360666216241585,0.1171875,0.05471894473064931,0.0703125,0.078125
provenance,Data2txt,2,9,0.001,2304,1152,128,128,6,True,13,13.931298387359794,12.228880685027416,16.793086965737814,-4.564206280710396,-25.742780145897047,-34.52947836067784,0.11767937764741931,0.5419827656382327,0.2,0.11590197008791299,2.236067836507648,0.12109375,0.04295704754590679,0.0703125,0.1171875
provenance,Data2txt,2,10,1e-06,2304,1152,128,128,6,True,15,9.488217249200765,21.821755289015144,26.250940443322435,-4.429185154307285,-43.98046561149151,-52.88542016582795,0.07259789587332191,0.2194485660248143,0.2,0.09755179576102198,2.235899520486011,0.1484375,0.006313488560237168,0.0,0.0
provenance,Data2txt,2,10,0.0001,2304,1152,128,128,6,True,14,11.76417608506263,15.536089231075113,20.057217380505563,-4.521128149430448,-31.084992007943328,-40.13057202082378,0.07183124072866384,0.3401767994969238,0.2,0.09755179576102213,2.236066284305281,0.140625,0.011365189018294308,0.0078125,0.0234375
provenance,Data2txt,2,10,0.001,2304,1152,128,128,6,True,13,14.609388477270162,12.65781910595292,17.11874737098658,-4.46092826503366,-25.242093774578425,-34.04113021898913,0.07151232092070592,0.4538679255787776,0.2,0.09755179576102208,2.236067800362432,0.1484375,0.006313488560237168,0.0078125,0.046875
provenance,Data2txt,2,11,1e-06,2304,1152,128,128,6,True,14,9.82165385287296,18.76068710290249,23.130115809519545,-4.369428706617056,-40.65222064390197,-49.19177431926154,0.17577518606938614,0.45020741742317966,0.2,0.0848006229947432,2.2359145707913446,0.21484375,1.1517275704865574e-05,0.0,0.0078125
provenance,Data2txt,2,11,0.0001,2304,1152,128,128,6,True,15,12.099556715724576,13.612403225487508,18.13601001891412,-4.523606793426614,-29.742509257080854,-38.577663165294766,0.1727309238342843,0.5264915038727648,0.2,0.08480062299474331,2.236066437009053,0.14453125,0.00850482833415378,0.0078125,0.078125
provenance,Data2txt,2,11,0.001,2304,1152,128,128,6,True,11,14.706395851671903,11.202312491031998,15.695380017329844,-4.493067526297846,-24.70016473972785,-33.54104003891171,0.17057583901911016,0.5945104288086239,0.2,0.08480062299474328,2.236067817637248,0.1171875,0.05471894473064931,0.0234375,0.1015625
provenance,Data2txt,2,12,1e-06,2304,1152,128,128,6,True,13,8.651610250862483,15.73363397623833,19.874882402526442,-4.14124842628811,-31.700791806270626,-40.2073070072251,0.08366180170961654,0.5233254600275281,0.06666666666666667,0.08283479255693779,2.235915400354856,0.375,1.130724758563229e-16,0.0,0.0
provenance,Data2txt,2,12,0.0001,2304,1152,128,128,6,True,13,9.744263896639563,11.550170142687485,15.580965132928604,-4.030794990241119,-23.341375698475183,-31.686973286485575,0.08625100206449762,0.5356378157164668,0.06666666666666667,0.08283479255693778,2.2360664474980916,0.3203125,3.4992283936701867e-12,0.0078125,0.015625
provenance,Data2txt,2,12,0.001,2304,1152,128,128,6,True,13,10.827459671696475,9.636559348504516,13.472679729252022,-3.836120380747503,-19.475055489559068,-27.41891430869792,0.09200493941047203,0.5521768593425617,0.06666666666666667,0.08283479255693775,2.2360678207049505,0.2734375,6.005467433544062e-09,0.0390625,0.046875
provenance,Data2txt,2,13,1e-06,2304,1152,128,128,6,True,13,11.67273435390298,21.02850229995112,25.42982533870054,-4.401323038749416,-42.246976118845694,-50.74914170007378,0.12302553359839692,0.24235138590394456,0.2,0.09750433541437421,2.235875802347262,0.1640625,0.00176897694134448,0.0,0.015625
provenance,Data2txt,2,13,0.0001,2304,1152,128,128,6,True,13,14.458546291868739,15.251520019295041,19.843107707036623,-4.5915876877415815,-30.566838751260846,-39.463201061535756,0.12074609043539859,0.29396583683721317,0.2,0.0975043354143741,2.2360660470351137,0.13671875,0.015066349402464208,0.0234375,0.0546875
provenance,Data2txt,2,13,0.001,2304,1152,128,128,6,True,14,17.713384049766326,12.647226187485408,17.18921532078928,-4.541989133303874,-25.316356580514633,-34.16979371152818,0.11889946510984026,0.39062980964742555,0.2,0.0975043354143742,2.2360677765824915,0.125,0.03345596830001085,0.046875,0.09375
provenance,Data2txt,2,14,1e-06,2304,1152,128,128,6,True,13,8.9302348572127,19.187527740360473,23.424591653057178,-4.237063912696707,-41.842734848756166,-50.31833978068839,0.11616044105308045,0.6551228596507965,0.2,0.15029496227692246,2.235938086632073,0.1484375,0.006313488560237168,0.0,0.015625
provenance,Data2txt,2,14,0.0001,2304,1152,128,128,6,True,16,10.922091202935828,13.727593017540393,18.101700042600513,-4.37410702506012,-29.674021479267758,-38.36760818813751,0.09002615822346074,0.5845599886532957,0.2,0.1502949622769224,2.2360666745727507,0.08984375,0.23811562865354285,0.0234375,0.0859375
provenance,Data2txt,2,14,0.001,2304,1152,128,128,6,True,12,13.250500229068749,11.236063597489911,15.548208333033033,-4.312144735543122,-24.168651910275376,-32.66010111578655,0.07538548950384247,0.5745544934278577,0.2,0.15029496227692252,2.2360678435799293,0.11328125,0.0691489899768779,0.0625,0.1171875
provenance,Data2txt,2,15,1e-06,2304,1152,128,128,6,True,13,7.0882535726334925,19.7891037453183,24.622395265351372,-4.83329152003307,-41.01488031441093,-50.167784800933084,0.13070429348708074,0.5370768513240853,0.2,0.14525628825911002,2.2359881813963716,0.1484375,0.006313488560237168,0.0,0.0390625
provenance,Data2txt,2,15,0.0001,2304,1152,128,128,6,True,13,8.650869516599782,13.84969790424016,18.81413681164358,-4.964438907403419,-28.873199512900808,-38.310095942199084,0.12320547416192196,0.5809417736931596,0.2,0.14525628825911,2.2360671769206557,0.1328125,0.019813663257872594,0.0546875,0.078125
provenance,Data2txt,2,15,0.001,2304,1152,128,128,6,True,12,10.478705677901237,11.075759390009425,15.967440740387705,-4.89168135037828,-23.29983460932657,-32.59309400627298,0.12356535043613018,0.6292218590363762,0.2,0.14525628825911002,2.236067895062584,0.125,0.03345596830001085,0.0546875,0.140625
provenance,Data2txt,2,16,1e-06,2304,1152,128,128,6,True,13,5.914820008731106,19.299522432281172,23.86575110843671,-4.566228676155542,-37.49275293716466,-46.36370192428429,0.15055126572767652,0.552743076440705,0.2,0.09387634291121498,2.235951266857988,0.2890625,5.776341456120769e-10,0.0,0.0
provenance,Data2txt,2,16,0.0001,2304,1152,128,128,6,True,14,7.231458986295993,13.744625465862248,18.280050479971177,-4.535425014108927,-26.615656451311526,-35.46885255005121,0.13630950937735614,0.5210088841061485,0.2,0.09387634291121502,2.2360668062986573,0.109375,0.0866920605943059,0.0,0.0078125
provenance,Data2txt,2,16,0.001,2304,1152,128,128,6,True,14,8.728396211815511,11.168166151586579,15.51970383649078,-4.3515376849042,-21.57801809000347,-30.108260355838432,0.12686876306990583,0.5344810698158956,0.2,0.09387634291121505,2.2360678566716814,0.10546875,0.1078240411546818,0.0078125,0.0546875
provenance,Data2txt,2,17,1e-06,2304,1152,128,128,6,True,14,8.93784551994655,21.674438680123785,26.24778956244646,-4.5733508823226785,-45.10983792056195,-54.77255447758532,0.07521438823799684,0.3752329924547485,0.2,0.11596419978285766,2.2359008638165663,0.1640625,0.00176897694134448,0.0,0.0078125
provenance,Data2txt,2,17,0.0001,2304,1152,128,128,6,True,15,10.969961940683334,15.563998432207148,20.241998827968878,-4.678000395761726,-31.858397718499162,-41.64687355411178,0.06588302739316484,0.40479407127392675,0.2,0.11596419978285767,2.236066296122826,0.140625,0.011365189018294308,0.015625,0.0625
provenance,Data2txt,2,17,0.001,2304,1152,128,128,6,True,13,13.447096049117565,12.738464159420888,17.303818302229395,-4.565354142808507,-25.766599746480278,-35.232838103400226,0.06356973412780469,0.47094573251266597,0.2,0.11596419978285767,2.236067800056925,0.10546875,0.1078240411546818,0.0390625,0.0625
provenance,Data2txt,2,18,1e-06,2304,1152,128,128,6,True,13,11.632630022966714,26.118365604762488,31.571113157437175,-5.452747552674685,-53.50280784576203,-63.736739008507314,0.1326738639727963,0.5609504134792374,0.26666666666666666,0.11204301519142706,2.235956503389818,0.23046875,1.847888979619762e-06,0.0234375,0.0234375
provenance,Data2txt,2,18,0.0001,2304,1152,128,128,6,True,13,14.34067682538127,18.088343530235576,23.57689356680271,-5.488550036567135,-37.06737758360054,-47.3924335453608,0.12662046006817804,0.6105010864694481,0.26666666666666666,0.11204301519142697,2.2360668553909915,0.22265625,4.6910366522335245e-06,0.03125,0.09375
provenance,Data2txt,2,18,0.001,2304,1152,128,128,6,True,12,17.959810823463307,14.284973100049083,19.632921324245125,-5.347948224196044,-29.47003916035166,-39.543122031222524,0.12148290599616836,0.6666380549391575,0.26666666666666666,0.11204301519142701,2.23606785856423,0.1875,0.00020575038655746867,0.03125,0.09375
provenance,Data2txt,2,19,1e-06,2304,1152,128,128,6,True,14,12.943014384640703,28.548473726125152,34.16052573242525,-5.612052006300095,-55.44444953867922,-66.72833096295345,0.0739165821766265,0.43914993447771017,0.4,0.12524557677036788,2.2359123968505625,0.296875,1.6997263144796861e-10,0.0,0.046875
provenance,Data2txt,2,19,0.0001,2304,1152,128,128,6,True,14,15.940131578693109,19.677626254302005,25.26850475054384,-5.590878496241835,-38.23572375516103,-49.58799679842143,0.06783008696498893,0.5254868581932842,0.4,0.12524557677036785,2.236066402680106,0.328125,8.924716016110725e-13,0.046875,0.078125
provenance,Data2txt,2,19,0.001,2304,1152,128,128,6,True,13,20.015187447462658,15.610570814821415,20.97143053096719,-5.360859716145775,-30.33875643782506,-41.35204686475479,0.0627481315338615,0.607553807147439,0.4,0.12524557677036788,2.2360678026256853,0.26171875,3.1743788057539135e-08,0.0625,0.0859375
provenance,Data2txt,2,20,1e-06,2304,1152,128,128,6,True,15,11.427510573387414,26.723667653689187,32.08580255779424,-5.362134904105046,-54.705044618500324,-65.35601672506925,0.053252447888621615,0.4762866545120818,0.26666666666666666,0.08876644475145902,2.2358833612055595,0.24609375,2.592123269824214e-07,0.0,0.0234375
provenance,Data2txt,2,20,0.0001,2304,1152,128,128,6,True,15,14.020741591990296,18.2122011430968,23.537440436559308,-5.3252392934625075,-37.466833411735394,-48.0747330989696,0.06226490899255256,0.5503437551410743,0.26666666666666666,0.08876644475145906,2.2360661107778705,0.2421875,4.289574463648891e-07,0.0390625,0.09375
provenance,Data2txt,2,20,0.001,2304,1152,128,128,6,True,12,17.51369865676559,14.297022683100465,19.378535930047242,-5.081513246946775,-29.56169621053855,-39.68192848116239,0.0689286479205643,0.6225149220509733,0.26666666666666666,0.088766444751459,2.236067772056528,0.1953125,9.40842686753401e-05,0.078125,0.171875
provenance,Data2txt,2,21,1e-06,2304,1152,128,128,6,True,14,8.241976750947451,25.56345537978663,30.710891049587953,-5.1474356698013235,-51.113489881584854,-61.067197228675525,0.07787941438561059,0.6167588951695169,0.2,0.140179304725837,2.235935516794689,0.2890625,5.776341456120769e-10,0.0,0.078125
provenance,Data2txt,2,21,0.0001,2304,1152,128,128,6,True,14,10.141945995431765,17.58607578494168,22.705847799605614,-5.119772014663935,-35.1919802055297,-45.06968976134334,0.06938280123952703,0.6245603046693413,0.2,0.14017930472583706,2.2360666435836785,0.28125,1.895287375668482e-09,0.0546875,0.0859375
provenance,Data2txt,2,21,0.001,2304,1152,128,128,6,True,12,12.751678495996327,13.795217634960505,18.747448519366742,-4.952230884406238,-27.673833038255438,-37.1840443168516,0.06454411193917173,0.657681453778885,0.2,0.14017930472583698,2.236067835619382,0.22265625,4.6910366522335245e-06,0.078125,0.1015625
provenance,Data2txt,2,22,1e-06,2304,1152,128,128,6,True,14,11.577361478120748,27.47649805609241,32.76551194823669,-5.289013892144288,-53.415653413583996,-63.75509088069407,0.09609259529596162,0.4087797066940015,0.26666666666666666,0.1029166093284686,2.2358556444354645,0.3203125,3.4992283936701867e-12,0.0,0.0078125
provenance,Data2txt,2,22,0.0001,2304,1152,128,128,6,True,14,14.203824393169102,18.95675671089022,24.126979766173985,-5.170223055283764,-37.084005039730584,-47.403964362966825,0.08946110499439097,0.4181009068811867,0.26666666666666666,0.10291660932846862,2.2360658327315908,0.2421875,4.289574463648891e-07,0.0078125,0.046875
provenance,Data2txt,2,22,0.001,2304,1152,128,128,6,True,12,17.712050163737945,15.053297183791088,19.944419184462628,-4.891122000671543,-29.486998927312182,-39.4604216322101,0.0839778059384862,0.48077876070361164,0.26666666666666666,0.10291660932846856,2.2360677434806737,0.3125,1.3232765413914088e-11,0.03125,0.109375
provenance,Data2txt,2,23,1e-06,2304,1152,128,128,6,True,13,18.498198107250417,28.32021851008906,33.55406042455794,-5.233841914468879,-54.84518588968825,-64.62569391780647,0.04479376718296359,0.600531548955561,0.2,0.0960233853970873,2.235769663219777,0.265625,1.838083532653948e-08,0.015625,0.0234375
provenance,Data2txt,2,23,0.0001,2304,1152,128,128,6,True,14,23.394433272860386,19.8238822836882,25.026316554408766,-5.202434270720562,-39.14854375186099,-48.91707532470848,0.046490962006067206,0.6615718449916842,0.2,0.09602338539708727,2.236064964588217,0.21484375,1.1517275704865574e-05,0.03125,0.0390625
provenance,Data2txt,2,23,0.001,2304,1152,128,128,6,True,13,30.240543823818346,15.941369509998864,20.9507620606382,-5.009392550639339,-32.00167950610781,-41.38138307762597,0.04768056336548079,0.7214473326980871,0.2,0.0960233853970871,2.236067649184647,0.1875,0.00020575038655746867,0.03125,0.046875
provenance,Data2txt,2,24,1e-06,2304,1152,128,128,6,True,15,21.59494345109354,28.164843566189937,33.9282494097784,-5.763405843588465,-59.59403510721929,-69.87956537940792,0.07658572689617181,0.7594701593912294,0.2,0.09264882713296851,2.2358987844663942,0.3203125,3.4992283936701867e-12,0.0390625,0.078125
provenance,Data2txt,2,24,0.0001,2304,1152,128,128,6,True,15,27.30556041373907,19.454440254203195,25.166196073734568,-5.711755819531376,-41.878602997206556,-51.892615898622026,0.07853453686121756,0.7990326442566875,0.2,0.09264882713296838,2.236066263129714,0.21484375,1.1517275704865574e-05,0.0703125,0.109375
provenance,Data2txt,2,24,0.001,2304,1152,128,128,6,True,12,35.661863179520736,15.30628838922145,20.84578186833668,-5.5394934791152295,-33.793286631620795,-43.26518532572727,0.07972797057472,0.8358820103389139,0.2,0.09264882713296847,2.236067785535099,0.15234375,0.004649248065287104,0.0625,0.140625
provenance,Data2txt,2,25,1e-06,2304,1152,128,128,6,True,13,10.527798571401913,29.282949586698066,34.505417912765665,-5.222468326067598,-59.066528439653965,-70.06917737631248,0.08484244820189456,0.48526800698240086,0.26666666666666666,0.11406649620204405,2.235746117708692,0.328125,8.924716016110725e-13,0.0078125,0.0078125
provenance,Data2txt,2,25,0.0001,2304,1152,128,128,6,True,14,13.082535361366375,20.27348886704581,25.24507090658936,-4.971582039543549,-40.44521278362741,-50.98843076907877,0.07797693879508212,0.3955236669595888,0.26666666666666666,0.11406649620204398,2.2360646819467385,0.28515625,1.0509063100940924e-09,0.0078125,0.0234375
provenance,Data2txt,2,25,0.001,2304,1152,128,128,6,True,12,16.76734858876742,16.113091027482902,20.744663604730608,-4.631572577247705,-31.585646617673895,-41.58853319206935,0.07218728012767932,0.4232741760932191,0.26666666666666666,0.11406649620204415,2.236067577565396,0.25390625,9.227219252368915e-08,0.0078125,0.0234375
provenance,Data2txt,2,26,1e-06,2304,1152,128,128,6,True,14,11.015523511085487,26.353022604900183,31.90715569995436,-5.554133095054176,-53.78242389471266,-64.6047547417744,0.09175659685744038,0.6847906138286408,0.4,0.13772328750550333,2.2358061337979818,0.23046875,1.847888979619762e-06,0.0,0.0234375
provenance,Data2txt,2,26,0.0001,2304,1152,128,128,6,True,14,13.450323475939017,18.26280983739712,23.783768801598455,-5.520958964201336,-37.35139360861591,-48.14449556560187,0.09246869691244941,0.7120159464273341,0.4,0.13772328750550347,2.236065309530996,0.234375,1.1452873919607316e-06,0.0234375,0.125
provenance,Data2txt,2,26,0.001,2304,1152,128,128,6,True,13,16.849419545958316,14.444360578700083,19.747745513979464,-5.3033849352793805,-29.585490771159023,-39.955553844519116,0.08956417010804513,0.7454720866663969,0.4,0.13772328750550347,2.2360676654170053,0.25,1.553142566968138e-07,0.1171875,0.1484375
provenance,Data2txt,2,27,1e-06,2304,1152,128,128,6,True,14,13.143556147706894,27.30100421454483,32.634838963339625,-5.333834748794798,-56.10729915673767,-66.97079949209545,0.0517671208806407,0.6015850334949185,0.4,0.12847972801422392,2.2358815913868346,0.2734375,6.005467433544062e-09,0.0390625,0.0625
provenance,Data2txt,2,27,0.0001,2304,1152,128,128,6,True,14,16.204829199952805,18.939082758005277,24.21103176536094,-5.271949007355667,-38.73456993871532,-49.490235409909836,0.04578519117538298,0.649524928889516,0.4,0.12847972801422394,2.236066086017759,0.21484375,1.1517275704865574e-05,0.0625,0.0703125
provenance,Data2txt,2,27,0.001,2304,1152,128,128,6,True,13,20.47862434381959,15.067879754027775,20.104170525924726,-5.036290771896951,-30.70431817829382,-40.943501682042275,0.04592462977822263,0.7016906903740999,0.4,0.1284797280142239,2.236067763083652,0.19921875,6.28426475199267e-05,0.0703125,0.0859375
provenance,Data2txt,2,28,1e-06,2304,1152,128,128,6,True,14,7.633075713487485,20.302760769353426,25.08366549169888,-4.780904722345451,-42.295383646412525,-51.771713207836164,0.09962313964462294,0.6430460651091632,0.4,0.15080830025774278,2.23588313822045,0.140625,0.011365189018294308,0.015625,0.015625
provenance,Data2txt,2,28,0.0001,2304,1152,128,128,6,True,14,9.230397026807788,14.547876443932768,19.42699407042234,-4.8791176264895695,-30.107311487719873,-39.688046873956495,0.09506057910853605,0.6756716909596138,0.4,0.1508083002577428,2.2360661147478558,0.109375,0.0866920605943059,0.015625,0.0390625
provenance,Data2txt,2,28,0.001,2304,1152,128,128,6,True,12,11.076230888039003,11.826159531735234,16.610863701979735,-4.784704170244499,-24.44454522663426,-33.63797805894031,0.093836318531908,0.7094187022178526,0.4,0.1508083002577428,2.2360677781583327,0.1953125,9.40842686753401e-05,0.0546875,0.125
provenance,Data2txt,2,29,1e-06,2304,1152,128,128,6,True,15,11.449937634722211,28.539602608918464,34.396911957470884,-5.85730934855242,-53.27339713152651,-63.27076484440078,0.048208258391774256,0.7224813467522232,0.4,0.1499651049993572,2.2359263771901445,0.3984375,7.613526402484427e-19,0.015625,0.0703125
provenance,Data2txt,2,29,0.0001,2304,1152,128,128,6,True,13,14.031777060833603,19.176698167337968,24.9995096671277,-5.822811499789729,-36.95993248472684,-46.93830759385887,0.04984126184037597,0.7632697581023028,0.4,0.14996510499935725,2.236066546584036,0.38671875,9.694174955308428e-18,0.0703125,0.1015625
provenance,Data2txt,2,29,0.001,2304,1152,128,128,6,True,13,17.443838075462637,14.838886895885214,20.39792997753054,-5.559043081645328,-29.469691587413614,-38.952357621558434,0.051599427636560724,0.7987164840337753,0.4,0.14996510499935706,2.2360678207747835,0.3671875,5.542534149978852e-16,0.1015625,0.1328125
provenance,Data2txt,2,30,1e-06,2304,1152,128,128,6,True,14,6.461602203487372,20.733243720099175,25.43446630270732,-4.701222582608146,-44.37556671250278,-53.993035834920136,0.19036747492654404,0.6856292806231479,0.26666666666666666,0.1316278206251053,2.2358670173156163,0.19140625,0.00013970433630997956,0.0,0.0
provenance,Data2txt,2,30,0.0001,2304,1152,128,128,6,True,14,7.740818317125541,14.634810933863642,19.386740321371413,-4.751929387507767,-30.67057223334279,-40.404548644155945,0.17933574574580533,0.6547569290301143,0.26666666666666666,0.13162782062510525,2.236065954160332,0.140625,0.011365189018294308,0.0,0.046875
provenance,Data2txt,2,30,0.001,2304,1152,128,128,6,True,13,9.30781855893408,11.794685067396237,16.388819623366576,-4.59413455597034,-24.263451648602945,-33.73286445434491,0.17485504438878072,0.6548180148715333,0.26666666666666666,0.1316278206251053,2.236067762695416,0.1484375,0.006313488560237168,0.046875,0.078125
provenance,Data2txt,2,31,1e-06,2304,1152,128,128,6,True,13,3.626253803629446,19.40815066276127,23.61670924008872,-4.208558577327453,-38.792176522525125,-47.22665297065741,0.2934758755449412,0.702565588340866,0.26666666666666666,0.14302182315095843,2.2359091142169336,0.23828125,7.038776424263986e-07,0.0,0.0
provenance,Data2txt,2,31,0.0001,2304,1152,128,128,6,True,13,4.911603426497749,13.60757462639602,17.95571133522871,-4.348136708832692,-27.078888455786817,-35.761350440576706,0.22021066741718404,0.6042707306273494,0.26666666666666666,0.14302182315095835,2.2360663814227593,0.1796875,0.0004354569877453,0.0,0.0078125
provenance,Data2txt,2,31,0.001,2304,1152,128,128,6,True,12,6.254348395109004,10.929309297993608,15.229201370033685,-4.299892072040079,-21.650601252783336,-30.220133578305923,0.19664922636536902,0.6068457417011306,0.26666666666666666,0.14302182315095843,2.2360678111498604,0.1484375,0.006313488560237168,0.0078125,0.0234375
provenance,Data2txt,3,0,1e-06,4608,2304,128,128,6,True,11,2.9637641872065448,26.1969032647744,31.277081288241952,-5.080178023467556,-52.66889488428416,-62.67524602825261,0.2157396893401599,0.5299436875488095,0.06666666666666667,0.0637509704392989,1.4141953652664643,0.41796875,8.990944961969549e-21,0.0,0.0
provenance,Data2txt,3,0,0.0001,4608,2304,128,128,6,True,12,3.9002234090473773,16.72276560194412,21.767197122845328,-5.04443152090121,-33.93210013610351,-43.95278931955914,0.20046222281675496,0.5065813630072313,0.06666666666666667,0.0637509704392989,1.4142133798235252,0.296875,1.6997263144796861e-10,0.0,0.0
provenance,Data2txt,3,0,0.001,4608,2304,128,128,6,True,12,4.928807578762249,12.248674788814405,17.171107427039722,-4.922432638225314,-24.988863969656634,-34.94298299424773,0.21187559792549504,0.5386780980245298,0.06666666666666667,0.06375097043929899,1.4142135435891892,0.265625,1.838083532653948e-08,0.0234375,0.03125
provenance,Data2txt,3,1,1e-06,4608,2304,128,128,6,True,10,7.171858567790383,15.902555224122132,19.442194183054227,-3.539638958932095,-27.274673839310612,-33.454653139155745,0.13039808149125648,0.3781105628731911,0.4666666666666667,0.1766907033280414,0.7368053935084146,0.2890625,5.776341456120769e-10,0.046875,0.1484375
provenance,Data2txt,3,1,0.0001,4608,2304,128,128,6,True,9,8.894831164709402,12.90186983965399,16.638572817802377,-3.736702978148384,-22.642545974868906,-29.340455092179393,0.12339590469664866,0.4046562406925359,0.4666666666666667,0.17669070332804115,0.7380965672366264,0.26953125,1.0551926983948056e-08,0.0390625,0.1171875
provenance,Data2txt,3,1,0.001,4608,2304,128,128,6,True,9,10.765935882417889,11.474007846927893,15.261624301607405,-3.78761645467951,-20.48292093184032,-27.34141652409826,0.13683497568519623,0.46430947492173763,0.4666666666666667,0.1766907033280413,0.7493739180310924,0.27734375,3.3884305330612322e-09,0.0390625,0.078125
provenance,Data2txt,3,2,1e-06,4608,2304,128,128,6,True,12,18.225926084460312,29.990653403900957,34.814333305991944,-4.823679902090982,-55.86664250680363,-64.62812026796652,0.07643502069870786,0.4043962071604737,0.6666666666666666,0.11803380502389803,1.345283740817785,0.42578125,1.4189253022669924e-21,0.0390625,0.140625
provenance,Data2txt,3,2,0.0001,4608,2304,128,128,6,True,11,24.540571502530728,21.880297806592793,26.898330726246797,-5.018032919654001,-41.1064175377808,-50.523978495646254,0.07195677952395887,0.4815379402974295,0.6666666666666666,0.11803380502389813,1.4494516170279943,0.37109375,2.5154011173646954e-16,0.0390625,0.078125
provenance,Data2txt,3,2,0.001,4608,2304,128,128,6,True,12,33.32337036198093,17.991173950499558,22.995041766557613,-5.0038678160580545,-33.85951635299487,-43.64900377617349,0.06773461881232729,0.5836632441897929,0.6666666666666666,0.11803380502389815,1.8267057659758132,0.40625,1.3289980870454757e-19,0.0390625,0.0546875
provenance,Data2txt,3,3,1e-06,4608,2304,128,128,6,True,14,12.990558756618508,22.165734838743326,26.214236089339273,-4.048501250595948,-44.12434976556138,-52.21212146412151,0.07576630770866696,0.33978000070013215,0.4666666666666667,0.03574169773254763,2.203712864621154,0.18359375,0.00030054999002206975,0.0,0.0078125
provenance,Data2txt,3,3,0.0001,4608,2304,128,128,6,True,14,15.950008607774416,17.622527098921168,22.108664551754334,-4.486137452833169,-34.90854716117998,-44.00108359289264,0.07576384640099904,0.43868998087527605,0.4666666666666667,0.03574169773254767,2.2294807555885634,0.15625,0.0033962516565197998,0.0,0.0078125
provenance,Data2txt,3,3,0.001,4608,2304,128,128,6,True,12,19.91239496873663,14.812789282321841,19.224527266747742,-4.4117379844258995,-29.193592908664687,-38.18468198376182,0.076488948225655,0.5361617353826335,0.4666666666666667,0.035741697732547664,2.235110681438096,0.16796875,0.001261290693128525,0.015625,0.0234375
provenance,Data2txt,3,4,1e-06,4608,2304,128,128,6,True,14,11.007529853007336,22.9379291948295,27.18389499685524,-4.245965802025739,-44.9184064166033,-53.10546593485686,0.08329179428323766,0.3842713916793128,0.3333333333333333,0.053785610060123175,2.2351485979854764,0.1484375,0.006313488560237168,0.0,0.0078125
provenance,Data2txt,3,4,0.0001,4608,2304,128,128,6,True,13,13.771263475451999,16.87127576027645,21.38236583069689,-4.511090070420441,-33.223544009492855,-41.88670450646727,0.08134059428599287,0.4429053691685914,0.3333333333333333,0.05378561006012312,2.236046118459007,0.125,0.03345596830001085,0.0078125,0.0078125
provenance,Data2txt,3,4,0.001,4608,2304,128,128,6,True,13,17.439753622975513,13.829918619625126,18.180413914441665,-4.350495294816536,-27.360933224982563,-35.64990073365912,0.07962394147719543,0.5284369698558458,0.3333333333333333,0.05378561006012323,2.236065562790564,0.1171875,0.05471894473064931,0.0078125,0.03125
provenance,Data2txt,3,5,1e-06,4608,2304,128,128,6,True,14,9.98001355485804,21.771961824189006,26.335424699797876,-4.563462875608867,-45.569888289607064,-54.567370261594796,0.10707571608118424,0.45829002537442887,0.3333333333333333,0.07339391570859481,2.2358591145496454,0.15234375,0.004649248065287104,0.0,0.015625
provenance,Data2txt,3,5,0.0001,4608,2304,128,128,6,True,14,12.499575012949801,15.67929020211585,20.32418893181479,-4.6448987296989355,-32.82144393791998,-41.927058927029535,0.10596845046036553,0.5480415354488951,0.3333333333333333,0.07339391570859476,2.2360656497338876,0.109375,0.0866920605943059,0.015625,0.0546875
provenance,Data2txt,3,5,0.001,4608,2304,128,128,6,True,12,15.684433363796137,12.820869303950055,17.34792054890623,-4.527051244956175,-26.90628409568555,-35.74543838598756,0.10436541623988167,0.6263513703332464,0.3333333333333333,0.0733939157085948,2.236067727861334,0.12890625,0.025849477725005232,0.0234375,0.078125
provenance,Data2txt,3,6,1e-06,4608,2304,128,128,6,True,14,7.968010736930116,19.406270901295095,23.936545114667986,-4.530274213372897,-39.041582115016304,-47.86493520798382,0.1273506822496957,0.48955542925128764,0.2,0.10816880089083104,2.235907788356049,0.19921875,6.28426475199267e-05,0.0,0.0078125
provenance,Data2txt,3,6,0.0001,4608,2304,128,128,6,True,14,9.865987834049589,13.960066425264499,18.44612847234084,-4.486062047076338,-28.395178743328657,-37.176351923514716,0.10432877879223525,0.5183038234234386,0.2,0.10816880089083106,2.2360663609861597,0.1015625,0.1330414826108106,0.0078125,0.03125
provenance,Data2txt,3,6,0.001,4608,2304,128,128,6,True,13,12.035734858517511,11.472707300924458,15.76342090797074,-4.290713607046278,-23.506711982302456,-31.91488219841755,0.09156304495694076,0.5679454962703757,0.2,0.10816880089083107,2.2360678094459376,0.1484375,0.006313488560237168,0.0234375,0.0859375
provenance,Data2txt,3,7,1e-06,4608,2304,128,128,6,True,14,7.84914823813264,18.118498894887523,22.53107806211053,-4.41257916722301,-35.51473719585444,-44.05847117948746,0.13007935025871684,0.4472249242780586,0.2,0.08779939855620605,2.235869037308233,0.37890625,5.0342822933606634e-17,0.0,0.0
provenance,Data2txt,3,7,0.0001,4608,2304,128,128,6,True,13,9.592037848233382,13.185699965410466,17.46885446793845,-4.283154502527986,-26.16862206903769,-34.673062490003915,0.12172680289017974,0.43831940397409297,0.2,0.08779939855620608,2.2360659798294087,0.19921875,6.28426475199267e-05,0.0,0.0
provenance,Data2txt,3,7,0.001,4608,2304,128,128,6,True,12,11.432396383427957,10.945112690877306,14.995226809564166,-4.050114118686862,-21.873604706207367,-30.07242335633252,0.11701361615078879,0.4747948718989578,0.2,0.08779939855620604,2.2360677702860374,0.16015625,0.0024610192473685233,0.0,0.015625
provenance,Data2txt,3,8,1e-06,4608,2304,128,128,6,True,14,8.47346665614258,19.66056107701401,24.011172477490113,-4.3506114004761045,-38.694737326508864,-47.07621975502698,0.09210116542650483,0.35487814077610447,0.2,0.11812495814091042,2.235911826728229,0.19140625,0.00013970433630997956,0.0,0.0
provenance,Data2txt,3,8,0.0001,4608,2304,128,128,6,True,14,10.461334455002373,14.02501154710379,18.426977065873384,-4.401965518769594,-27.727995386962,-36.281422519812274,0.08721726308004679,0.3541996422709082,0.2,0.11812495814091051,2.236066409903139,0.13671875,0.015066349402464208,0.0,0.015625
provenance,Data2txt,3,8,0.001,4608,2304,128,128,6,True,14,12.728900743068737,11.467010738939141,15.773732131075612,-4.306721392136471,-22.792943188160443,-31.113264585572782,0.08477170678204354,0.41494206268708284,0.2,0.11812495814091041,2.2360678152381817,0.16796875,0.001261290693128525,0.015625,0.078125
provenance,Data2txt,3,9,1e-06,4608,2304,128,128,6,True,12,6.31264912544547,19.97944788382744,24.15689376249603,-4.177445878668593,-37.53942949908277,-45.70138125051342,0.13064083900293522,0.25087792335727505,0.2,0.09817578324510248,2.235930982040096,0.359375,2.615412053009669e-15,0.0,0.0
provenance,Data2txt,3,9,0.0001,4608,2304,128,128,6,True,13,7.617139755578363,14.324398106517263,18.50963108044558,-4.185232973928317,-26.96708201005495,-35.155611339699924,0.13938999876849226,0.2637061513796597,0.2,0.09817578324510245,2.2360666018539765,0.26171875,3.1743788057539135e-08,0.0,0.0078125
provenance,Data2txt,3,9,0.001,4608,2304,128,128,6,True,13,9.055860176353681,11.676410584484834,15.777438336832878,-4.101027752348042,-21.988011662908953,-30.08085939434017,0.14988774599262056,0.33694464576642646,0.2,0.09817578324510243,2.2360678347765384,0.2109375,1.782257225451088e-05,0.0078125,0.015625
provenance,Data2txt,3,10,1e-06,4608,2304,128,128,6,True,14,6.885486952953545,20.306954290303043,24.655907292869337,-4.3489530025662955,-39.99404744475376,-48.64232601064364,0.07259119708586809,0.3758062967718718,0.2,0.1215568429813355,2.235940111408901,0.171875,0.0008920470081351661,0.0,0.0
provenance,Data2txt,3,10,0.0001,4608,2304,128,128,6,True,13,8.547869447070404,14.28165482504147,18.676434420862243,-4.394779595820774,-28.067951334342176,-36.86961674838918,0.07388211245794153,0.3703804042393141,0.2,0.12155684298133564,2.236066694506327,0.13671875,0.015066349402464208,0.0,0.0
provenance,Data2txt,3,10,0.001,4608,2304,128,128,6,True,12,10.489569855619553,11.552224586228183,15.816327079390623,-4.264102493162439,-22.676522680133232,-31.19816556709955,0.080216940046208,0.42909067141725976,0.2,0.12155684298133562,2.2360678452825846,0.1484375,0.006313488560237168,0.0,0.046875
provenance,Data2txt,3,11,1e-06,4608,2304,128,128,6,True,14,8.031985501452215,17.606393566102767,22.015064773757533,-4.408671207654766,-36.2523677217306,-44.55574031101865,0.1607785708308413,0.44105997051293777,0.26666666666666666,0.12195044125402835,2.235881789545672,0.33984375,1.073542535028726e-13,0.0,0.0
provenance,Data2txt,3,11,0.0001,4608,2304,128,128,6,True,13,9.855829829162307,12.789284224591945,17.245776751319664,-4.4564925267277165,-26.46817929716422,-34.84043324746801,0.1533084413002917,0.4757617639757825,0.26666666666666666,0.12195044125402836,2.2360661080582855,0.15234375,0.004649248065287104,0.0078125,0.015625
provenance,Data2txt,3,11,0.001,4608,2304,128,128,6,True,12,11.811896945124406,10.557002785186684,14.907131726655322,-4.35012894146864,-21.992269561420922,-30.11517460667354,0.14911626309249115,0.5280791384925363,0.26666666666666666,0.12195044125402839,2.2360677837389704,0.1328125,0.019813663257872594,0.015625,0.0546875
provenance,Data2txt,3,12,1e-06,4608,2304,128,128,6,True,12,9.300628578428201,15.300838554805864,19.45783917608509,-4.157000621279227,-31.239606924080437,-39.44254651666437,0.11481237142573997,0.45167865633817816,0.06666666666666667,0.12194783206869095,2.2359327155756774,0.3984375,7.613526402484427e-19,0.0,0.0
provenance,Data2txt,3,12,0.0001,4608,2304,128,128,6,True,13,10.48682848700386,11.249064976033342,15.26300719662102,-4.013942220587676,-23.013921331234776,-30.937420870555403,0.11069397164602958,0.4631169456622027,0.06666666666666667,0.12194783206869098,2.2360666216219673,0.30859375,2.538865745522775e-11,0.0078125,0.015625
provenance,Data2txt,3,12,0.001,4608,2304,128,128,6,True,13,11.644507652101945,9.38607378744253,13.155876540793907,-3.769802753351379,-19.238612729048988,-26.69523792148643,0.110992236703646,0.48298386010771893,0.06666666666666667,0.1219478320686909,2.2360678389900808,0.23828125,7.038776424263986e-07,0.015625,0.0390625
provenance,Data2txt,3,13,1e-06,4608,2304,128,128,6,True,14,9.521856059685128,20.591951387704146,24.80087622899702,-4.208924841292873,-42.92430436208963,-51.96364879628288,0.10984690915614347,0.18953615108320454,0.2,0.08564118507872054,2.2358968697551362,0.171875,0.0008920470081351661,0.0,0.0078125
provenance,Data2txt,3,13,0.0001,4608,2304,128,128,6,True,14,11.72811005828088,14.98233892589935,19.349984021861953,-4.367645095962602,-30.525885320586895,-39.83787443461388,0.10867812494402995,0.24247405541541897,0.2,0.0856411850787205,2.2360662587630276,0.15234375,0.004649248065287104,0.0078125,0.0234375
provenance,Data2txt,3,13,0.001,4608,2304,128,128,6,True,12,14.340727209033536,12.428850293953953,16.751424530193717,-4.3225742362397614,-24.896865989010983,-34.042289279785415,0.10780324851265632,0.35006453117920955,0.2,0.08564118507872048,2.2360677986983863,0.171875,0.0008920470081351661,0.0234375,0.0546875
provenance,Data2txt,3,14,1e-06,4608,2304,128,128,6,True,13,6.958356970006163,21.15045869497755,25.625785479814468,-4.4753267848369145,-40.18936836370829,-48.90336568181719,0.08250612196011603,0.5480600257569783,0.13333333333333333,0.12459882164134102,2.2359438126564726,0.2109375,1.782257225451088e-05,0.0,0.015625
provenance,Data2txt,3,14,0.0001,4608,2304,128,128,6,True,13,8.496218078830276,14.717720860513467,19.180430912276165,-4.462710051762699,-28.22986493921188,-37.01016160405193,0.09121831588440786,0.4665992960814157,0.13333333333333333,0.12459882164134087,2.2360667315661282,0.1484375,0.006313488560237168,0.03125,0.0390625
provenance,Data2txt,3,14,0.001,4608,2304,128,128,6,True,12,10.254311284118637,11.792020221887894,16.10960309342827,-4.31758287154037,-22.784543885938092,-31.305342758959448,0.09774802094074948,0.4627667024465559,0.13333333333333333,0.12459882164134095,2.236067849028568,0.1953125,9.40842686753401e-05,0.0390625,0.046875
provenance,Data2txt,3,15,1e-06,4608,2304,128,128,6,True,13,5.617102023011987,17.772430542837995,22.730762593449505,-4.958332050611517,-39.62039477331956,-48.92571561031258,0.24122627760095594,0.7005058616906065,0.2,0.1702258290924114,2.2359915210645975,0.21875,7.381061347748238e-06,0.0,0.0078125
provenance,Data2txt,3,15,0.0001,4608,2304,128,128,6,True,13,6.795714081665875,12.207275093814433,17.221012803049703,-5.013737709235274,-27.77450325097535,-37.23000150474566,0.20483246081291495,0.7054189538972551,0.2,0.17022582909241127,2.236067210874433,0.15625,0.0033962516565197998,0.015625,0.1015625
provenance,Data2txt,3,15,0.001,4608,2304,128,128,6,True,14,8.14268636925641,9.61054632385025,14.511926640228102,-4.9013803163778515,-22.24005895888024,-31.527979395263884,0.18140067215004207,0.7238609651463366,0.2,0.1702258290924113,2.2360678989683413,0.17578125,0.0006257967777605344,0.1015625,0.171875
provenance,Data2txt,3,16,1e-06,4608,2304,128,128,6,True,13,5.283111821180786,20.012823442270154,24.596693461395766,-4.583870019125609,-40.683982590275136,-49.91973250488657,0.15183285327586493,0.6496085126382949,0.2,0.14785438065432446,2.235966645574574,0.16796875,0.001261290693128525,0.0,0.0
provenance,Data2txt,3,16,0.0001,4608,2304,128,128,6,True,13,6.494832045928221,13.978925124729262,18.627968783053106,-4.649043658323847,-28.120598299147918,-37.39742523262557,0.13897088337594668,0.6125111006414076,0.2,0.14785438065432446,2.2360669607684636,0.12109375,0.04295704754590679,0.0,0.0234375
provenance,Data2txt,3,16,0.001,4608,2304,128,128,6,True,13,7.938222330200775,11.189684054626081,15.730220527580828,-4.540536472954744,-22.302839303660797,-31.347323101758874,0.1290977615463083,0.617717112923391,0.2,0.14785438065432444,2.236067872733257,0.10546875,0.1078240411546818,0.0078125,0.125
provenance,Data2txt,3,17,1e-06,4608,2304,128,128,6,True,14,6.202970142724834,23.221631791229736,28.261037573571457,-5.039405782341722,-41.99772541732035,-51.48493884789656,0.1832682283740901,0.6093337659909428,0.2,0.1302639233928216,2.235951003674155,0.265625,1.838083532653948e-08,0.0,0.0
provenance,Data2txt,3,17,0.0001,4608,2304,128,128,6,True,14,7.5486134374100695,16.098970856540518,21.104516694912952,-5.005545838372432,-29.302279492992344,-38.885548827283614,0.1717643684502489,0.5292440356429887,0.2,0.13026392339282156,2.236066802438669,0.2265625,2.9565885080962975e-06,0.0078125,0.03125
provenance,Data2txt,3,17,0.001,4608,2304,128,128,6,True,13,9.140033324024255,12.784229307428717,17.593894088824776,-4.809664781396057,-23.40823939076988,-32.6995667168661,0.16285675509076197,0.5164424376427702,0.2,0.13026392339282153,2.2360678551553,0.22265625,4.6910366522335245e-06,0.0078125,0.0625
provenance,Data2txt,3,18,1e-06,4608,2304,128,128,6,True,13,9.264232280544094,26.687862729030098,32.00360089494969,-5.315738165919593,-52.97183514350723,-63.435387545068124,0.09169263736514746,0.43237355598095767,0.26666666666666666,0.1110510192459013,2.2358816171361062,0.2578125,5.435300936256329e-08,0.0078125,0.046875
provenance,Data2txt,3,18,0.0001,4608,2304,128,128,6,True,13,11.448803135147593,18.502598766762404,23.853773150591127,-5.351174383828726,-36.46497836126392,-47.005221688294206,0.08436786445172013,0.48695252882201295,0.26666666666666666,0.11105101924590138,2.2360660993982626,0.25,1.553142566968138e-07,0.0390625,0.046875
provenance,Data2txt,3,18,0.001,4608,2304,128,128,6,True,12,14.373667442591415,14.667124044918701,19.906197370107495,-5.2390733251887935,-28.740227649482843,-39.07002578236158,0.09036188145428638,0.5616903517594571,0.26666666666666666,0.11105101924590143,2.23606777649296,0.23046875,1.847888979619762e-06,0.046875,0.1015625
provenance,Data2txt,3,19,1e-06,4608,2304,128,128,6,True,14,11.308888085577202,26.474252403884158,32.09031169029848,-5.61605928641432,-51.899537517993465,-62.242203893674095,0.08293019614841418,0.6703279396161135,0.26666666666666666,0.14882852274841007,2.2359482422484698,0.32421875,1.7752249813670875e-12,0.03125,0.046875
provenance,Data2txt,3,19,0.0001,4608,2304,128,128,6,True,15,13.996056169653574,18.279391941459703,23.9524051395858,-5.6730131981261,-36.29228899098793,-46.809585784998035,0.07556555558137547,0.7056069285212537,0.26666666666666666,0.1488285227484102,2.236066772316556,0.32421875,1.7752249813670875e-12,0.0625,0.1015625
provenance,Data2txt,3,19,0.001,4608,2304,128,128,6,True,12,17.527101164061456,14.445061702626987,19.942655931590366,-5.497594228963381,-29.086816812134447,-39.34990140335542,0.0693909817067512,0.74451076529811,0.26666666666666666,0.14882852274841013,2.2360678498389683,0.19140625,0.00013970433630997956,0.0859375,0.1015625
provenance,Data2txt,3,20,1e-06,4608,2304,128,128,6,True,14,11.233287767975915,26.156624220329775,31.807932922326046,-5.651308701996273,-55.6363684722525,-66.7585731492835,0.09378323880932743,0.7284667980550833,0.26666666666666666,0.10944236285573335,2.2359337310434624,0.2890625,5.776341456120769e-10,0.046875,0.1171875
provenance,Data2txt,3,20,0.0001,4608,2304,128,128,6,True,14,13.849481971249862,17.725051576685665,23.355029824536825,-5.629978247851161,-38.232233064053176,-49.3202691440474,0.1011356922605196,0.7575762972726323,0.26666666666666666,0.10944236285573333,2.2360666253430477,0.22265625,4.6910366522335245e-06,0.0625,0.140625
provenance,Data2txt,3,20,0.001,4608,2304,128,128,6,True,13,17.40103067858852,13.792168076154013,19.21544339739072,-5.42327532123671,-30.166590641189423,-40.746965681222434,0.107731043450589,0.789489232452558,0.26666666666666666,0.10944236285573324,2.2360678334443653,0.2421875,4.289574463648891e-07,0.1640625,0.171875
provenance,Data2txt,3,21,1e-06,4608,2304,128,128,6,True,14,6.657329803801288,24.954366079976175,30.035981990553875,-5.081615910577706,-51.45889794645194,-61.99166318284863,0.13884539937080964,0.6773643778516705,0.2,0.150669754794983,2.2359076000129625,0.265625,1.838083532653948e-08,0.0,0.015625
provenance,Data2txt,3,21,0.0001,4608,2304,128,128,6,True,15,8.132969156061685,17.18433804197155,22.187301878314948,-5.002963836343403,-34.820836178626706,-45.21549010672181,0.12960413894349765,0.6306895336937846,0.2,0.15066975479498299,2.236066362263592,0.21484375,1.1517275704865574e-05,0.0234375,0.078125
provenance,Data2txt,3,21,0.001,4608,2304,128,128,6,True,13,10.11229763885813,13.516878475620224,18.325177158678805,-4.808298683058581,-26.967619358538606,-36.956045586045214,0.12314622522516011,0.6296719337637764,0.2,0.150669754794983,2.2360678055397445,0.20703125,2.7352006658291592e-05,0.0390625,0.078125
provenance,Data2txt,3,22,1e-06,4608,2304,128,128,6,True,16,15.711293681957947,26.791507644908013,32.19239628891698,-5.400888644008968,-55.08684538816988,-65.28866221999142,0.0711209136471703,0.620478772358464,0.26666666666666666,0.11318647271236068,2.235862303582139,0.24609375,2.592123269824214e-07,0.0234375,0.09375
provenance,Data2txt,3,22,0.0001,4608,2304,128,128,6,True,14,19.715243051842158,18.53754795858552,23.940256018264577,-5.402708059679059,-38.53547775279551,-48.75664283352931,0.07287376990117173,0.6610181138965717,0.26666666666666666,0.1131864727123607,2.2360659024798775,0.22265625,4.6910366522335245e-06,0.0546875,0.09375
provenance,Data2txt,3,22,0.001,4608,2304,128,128,6,True,13,25.380891870389505,14.749352403855122,19.978908332737234,-5.229555928882114,-30.9851711952952,-40.82730894886576,0.07426528318738668,0.711589179598675,0.26666666666666666,0.11318647271236071,2.2360677533487765,0.19140625,0.00013970433630997956,0.09375,0.1171875
provenance,Data2txt,3,23,1e-06,4608,2304,128,128,6,True,14,12.197071239582685,26.801619764789464,31.925856691652815,-5.124236926863352,-55.59948427787391,-66.17161950941338,0.06993331235750283,0.8064279494698954,0.2,0.1263031149207255,2.2358632613047447,0.24609375,2.592123269824214e-07,0.0234375,0.046875
provenance,Data2txt,3,23,0.0001,4608,2304,128,128,6,True,13,15.099867987293713,18.813766246245635,23.843523529545806,-5.029757283300174,-38.620775940859446,-49.01351708726823,0.06316845415671876,0.7839458399207092,0.2,0.12630311492072557,2.2360659165743435,0.203125,4.163077668109129e-05,0.046875,0.0625
provenance,Data2txt,3,23,0.001,4608,2304,128,128,6,True,13,19.035774233961266,15.128307682580246,19.912199650861155,-4.783891968280909,-30.731310337556486,-40.66978656569697,0.059766413862171276,0.7872929113790236,0.2,0.12630311492072555,2.2360677589110822,0.1875,0.00020575038655746867,0.046875,0.0703125
provenance,Data2txt,3,24,1e-06,4608,2304,128,128,6,True,16,14.069560411637601,29.113572003677774,34.48792555409558,-5.374353550417808,-55.81230824176319,-65.9675307215679,0.0729453992274934,0.6252598248503282,0.2,0.12027038439507534,2.2358915382944633,0.27734375,3.3884305330612322e-09,0.0234375,0.0390625
provenance,Data2txt,3,24,0.0001,4608,2304,128,128,6,True,15,17.613594077159828,20.20660229364665,25.451756089916987,-5.245153796270339,-39.00749708871404,-48.983629610896024,0.06637349845643412,0.6555500029400415,0.2,0.12027038439507536,2.236066182686772,0.296875,1.6997263144796861e-10,0.0390625,0.046875
provenance,Data2txt,3,24,0.001,4608,2304,128,128,6,True,12,22.661959867743207,16.028825845967543,20.99947048245452,-4.970644636486978,-31.21209697283428,-40.69680937027029,0.06088561407707066,0.7008897808256618,0.2,0.12027038439507542,2.236067770160537,0.26171875,3.1743788057539135e-08,0.046875,0.0703125
provenance,Data2txt,3,25,1e-06,4608,2304,128,128,6,True,15,10.802952888774293,28.520108380457017,33.97797745072618,-5.457869070269164,-55.667150523092005,-66.03438304527363,0.0866387211461748,0.8085788756510423,0.2,0.12969889407142482,2.2358531672708595,0.3671875,5.542534149978852e-16,0.015625,0.0390625
provenance,Data2txt,3,25,0.0001,4608,2304,128,128,6,True,13,13.523606062105193,19.66381891025918,24.933449130001407,-5.269630219742222,-38.63784904723151,-48.68510661736457,0.07860415964446364,0.791757598468309,0.2,0.12969889407142474,2.236065807744712,0.3203125,3.4992283936701867e-12,0.0234375,0.1015625
provenance,Data2txt,3,25,0.001,4608,2304,128,128,6,True,12,17.399471481091947,15.505011376480093,20.483269461042312,-4.978258084562222,-30.654826789546995,-40.28422675312554,0.07188381209552296,0.7997123607140296,0.2,0.1296988940714247,2.2360677407882075,0.3203125,3.4992283936701867e-12,0.0625,0.09375
provenance,Data2txt,3,26,1e-06,4608,2304,128,128,6,True,14,7.3858864131079205,26.340763854412366,31.966462859288512,-5.625699004876144,-51.59328590837516,-62.881039300379804,0.17010702177747233,0.7786438942994435,0.4,0.11085085863763244,2.235847044808266,0.234375,1.1452873919607316e-06,0.015625,0.0390625
provenance,Data2txt,3,26,0.0001,4608,2304,128,128,6,True,14,8.927044420070226,18.303074708093877,23.814740020450174,-5.511665312356299,-35.694678981856924,-46.87395572064179,0.16080339963426787,0.7411642898810612,0.4,0.11085085863763236,2.2360657459014,0.26953125,1.0551926983948056e-08,0.03125,0.0390625
provenance,Data2txt,3,26,0.001,4608,2304,128,128,6,True,13,10.930384977060172,14.474562243295841,19.705334578023177,-5.230772334727331,-28.05187198594715,-38.77174732570085,0.15340909130419406,0.7348448798383224,0.4,0.11085085863763239,2.2360677340484023,0.22265625,4.6910366522335245e-06,0.0390625,0.0390625
provenance,Data2txt,3,27,1e-06,4608,2304,128,128,6,True,16,12.198574235403939,26.614425988057565,31.997715255242916,-5.3832892671853525,-53.70234974580136,-64.2320767969933,0.07848968335571384,0.7355437007903094,0.26666666666666666,0.10645829596130156,2.235902272773517,0.24609375,2.592123269824214e-07,0.0234375,0.0703125
provenance,Data2txt,3,27,0.0001,4608,2304,128,128,6,True,15,15.119013883038336,18.567019088925363,23.828593669214023,-5.261574580288657,-37.548912454541124,-48.01903546003526,0.0709306825314774,0.7518039979351839,0.26666666666666666,0.10645829596130142,2.2360663062764186,0.25,1.553142566968138e-07,0.0390625,0.0703125
provenance,Data2txt,3,27,0.001,4608,2304,128,128,6,True,13,19.09684274850466,14.798048774324943,19.757726206248876,-4.959677431923932,-30.047429116395982,-39.99650899317866,0.06453442926070485,0.7785382142788912,0.26666666666666666,0.10645829596130153,2.2360677974471814,0.21875,7.381061347748238e-06,0.0546875,0.109375
provenance,Data2txt,3,28,1e-06,4608,2304,128,128,6,True,14,6.046247356346944,20.024362065189568,24.847888968958028,-4.823526903768458,-38.14395429773109,-47.691711872683186,0.2253857052574162,0.6324830629301834,0.26666666666666666,0.11576285589554045,2.2358868403615935,0.25390625,9.227219252368915e-08,0.0,0.0
provenance,Data2txt,3,28,0.0001,4608,2304,128,128,6,True,14,7.3073062453779976,14.328847134594792,19.10714196477803,-4.7782948301832375,-27.088786106580223,-36.593600942973666,0.20782840830125549,0.6203737652574539,0.26666666666666666,0.11576285589554046,2.236066154132282,0.21484375,1.1517275704865574e-05,0.0234375,0.03125
provenance,Data2txt,3,28,0.001,4608,2304,128,128,6,True,14,8.733175139949331,11.639676685296276,16.23231845622766,-4.59264177093138,-21.95671289605309,-31.059329009741734,0.19496874342503545,0.635391155554186,0.26666666666666666,0.11576285589554045,2.236067784263687,0.28125,1.895287375668482e-09,0.03125,0.0546875
provenance,Data2txt,3,29,1e-06,4608,2304,128,128,6,True,14,7.519342900842332,26.34964112653127,31.690534709799053,-5.340893583267776,-48.594563033567496,-58.66859613016018,0.20059045127898936,0.6319852880814391,0.26666666666666666,0.10274692171593756,2.235921801974342,0.3359375,2.1947921596940167e-13,0.0,0.015625
provenance,Data2txt,3,29,0.0001,4608,2304,128,128,6,True,13,9.094656725434655,18.22629188432957,23.514688435267182,-5.288396550937611,-33.723436555437615,-43.891242723268334,0.1911209566805355,0.5940586944996428,0.26666666666666666,0.10274692171593751,2.2360665041453247,0.3203125,3.4992283936701867e-12,0.0234375,0.0390625
provenance,Data2txt,3,29,0.001,4608,2304,128,128,6,True,13,11.05624129923063,14.446632085326392,19.480947145439572,-5.03431506011318,-26.75592837851687,-36.576065352229136,0.18348881714618104,0.5988402267546221,0.26666666666666666,0.10274692171593747,2.2360678195840227,0.2890625,5.776341456120769e-10,0.0390625,0.078125
provenance,Data2txt,3,30,1e-06,4608,2304,128,128,6,True,15,4.824319960270774,20.225146451496727,25.135140731665476,-4.909994280168749,-38.58917210879696,-48.40796726929797,0.21675081980708202,0.6239801789002558,0.26666666666666666,0.07945074409476746,2.235906039686556,0.24609375,2.592123269824214e-07,0.0,0.0
provenance,Data2txt,3,30,0.0001,4608,2304,128,128,6,True,14,5.830337732912538,14.061463323587184,18.875084478102135,-4.81362115451495,-26.731840370119965,-36.4725293061983,0.2086976259654274,0.6161397425323417,0.26666666666666666,0.07945074409476738,2.236066348441452,0.18359375,0.00030054999002206975,0.0078125,0.0234375
provenance,Data2txt,3,30,0.001,4608,2304,128,128,6,True,13,7.001843637287478,11.154769618541993,15.756862374308092,-4.602092755766102,-21.20957915772574,-30.55584421715373,0.20439803909576518,0.6316712733482581,0.26666666666666666,0.07945074409476735,2.2360678058006718,0.1640625,0.00176897694134448,0.0078125,0.0390625
provenance,Data2txt,3,31,1e-06,4608,2304,128,128,6,True,15,2.6272800905197613,20.49055119852973,25.10655207366218,-4.616000875132455,-37.200856767671304,-45.673096809428486,0.4635417252575231,0.6511479040738746,0.26666666666666666,0.09634029800472822,2.2359394046359586,0.2578125,5.435300936256329e-08,0.0,0.0
provenance,Data2txt,3,31,0.0001,4608,2304,128,128,6,True,14,3.556200625343362,13.929176663430345,18.617689293827105,-4.68851263039676,-25.414150932666818,-34.16534726743165,0.3850818839636051,0.578484565219208,0.26666666666666666,0.0963402980047282,2.23606668550007,0.265625,1.838083532653948e-08,0.0,0.0
provenance,Data2txt,3,31,0.001,4608,2304,128,128,6,True,13,4.550578690830909,10.867937546149346,15.467777567343592,-4.599840021194247,-19.97159347708991,-28.667140446527636,0.3366208159168523,0.5879621672631887,0.26666666666666666,0.09634029800472817,2.2360678426026994,0.23828125,7.038776424263986e-07,0.0,0.0078125
provenance,Data2txt,4,0,1e-06,9216,4608,128,128,6,True,11,2.6925137178201117,25.391492307996437,30.49412457454156,-5.102632266545124,-51.10613597586002,-61.18521850243778,0.2517006804324736,0.48971561253175794,0.06666666666666667,0.05477413605790986,1.4141958721403578,0.4296875,5.55074371993741e-22,0.0,0.0
provenance,Data2txt,4,0,0.0001,9216,4608,128,128,6,True,11,3.5356426649759003,16.20453826436187,21.315174659029765,-5.110636394667894,-32.637631155490155,-42.725955071328926,0.23597610300519006,0.5056588899470578,0.06666666666666667,0.054774136057909845,1.4142133848729115,0.375,1.130724758563229e-16,0.0,0.0
provenance,Data2txt,4,0,0.001,9216,4608,128,128,6,True,13,4.457785321645667,11.83755425310527,16.8879524547432,-5.050398201637927,-23.900946183163228,-33.837223942370485,0.24630445252285296,0.5539731020268148,0.06666666666666667,0.05477413605790988,1.4142135440762624,0.27734375,3.3884305330612322e-09,0.0,0.0
provenance,Data2txt,4,1,1e-06,9216,4608,128,128,6,True,9,8.15143012320921,14.381945863914584,17.466173053082642,-3.0842271891680584,-29.49452763645754,-35.98221489074382,0.07941492619136283,0.3761259391511515,0.4,0.14590636775291882,0.8328626645846767,0.33984375,1.073542535028726e-13,0.0859375,0.21875
provenance,Data2txt,4,1,0.0001,9216,4608,128,128,6,True,10,10.064209978625575,12.006561999798373,15.379810089124817,-3.3732480893264447,-24.272633652533187,-31.415551636410378,0.08032742865432797,0.4570108646680053,0.4,0.1459063677529188,0.8346363884463407,0.21484375,1.1517275704865574e-05,0.0703125,0.09375
provenance,Data2txt,4,1,0.001,9216,4608,128,128,6,True,9,12.130041195654686,10.904665720650895,14.398731838068176,-3.4940661174172813,-21.820248104965525,-29.214129408079778,0.08544669967430177,0.5287590558871396,0.4,0.14590636775291874,0.8501033040923237,0.11328125,0.0691489899768779,0.0546875,0.09375
provenance,Data2txt,4,2,1e-06,9216,4608,128,128,6,True,11,16.410423790316145,23.84621588437922,27.8410316062114,-3.9948157218321754,-49.904841260751304,-58.52001920901749,0.048817837593506413,0.4714719412761275,0.6666666666666666,0.12459784883075342,1.401194234286986,0.2734375,6.005467433544062e-09,0.109375,0.1953125
provenance,Data2txt,4,2,0.0001,9216,4608,128,128,6,True,12,21.437327874864398,18.63444600108122,23.130465665803236,-4.496019664722018,-38.024567681351996,-47.231357316759215,0.049715321830954215,0.5820271105619174,0.6666666666666666,0.1245978488307535,1.4417235404467765,0.21875,7.381061347748238e-06,0.125,0.1640625
provenance,Data2txt,4,2,0.001,9216,4608,128,128,6,True,11,28.370208728895488,16.011451719072035,20.70498643871869,-4.693534719646658,-32.03520259144082,-41.573302198667356,0.052402768877109894,0.6716064353711152,0.6666666666666666,0.12459784883075342,1.665765400834675,0.20703125,2.7352006658291592e-05,0.03125,0.125
provenance,Data2txt,4,3,1e-06,9216,4608,128,128,6,True,13,11.007944787771823,19.48438973924972,23.5067030402521,-4.022313301002379,-38.580031272651524,-46.76829642988895,0.11562971723182508,0.5698958489192197,0.6666666666666666,0.06959854064680876,2.1848850794802885,0.17578125,0.0006257967777605344,0.015625,0.0390625
provenance,Data2txt,4,3,0.0001,9216,4608,128,128,6,True,13,13.342765549925288,16.091629157547008,20.582665266557086,-4.491036109010077,-32.29878237657658,-41.25034389410436,0.1102586545014628,0.6256224458148067,0.6666666666666666,0.06959854064680877,2.2160214495045447,0.16015625,0.0024610192473685233,0.015625,0.0234375
provenance,Data2txt,4,3,0.001,9216,4608,128,128,6,True,12,16.338114033630816,13.629322234760448,18.20595168656549,-4.576629451805041,-27.548056593047953,-36.58302019989401,0.10791134580776424,0.6799212710472312,0.6666666666666666,0.06959854064680882,2.232666991790498,0.1328125,0.019813663257872594,0.015625,0.078125
provenance,Data2txt,4,4,1e-06,9216,4608,128,128,6,True,15,9.940400352979246,19.943077789335746,23.915976987060102,-3.9728991977243564,-42.67820717503891,-50.736693166565246,0.13870664208632108,0.4527397285584237,0.4666666666666667,0.07684239349012882,2.233930797407925,0.203125,4.163077668109129e-05,0.0,0.0078125
provenance,Data2txt,4,4,0.0001,9216,4608,128,128,6,True,15,12.335017551754328,15.274638926761988,19.6537282559909,-4.3790893292289095,-32.37398218317227,-41.240458946023296,0.13553940840026948,0.4970735069583787,0.4666666666666667,0.07684239349012878,2.2359406616109125,0.16796875,0.001261290693128525,0.0078125,0.0390625
provenance,Data2txt,4,4,0.001,9216,4608,128,128,6,True,13,15.484261311757475,12.631146833461187,16.87380711691226,-4.242660283451071,-26.71281832078577,-35.1950677142536,0.1332136176674703,0.5654621797463715,0.4666666666666667,0.0768423934901288,2.236053822301001,0.12890625,0.025849477725005232,0.015625,0.0625
provenance,Data2txt,4,5,1e-06,9216,4608,128,128,6,True,13,8.008066794981548,20.94037069385338,25.517861862483144,-4.577491168629762,-40.767318722447285,-49.517781017952025,0.11510176658285007,0.43076906564818507,0.26666666666666666,0.056016212799020006,2.235905369674017,0.16796875,0.001261290693128525,0.0,0.0
provenance,Data2txt,4,5,0.0001,9216,4608,128,128,6,True,14,9.95904674248351,15.323559418449552,20.07224160447873,-4.7486821860291775,-30.022654418472932,-39.159191774252704,0.11803549845837642,0.5178499639012899,0.26666666666666666,0.05601621279901996,2.2360657031659215,0.1640625,0.00176897694134448,0.0078125,0.0234375
provenance,Data2txt,4,5,0.001,9216,4608,128,128,6,True,13,12.301680091721472,12.5840973290993,17.22516111042679,-4.641063781327487,-24.733618388846107,-33.639031003438205,0.12009831961605487,0.5949148718044489,0.26666666666666666,0.056016212799020006,2.236067734244914,0.18359375,0.00030054999002206975,0.015625,0.046875
provenance,Data2txt,4,6,1e-06,9216,4608,128,128,6,True,13,7.944219890105802,19.031480856221457,23.773226454346265,-4.7417455981248136,-34.938600531319565,-43.312135763113105,0.21448630339216385,0.5519917486387356,0.26666666666666666,0.11373317679435808,2.235892270639617,0.3984375,7.613526402484427e-19,0.0,0.0
provenance,Data2txt,4,6,0.0001,9216,4608,128,128,6,True,14,9.617692742007007,13.98433130853734,18.54284772057473,-4.55851641203739,-26.027068432627637,-34.43249566960066,0.1988854869797876,0.51123385813113,0.26666666666666666,0.11373317679435813,2.2360661429309245,0.33984375,1.073542535028726e-13,0.0078125,0.0078125
provenance,Data2txt,4,6,0.001,9216,4608,128,128,6,True,13,11.346555370707758,11.655216584741517,15.957298790480884,-4.302082205739366,-21.831108133221345,-29.925398732908143,0.18954162187448328,0.5205270798352454,0.26666666666666666,0.11373317679435815,2.2360677868146723,0.296875,1.6997263144796861e-10,0.0078125,0.015625
provenance,Data2txt,4,7,1e-06,9216,4608,128,128,6,True,14,8.160971162960463,17.015504018111283,21.928199395206324,-4.912695377095039,-33.45004005553492,-42.408138315319015,0.12400936327147798,0.5169443632506842,0.13333333333333333,0.11495113886529272,2.2358945204059406,0.34765625,2.4982790013842228e-14,0.0,0.0
provenance,Data2txt,4,7,0.0001,9216,4608,128,128,6,True,13,9.775949056510335,12.447951078540466,17.190912921745838,-4.74296184320537,-24.86111656777679,-33.71776609140568,0.11571692255991783,0.5479171006191824,0.13333333333333333,0.11495113886529272,2.2360662322131897,0.24609375,2.592123269824214e-07,0.0,0.0234375
provenance,Data2txt,4,7,0.001,9216,4608,128,128,6,True,13,11.381217413215262,10.330228128342881,14.840543503763291,-4.51031537542041,-20.882452002653128,-29.40191799562725,0.11734213796697641,0.5849934895476939,0.13333333333333333,0.11495113886529272,2.2360677967722773,0.21875,7.381061347748238e-06,0.0234375,0.0390625
provenance,Data2txt,4,8,1e-06,9216,4608,128,128,6,True,13,7.5618751996236675,18.59759533938433,22.870981008611206,-4.273385669226878,-37.06597180024324,-45.70980768097182,0.11169526234734484,0.2971706112210045,0.2,0.11114185392582474,2.2359178795289387,0.26953125,1.0551926983948056e-08,0.0,0.0
provenance,Data2txt,4,8,0.0001,9216,4608,128,128,6,True,13,9.247989342446102,13.507974207104624,17.831982573403778,-4.324008366299152,-26.765791677570668,-35.51681647969659,0.10053516654130992,0.292612973360169,0.2,0.11114185392582475,2.2360664709672236,0.1640625,0.00176897694134448,0.0,0.0
provenance,Data2txt,4,8,0.001,9216,4608,128,128,6,True,12,11.089479918591298,11.16384708642494,15.397668995402409,-4.2338219089774665,-22.048564716259797,-30.54257396542068,0.09396520428708524,0.35626813943943625,0.2,0.11114185392582475,2.236067821831387,0.1484375,0.006313488560237168,0.0,0.0234375
provenance,Data2txt,4,9,1e-06,9216,4608,128,128,6,True,13,6.683787588101114,17.024623417791062,20.91003771885356,-3.8854143010624997,-40.52492741295473,-49.04061662331041,0.15574250296124897,0.43702195369320757,0.2,0.1353783599766108,2.2359490867386573,0.3203125,3.4992283936701867e-12,0.0,0.0
provenance,Data2txt,4,9,0.0001,9216,4608,128,128,6,True,13,8.21910510126746,12.445608682406297,16.517081624442106,-4.071472942035811,-28.658598321873235,-37.299569495177145,0.13885091720273998,0.4175161854564023,0.2,0.13537835997661088,2.2360667847878197,0.24609375,2.592123269824214e-07,0.0,0.0546875
provenance,Data2txt,4,9,0.001,9216,4608,128,128,6,True,13,10.020298109537862,10.321679012304344,14.420307617981944,-4.098628605677599,-23.140055875863993,-31.67555955534811,0.13052481969918994,0.45826823576569015,0.2,0.13537835997661093,2.2360678547879425,0.09765625,0.16284637793210843,0.0546875,0.0859375
provenance,Data2txt,4,10,1e-06,9216,4608,128,128,6,True,14,6.932751523592869,19.003594124256985,23.53813623663896,-4.534542112381975,-38.078229238610774,-46.80285128052536,0.1314529800074528,0.5543834983128473,0.2,0.14778022135535296,2.235948452713092,0.15234375,0.004649248065287104,0.0,0.0
provenance,Data2txt,4,10,0.0001,9216,4608,128,128,6,True,14,8.522057992949964,13.455137862455842,18.02411064663366,-4.568972784177818,-27.047426395316613,-35.920218929709804,0.10753934235681722,0.5114713842463464,0.2,0.14778022135535282,2.2360667786857515,0.12890625,0.025849477725005232,0.0,0.0234375
provenance,Data2txt,4,10,0.001,9216,4608,128,128,6,True,12,10.31443343986824,10.951897727572703,15.403911003030974,-4.45201327545827,-22.025197589599745,-30.7256012972881,0.09560638568683719,0.5252680787448762,0.2,0.14778022135535296,2.236067854397551,0.109375,0.0866920605943059,0.0,0.078125
provenance,Data2txt,4,11,1e-06,9216,4608,128,128,6,True,13,6.649398512203506,17.73647612001991,22.311594169296406,-4.575118049276501,-34.39815173357766,-43.046233808749164,0.15507434358712302,0.38556113308150214,0.26666666666666666,0.1194013624297273,2.235921451953313,0.3671875,5.542534149978852e-16,0.0,0.0
provenance,Data2txt,4,11,0.0001,9216,4608,128,128,6,True,13,8.0727019233626,12.867622563966485,17.43197022935612,-4.564347665389637,-25.01607263925699,-33.6267960026879,0.14778217969132684,0.4104336460248281,0.26666666666666666,0.11940136242972726,2.2360665066949053,0.234375,1.1452873919607316e-06,0.0,0.0
provenance,Data2txt,4,11,0.001,9216,4608,128,128,6,True,13,9.56426600879159,10.601080555077289,15.067686861857695,-4.466606306780407,-20.64929660327359,-29.03321132045225,0.14410506815499238,0.46219367324973754,0.26666666666666666,0.11940136242972733,2.2360678254018223,0.234375,1.1452873919607316e-06,0.0,0.015625
provenance,Data2txt,4,12,1e-06,9216,4608,128,128,6,True,12,7.970845309990601,14.655169728634743,18.682031876660005,-4.026862148025259,-29.962640535741926,-37.792693898757676,0.19527198412883606,0.4456450100817438,0.06666666666666667,0.1467177644510319,2.2359318188956347,0.48828125,1.1888686409832877e-28,0.0,0.0
provenance,Data2txt,4,12,0.0001,9216,4608,128,128,6,True,12,9.088619388252614,10.638245180369616,14.545051786026557,-3.9068066056569393,-21.77617585798251,-29.327613842459186,0.18780786484141457,0.44952048164063785,0.06666666666666667,0.14671776445103193,2.236066612886337,0.38671875,9.694174955308428e-18,0.0,0.0
provenance,Data2txt,4,12,0.001,9216,4608,128,128,6,True,13,10.142742777651922,8.796097671032172,12.491552002203157,-3.6954543311709833,-18.02917849355385,-25.16794573042383,0.1865002309559335,0.46815020817272496,0.06666666666666667,0.1467177644510319,2.236067838330053,0.29296875,3.1472328013771007e-10,0.0,0.0234375
provenance,Data2txt,4,13,1e-06,9216,4608,128,128,6,True,14,8.724258666021925,20.202581475003246,24.74262222932826,-4.540040754325012,-40.50480785923001,-49.2960641992128,0.07826025078297708,0.32276194638504946,0.2,0.11312344037322988,2.2359514822013336,0.1640625,0.00176897694134448,0.0,0.0078125
provenance,Data2txt,4,13,0.0001,9216,4608,128,128,6,True,13,10.828947172874074,14.319868859197383,18.9658803652934,-4.64601150609602,-29.03218712390613,-38.08850017657667,0.05718270417355919,0.3770163750389463,0.2,0.11312344037323,2.2360668086277364,0.09765625,0.16284637793210843,0.0078125,0.0546875
provenance,Data2txt,4,13,0.001,9216,4608,128,128,6,True,14,13.287801207730098,11.638919116392234,16.25068461349697,-4.611765497104733,-23.814975287767574,-32.791686855745155,0.055242741691703505,0.45767266074938734,0.2,0.11312344037322994,2.2360678570646018,0.125,0.03345596830001085,0.0390625,0.0859375
provenance,Data2txt,4,14,1e-06,9216,4608,128,128,6,True,13,6.729147622564083,18.998224344862304,23.299004740084165,-4.300780395221864,-37.089315461724965,-45.62915340683376,0.07685002224184981,0.4189178480656062,0.2,0.14638681954062632,2.235947134881725,0.26953125,1.0551926983948056e-08,0.0,0.0
provenance,Data2txt,4,14,0.0001,9216,4608,128,128,6,True,13,8.206321333597147,13.456777831666276,17.725686525588763,-4.268908693922485,-26.396390063821116,-34.97662674842383,0.08089469046343886,0.37920812850227975,0.2,0.1463868195406262,2.2360667653189066,0.1796875,0.0004354569877453,0.0,0.0234375
provenance,Data2txt,4,14,0.001,9216,4608,128,128,6,True,12,9.838067768109372,10.917627252714585,15.065107886104002,-4.147480633389417,-21.501451823081823,-29.82837596762072,0.08887422058526329,0.4100991508143238,0.2,0.14638681954062627,2.236067852888529,0.1875,0.00020575038655746867,0.0234375,0.0546875
provenance,Data2txt,4,15,1e-06,9216,4608,128,128,6,True,13,4.394341243122229,20.093096908252765,24.813150752211122,-4.720053843958356,-38.632876131335976,-47.73966137771639,0.18343083611998517,0.47377998205975674,0.26666666666666666,0.14769358610707942,2.235987447599058,0.21875,7.381061347748238e-06,0.0,0.0
provenance,Data2txt,4,15,0.0001,9216,4608,128,128,6,True,12,5.30851805205238,13.833941183899956,18.550073752932136,-4.716132569032181,-26.51743929020882,-35.575573071279024,0.17317065413072433,0.486873836839579,0.26666666666666666,0.1476935861070794,2.2360671696761596,0.1328125,0.019813663257872594,0.0,0.0078125
provenance,Data2txt,4,15,0.001,9216,4608,128,128,6,True,11,6.348960445118455,10.900134248787001,15.544145301997801,-4.644011053210802,-20.874072082861034,-29.686408355947812,0.16629225627940122,0.5272036030660575,0.26666666666666666,0.14769358610707947,2.23606789442459,0.1484375,0.006313488560237168,0.0078125,0.0390625
provenance,Data2txt,4,16,1e-06,9216,4608,128,128,6,True,13,4.587344539326216,20.33921680066664,25.237646881501156,-4.898430080834519,-37.952233381267554,-47.286686802861595,0.1627212989419855,0.6350852662006663,0.2,0.12589518524305074,2.2359882184051156,0.2109375,1.782257225451088e-05,0.0,0.0
provenance,Data2txt,4,16,0.0001,9216,4608,128,128,6,True,14,5.662777598207683,14.012556231326496,18.889631794606252,-4.877075563279758,-26.19580613667694,-35.55947180544724,0.14850793714426155,0.5925528064796194,0.2,0.12589518524305068,2.2360671775654364,0.15625,0.0033962516565197998,0.0,0.0
provenance,Data2txt,4,16,0.001,9216,4608,128,128,6,True,12,6.919711334584407,11.023852028802459,15.75980402282365,-4.73595199402119,-20.753839852531637,-29.922092190747577,0.13804945487149486,0.5969780493630635,0.2,0.12589518524305063,2.236067895380188,0.1640625,0.00176897694134448,0.0,0.0390625
provenance,Data2txt,4,17,1e-06,9216,4608,128,128,6,True,13,6.620071899165119,21.92760178778044,26.763120791969143,-4.835519004188709,-42.86357155570586,-52.018605676331084,0.10363883285635327,0.57432766530891,0.2,0.13940695106678685,2.2359526180857783,0.19140625,0.00013970433630997956,0.0,0.0
provenance,Data2txt,4,17,0.0001,9216,4608,128,128,6,True,14,8.126537739198312,15.24292127723109,20.13719318206108,-4.894271904829985,-30.041798154256227,-39.280224622544694,0.09326856609877804,0.567822394087724,0.2,0.13940695106678683,2.236066819422783,0.21875,7.381061347748238e-06,0.0,0.0625
provenance,Data2txt,4,17,0.001,9216,4608,128,128,6,True,12,9.93712433404862,12.127036737748167,16.9124613787996,-4.785424641051428,-24.07566384732663,-33.11156936018469,0.09457692742819489,0.5955875546546242,0.2,0.13940695106678674,2.2360678576246626,0.21875,7.381061347748238e-06,0.03125,0.109375
provenance,Data2txt,4,18,1e-06,9216,4608,128,128,6,True,13,8.640058550791458,24.891219223507008,30.255873459011184,-5.364654235504174,-49.14724995072713,-59.260283774612255,0.11651446716147637,0.511926736517855,0.3333333333333333,0.11863238256499614,2.2359299870302585,0.2421875,4.289574463648891e-07,0.0078125,0.0234375
provenance,Data2txt,4,18,0.0001,9216,4608,128,128,6,True,13,10.619639968348146,17.269304515338632,22.69905885978784,-5.429754344449208,-34.36419638149377,-44.67143520440409,0.10889092287350745,0.564838981582416,0.3333333333333333,0.11863238256499609,2.2360665893828946,0.21484375,1.1517275704865574e-05,0.046875,0.1171875
provenance,Data2txt,4,18,0.001,9216,4608,128,128,6,True,12,13.127135441351719,13.663582599554807,18.992622508402455,-5.329039908847648,-27.4212957858133,-37.57535197087326,0.10291904569884086,0.6243706433218617,0.3333333333333333,0.11863238256499617,2.236067831212432,0.20703125,2.7352006658291592e-05,0.0625,0.1171875
provenance,Data2txt,4,19,1e-06,9216,4608,128,128,6,True,15,9.020343728651154,25.8737235809506,31.06329866108728,-5.189575080136679,-52.10078279461426,-62.67039637970804,0.10521309923606956,0.5021399709315765,0.2,0.1535590038618782,2.235913432495992,0.265625,1.838083532653948e-08,0.0078125,0.0625
provenance,Data2txt,4,19,0.0001,9216,4608,128,128,6,True,14,11.083769760708924,18.14058239014249,23.39889816363604,-5.258315773493547,-36.111193308798384,-46.84704249153269,0.097305306194415,0.5004883295887628,0.2,0.15355900386187832,2.2360664209922017,0.203125,4.163077668109129e-05,0.0234375,0.046875
provenance,Data2txt,4,19,0.001,9216,4608,128,128,6,True,13,13.770127019543146,14.58095530649554,19.701110923761533,-5.120155617265995,-28.6184057178983,-39.118860541412744,0.09089958518170356,0.5433996561820218,0.2,0.1535590038618782,2.2360678117741855,0.16796875,0.001261290693128525,0.0625,0.0859375
provenance,Data2txt,4,20,1e-06,9216,4608,128,128,6,True,13,8.069103554913623,24.812587977528246,30.123124227095992,-5.310536249567747,-51.27345844780099,-62.23286099765579,0.08108788064572496,0.566697067940844,0.26666666666666666,0.13752244148505435,2.235915440824146,0.2421875,4.289574463648891e-07,0.0,0.0390625
provenance,Data2txt,4,20,0.0001,9216,4608,128,128,6,True,13,9.875161746588105,17.15472096730587,22.5163241853658,-5.36160321805993,-35.47602379108004,-46.64894679675291,0.07280999916889905,0.5835744966057098,0.26666666666666666,0.13752244148505435,2.236066441699007,0.26171875,3.1743788057539135e-08,0.0234375,0.1171875
provenance,Data2txt,4,20,0.001,9216,4608,128,128,6,True,12,12.203663300970561,13.590328193023483,18.781247953546583,-5.190919760523103,-28.002281429536694,-38.94974683444909,0.06792476246196191,0.622861021598972,0.26666666666666666,0.13752244148505427,2.236067814418083,0.19921875,6.28426475199267e-05,0.109375,0.125
provenance,Data2txt,4,21,1e-06,9216,4608,128,128,6,True,13,8.414612396092236,24.109822432348473,29.044931520903486,-4.93510908855501,-50.42249245164794,-59.88922645000805,0.09674762950452909,0.6519563740502965,0.2,0.13822970516324387,2.2359136481297015,0.2109375,1.782257225451088e-05,0.0,0.03125
provenance,Data2txt,4,21,0.0001,9216,4608,128,128,6,True,13,10.485612028631952,16.7313385927992,21.702826538828937,-4.971487946029737,-35.096790632387766,-44.60111191597853,0.08420289232400395,0.6677230579220435,0.2,0.1382297051632438,2.236066425327831,0.21875,7.381061347748238e-06,0.0546875,0.125
provenance,Data2txt,4,21,0.001,9216,4608,128,128,6,True,13,13.300930185205477,13.23486496730078,18.097813338565075,-4.862948371264297,-27.785716732590153,-37.06476583806527,0.08594541203185906,0.7034650808914866,0.2,0.13822970516324373,2.236067814213531,0.19140625,0.00013970433630997956,0.09375,0.1328125
provenance,Data2txt,4,22,1e-06,9216,4608,128,128,6,True,15,10.14860118434363,26.38448557801743,31.59693330584482,-5.212447727827391,-50.35263878561007,-60.34626790225738,0.07883846690189429,0.4839518135633594,0.4,0.12610916295217103,2.2358598043713007,0.31640625,6.83543823843095e-12,0.0,0.0390625
provenance,Data2txt,4,22,0.0001,9216,4608,128,128,6,True,14,12.704263742946054,18.360512868706195,23.55260279559192,-5.1920899268857275,-35.14567165450919,-45.17864709385442,0.07644133945423258,0.5090805978336341,0.4,0.12610916295217098,2.236065877901892,0.3125,1.3232765413914088e-11,0.0078125,0.0546875
provenance,Data2txt,4,22,0.001,9216,4608,128,128,6,True,13,16.198918737798735,14.603928895602927,19.667658462869127,-5.063729567266201,-28.094504652442204,-37.892957246584764,0.08161687157867922,0.5715067705041998,0.4,0.1261091629521711,2.236067751276524,0.2734375,6.005467433544062e-09,0.0390625,0.140625
provenance,Data2txt,4,23,1e-06,9216,4608,128,128,6,True,14,12.901586573610246,27.255916323256994,32.43812204795174,-5.182205724694745,-54.37878570941099,-64.37656447831336,0.06089270076687399,0.5921741714578753,0.2,0.11035571000854036,2.235848750812251,0.33203125,4.446104931843403e-13,0.0234375,0.03125
provenance,Data2txt,4,23,0.0001,9216,4608,128,128,6,True,13,16.07097466156584,19.031952438550363,24.192704105994252,-5.160751667443888,-37.9857498753343,-47.93305476878375,0.06334816590791334,0.6342370983887473,0.2,0.11035571000854046,2.2360657652666243,0.21484375,1.1517275704865574e-05,0.0390625,0.0546875
provenance,Data2txt,4,23,0.001,9216,4608,128,128,6,True,12,20.405532844036486,15.198162144253825,20.188742037002314,-4.990579892748487,-30.423443813766404,-40.0369244317845,0.06749186311256142,0.6866602582832301,0.2,0.11035571000854041,2.236067738099815,0.17578125,0.0006257967777605344,0.03125,0.0625
provenance,Data2txt,4,24,1e-06,9216,4608,128,128,6,True,14,12.078301450034585,26.784129707138966,32.16430975501926,-5.380180047880292,-55.99390596217934,-66.45574288786392,0.07451048076253797,0.756529360631914,0.2,0.0835213694363764,2.2359082031825284,0.21484375,1.1517275704865574e-05,0.0390625,0.0625
provenance,Data2txt,4,24,0.0001,9216,4608,128,128,6,True,15,15.090987755299693,18.763916511425215,24.065845020014635,-5.30192850858942,-38.983500310464095,-49.25022214354273,0.06746970824422867,0.7846760132022557,0.2,0.08352136943637639,2.236066361944668,0.20703125,2.7352006658291592e-05,0.0390625,0.0625
provenance,Data2txt,4,24,0.001,9216,4608,128,128,6,True,12,19.319302876458465,14.936841706456681,20.052865996997795,-5.116024290541116,-30.997116584748127,-40.81517710720702,0.06358925495639774,0.8161002298799624,0.2,0.08352136943637634,2.236067799663462,0.20703125,2.7352006658291592e-05,0.0546875,0.0703125
provenance,Data2txt,4,25,1e-06,9216,4608,128,128,6,True,13,9.990995741021557,27.54955790774057,32.90858553585436,-5.3590276281137905,-56.46206229074066,-66.76962507239998,0.082040847718824,0.7802834414437352,0.2,0.11474348116901428,2.2359106452497337,0.2890625,5.776341456120769e-10,0.0390625,0.1015625
provenance,Data2txt,4,25,0.0001,9216,4608,128,128,6,True,13,12.455756986042148,19.139806770428947,24.38174499830434,-5.241938227875391,-39.153884718570225,-49.225946293175575,0.07388885437075574,0.7928672836781516,0.2,0.11474348116901427,2.236066390183193,0.25,1.553142566968138e-07,0.0546875,0.125
provenance,Data2txt,4,25,0.001,9216,4608,128,128,6,True,12,15.941366503555374,15.080270195521646,20.078405242110968,-4.998135046589324,-30.864944604488592,-40.46894785790842,0.0682041860294243,0.8149409438238369,0.2,0.11474348116901426,2.2360678059986725,0.21875,7.381061347748238e-06,0.1015625,0.140625
provenance,Data2txt,4,26,1e-06,9216,4608,128,128,6,True,14,7.694124257829764,25.244679852948593,30.756724248470004,-5.512044395521407,-49.74692175934488,-60.523788917734024,0.15396864819326544,0.6675752956664008,0.4,0.13679141838376055,2.235842276933528,0.2578125,5.435300936256329e-08,0.015625,0.015625
provenance,Data2txt,4,26,0.0001,9216,4608,128,128,6,True,13,9.405155451440258,17.620073201889586,23.075114138008885,-5.455040936119303,-34.59093513497878,-45.31056751461675,0.1437968153221254,0.6577593390964419,0.4,0.13679141838376052,2.2360656924547846,0.2109375,1.782257225451088e-05,0.015625,0.0390625
provenance,Data2txt,4,26,0.001,9216,4608,128,128,6,True,14,11.674494431250611,13.992755664291819,19.21263469330167,-5.219879029009849,-27.34982363622138,-37.688307814088574,0.13564250816850643,0.6760025512354253,0.4,0.13679141838376058,2.2360677234105975,0.23828125,7.038776424263986e-07,0.03125,0.078125
provenance,Data2txt,4,27,1e-06,9216,4608,128,128,6,True,14,8.714148103363874,25.265140994615138,30.31259137666341,-5.047450382048272,-52.71884290082397,-63.21571380534092,0.09811749789544062,0.6024749796809529,0.4,0.10879475496674078,2.2358826278293824,0.19921875,6.28426475199267e-05,0.0078125,0.0234375
provenance,Data2txt,4,27,0.0001,9216,4608,128,128,6,True,14,10.684984985052013,17.760144538173748,22.777760640316103,-5.017616102142349,-36.3975103691169,-46.83881109694407,0.08971974362445481,0.5993777438259571,0.4,0.1087947549667408,2.236066104590727,0.1875,0.00020575038655746867,0.0234375,0.0390625
provenance,Data2txt,4,27,0.001,9216,4608,128,128,6,True,13,13.317437415534952,14.260423972238387,19.064573847377886,-4.804149875139499,-28.6737136879182,-38.75665315520252,0.08300765773849199,0.6284073713110058,0.4,0.10879475496674074,2.2360677724919986,0.171875,0.0008920470081351661,0.0390625,0.078125
provenance,Data2txt,4,28,1e-06,9216,4608,128,128,6,True,13,5.723440462260651,19.70023969466889,24.396217996960782,-4.695978302291891,-40.87153188157027,-50.20996756861608,0.18824032487221784,0.6490172586321091,0.26666666666666666,0.12415775310640452,2.235918602741652,0.17578125,0.0006257967777605344,0.0,0.015625
provenance,Data2txt,4,28,0.0001,9216,4608,128,128,6,True,14,6.940234126454663,14.003181149686023,18.73407287245908,-4.730891722773057,-28.648099642350136,-38.03749137879572,0.17277513861030655,0.6567951481262149,0.26666666666666666,0.1241577531064045,2.2360664754787707,0.1171875,0.05471894473064931,0.0234375,0.046875
provenance,Data2txt,4,28,0.001,9216,4608,128,128,6,True,13,8.367193636625577,11.301190908479455,15.90353524428557,-4.602344335806115,-22.95683052450129,-32.03451981988215,0.16083379874613857,0.6806415895118273,0.26666666666666666,0.1241577531064045,2.236067819781788,0.19140625,0.00013970433630997956,0.046875,0.0703125
provenance,Data2txt,4,29,1e-06,9216,4608,128,128,6,True,13,8.75004149662424,25.566520752032346,30.72804754518256,-5.1615267931502125,-53.56508655368132,-64.46325209775688,0.06403118854193754,0.5394610055482281,0.4,0.16868602655850454,2.235900955170897,0.2265625,2.9565885080962975e-06,0.0078125,0.046875
provenance,Data2txt,4,29,0.0001,9216,4608,128,128,6,True,13,10.788515915796319,17.789371207332085,22.962053058016703,-5.17268185068462,-37.00875636267476,-47.891543068629204,0.06701036953596358,0.595628249002188,0.4,0.16868602655850456,2.236066293616996,0.20703125,2.7352006658291592e-05,0.046875,0.09375
provenance,Data2txt,4,29,0.001,9216,4608,128,128,6,True,12,13.506431480037481,14.177156247020653,19.202352693539623,-5.025196446518971,-29.2083261889803,-39.68005107926473,0.07012978726723526,0.6547157181371244,0.4,0.1686860265585045,2.2360677966615383,0.23828125,7.038776424263986e-07,0.046875,0.109375
provenance,Data2txt,4,30,1e-06,9216,4608,128,128,6,True,14,4.613434136908075,19.599095991480006,24.277050030080627,-4.67795403860062,-41.337339203618,-50.835245193611414,0.14356363594866753,0.618146008368227,0.26666666666666666,0.07599489296983344,2.235909726562375,0.171875,0.0008920470081351661,0.0,0.0
provenance,Data2txt,4,30,0.0001,9216,4608,128,128,6,True,14,5.5851053940864315,13.696514852956348,18.371872119355324,-4.6753572663989775,-28.35596314683832,-37.85390203287514,0.14486691251204334,0.6134820290086341,0.26666666666666666,0.07599489296983343,2.2360663865919497,0.125,0.03345596830001085,0.015625,0.0234375
provenance,Data2txt,4,30,0.001,9216,4608,128,128,6,True,14,6.7623428900891644,10.898576052913047,15.411937492953127,-4.513361440040082,-22.231252011806852,-31.45156500887753,0.14045429644728025,0.6314008914580579,0.26666666666666666,0.0759948929698334,2.23606781078998,0.125,0.03345596830001085,0.0234375,0.0546875
provenance,Data2txt,4,31,1e-06,9216,4608,128,128,6,True,14,2.8840029649778565,18.189997698937695,22.158653898528623,-3.968656199590928,-35.73751713450346,-44.089696464966565,0.3751871772316371,0.6506686750527225,0.26666666666666666,0.08750503628582097,2.235943851564836,0.33203125,4.446104931843403e-13,0.0,0.0
provenance,Data2txt,4,31,0.0001,9216,4608,128,128,6,True,14,3.8624338379791157,12.814200758118739,17.155402411761735,-4.341201653642997,-24.884961404283974,-33.53773252389169,0.3240847201876188,0.6254242527886733,0.26666666666666666,0.0875050362858209,2.236066730369927,0.2578125,5.435300936256329e-08,0.0,0.0078125
provenance,Data2txt,4,31,0.001,9216,4608,128,128,6,True,13,4.877532323884171,10.290778430444224,14.673803109847182,-4.383024679402958,-19.845866253159805,-28.47196247845958,0.30293345488598206,0.6461736668173417,0.26666666666666666,0.08750503628582094,2.236067847453581,0.24609375,2.592123269824214e-07,0.0078125,0.015625
provenance,Data2txt,5,0,1e-06,18432,9216,128,128,6,True,12,2.36938481884242,24.497154887694954,29.52335340981306,-5.026198522118103,-50.04239651324541,-60.58940917358824,0.27480276683411037,0.5492032662975672,0.06666666666666667,0.08101459894543689,1.414194751853962,0.54296875,6.97114235128906e-36,0.0,0.0
provenance,Data2txt,5,0,0.0001,18432,9216,128,128,6,True,13,3.11443200418511,15.873380728324982,20.875342251140754,-5.001961522815776,-32.07230195138503,-42.56203931513252,0.27311295211679365,0.48978371130705184,0.06666666666666667,0.08101459894543694,1.4142133736767637,0.39453125,1.795398555331546e-18,0.0,0.0
provenance,Data2txt,5,0,0.001,18432,9216,128,128,6,True,12,3.927321332892382,11.77213041851391,16.713278524153985,-4.941148105640072,-23.517340387306767,-33.858733347569895,0.27974458135095226,0.5032232879368711,0.06666666666666667,0.0810145989454369,1.4142135429630318,0.38671875,9.694174955308428e-18,0.0,0.0
provenance,Data2txt,5,1,1e-06,18432,9216,128,128,6,True,10,7.345595120076307,12.982369029655995,16.116046464261604,-3.133677434605607,-25.4029809780442,-31.308413903324087,0.08746332750778493,0.4442138276668687,0.26666666666666666,0.18578042186021765,0.7616282565110647,0.3046875,4.827787419674662e-11,0.1015625,0.1953125
provenance,Data2txt,5,1,0.0001,18432,9216,128,128,6,True,10,8.992027862548124,10.856276919720376,14.244849402010198,-3.388572482289824,-21.66610286165062,-28.22052186848638,0.07739761517538314,0.49612450995607543,0.26666666666666666,0.18578042186021776,0.7632047576935196,0.1953125,9.40842686753401e-05,0.0390625,0.171875
provenance,Data2txt,5,1,0.001,18432,9216,128,128,6,True,9,10.69883412502545,9.854149328847097,13.350397499342574,-3.4962481704954764,-19.87101900859843,-26.68501247083853,0.07968754984439835,0.5490614079570776,0.26666666666666666,0.18578042186021768,0.777083843043657,0.1484375,0.006313488560237168,0.078125,0.171875
provenance,Data2txt,5,2,1e-06,18432,9216,128,128,6,True,10,14.827384007321442,22.643583990879335,26.74168138897007,-4.098097398090726,-50.22104824895538,-59.37248102644263,0.04625351665651294,0.488485810713557,0.4,0.06705077337244816,1.1178087810541568,0.31640625,6.83543823843095e-12,0.0390625,0.2734375
provenance,Data2txt,5,2,0.0001,18432,9216,128,128,6,True,10,19.22104025115001,17.906738464470045,22.337743345039506,-4.431004880569463,-37.9248895853472,-47.63294394475545,0.051823334328458884,0.6004432100485814,0.4,0.06705077337244827,1.1369391977297212,0.1640625,0.00176897694134448,0.03125,0.1328125
provenance,Data2txt,5,2,0.001,18432,9216,128,128,6,True,10,25.296876091897715,15.41953441041965,20.071516621141285,-4.651982210721638,-31.68925265094474,-41.69508154646053,0.05537103467875968,0.688232223439153,0.4,0.06705077337244816,1.2738668888711744,0.16015625,0.0024610192473685233,0.03125,0.1015625
provenance,Data2txt,5,3,1e-06,18432,9216,128,128,6,True,13,13.90226449095607,18.195320197788092,22.29974480400621,-4.104424606218118,-37.459760751967075,-45.075863683509745,0.11078062549753964,0.6932601905271301,0.6,0.08642723301834085,2.1478377304035208,0.17578125,0.0006257967777605344,0.0625,0.0859375
provenance,Data2txt,5,3,0.0001,18432,9216,128,128,6,True,13,17.19677938536641,15.337757186454239,19.803642034818516,-4.465884848364279,-32.03073051184682,-40.45857293675253,0.10355906023620502,0.7302709721384272,0.6,0.0864272330183409,2.182433695152067,0.09375,0.19772455806067113,0.0625,0.0859375
provenance,Data2txt,5,3,0.001,18432,9216,128,128,6,True,13,21.47240908307072,13.144627809329588,17.7882885766696,-4.643660767340009,-27.847443430204397,-36.52830068740589,0.10015264893538668,0.7686380811916913,0.6,0.08642723301834086,2.223386373058111,0.140625,0.011365189018294308,0.078125,0.09375
provenance,Data2txt,5,4,1e-06,18432,9216,128,128,6,True,14,10.047115540128774,20.35684386767671,24.29841351879372,-3.941569651117008,-40.979044469859254,-48.93399418403092,0.10393047113316152,0.3949312604699142,0.5333333333333333,0.07995191837934341,2.23053179918804,0.1484375,0.006313488560237168,0.0,0.0078125
provenance,Data2txt,5,4,0.0001,18432,9216,128,128,6,True,13,12.454646074963561,15.982725824799411,20.37873094130566,-4.396005116506246,-31.92876778174309,-40.73808598107718,0.08988116069659413,0.40093821477571456,0.5333333333333333,0.0799519183793434,2.2355035705312,0.11328125,0.0691489899768779,0.0,0.0078125
provenance,Data2txt,5,4,0.001,18432,9216,128,128,6,True,12,15.606319263562446,13.35672315195467,17.609017732511496,-4.252294580556825,-26.54660833224893,-35.08033256502797,0.07939796569317188,0.4684010674384116,0.5333333333333333,0.07995191837934336,2.236001631783353,0.11328125,0.0691489899768779,0.0078125,0.0234375
provenance,Data2txt,5,5,1e-06,18432,9216,128,128,6,True,13,7.165362078271901,20.6077404963659,24.970559277464993,-4.362818781099092,-40.42776445404604,-49.188103495418595,0.15073368746724689,0.3484292027384326,0.4,0.049448982971607824,2.2358259549478547,0.2265625,2.9565885080962975e-06,0.0,0.0
provenance,Data2txt,5,5,0.0001,18432,9216,128,128,6,True,13,8.851588683286788,15.23031232580276,19.859593536328354,-4.6292812105255905,-30.01519267486327,-39.392104173991186,0.1356590486933476,0.4418485381624198,0.4,0.04944898297160785,2.2360625504950153,0.2109375,1.782257225451088e-05,0.0,0.0
provenance,Data2txt,5,5,0.001,18432,9216,128,128,6,True,12,10.888309638319742,12.46242030409095,16.971362244373907,-4.508941940282959,-24.573324546856423,-33.7349332376934,0.12446146856811485,0.5293492737799532,0.4,0.04944898297160788,2.2360673992035682,0.1875,0.00020575038655746867,0.0,0.0390625
provenance,Data2txt,5,6,1e-06,18432,9216,128,128,6,True,13,7.512923698594983,17.044666760392595,21.179310490066662,-4.134643729674064,-34.883180478317996,-43.637652722550925,0.17023558589824364,0.4799039139012398,0.13333333333333333,0.09103164833369642,2.235890566684432,0.35546875,5.601551930573579e-15,0.0,0.0
provenance,Data2txt,5,6,0.0001,18432,9216,128,128,6,True,12,9.151610287989335,12.80979730589664,17.055187335667274,-4.245390029770636,-26.07205931119183,-35.043881970467716,0.15391175191428216,0.452347250262656,0.13333333333333333,0.09103164833369648,2.2360657834550284,0.28125,1.895287375668482e-09,0.0,0.0078125
provenance,Data2txt,5,6,0.001,18432,9216,128,128,6,True,12,10.85994792960929,10.800329183531918,14.886135155245046,-4.08580597171313,-21.814552421055705,-30.476436911218634,0.14411715510074052,0.4762210685022928,0.13333333333333333,0.09103164833369647,2.2360677500627557,0.20703125,2.7352006658291592e-05,0.0078125,0.0234375
provenance,Data2txt,5,7,1e-06,18432,9216,128,128,6,True,13,6.557172650242311,16.60532359927454,20.922335153823706,-4.317011554549165,-32.99506774629285,-41.50239441177922,0.146644739501369,0.4603914982913643,0.2,0.11622161890489088,2.2358419689981233,0.390625,4.1923923769686e-18,0.0,0.0
provenance,Data2txt,5,7,0.0001,18432,9216,128,128,6,True,14,7.944563707260739,12.262603886810389,16.509027344998326,-4.246423458187937,-24.247040610022342,-32.62642190663706,0.14674478234558178,0.4372056579489989,0.2,0.11622161890489086,2.236065640113832,0.35546875,5.601551930573579e-15,0.0,0.0078125
provenance,Data2txt,5,7,0.001,18432,9216,128,128,6,True,12,9.346982462363966,10.258695473795674,14.336317958673373,-4.0776224848777,-20.162036919625116,-28.212936733627654,0.1485590946013083,0.4621905154651453,0.2,0.11622161890489087,2.2360677353228664,0.30078125,9.098922052950389e-11,0.0078125,0.0078125
provenance,Data2txt,5,8,1e-06,18432,9216,128,128,6,True,14,6.855089250624716,17.6603540461455,21.632462711788783,-3.9721086656432845,-37.07725194151941,-45.45881997623178,0.1312423248766266,0.32512284882646436,0.13333333333333333,0.08706743615797231,2.235918022597305,0.3203125,3.4992283936701867e-12,0.0,0.0
provenance,Data2txt,5,8,0.0001,18432,9216,128,128,6,True,14,8.441816742372845,13.072332669917547,17.207040964257686,-4.134708294340139,-26.534878702048623,-35.01201085230389,0.12519272594653066,0.27805186229880047,0.13333333333333333,0.08706743615797224,2.2360664719240515,0.25,1.553142566968138e-07,0.0,0.0078125
provenance,Data2txt,5,8,0.001,18432,9216,128,128,6,True,12,10.238186633910605,10.948941754596362,15.061744338745877,-4.112802584149515,-21.692795232976337,-29.956089659265785,0.12156205512109092,0.3332963304731092,0.13333333333333333,0.0870674361579723,2.2360678220368557,0.2109375,1.782257225451088e-05,0.0078125,0.0078125
provenance,Data2txt,5,9,1e-06,18432,9216,128,128,6,True,12,5.930799671562348,17.66095211276602,21.979428574693245,-4.3184764619272205,-33.5912148082806,-41.96101166738268,0.1429070611640472,0.28039206114605786,0.26666666666666666,0.08457666965310814,2.235900982309756,0.38671875,9.694174955308428e-18,0.0,0.0
provenance,Data2txt,5,9,0.0001,18432,9216,128,128,6,True,14,7.0158587950432665,12.768966626917436,16.939641566603427,-4.1706749396859895,-24.514080540780864,-32.8586245399668,0.1530392483953648,0.3471137894797303,0.26666666666666666,0.08457666965310824,2.2360663011997928,0.34375,5.202843089038079e-14,0.0,0.0
provenance,Data2txt,5,9,0.001,18432,9216,128,128,6,True,14,8.119390337756904,10.498160622543544,14.527139743377088,-4.028979120833545,-20.169705937366565,-28.394530121153437,0.17288461996180293,0.4127764949679515,0.26666666666666666,0.08457666965310814,2.2360678041419337,0.2734375,6.005467433544062e-09,0.0,0.0078125
provenance,Data2txt,5,10,1e-06,18432,9216,128,128,6,True,14,6.367737321531472,17.67987695910627,22.044579029534646,-4.364702070428371,-38.14217171671484,-46.960937956628825,0.16197319565267865,0.5211120815617829,0.06666666666666667,0.12078920619303454,2.2359490932888315,0.19921875,6.28426475199267e-05,0.0,0.0
provenance,Data2txt,5,10,0.0001,18432,9216,128,128,6,True,13,7.861632700678763,12.512275852024729,16.961272396298803,-4.448996544274078,-26.967403153201623,-35.94869188253654,0.12436257583109536,0.5040182938179222,0.06666666666666667,0.1207892061930346,2.2360667855535725,0.09765625,0.16284637793210843,0.0,0.0
provenance,Data2txt,5,10,0.001,18432,9216,128,128,6,True,12,9.570269342478538,10.195419273550932,14.558631708560235,-4.363212435009302,-21.85036734593002,-30.72741414381615,0.09985014229937915,0.5329987847295397,0.06666666666666667,0.1207892061930346,2.2360678555090487,0.109375,0.0866920605943059,0.0,0.046875
provenance,Data2txt,5,11,1e-06,18432,9216,128,128,6,True,12,6.502378756258038,16.31022930441631,20.92608157556379,-4.615852271147476,-32.59988052642402,-41.146971431796416,0.10026501708165778,0.395939376841163,0.13333333333333333,0.1278209698451424,2.235965297221235,0.35546875,5.601551930573579e-15,0.0,0.0
provenance,Data2txt,5,11,0.0001,18432,9216,128,128,6,True,13,7.795492612483974,11.765536038519866,16.303552352936325,-4.53801631441646,-23.852590375562812,-32.312962909436465,0.08986582491702681,0.4445351324940858,0.13333333333333333,0.12782096984514255,2.2360669477345856,0.26171875,3.1743788057539135e-08,0.0,0.0
provenance,Data2txt,5,11,0.001,18432,9216,128,128,6,True,13,9.11031709333508,9.644247910372727,14.045569682158117,-4.401321771785392,-19.712598229565018,-28.010301498356405,0.09703831856191696,0.4977065661933742,0.13333333333333333,0.12782096984514263,2.2360678718438307,0.23046875,1.847888979619762e-06,0.015625,0.03125
provenance,Data2txt,5,12,1e-06,18432,9216,128,128,6,True,12,8.721753135761846,14.502075293187819,18.58807385568251,-4.085998562494691,-28.99958575025944,-37.41092759172331,0.055490056356463285,0.44988569451508686,0.06666666666666667,0.1458100270411812,2.2359289257264203,0.51953125,1.1716351351399961e-32,0.0078125,0.0078125
provenance,Data2txt,5,12,0.0001,18432,9216,128,128,6,True,13,9.79969581670401,10.509718824455081,14.348199280654926,-3.8384804561998456,-20.981310253493955,-28.82862395040037,0.05086807685831115,0.46657741082657095,0.06666666666666667,0.14581002704118112,2.2360665840848304,0.421875,3.590065381245414e-21,0.0078125,0.0078125
provenance,Data2txt,5,12,0.001,18432,9216,128,128,6,True,12,10.827841884078609,8.695098194975547,12.286858309535626,-3.5917601145600813,-17.329241200817265,-24.58852327444044,0.05199838823821301,0.4871831685173576,0.06666666666666667,0.14581002704118126,2.236067835572948,0.40625,1.3289980870454757e-19,0.0234375,0.0390625
provenance,Data2txt,5,13,1e-06,18432,9216,128,128,6,True,13,6.459012290631453,19.681307993531558,24.140644983452276,-4.45933698992072,-38.192634719546106,-47.0949882492142,0.07571388698688422,0.27860584006023287,0.2,0.10357499412433398,2.235981383708411,0.21484375,1.1517275704865574e-05,0.0,0.0
provenance,Data2txt,5,13,0.0001,18432,9216,128,128,6,True,14,7.98019402310483,14.134960586027024,18.797601982658414,-4.662641396631389,-27.035028876335936,-36.117556351125586,0.08693325310924593,0.32859776175149064,0.2,0.10357499412433392,2.2360671087381903,0.171875,0.0008920470081351661,0.0,0.0
provenance,Data2txt,5,13,0.001,18432,9216,128,128,6,True,12,9.718617921343409,11.508515687617464,16.22848992205414,-4.719974234436677,-21.91092057388532,-30.927786990047924,0.10409961891209593,0.41162452026300145,0.2,0.10357499412433391,2.236067888059762,0.26953125,1.0551926983948056e-08,0.0078125,0.0546875
provenance,Data2txt,5,14,1e-06,18432,9216,128,128,6,True,14,5.98252129134209,17.204813874615922,21.636024478801183,-4.431210604185258,-32.952664831908294,-40.97820678688207,0.13734645586026373,0.4555978500225378,0.2,0.15856357135222648,2.235960590548436,0.33984375,1.073542535028726e-13,0.0,0.0
provenance,Data2txt,5,14,0.0001,18432,9216,128,128,6,True,13,7.1767989701254296,12.259292008860998,16.583064399078964,-4.323772390217965,-23.636006213531523,-31.59681380721982,0.13337865910857502,0.45939232591236306,0.2,0.1585635713522265,2.2360669005685527,0.20703125,2.7352006658291592e-05,0.0,0.0078125
provenance,Data2txt,5,14,0.001,18432,9216,128,128,6,True,12,8.405407474949353,9.9731983637473,14.13083857764023,-4.157640213892929,-19.332625050433062,-27.111282856652885,0.13308684190606834,0.49275826938332046,0.2,0.1585635713522264,2.2360678670391505,0.23828125,7.038776424263986e-07,0.015625,0.03125
provenance,Data2txt,5,15,1e-06,18432,9216,128,128,6,True,13,4.526777571415279,17.9916124655578,23.083682782827985,-5.092070317270183,-33.486503718706466,-42.25543897835159,0.16935821065093865,0.559967855572835,0.2,0.16735947891166306,2.235997728571858,0.265625,1.838083532653948e-08,0.0,0.0
provenance,Data2txt,5,15,0.0001,18432,9216,128,128,6,True,12,5.404176009700753,12.26599432694416,17.155827329746145,-4.8898330028019865,-23.601688656199325,-32.35026540935563,0.14527821887944864,0.5880205364363984,0.2,0.16735947891166303,2.2360672731914626,0.140625,0.011365189018294308,0.0,0.0
provenance,Data2txt,5,15,0.001,18432,9216,128,128,6,True,12,6.335389154302678,9.573075799377662,14.234588243611572,-4.661512444233909,-18.93927841522079,-27.459459760448695,0.1414450144614529,0.6220972993193221,0.2,0.16735947891166303,2.2360679054189116,0.125,0.03345596830001085,0.0078125,0.0703125
provenance,Data2txt,5,16,1e-06,18432,9216,128,128,6,True,13,4.260257065782941,18.784390384576916,23.351512125884554,-4.567121741307639,-37.09198592848815,-46.261928505366356,0.14685978884779313,0.46193745619938764,0.2,0.14402630437869815,2.2359870981430414,0.23828125,7.038776424263986e-07,0.0,0.0
provenance,Data2txt,5,16,0.0001,18432,9216,128,128,6,True,12,5.143217435093504,13.004880392626564,17.512954070911423,-4.508073678284859,-25.798492791862216,-34.95274985867517,0.1339814834567389,0.45878337450514317,0.2,0.1440263043786982,2.2360671664039784,0.16796875,0.001261290693128525,0.0,0.0
provenance,Data2txt,5,16,0.001,18432,9216,128,128,6,True,11,6.116524370703967,10.30330288475561,14.669749734504261,-4.3664468497486535,-20.460423190422087,-29.36032881877795,0.13663548723755672,0.49198982259721813,0.2,0.14402630437869832,2.236067894302345,0.09765625,0.16284637793210843,0.0,0.015625
provenance,Data2txt,5,17,1e-06,18432,9216,128,128,6,True,13,5.661628822131396,19.969647603057737,24.54177332837974,-4.572125725322005,-39.5330015774386,-49.214963015954794,0.14764524076376925,0.5736039156065782,0.2,0.15349227314436467,2.235941965480501,0.20703125,2.7352006658291592e-05,0.0,0.0
provenance,Data2txt,5,17,0.0001,18432,9216,128,128,6,True,14,6.9696283150650675,14.219676541717412,18.859878364888004,-4.640201823170595,-27.7714536879675,-37.52625521874366,0.1351861532707018,0.5181397355323276,0.2,0.1534922731443644,2.2360667130483565,0.125,0.03345596830001085,0.0,0.0078125
provenance,Data2txt,5,17,0.001,18432,9216,128,128,6,True,13,8.498493503182226,11.513165090125689,16.101764570768733,-4.588599480643043,-22.287765009852354,-31.849314315934755,0.12604369686502817,0.5251167824343379,0.2,0.15349227314436464,2.236067847136328,0.16015625,0.0024610192473685233,0.0078125,0.0390625
provenance,Data2txt,5,18,1e-06,18432,9216,128,128,6,True,13,5.775135490840762,22.90094099523281,28.008482472661452,-5.107541477428645,-48.686444799459046,-59.231725167994256,0.10855770571110598,0.5229339572352241,0.2,0.13160317190406373,2.235957812386361,0.20703125,2.7352006658291592e-05,0.0,0.015625
provenance,Data2txt,5,18,0.0001,18432,9216,128,128,6,True,14,7.089993168481247,15.979822439582403,21.146828444248435,-5.167006004666032,-33.364737312322895,-44.022216996551705,0.10051446873223567,0.5357729394230655,0.2,0.1316031719040639,2.2360668707198093,0.125,0.03345596830001085,0.0,0.078125
provenance,Data2txt,5,18,0.001,18432,9216,128,128,6,True,12,8.761776043183456,12.6489448302094,17.718906920206315,-5.069962089996915,-26.043330632979952,-36.50208603436266,0.11144469495373835,0.5798460790517993,0.2,0.1316031719040639,2.236067862155557,0.171875,0.0008920470081351661,0.0234375,0.0859375
provenance,Data2txt,5,19,1e-06,18432,9216,128,128,6,True,13,7.160009197127021,26.166602973019337,31.62280537522974,-5.456202402210405,-48.05925671306772,-58.38301979559732,0.14052564955065647,0.4977354816462368,0.4,0.16391666998486043,2.2359054059015695,0.3359375,2.1947921596940167e-13,0.0,0.0
provenance,Data2txt,5,19,0.0001,18432,9216,128,128,6,True,13,8.752571217970551,18.05780332059552,23.524921433753686,-5.467118113158161,-33.47461141069551,-43.91164040059294,0.13139125532760182,0.507260921132641,0.4,0.1639166699848603,2.2360663405826546,0.296875,1.6997263144796861e-10,0.046875,0.0625
provenance,Data2txt,5,19,0.001,18432,9216,128,128,6,True,11,10.750168806706547,14.262615322243139,19.581305671635718,-5.318690349392576,-26.584074200678373,-36.78428177095841,0.12808266825772419,0.552522514653976,0.4,0.16391666998486035,2.2360678036105273,0.26953125,1.0551926983948056e-08,0.0546875,0.078125
provenance,Data2txt,5,20,1e-06,18432,9216,128,128,6,True,12,6.572158203036268,24.20172326156666,29.485604713639383,-5.283881452072724,-47.25646500844963,-57.885584222035,0.12518012859071537,0.5425840274137251,0.4,0.14410624708190964,2.235932065067189,0.24609375,2.592123269824214e-07,0.0078125,0.0078125
provenance,Data2txt,5,20,0.0001,18432,9216,128,128,6,True,14,7.997683346169492,16.838436553815505,22.163409268395917,-5.324972714580415,-32.763927938165445,-43.49125279050429,0.12258285870513763,0.5603152820239568,0.4,0.14410624708190964,2.236066609988326,0.234375,1.1452873919607316e-06,0.0078125,0.0390625
provenance,Data2txt,5,20,0.001,18432,9216,128,128,6,True,13,9.779460928889858,13.349284701646045,18.530595180176217,-5.18131047853017,-25.898390368261214,-36.289319931562694,0.13046458751596673,0.6015219020529237,0.4,0.14410624708190956,2.2360678331104475,0.26953125,1.0551926983948056e-08,0.0234375,0.09375
provenance,Data2txt,5,21,1e-06,18432,9216,128,128,6,True,14,5.284636762174614,23.447764044317402,28.564657251283787,-5.116893206966386,-45.81215817117897,-55.937065022796034,0.17870198693145517,0.5676536405698619,0.26666666666666666,0.13933566772390837,2.235953229516708,0.23046875,1.847888979619762e-06,0.0,0.0234375
provenance,Data2txt,5,21,0.0001,18432,9216,128,128,6,True,14,6.503992124288519,16.235927883329197,21.384355513530572,-5.148427630201378,-31.465007129758394,-41.58630581050274,0.16758997508963674,0.5621462512539508,0.26666666666666666,0.1393356677239086,2.2360668242910746,0.22265625,4.6910366522335245e-06,0.0234375,0.0234375
provenance,Data2txt,5,21,0.001,18432,9216,128,128,6,True,13,8.072561903971698,12.735589444564635,17.744111401389492,-5.00852195682486,-24.55935968134023,-34.39239135344208,0.15941036244926632,0.5941438790639566,0.26666666666666666,0.1393356677239086,2.2360678569653945,0.22265625,4.6910366522335245e-06,0.0234375,0.0390625
provenance,Data2txt,5,22,1e-06,18432,9216,128,128,6,True,13,8.232142482890636,24.65608458827674,29.90823785669081,-5.252153268414071,-50.71152400341956,-60.93007733724881,0.11125959566812837,0.6230766125944458,0.4,0.13618724170411964,2.235908136358002,0.28515625,1.0509063100940924e-09,0.0078125,0.03125
provenance,Data2txt,5,22,0.0001,18432,9216,128,128,6,True,14,10.184481626786052,17.12503760020209,22.41575631029768,-5.290718710095585,-35.09402157084711,-45.351572384720086,0.10281897951291322,0.6291148038757693,0.4,0.13618724170411967,2.236066370053831,0.27734375,3.3884305330612322e-09,0.0390625,0.109375
provenance,Data2txt,5,22,0.001,18432,9216,128,128,6,True,12,12.782973585440104,13.569842218961158,18.74780844672504,-5.17796622776388,-27.694539083888607,-37.73727530156118,0.09589639954798312,0.6624506766084011,0.4,0.13618724170411955,2.2360678085473307,0.203125,4.163077668109129e-05,0.0546875,0.109375
provenance,Data2txt,5,23,1e-06,18432,9216,128,128,6,True,14,11.145085911930423,25.2384514541126,30.237362341575363,-4.998910887462761,-50.95072999659927,-60.951810229110706,0.060650873112112945,0.6064966751884966,0.3333333333333333,0.10995588326768387,2.2358892277384,0.27734375,3.3884305330612322e-09,0.0078125,0.046875
provenance,Data2txt,5,23,0.0001,18432,9216,128,128,6,True,13,13.838647637238132,17.90836403900527,22.90078335654998,-4.992419317544708,-36.210335746260064,-46.25688621684463,0.06254255209180806,0.6246387019139631,0.3333333333333333,0.10995588326768403,2.23606617776963,0.19921875,6.28426475199267e-05,0.046875,0.0546875
provenance,Data2txt,5,23,0.001,18432,9216,128,128,6,True,13,17.384895899989594,14.506882211277475,19.3162934884703,-4.809411277192826,-29.25497871304136,-39.03753546805336,0.06749906524601132,0.6650332382730749,0.3333333333333333,0.10995588326768393,2.2360677864006377,0.1640625,0.00176897694134448,0.0546875,0.1328125
provenance,Data2txt,5,24,1e-06,18432,9216,128,128,6,True,13,11.232007457926144,27.161278615537015,32.7308503900246,-5.569571774487584,-54.90152466970316,-65.28322606747554,0.08711804923527765,0.7499253617395177,0.4,0.16250751255079174,2.235905460671718,0.265625,1.838083532653948e-08,0.0703125,0.109375
provenance,Data2txt,5,24,0.0001,18432,9216,128,128,6,True,14,14.008495602556302,18.826568286092026,24.374777983875894,-5.54820969778387,-38.38268426526624,-48.627708338546746,0.0798481917683762,0.7777133161050718,0.4,0.16250751255079188,2.2360663385009314,0.28515625,1.0509063100940924e-09,0.078125,0.1015625
provenance,Data2txt,5,24,0.001,18432,9216,128,128,6,True,12,17.839548043645724,14.7942109240518,20.191782158378285,-5.397571234326485,-30.545491530549306,-40.31309895914663,0.07393690205889135,0.8090075245782652,0.4,0.16250751255079177,2.2360678009838963,0.25,1.553142566968138e-07,0.078125,0.1171875
provenance,Data2txt,5,25,1e-06,18432,9216,128,128,6,True,14,12.11842285543321,27.25164537754619,32.3300985082445,-5.078453130698303,-59.07337393095524,-69.71672519366396,0.057983223505916906,0.639876687206357,0.4,0.14782903250117077,2.23585597229908,0.21875,7.381061347748238e-06,0.0390625,0.0703125
provenance,Data2txt,5,25,0.0001,18432,9216,128,128,6,True,14,15.255100526016856,19.10942524047868,24.080255732453725,-4.970830491975043,-40.86057498102627,-51.203253569542696,0.05722811482075346,0.6873528518809356,0.4,0.14782903250117083,2.2360658306576955,0.19140625,0.00013970433630997956,0.0625,0.078125
provenance,Data2txt,5,25,0.001,18432,9216,128,128,6,True,12,19.769847941857662,15.240118332441885,20.04668645351044,-4.806568121068558,-32.20423184282113,-42.13036606708041,0.06054849156407166,0.7383314769765607,0.4,0.1478290325011707,2.2360677383527237,0.234375,1.1452873919607316e-06,0.0703125,0.0859375
provenance,Data2txt,5,26,1e-06,18432,9216,128,128,6,True,15,7.318091335308335,23.901218406222043,29.430472729649523,-5.529254323427478,-49.63302929468867,-60.55643138677961,0.1370666213251776,0.7192602757926081,0.3333333333333333,0.11586531058305821,2.2358887071059232,0.25,1.553142566968138e-07,0.015625,0.0546875
provenance,Data2txt,5,26,0.0001,18432,9216,128,128,6,True,14,8.980490100247117,16.636197417148423,22.15586590175814,-5.519668484609721,-34.80932609466348,-45.779400454243714,0.13513486638552477,0.7410571972808369,0.3333333333333333,0.11586531058305835,2.2360661669267845,0.16015625,0.0024610192473685233,0.078125,0.1171875
provenance,Data2txt,5,26,0.001,18432,9216,128,128,6,True,12,11.174931287613932,13.081410048425264,18.377219182442,-5.29580913401674,-27.558857720124387,-38.122806028054505,0.13005843949788226,0.7677688800526411,0.3333333333333333,0.11586531058305832,2.2360677801398983,0.1796875,0.0004354569877453,0.0546875,0.1171875
provenance,Data2txt,5,27,1e-06,18432,9216,128,128,6,True,14,8.103700373320756,26.30503678304955,31.832831895787628,-5.5277951127380796,-52.704261856387944,-63.5395607676801,0.14111736444801978,0.6816086128927886,0.4,0.17676068929914687,2.2359034927650994,0.25390625,9.227219252368915e-08,0.0,0.046875
provenance,Data2txt,5,27,0.0001,18432,9216,128,128,6,True,15,9.982028425248528,18.219970376999356,23.744622316289,-5.524651939289646,-36.22589285068182,-47.04752780744681,0.13244362150625827,0.6925428631007792,0.4,0.1767606892991468,2.2360663205179674,0.26171875,3.1743788057539135e-08,0.0234375,0.109375
provenance,Data2txt,5,27,0.001,18432,9216,128,128,6,True,13,12.509211001775927,14.379421163569914,19.73139966390883,-5.351978500338918,-28.407153319484877,-38.88269247077973,0.12516972253338454,0.7215294131889247,0.4,0.17676068929914682,2.2360678007488874,0.3203125,3.4992283936701867e-12,0.1015625,0.125
provenance,Data2txt,5,28,1e-06,18432,9216,128,128,6,True,13,4.139161804207871,20.76670863011423,25.358568436494878,-4.591859806380648,-38.1414512762988,-46.941237980249426,0.3068279210043269,0.5499452399927324,0.4,0.13621357944231072,2.2359137035844197,0.28125,1.895287375668482e-09,0.0078125,0.0078125
provenance,Data2txt,5,28,0.0001,18432,9216,128,128,6,True,13,5.187423313654538,14.535882387828941,19.027950599744397,-4.492068211915456,-26.858119562032087,-35.66091661487961,0.26978217037581576,0.5023123335227044,0.4,0.13621357944231066,2.2360664252861366,0.17578125,0.0006257967777605344,0.0078125,0.0078125
provenance,Data2txt,5,28,0.001,18432,9216,128,128,6,True,13,6.287749241743926,11.598111825205876,15.926804162449047,-4.32869233724317,-21.503311253614328,-30.094908136544376,0.24855969395150126,0.5179150666446313,0.4,0.1362135794423107,2.236067813663608,0.20703125,2.7352006658291592e-05,0.0078125,0.0078125
provenance,Data2txt,5,29,1e-06,18432,9216,128,128,6,True,13,9.017595118836402,27.547437114906888,33.28176083774645,-5.734323722839555,-51.96983759213842,-62.532534782951174,0.11199622054911273,0.6984612605546953,0.4,0.12664326170773196,2.235957935696718,0.390625,4.1923923769686e-18,0.03125,0.0625
provenance,Data2txt,5,29,0.0001,18432,9216,128,128,6,True,13,11.054346365682125,18.80412434008467,24.472636985137818,-5.668512645053146,-35.98775624217866,-46.54870647435574,0.10352319265655165,0.7307705906766058,0.4,0.12664326170773202,2.2360668693069323,0.33984375,1.073542535028726e-13,0.0546875,0.078125
provenance,Data2txt,5,29,0.001,18432,9216,128,128,6,True,12,13.679294725910344,14.6226370407584,20.088524748535797,-5.465887707777397,-28.549175552386757,-38.662170478816236,0.09643666575412331,0.7639127644275463,0.4,0.12664326170773202,2.236067859581967,0.34765625,2.4982790013842228e-14,0.0703125,0.09375
provenance,Data2txt,5,30,1e-06,18432,9216,128,128,6,True,14,5.226325978143998,18.841755373027862,23.732886259732183,-4.891130886704321,-39.31336788261977,-49.37160942609853,0.17920155325806014,0.6566116478207816,0.26666666666666666,0.07557549774394198,2.2358787243236797,0.1796875,0.0004354569877453,0.0,0.0
provenance,Data2txt,5,30,0.0001,18432,9216,128,128,6,True,13,6.303095225601609,13.155011798635364,17.917700026886273,-4.762688228250908,-27.666542189267695,-37.7294940594914,0.17414489188226578,0.6512620848723085,0.26666666666666666,0.07557549774394211,2.2360660759527495,0.13671875,0.015066349402464208,0.015625,0.03125
provenance,Data2txt,5,30,0.001,18432,9216,128,128,6,True,13,7.558762882964285,10.474277772327444,14.99342713901237,-4.519149366684927,-22.129374790477698,-31.815991008601046,0.17012829860284875,0.6654772428508912,0.26666666666666666,0.07557549774394201,2.236067779203121,0.12109375,0.04295704754590679,0.046875,0.0859375
provenance,Data2txt,5,31,1e-06,18432,9216,128,128,6,True,13,3.49842683683287,19.16387400948907,23.481810608400217,-4.317936598911148,-38.12426795544832,-46.828843632491264,0.2644515576779307,0.6537137247707167,0.2,0.07489405084112412,2.235944055182386,0.3125,1.3232765413914088e-11,0.0,0.0
provenance,Data2txt,5,31,0.0001,18432,9216,128,128,6,True,14,4.532055136447907,13.29289050505058,17.690965773166855,-4.3980752681162745,-26.364206728619834,-35.309433576672205,0.2450154746040237,0.6070511780221697,0.2,0.07489405084112413,2.2360667335776583,0.19140625,0.00013970433630997956,0.0078125,0.015625
provenance,Data2txt,5,31,0.001,18432,9216,128,128,6,True,12,5.613255365519893,10.559145546550933,14.894293582319708,-4.335148035768774,-20.862555288824012,-29.702434105435028,0.23129388984192842,0.6145621791983044,0.2,0.07489405084112406,2.2360678488512327,0.13671875,0.015066349402464208,0.03125,0.03125
provenance,Data2txt,6,0,1e-06,35936,18432,128,128,6,True,12,3.27805628390223,25.002491764286056,30.252367403882637,-5.249875639596583,-48.895823037860936,-59.25062180493525,0.21004697549852464,0.43091192715908133,0.06666666666666667,0.061242490590125195,1.4141975330150989,0.5625,1.0063724421232471e-38,0.0,0.0
provenance,Data2txt,6,0,0.0001,35936,18432,128,128,6,True,13,4.175629130861172,16.215177735765554,21.501255382114515,-5.286077646348958,-31.8176085705975,-42.03711529273771,0.2189935443028527,0.47902294009556196,0.06666666666666667,0.06124249059012525,1.4142134014944954,0.46875,2.6098261185854713e-26,0.0,0.0
provenance,Data2txt,6,0,0.001,35936,18432,128,128,6,True,12,5.124453934789933,12.019724846471735,17.26427748207729,-5.244552635605558,-23.690840733396918,-33.62802129132743,0.23239426936302848,0.5394358248682884,0.06666666666666667,0.06124249059012522,1.414213545749746,0.36328125,1.209705534646815e-15,0.0,0.0
provenance,Data2txt,6,1,1e-06,35936,18432,128,128,6,True,9,7.013040823988773,14.608637695475856,17.724390161094085,-3.115752465618229,-28.670148944378,-34.731277900864754,0.1162645746198972,0.3328990132678724,0.2,0.16273285761854125,0.5629564166854996,0.2578125,5.435300936256329e-08,0.0859375,0.234375
provenance,Data2txt,6,1,0.0001,35936,18432,128,128,6,True,10,8.684015881373853,12.083070483618155,15.499849492125662,-3.416779008507505,-23.435850573077886,-30.062040305414605,0.10485826885019166,0.3811280459150064,0.2,0.1627328576185413,0.5641171315137222,0.1796875,0.0004354569877453,0.03125,0.125
provenance,Data2txt,6,1,0.001,35936,18432,128,128,6,True,10,10.527053601909088,10.874212968393596,14.414871505173117,-3.540658536779521,-20.937038706271576,-27.81891768042374,0.0988434358797456,0.4538892088003376,0.2,0.16273285761854123,0.5743195778839401,0.203125,4.163077668109129e-05,0.0234375,0.0859375
provenance,Data2txt,6,2,1e-06,35936,18432,128,128,6,True,11,14.387771989677594,23.738002134895822,27.94944939441186,-4.2114472595160395,-45.54444876981327,-53.3355435525548,0.05222610813129401,0.6288503372598365,0.6,0.06346683489223447,1.233746223589245,0.31640625,6.83543823843095e-12,0.0625,0.2109375
provenance,Data2txt,6,2,0.0001,35936,18432,128,128,6,True,11,18.91229126920585,18.145110306825327,22.787107257093794,-4.641996950268469,-35.399854444284784,-44.0059361734058,0.05782002780489168,0.7160164969673576,0.6,0.06346683489223447,1.2543998305250104,0.26171875,3.1743788057539135e-08,0.03125,0.15625
provenance,Data2txt,6,2,0.001,35936,18432,128,128,6,True,12,24.910654394553255,15.28016358812306,20.176287891901445,-4.896124303778386,-30.288501728038952,-39.23405907978464,0.06074236313415758,0.778853023590909,0.6,0.0634668348922345,1.39642200610814,0.265625,1.838083532653948e-08,0.1015625,0.1328125
provenance,Data2txt,6,3,1e-06,35936,18432,128,128,6,True,13,10.20593055847955,19.74677729213685,23.6828719877355,-3.9360946955986478,-35.321900933167235,-42.956501492154906,0.1300496349311176,0.3424027131441755,0.4,0.049233106639437446,2.131486801181455,0.22265625,4.6910366522335245e-06,0.0,0.0234375
provenance,Data2txt,6,3,0.0001,35936,18432,128,128,6,True,12,12.57793893414242,16.177414198354366,20.475772203410024,-4.298358005055659,-30.144200326763116,-38.460331095869975,0.11311704756196649,0.388821519755135,0.4,0.04923310663943744,2.174878966943684,0.1328125,0.019813663257872594,0.0078125,0.0234375
provenance,Data2txt,6,3,0.001,35936,18432,128,128,6,True,13,15.62418844183496,13.776514217167854,18.24210136998146,-4.465587152813603,-26.113569916398237,-34.82830430119479,0.10133025748500447,0.472941183499963,0.4,0.0492331066394374,2.2220709748105154,0.203125,4.163077668109129e-05,0.0078125,0.0234375
provenance,Data2txt,6,4,1e-06,35936,18432,128,128,6,True,14,8.325153162652677,20.521164367584817,24.73262086433714,-4.211456496752322,-38.04012245364427,-45.476247383394316,0.12463199138779439,0.37996541279530344,0.4666666666666667,0.07123995117001912,2.2286085140796534,0.23046875,1.847888979619762e-06,0.0,0.0234375
provenance,Data2txt,6,4,0.0001,35936,18432,128,128,6,True,14,10.197409966931954,15.801985592673645,20.42608911145509,-4.624103518781448,-30.181361924128247,-38.7036759046171,0.1092606033056985,0.43053846675148205,0.4666666666666667,0.07123995117001905,2.2350720483087096,0.12890625,0.025849477725005232,0.0,0.0234375
provenance,Data2txt,6,4,0.001,35936,18432,128,128,6,True,13,12.608782980474352,12.958388385941937,17.4173037707847,-4.458915384842761,-25.05644116219353,-33.43507332773984,0.09927975274832401,0.5075884295796068,0.4666666666666667,0.07123995117001908,2.2359488902366325,0.13671875,0.015066349402464208,0.0234375,0.0234375
provenance,Data2txt,6,5,1e-06,35936,18432,128,128,6,True,15,7.473478825090876,18.69230166520596,22.671998498902205,-3.9796968336962424,-37.60605136958483,-45.707276386480075,0.1298016586361545,0.3936338232025265,0.3333333333333333,0.0529478747641244,2.2356218888240673,0.16796875,0.001261290693128525,0.0,0.0
provenance,Data2txt,6,5,0.0001,35936,18432,128,128,6,True,15,9.255235519351256,14.34405089933379,18.695021182753834,-4.350970283420045,-28.67483072821192,-37.55792050389677,0.12296776414599184,0.4848994962002803,0.3333333333333333,0.05294787476412438,2.236054450346621,0.1953125,9.40842686753401e-05,0.0,0.0
provenance,Data2txt,6,5,0.001,35936,18432,128,128,6,True,12,11.337646823936067,11.941169520227831,16.18377041302154,-4.2426008927937096,-23.803540749403346,-32.47623051251686,0.12270757804515975,0.5641676775718596,0.3333333333333333,0.052947874764124415,2.236066538544572,0.125,0.03345596830001085,0.0,0.03125
provenance,Data2txt,6,6,1e-06,35936,18432,128,128,6,True,13,8.123280342923925,17.28111460982669,21.812931972459616,-4.531817362632927,-33.05391764378671,-41.0159228002985,0.12340330625415732,0.45079496815846287,0.2,0.08751426207496278,2.2359341795328946,0.37109375,2.5154011173646954e-16,0.0,0.0
provenance,Data2txt,6,6,0.0001,35936,18432,128,128,6,True,13,9.82691566994571,12.826958605456543,17.36066637110573,-4.533707765649188,-24.987376808685738,-33.20273691748946,0.11935699952266297,0.49764785975300446,0.2,0.08751426207496278,2.2360660779283594,0.265625,1.838083532653948e-08,0.0,0.0078125
provenance,Data2txt,6,6,0.001,35936,18432,128,128,6,True,12,11.570025827323555,10.66222073980068,14.958275702645622,-4.29605496284494,-21.003249792436044,-28.88267660958426,0.120787108151369,0.5477863966898652,0.2,0.08751426207496278,2.2360677801711115,0.2421875,4.289574463648891e-07,0.0,0.0234375
provenance,Data2txt,6,7,1e-06,35936,18432,128,128,6,True,14,9.438156243477728,15.877692083135281,20.307195889946662,-4.429503806811384,-31.56673305859548,-40.22467818267759,0.11902116885479949,0.43809792919013946,0.2,0.12989245990007084,2.235887509568406,0.4453125,1.1714659285130115e-23,0.0,0.0
provenance,Data2txt,6,7,0.0001,35936,18432,128,128,6,True,14,10.637992363416785,11.906664389213539,16.223462321448352,-4.316797932234813,-23.583445377333753,-32.06245702569587,0.11213062758899232,0.4672415997586308,0.2,0.12989245990007084,2.2360659649217567,0.3359375,2.1947921596940167e-13,0.0,0.0
provenance,Data2txt,6,7,0.001,35936,18432,128,128,6,True,14,11.830771808808947,10.024917646114659,14.127358691596193,-4.102441045481535,-19.80511018049386,-27.856720420820473,0.11233422269639746,0.49947054882244335,0.2,0.12989245990007087,2.236067770056998,0.2578125,5.435300936256329e-08,0.0,0.0234375
provenance,Data2txt,6,8,1e-06,35936,18432,128,128,6,True,13,6.715012645903902,16.87143448641944,21.106650607209247,-4.235216120789806,-33.793494309264666,-42.027124702545294,0.11046201842188678,0.34818549204196064,0.2,0.12264037160402161,2.2359261994344917,0.3671875,5.542534149978852e-16,0.0,0.0
provenance,Data2txt,6,8,0.0001,35936,18432,128,128,6,True,14,8.2182312492458,12.2586129638218,16.551099605598274,-4.292486641776474,-24.47501921668193,-32.78068354611408,0.09486445561232518,0.3405674282069248,0.2,0.12264037160402164,2.2360665494594856,0.20703125,2.7352006658291592e-05,0.0,0.0
provenance,Data2txt,6,8,0.001,35936,18432,128,128,6,True,12,9.794655944640244,10.119239704817339,14.338415264320197,-4.219175559502858,-20.193890908231012,-28.32252300536487,0.09980669235717685,0.3907093131811195,0.2,0.12264037160402161,2.236067830844885,0.1640625,0.00176897694134448,0.0,0.015625
provenance,Data2txt,6,9,1e-06,35936,18432,128,128,6,True,13,6.047536308159842,16.611153250792647,20.707659868480135,-4.096506617687491,-34.7167529620348,-43.240812823213254,0.17462158454123922,0.4336073504980832,0.2,0.1442429556839602,2.2359720837299646,0.3046875,4.827787419674662e-11,0.0,0.0
provenance,Data2txt,6,9,0.0001,35936,18432,128,128,6,True,13,7.443809185774109,11.800144839417296,15.942432393438368,-4.142287554021074,-24.87072365009377,-33.610977385997785,0.13511642651207562,0.4520004206190307,0.2,0.1442429556839602,2.2360670159048843,0.1328125,0.019813663257872594,0.0,0.0078125
provenance,Data2txt,6,9,0.001,35936,18432,128,128,6,True,12,8.923091551394824,9.530593381211306,13.670041559320945,-4.13944817810964,-20.350745645449955,-29.000441092516756,0.11296467953791106,0.4992470956405102,0.2,0.14424295568396014,2.2360678789359736,0.15625,0.0033962516565197998,0.015625,0.0703125
provenance,Data2txt,6,10,1e-06,35936,18432,128,128,6,True,14,5.109176161900584,17.198645694575937,21.613168053754624,-4.414522359178686,-34.04175954740133,-42.69764189965196,0.14766168443655076,0.4884784177101233,0.2,0.143000256159287,2.23595995713572,0.30859375,2.538865745522775e-11,0.0,0.0
provenance,Data2txt,6,10,0.0001,35936,18432,128,128,6,True,14,6.295688905851955,12.023003653676618,16.372051554219546,-4.349047900542926,-23.98866999074336,-32.63568528121908,0.11673913206725145,0.4480300752143607,0.2,0.1430002561592869,2.236066894487834,0.16796875,0.001261290693128525,0.0,0.0078125
provenance,Data2txt,6,10,0.001,35936,18432,128,128,6,True,13,7.574670316244447,9.683526147082954,13.906311920792668,-4.222785773709713,-19.38864264678908,-27.864897847946693,0.0987507932956567,0.46963901076416653,0.2,0.14300025615928694,2.236067866664691,0.1484375,0.006313488560237168,0.0078125,0.015625
provenance,Data2txt,6,11,1e-06,35936,18432,128,128,6,True,13,5.196834828143655,15.281309840526292,19.367061030575588,-4.085751190049297,-31.356500514059178,-39.98629690852667,0.22292623003818413,0.41528873262672233,0.26666666666666666,0.14445565241509864,2.2358989871035058,0.484375,3.5744265926567454e-28,0.0,0.0
provenance,Data2txt,6,11,0.0001,35936,18432,128,128,6,True,12,6.231227079441437,11.195598643457718,15.216282089593404,-4.020683446135687,-22.609282362433028,-31.04358275762912,0.21377183578040188,0.3852937493578005,0.26666666666666666,0.14445565241509867,2.236066281472323,0.375,1.130724758563229e-16,0.0,0.0
provenance,Data2txt,6,11,0.001,35936,18432,128,128,6,True,11,7.249212814006286,9.29411711268411,13.182208510099562,-3.8880913974154545,-18.497133120448254,-26.655333823904005,0.20928451499625378,0.4068781893360153,0.26666666666666666,0.14445565241509864,2.236067802379079,0.32421875,1.7752249813670875e-12,0.0,0.0
provenance,Data2txt,6,12,1e-06,35936,18432,128,128,6,True,12,8.125194351104547,14.586352514036959,18.534737310968698,-3.948384796931742,-28.53307736251245,-36.57087652834484,0.10385154744332503,0.46184155670651683,0.06666666666666667,0.12675332910932363,2.235923522581381,0.51171875,1.2624750178629956e-31,0.0,0.0
provenance,Data2txt,6,12,0.0001,35936,18432,128,128,6,True,14,9.172695470189476,10.557864306951998,14.332491888052687,-3.7746275811006873,-20.528927791683813,-28.067209344871554,0.1228216808542202,0.49271895328271625,0.06666666666666667,0.12675332910932366,2.2360665298921933,0.4609375,2.086698586977038e-25,0.0,0.0
provenance,Data2txt,6,12,0.001,35936,18432,128,128,6,True,13,10.134283991297737,8.70455577379101,12.242864827750111,-3.538309053959102,-16.88073571683496,-23.89099963428652,0.13431867790814023,0.5193110687412658,0.06666666666666667,0.1267533291093236,2.236067830011773,0.44921875,4.348997194110803e-24,0.0078125,0.015625
provenance,Data2txt,6,13,1e-06,35936,18432,128,128,6,True,12,6.408506477507739,18.435191691577934,22.938942698667187,-4.503751007089255,-38.016835286378466,-47.01683863165453,0.13885988968339266,0.34097698008921856,0.2,0.12080730439672405,2.2359804846397786,0.2109375,1.782257225451088e-05,0.0,0.0
provenance,Data2txt,6,13,0.0001,35936,18432,128,128,6,True,13,7.824040875630745,13.192196679725367,17.802942839930118,-4.6107461602047515,-27.038440440013986,-36.286721040645,0.12087926187405379,0.38115240835023195,0.2,0.120807304396724,2.2360670999707426,0.125,0.03345596830001085,0.0078125,0.0234375
provenance,Data2txt,6,13,0.001,35936,18432,128,128,6,True,13,9.397630236864998,10.752295979435694,15.341791510147885,-4.589495530712191,-21.939844037497142,-31.162581515734658,0.11124365105972424,0.44732026873094355,0.2,0.12080730439672391,2.2360678873887823,0.1328125,0.019813663257872594,0.0234375,0.0546875
provenance,Data2txt,6,14,1e-06,35936,18432,128,128,6,True,13,4.860178899638244,16.6615528665998,20.952144899948095,-4.290592033348297,-32.160924103662474,-40.4209202383992,0.18192366207327176,0.5852434698479739,0.2,0.17708809084284036,2.235958144134905,0.4140625,2.2289157019360778e-20,0.0,0.0
provenance,Data2txt,6,14,0.0001,35936,18432,128,128,6,True,13,5.8190384368381505,11.735851358070954,15.85636196985812,-4.120510611787166,-22.71635862145471,-30.80114926567814,0.15951189731831622,0.5240939240873794,0.2,0.17708809084284047,2.2360668759700344,0.24609375,2.592123269824214e-07,0.0,0.0
provenance,Data2txt,6,14,0.001,35936,18432,128,128,6,True,12,6.780510503958986,9.468996602153359,13.404131490532375,-3.935134888379017,-18.363966836002106,-26.155429809338944,0.14827775231390886,0.5167347089714208,0.2,0.1770880908428404,2.2360678644580108,0.19921875,6.28426475199267e-05,0.0,0.0078125
provenance,Data2txt,6,15,1e-06,35936,18432,128,128,6,True,12,4.114208784949939,17.219651390056857,21.744643574643334,-4.524992184586475,-32.9658174357694,-41.90694191282144,0.1523140251416839,0.5001844188108969,0.2,0.16499743378032888,2.235995816710544,0.3125,1.3232765413914088e-11,0.0,0.0
provenance,Data2txt,6,15,0.0001,35936,18432,128,128,6,True,12,4.924308394595823,11.905917640153028,16.314042068442618,-4.4081244282895895,-23.093494983797388,-31.85160180890992,0.13833799686400602,0.5221239348571445,0.2,0.16499743378032886,2.2360672540617212,0.19140625,0.00013970433630997956,0.0,0.0
provenance,Data2txt,6,15,0.001,35936,18432,128,128,6,True,12,5.765771763973041,9.402527367760266,13.684245883089378,-4.281718515329114,-18.445569564736523,-26.83062558303401,0.1350973670721562,0.5571676215864666,0.2,0.16499743378032886,2.236067903496706,0.16796875,0.001261290693128525,0.0,0.0
provenance,Data2txt,6,16,1e-06,35936,18432,128,128,6,True,13,4.318841524923172,17.581260786921135,21.840626397612798,-4.2593656106916615,-38.83635422794922,-48.323030349261444,0.14200103026115726,0.5253454725017699,0.06666666666666667,0.11700292170684316,2.235987718660461,0.21875,7.381061347748238e-06,0.0,0.0
provenance,Data2txt,6,16,0.0001,35936,18432,128,128,6,True,15,5.260913178418326,12.317759239036503,16.589231526278112,-4.271472287241604,-26.838577284563556,-36.36983953318076,0.09832041666212844,0.5000899055034908,0.06666666666666667,0.1170029217068432,2.236067172851435,0.1015625,0.1330414826108106,0.0,0.0
provenance,Data2txt,6,16,0.001,35936,18432,128,128,6,True,12,6.344090769150564,9.871241047016035,14.0265469006474,-4.155305853631368,-21.167105694795403,-30.48409940511704,0.08200700394684524,0.5188583802860879,0.06666666666666667,0.11700292170684312,2.2360678951695974,0.1328125,0.019813663257872594,0.0078125,0.046875
provenance,Data2txt,6,17,1e-06,35936,18432,128,128,6,True,13,5.7670457515472116,18.336760209309567,22.942512995428615,-4.605752786119053,-38.13152872572404,-47.20985520309921,0.14074901403067383,0.526283298369774,0.2,0.12871491722895495,2.2359650816048977,0.1796875,0.0004354569877453,0.0,0.0
provenance,Data2txt,6,17,0.0001,35936,18432,128,128,6,True,13,7.009547453897726,12.894563146621682,17.517498354258063,-4.622935207636382,-27.078335461898156,-36.310769546579294,0.1040059749198139,0.5263944517569271,0.2,0.12871491722895503,2.2360669456296027,0.1015625,0.1330414826108106,0.0,0.0234375
provenance,Data2txt,6,17,0.001,35936,18432,128,128,6,True,14,8.419798299142627,10.365544354144683,14.855073539887975,-4.48952918574329,-21.853674203731167,-30.92633914279282,0.08654831218399223,0.5572260736643143,0.2,0.128714917228955,2.2360678716804716,0.1328125,0.019813663257872594,0.015625,0.0703125
provenance,Data2txt,6,18,1e-06,35936,18432,128,128,6,True,13,5.649567248785937,23.05420098526605,28.297860702697292,-5.243659717431244,-44.597959680391014,-55.17900614501052,0.15624891289236106,0.3704949562849655,0.4,0.14125572997153815,2.23591334091555,0.2578125,5.435300936256329e-08,0.0,0.0
provenance,Data2txt,6,18,0.0001,35936,18432,128,128,6,True,13,6.916693023241162,16.16265138912936,21.429366030042985,-5.266714640913623,-31.22614107016243,-42.040557599418605,0.14709699991462408,0.4253586289289459,0.4,0.14125572997153824,2.2360664221535167,0.1875,0.00020575038655746867,0.0078125,0.0234375
provenance,Data2txt,6,18,0.001,35936,18432,128,128,6,True,13,8.476949764340455,12.870754111543611,18.042618376743512,-5.171864265199906,-24.734620226861907,-35.4640310009075,0.14264762768015793,0.5005154269854716,0.4,0.14125572997153818,2.2360678138022876,0.14453125,0.00850482833415378,0.0234375,0.0390625
provenance,Data2txt,6,19,1e-06,35936,18432,128,128,6,True,13,7.300165410753968,22.484180707431594,27.510021635117987,-5.025840927686389,-45.5827779277476,-55.33732007000921,0.08540313819052625,0.5904669259911607,0.4,0.19831509711106451,2.2359419367390645,0.17578125,0.0006257967777605344,0.0,0.03125
provenance,Data2txt,6,19,0.0001,35936,18432,128,128,6,True,13,8.93252669225634,15.731387215194777,20.829613030392686,-5.0982258151979085,-32.082201151145156,-42.034849365963176,0.07599206371406922,0.6315004809519191,0.4,0.19831509711106451,2.2360667116843205,0.140625,0.011365189018294308,0.0234375,0.15625
provenance,Data2txt,6,19,0.001,35936,18432,128,128,6,True,13,10.937824528566201,12.550282827035106,17.57652707410968,-5.026244247074574,-25.72848694204937,-35.586741755854625,0.07932753227996911,0.6765069012064915,0.4,0.19831509711106457,2.2360678460105023,0.17578125,0.0006257967777605344,0.125,0.1640625
provenance,Data2txt,6,20,1e-06,35936,18432,128,128,6,True,13,5.9539405170915005,23.485590201878946,28.701769472385052,-5.216179270506105,-44.43760438717682,-54.22256589140281,0.1247292105107273,0.5125651571018339,0.4,0.12630743564053468,2.2359308945104694,0.2734375,6.005467433544062e-09,0.0,0.0078125
provenance,Data2txt,6,20,0.0001,35936,18432,128,128,6,True,12,7.278778694266961,16.314524238056002,21.51424027723401,-5.199716039178009,-31.116684470115036,-40.90604723774854,0.128870161158995,0.528798628007117,0.4,0.12630743564053473,2.236066599089732,0.19921875,6.28426475199267e-05,0.0078125,0.03125
provenance,Data2txt,6,20,0.001,35936,18432,128,128,6,True,13,8.905404350140369,12.895443865082607,17.925614266799645,-5.030170401717037,-24.738433375359904,-34.26064132435428,0.13742712926008993,0.5728181347835598,0.4,0.12630743564053468,2.2360678327636885,0.21875,7.381061347748238e-06,0.0234375,0.078125
provenance,Data2txt,6,21,1e-06,35936,18432,128,128,6,True,12,5.399498206487942,21.63953423447778,26.17447850926412,-4.534944274786345,-44.32146282296381,-53.52790759722276,0.11104397486210912,0.4772810617889897,0.2,0.11488009290577904,2.235960797139362,0.1484375,0.006313488560237168,0.0,0.0
provenance,Data2txt,6,21,0.0001,35936,18432,128,128,6,True,13,6.626925576867745,15.201548216742548,19.789380296398807,-4.58783207965626,-30.760625616869106,-40.00975664871852,0.10729897775780292,0.49492929199289654,0.2,0.11488009290577893,2.236066900636892,0.11328125,0.0691489899768779,0.0,0.0078125
provenance,Data2txt,6,21,0.001,35936,18432,128,128,6,True,12,8.185220497050084,12.106458598282456,16.643694692837386,-4.537236094554931,-24.205128216475675,-33.260914641386826,0.1194374685072479,0.5452818848079491,0.2,0.11488009290577904,2.2360678652101784,0.1484375,0.006313488560237168,0.0078125,0.0390625
provenance,Data2txt,6,22,1e-06,35936,18432,128,128,6,True,13,6.646907904367262,23.963881763571937,29.147825932472507,-5.183944168900571,-45.23894282107764,-55.36125675614743,0.11520882361325874,0.4272736870517358,0.4,0.1279720070475639,2.2359352512339505,0.265625,1.838083532653948e-08,0.0,0.015625
provenance,Data2txt,6,22,0.0001,35936,18432,128,128,6,True,15,8.167503414784406,16.748444673699087,21.939762657126586,-5.1913179834274965,-31.711449890070618,-41.947993337075275,0.10859212322593276,0.4449500800456268,0.4,0.12797200704756373,2.2360666426505467,0.20703125,2.7352006658291592e-05,0.0,0.0234375
provenance,Data2txt,6,22,0.001,35936,18432,128,128,6,True,12,10.064066260975162,13.311548206903987,18.352323440518767,-5.040775233614777,-25.278825591219423,-35.267559720699815,0.11647300606066673,0.5022225046383486,0.4,0.1279720070475639,2.2360678371095664,0.2109375,1.782257225451088e-05,0.015625,0.046875
provenance,Data2txt,6,23,1e-06,35936,18432,128,128,6,True,13,9.053611287217832,24.753650015784018,29.5222704379745,-4.7686204221904775,-49.41174780952324,-59.042770440369665,0.0740710329804653,0.5200985864891623,0.2,0.13388551119130868,2.235905598120067,0.2421875,4.289574463648891e-07,0.0078125,0.03125
provenance,Data2txt,6,23,0.0001,35936,18432,128,128,6,True,13,11.217262872940534,17.602910962890054,22.36939036086106,-4.766479397971006,-34.99963621417189,-44.62348082482938,0.0812452721108446,0.5067555926451871,0.2,0.13388551119130856,2.236066343393689,0.16796875,0.001261290693128525,0.03125,0.0703125
provenance,Data2txt,6,23,0.001,35936,18432,128,128,6,True,12,14.022668859560275,14.261957438506723,18.895317452270483,-4.63336001376376,-28.13672604110141,-37.53300039599338,0.0873652056307847,0.5466666410289466,0.2,0.1338855111913087,2.2360678047084193,0.171875,0.0008920470081351661,0.046875,0.078125
provenance,Data2txt,6,24,1e-06,35936,18432,128,128,6,True,14,10.646041530135193,27.663514883146327,33.19498148185766,-5.53146659871133,-55.702850816656664,-66.3434222235082,0.061158385955897655,0.7062027944806872,0.3333333333333333,0.11194892559460905,2.2359785709317612,0.2734375,6.005467433544062e-09,0.0390625,0.0625
provenance,Data2txt,6,24,0.0001,35936,18432,128,128,6,True,14,13.288708729279426,18.97989797474695,24.469091726848113,-5.48919375210116,-38.618938594022055,-49.19998161539134,0.05125060312130379,0.7479928560179216,0.3333333333333333,0.11194892559460912,2.2360670758150247,0.2578125,5.435300936256329e-08,0.0703125,0.1015625
provenance,Data2txt,6,24,0.001,35936,18432,128,128,6,True,13,16.973218963617967,14.72582432134772,20.064331820468094,-5.338507499120377,-30.51444941101573,-40.73844487949276,0.057281128483073956,0.7892316076110374,0.3333333333333333,0.11194892559460906,2.236067880358644,0.26171875,3.1743788057539135e-08,0.046875,0.109375
provenance,Data2txt,6,25,1e-06,35936,18432,128,128,6,True,13,9.84532086181594,27.07042524366952,32.18554836709741,-5.115123123427892,-55.01854121445872,-64.6385026489015,0.08387183472165907,0.6380409493818072,0.3333333333333333,0.15621964043120945,2.2358989839926497,0.30859375,2.538865745522775e-11,0.0234375,0.03125
provenance,Data2txt,6,25,0.0001,35936,18432,128,128,6,True,13,12.354495268624818,18.933907615803662,23.954941832328494,-5.021034216524834,-38.34411198957048,-47.74895901287683,0.0761138290881162,0.6701402660876069,0.3333333333333333,0.15621964043120948,2.23606627127802,0.22265625,4.6910366522335245e-06,0.03125,0.0703125
provenance,Data2txt,6,25,0.001,35936,18432,128,128,6,True,12,15.917301683108324,14.98233804661239,19.821150834411558,-4.838812787799165,-30.31058631507095,-39.38850010754989,0.07029473286222898,0.7161740258129344,0.3333333333333333,0.15621964043120953,2.236067792011202,0.24609375,2.592123269824214e-07,0.0703125,0.0703125
provenance,Data2txt,6,26,1e-06,35936,18432,128,128,6,True,14,6.109452151651209,24.834417758139665,30.305204754265006,-5.4707869961253435,-49.1690159961982,-59.955934706802715,0.14522343685141909,0.5753406347573417,0.3333333333333333,0.13339859865947373,2.2358746543554084,0.18359375,0.00030054999002206975,0.0,0.015625
provenance,Data2txt,6,26,0.0001,35936,18432,128,128,6,True,14,7.445773630366707,17.37621662172333,22.83051848257433,-5.454301860850995,-34.115590048354846,-44.83582545080465,0.14530762720335832,0.5936258856510291,0.3333333333333333,0.1333985986594739,2.2360660168198074,0.22265625,4.6910366522335245e-06,0.015625,0.0390625
provenance,Data2txt,6,26,0.001,35936,18432,128,128,6,True,13,9.2113136955466,13.701736624005564,18.996224190101174,-5.29448756609561,-26.70232467419779,-37.09596472846065,0.13992007766599318,0.6304248796499045,0.3333333333333333,0.1333985986594739,2.2360677563432083,0.18359375,0.00030054999002206975,0.03125,0.0859375
provenance,Data2txt,6,27,1e-06,35936,18432,128,128,6,True,14,7.4579120610733,26.490988902269947,31.844299304759787,-5.3533104024898375,-51.07056726804486,-61.78910559483796,0.13105580108925408,0.5228779089951404,0.4,0.17680593375866105,2.235915324997656,0.3125,1.3232765413914088e-11,0.03125,0.0390625
provenance,Data2txt,6,27,0.0001,35936,18432,128,128,6,True,14,9.197341505892915,18.50658875080792,23.84761632331364,-5.34102757250572,-35.62117921671579,-46.31631013505978,0.12157426024375129,0.5519428918946222,0.4,0.17680593375866116,2.2360664364832212,0.25,1.553142566968138e-07,0.0234375,0.0625
provenance,Data2txt,6,27,0.001,35936,18432,128,128,6,True,13,11.471181332466944,14.642738155881212,19.834447725707665,-5.191709569826456,-28.14194515181258,-38.58954524253279,0.1140082578154438,0.6034728938107227,0.4,0.17680593375866113,2.236067810164567,0.25390625,9.227219252368915e-08,0.0234375,0.0625
provenance,Data2txt,6,28,1e-06,35936,18432,128,128,6,True,14,5.923275692896315,21.377495069843587,26.432232611061124,-5.054737541217534,-39.68517919524672,-49.08249399571061,0.14428476977275306,0.5355423326848259,0.4,0.14198271938798374,2.2359174607138903,0.17578125,0.0006257967777605344,0.0,0.0
provenance,Data2txt,6,28,0.0001,35936,18432,128,128,6,True,14,7.1647939857130085,14.884923353177944,19.872648139009748,-4.987724785831804,-28.09439013990491,-37.414866224740464,0.1287181198197226,0.5840454043809525,0.4,0.14198271938798382,2.2360664623316304,0.15625,0.0033962516565197998,0.0,0.03125
provenance,Data2txt,6,28,0.001,35936,18432,128,128,6,True,13,8.59901786344228,11.785939873667699,16.584078036089487,-4.798138162421788,-22.672946724326934,-31.606337956215718,0.11770608538511154,0.6318242878986455,0.4,0.1419827193879838,2.236067816882899,0.16796875,0.001261290693128525,0.0078125,0.0625
provenance,Data2txt,6,29,1e-06,35936,18432,128,128,6,True,12,5.790463754925922,26.894017438202265,32.109394850019996,-5.215377411817727,-49.44176970841998,-60.03633321247182,0.18127806777386213,0.42868717984578586,0.4,0.15661180337371444,2.235929080384836,0.3203125,3.4992283936701867e-12,0.0,0.0078125
provenance,Data2txt,6,29,0.0001,35936,18432,128,128,6,True,13,7.064493443978261,18.549920755051353,23.700429939036972,-5.150509183985623,-33.846780462211285,-44.37663799840408,0.17092550539418777,0.39385938999560854,0.4,0.15661180337371441,2.236066577191766,0.26171875,3.1743788057539135e-08,0.015625,0.0234375
provenance,Data2txt,6,29,0.001,35936,18432,128,128,6,True,12,8.689398811073195,14.545900438801668,19.548561417359608,-5.0026609785579375,-26.448493456635035,-36.65137554629676,0.16612588141216533,0.4325350460039371,0.4,0.15661180337371447,2.2360678271219854,0.30078125,9.098922052950389e-11,0.015625,0.0234375
provenance,Data2txt,6,30,1e-06,35936,18432,128,128,6,True,14,5.2044228286986165,20.224559867417362,25.1389669656852,-4.914407098267832,-39.00868233617983,-48.2728814881509,0.19594275415438217,0.5992941730573396,0.3333333333333333,0.10957865574711233,2.235913533169196,0.21484375,1.1517275704865574e-05,0.0,0.0
provenance,Data2txt,6,30,0.0001,35936,18432,128,128,6,True,14,6.253813029062891,14.247455817846042,19.101777823667653,-4.854322005821608,-27.572832562034684,-36.74351578592212,0.18579563202413316,0.6020116566603115,0.3333333333333333,0.10957865574711223,2.2360664244733184,0.1171875,0.05471894473064931,0.0,0.015625
provenance,Data2txt,6,30,0.001,35936,18432,128,128,6,True,13,7.474421669847628,11.373915593590212,16.07430736436538,-4.700391770775166,-22.084485992424476,-31.01573147378025,0.1819907003910318,0.6240247238839174,0.3333333333333333,0.10957865574711233,2.2360678144037553,0.17578125,0.0006257967777605344,0.015625,0.0390625
provenance,Data2txt,6,31,1e-06,35936,18432,128,128,6,True,12,3.802225701592785,17.698951039022226,22.28946872526368,-4.590517686241455,-38.5372310851085,-47.03749434313579,0.19566024315998023,0.700539906252175,0.26666666666666666,0.0815910939543441,2.2359806009699645,0.21875,7.381061347748238e-06,0.0,0.015625
provenance,Data2txt,6,31,0.0001,35936,18432,128,128,6,True,13,4.963913958607284,11.682369841682712,16.29538551999129,-4.613015678308576,-26.68600084269257,-35.41358699065273,0.2121625412058988,0.7518367180865753,0.26666666666666666,0.08159109395434413,2.236067100499015,0.13671875,0.015066349402464208,0.015625,0.09375
provenance,Data2txt,6,31,0.001,35936,18432,128,128,6,True,13,6.168354420531156,8.886777108939018,13.486795665690316,-4.600018556751298,-21.19064037986122,-29.77890041968689,0.217230629362271,0.7879594124305483,0.26666666666666666,0.08159109395434412,2.236067886858981,0.09375,0.19772455806067113,0.09375,0.1328125
provenance,Data2txt,7,0,1e-06,25440,10880,128,128,6,True,12,2.460119499707134,25.301666993791834,30.25549520435424,-4.95382821056241,-50.929322553716474,-60.79724963052155,0.26754759627715263,0.3957099244973359,0.06666666666666667,0.05138858570803253,1.4141914288490296,0.515625,3.8692440133066415e-32,0.0,0.0
provenance,Data2txt,7,0,0.0001,25440,10880,128,128,6,True,12,3.2453140079970595,16.397322276034725,21.384130899532344,-4.98680862349762,-32.76962506729548,-42.71831916291514,0.2707368724394391,0.4049859113680686,0.06666666666666667,0.051388585708032564,1.4142133401551067,0.43359375,2.149072486476542e-22,0.0,0.0
provenance,Data2txt,7,0,0.001,25440,10880,128,128,6,True,11,4.092510045689403,12.182197311137287,17.11276687734407,-4.930569566206785,-24.08520626505421,-33.99809735277871,0.2806453207776587,0.46447695547401896,0.06666666666666667,0.051388585708032515,1.4142135393437893,0.45703125,5.804759161694703e-25,0.0,0.0
provenance,Data2txt,7,1,1e-06,25440,10880,128,128,6,True,10,7.531999269376788,14.59827175350513,17.846257211708014,-3.2479854582028826,-29.97233283129298,-36.30402958376072,0.10000821509640805,0.4082761756201892,0.4,0.15366187610597098,0.6969405564379124,0.25390625,9.227219252368915e-08,0.0390625,0.1953125
provenance,Data2txt,7,1,0.0001,25440,10880,128,128,6,True,9,9.216219013768374,12.124689673176338,15.74244873531941,-3.6177590621430706,-24.456627002800307,-31.402682104655405,0.08591182860231439,0.4821927125152009,0.4,0.15366187610597082,0.6984379942910434,0.1953125,9.40842686753401e-05,0.1015625,0.140625
provenance,Data2txt,7,1,0.001,25440,10880,128,128,6,True,10,11.09439645906444,10.888510069887968,14.688964621661395,-3.800454551773428,-21.728798873594354,-28.972794918548736,0.0921939463539795,0.5498830465764672,0.4,0.15366187610597098,0.7114893697922577,0.1484375,0.006313488560237168,0.0390625,0.1328125
provenance,Data2txt,7,2,1e-06,25440,10880,128,128,6,True,11,13.056473379837074,22.247805636498732,26.25377991896076,-4.005974282462029,-49.42857253327922,-58.09888369580233,0.04879247412499855,0.5371036932372039,0.6,0.07603389567389288,1.145224545553922,0.3359375,2.1947921596940167e-13,0.0390625,0.2421875
provenance,Data2txt,7,2,0.0001,25440,10880,128,128,6,True,11,16.839093445483076,17.334421177581433,21.770253492205416,-4.435832314623983,-36.9097642807736,-46.18646045807472,0.055560352157026816,0.6396823888668868,0.6,0.07603389567389296,1.1648232195066281,0.18359375,0.00030054999002206975,0.0234375,0.1171875
provenance,Data2txt,7,2,0.001,25440,10880,128,128,6,True,10,21.929292786589798,14.794285577537755,19.470123186260395,-4.6758376087226345,-30.665738049071873,-40.36791493273215,0.06004579239920765,0.7178981263535645,0.6,0.07603389567389293,1.3044327971549605,0.21875,7.381061347748238e-06,0.046875,0.109375
provenance,Data2txt,7,3,1e-06,25440,10880,128,128,6,True,13,10.249712940811175,20.42202420170071,24.51505268601764,-4.093028484316931,-39.959880614365275,-47.515382003173784,0.09327768869245948,0.5257709684201927,0.6666666666666666,0.08425930788273499,2.127981405492238,0.203125,4.163077668109129e-05,0.0078125,0.0390625
provenance,Data2txt,7,3,0.0001,25440,10880,128,128,6,True,13,12.47191273742263,16.42360570546081,20.821031772053118,-4.39742606659231,-32.4322992923893,-40.646747465099814,0.09372869373394738,0.6048482543540212,0.6666666666666666,0.08425930788273499,2.1744746607601275,0.125,0.03345596830001085,0.0078125,0.0390625
provenance,Data2txt,7,3,0.001,25440,10880,128,128,6,True,11,15.438902044176709,13.796222408675131,18.381667702622043,-4.58544529394691,-27.37598890796568,-36.01181147141283,0.09582005342654977,0.674008469564599,0.6666666666666666,0.08425930788273506,2.222153399914803,0.13671875,0.015066349402464208,0.03125,0.046875
provenance,Data2txt,7,4,1e-06,25440,10880,128,128,6,True,13,7.32484732034441,19.838123269453803,23.71960524817001,-3.8814819787161983,-39.184170442568615,-46.96150123406968,0.11221788348343456,0.39637797261104685,0.4,0.06000506075933127,2.23006019839297,0.1640625,0.00176897694134448,0.0078125,0.0234375
provenance,Data2txt,7,4,0.0001,25440,10880,128,128,6,True,13,8.921253157825271,15.53764853565018,19.957544059297867,-4.419895523647689,-30.680073278432907,-39.43631960210479,0.11490757530597524,0.45948970614095536,0.4,0.06000506075933128,2.235226963159254,0.12890625,0.025849477725005232,0.0,0.0078125
provenance,Data2txt,7,4,0.001,25440,10880,128,128,6,True,12,10.955055747649622,12.773334077910487,17.172069346627662,-4.398735268717177,-25.22806390144809,-33.903284157629656,0.11921279260274882,0.5356796190097743,0.4,0.06000506075933128,2.2359673767780635,0.14453125,0.00850482833415378,0.0234375,0.03125
provenance,Data2txt,7,5,1e-06,25440,10880,128,128,6,True,14,6.491657660670258,18.084674818197534,22.009480978792567,-3.924806160595034,-37.30860948918655,-45.54071938507941,0.1313710928872711,0.40225626999937086,0.4666666666666667,0.05958433844190012,2.2356264569154773,0.19140625,0.00013970433630997956,0.0,0.0
provenance,Data2txt,7,5,0.0001,25440,10880,128,128,6,True,13,7.946148199703976,13.996160512106947,18.440792575863245,-4.4446320637562975,-28.376591999197334,-37.399422013364436,0.13489319557325635,0.48930770182518,0.4666666666666667,0.05958433844190018,2.236053810411479,0.15234375,0.004649248065287104,0.0,0.0
provenance,Data2txt,7,5,0.001,25440,10880,128,128,6,True,11,9.63993970090764,11.66191965242773,16.09663157919838,-4.434711926770651,-23.319257415103454,-32.209631112433456,0.13883686126638284,0.5648177189136063,0.4666666666666667,0.05958433844190011,2.236066471371869,0.13671875,0.015066349402464208,0.0,0.0390625
provenance,Data2txt,7,6,1e-06,25440,10880,128,128,6,True,14,6.409486994707379,16.652429656630066,20.82212973253219,-4.169700075902126,-32.95665843102192,-40.98865710034329,0.14957022967081654,0.449619771045413,0.26666666666666666,0.09590721387222495,2.235960650272982,0.34375,5.202843089038079e-14,0.0,0.0
provenance,Data2txt,7,6,0.0001,25440,10880,128,128,6,True,12,7.862996227646423,12.427281360160762,16.766913712925664,-4.339632352764904,-24.60187929963208,-32.964313780315365,0.130646709704313,0.4736795492087833,0.26666666666666666,0.09590721387222494,2.2360663097682494,0.24609375,2.592123269824214e-07,0.0,0.0
provenance,Data2txt,7,6,0.001,25440,10880,128,128,6,True,12,9.386902275795254,10.299756551156968,14.492757240353976,-4.193000689197008,-20.4188594887718,-28.490644764397416,0.13233386113175685,0.5198555880574801,0.26666666666666666,0.09590721387222487,2.2360678046232234,0.21484375,1.1517275704865574e-05,0.0078125,0.0234375
provenance,Data2txt,7,7,1e-06,25440,10880,128,128,6,True,12,9.912794123459967,15.366839029603405,18.22842076547768,-2.8615817358742754,-31.580000164402954,-41.770028174710106,0.09819917862897842,0.5045405716463006,0.2,0.12486478016693302,2.2359270270560163,0.46484375,7.42015100590255e-26,0.0078125,0.0078125
provenance,Data2txt,7,7,0.0001,25440,10880,128,128,6,True,12,10.298094365820894,11.521675356852743,15.451203134763773,-3.929527777911032,-23.63837583610649,-32.915732747751235,0.10524083160658833,0.5210847374595958,0.2,0.12486478016693309,2.2360663920265167,0.34765625,2.4982790013842228e-14,0.0078125,0.0078125
provenance,Data2txt,7,7,0.001,25440,10880,128,128,6,True,12,10.996223428673968,9.645944631039487,13.70490505984063,-4.058960428801143,-19.75856363969821,-28.411844685063926,0.11341436223945142,0.5452480383822935,0.2,0.12486478016693293,2.23606781396537,0.3046875,4.827787419674662e-11,0.0078125,0.015625
provenance,Data2txt,7,8,1e-06,25440,10880,128,128,6,True,12,6.315642520618717,16.18230440212027,20.073225829211808,-3.8909214270915387,-34.50293558755021,-42.67567451373405,0.15966488165665638,0.2553785548116523,0.06666666666666667,0.09247982301719984,2.235911419018351,0.2734375,6.005467433544062e-09,0.0,0.0
provenance,Data2txt,7,8,0.0001,25440,10880,128,128,6,True,13,7.6727936723465175,11.797975943421147,15.727789994554332,-3.9298140511331856,-24.992046861951675,-33.251502470232666,0.15308488745892881,0.2784941088487039,0.06666666666666667,0.09247982301719997,2.2360663945059787,0.171875,0.0008920470081351661,0.0078125,0.0078125
provenance,Data2txt,7,8,0.001,25440,10880,128,128,6,True,12,9.091554345606594,9.759324618737217,13.626882313355459,-3.86755769461824,-20.5571637759718,-28.678986936981907,0.14992826016508612,0.34951497521380964,0.06666666666666667,0.09247982301719994,2.2360678150118285,0.12890625,0.025849477725005232,0.0078125,0.015625
provenance,Data2txt,7,9,1e-06,25440,10880,128,128,6,True,13,5.928665684631994,17.106133060649807,21.269032839322797,-4.162899778672994,-33.953136318295584,-42.17188942949913,0.10930484762867165,0.3218441850299401,0.26666666666666666,0.10716696656814964,2.235932219349708,0.36328125,1.209705534646815e-15,0.0,0.0
provenance,Data2txt,7,9,0.0001,25440,10880,128,128,6,True,13,7.216145249663081,12.370074461894331,16.629521263339118,-4.25944680144479,-24.459583615958284,-32.63378498335626,0.12035926284968647,0.38663763733608547,0.26666666666666666,0.10716696656814964,2.2360666153438435,0.26171875,3.1743788057539135e-08,0.0,0.0
provenance,Data2txt,7,9,0.001,25440,10880,128,128,6,True,12,8.558533646494848,10.147676926938848,14.373488982367828,-4.225812055428982,-20.046250618634573,-28.03298984709004,0.1293140514551694,0.4560306386336135,0.26666666666666666,0.10716696656814971,2.2360678371515994,0.16015625,0.0024610192473685233,0.0,0.03125
provenance,Data2txt,7,10,1e-06,25440,10880,128,128,6,True,13,6.2533819068082455,15.934458151289792,20.300271612953985,-4.365813461664192,-33.429901519959174,-42.06141512123274,0.20665165880026448,0.5017114525344369,0.06666666666666667,0.1416713821840903,2.235967381619015,0.30859375,2.538865745522775e-11,0.0,0.0
provenance,Data2txt,7,10,0.0001,25440,10880,128,128,6,True,13,7.737122113958316,11.320215362583617,15.665896921615388,-4.34568155903177,-24.03636805121981,-32.72763494198165,0.16519120353679978,0.5099922424630791,0.06666666666666667,0.14167138218409034,2.236066969117626,0.1640625,0.00176897694134448,0.0,0.015625
provenance,Data2txt,7,10,0.001,25440,10880,128,128,6,True,12,9.309482374007946,9.195888385191813,13.441889283701308,-4.246000898509497,-19.746465448162766,-28.295937519102175,0.14030597046978696,0.5473962908634062,0.06666666666666667,0.1416713821840902,2.236067874476051,0.12109375,0.04295704754590679,0.015625,0.0234375
provenance,Data2txt,7,11,1e-06,25440,10880,128,128,6,True,12,5.760921262434607,15.686089261681191,20.09532991082023,-4.409240649139038,-30.27383974733604,-38.77830894651604,0.14915752857132952,0.46278243475682873,0.13333333333333333,0.16399485715948167,2.235919183195052,0.46484375,7.42015100590255e-26,0.0,0.0
provenance,Data2txt,7,11,0.0001,25440,10880,128,128,6,True,14,6.812551383469144,11.36190435748924,15.51599617426266,-4.154091816773418,-21.938183765308292,-30.13867176969562,0.15770455775735662,0.4147933614032197,0.13333333333333333,0.16399485715948162,2.236066484991342,0.453125,1.5974130140844673e-24,0.0,0.0
provenance,Data2txt,7,11,0.001,25440,10880,128,128,6,True,12,7.825542150152934,9.359733536315485,13.343724217784287,-3.983990681468803,-18.011768059948245,-25.93563545235748,0.17767166776989174,0.4171895685264269,0.13333333333333333,0.16399485715948167,2.236067824138367,0.3671875,5.542534149978852e-16,0.0,0.0
provenance,Data2txt,7,12,1e-06,25440,10880,128,128,6,True,12,10.116876741022502,14.354101085166192,16.238610583853216,-1.884509498687018,-29.096476346337006,-38.40378650474692,0.11147680089470456,0.505834379709268,0.06666666666666667,0.12833274755057056,2.2359382934501633,0.484375,3.5744265926567454e-28,0.0234375,0.0234375
provenance,Data2txt,7,12,0.0001,25440,10880,128,128,6,True,13,10.470137406146696,10.439016151288738,13.677054835214783,-3.2380386839260433,-20.953094710548754,-29.208848719957434,0.11574256151720398,0.5152219649029743,0.06666666666666667,0.12833274755057064,2.2360666779474174,0.5,4.083287142465694e-30,0.03125,0.0390625
provenance,Data2txt,7,12,0.001,25440,10880,128,128,6,True,13,11.034055259778503,8.64379080105729,12.051805550186884,-3.4080147491295927,-17.2129835644524,-24.721912024382306,0.1195570014629128,0.5271506743812926,0.06666666666666667,0.12833274755057064,2.2360678451202016,0.37890625,5.0342822933606634e-17,0.0390625,0.0390625
provenance,Data2txt,7,13,1e-06,25440,10880,128,128,6,True,13,6.629783645547998,18.364729426767028,23.256158580095097,-4.891429153328068,-36.60798520028375,-45.57533946084226,0.13248648553729928,0.37861768173139304,0.2,0.1189218712415545,2.235978772322111,0.23828125,7.038776424263986e-07,0.0,0.0
provenance,Data2txt,7,13,0.0001,25440,10880,128,128,6,True,12,7.994725723074486,12.897407127918203,17.77688194844363,-4.879474820525426,-26.538970167808507,-35.73316321454496,0.10869690882887242,0.4402273447631092,0.2,0.11892187124155452,2.236067082760743,0.12109375,0.04295704754590679,0.0,0.0078125
provenance,Data2txt,7,13,0.001,25440,10880,128,128,6,True,14,9.456123562078698,10.371067183103886,15.194607203855908,-4.823540020752024,-21.754204604616927,-30.933238835292357,0.1025679825535345,0.5028620552358845,0.2,0.1189218712415545,2.2360678855890153,0.109375,0.0866920605943059,0.0078125,0.0390625
provenance,Data2txt,7,14,1e-06,25440,10880,128,128,6,True,12,5.6650962658988275,16.184132206820188,20.454441788684704,-4.2703095818645185,-32.43620175988785,-40.56393764635767,0.18903446672848784,0.4629340374546632,0.2,0.15546529341047682,2.23594990982376,0.32421875,1.7752249813670875e-12,0.0,0.0
provenance,Data2txt,7,14,0.0001,25440,10880,128,128,6,True,12,6.8151827581213835,11.48609949786556,15.612581061780208,-4.126481563914647,-23.15507591576163,-31.14412335902749,0.16868403036240348,0.4682771947558692,0.2,0.15546529341047685,2.236066793201399,0.20703125,2.7352006658291592e-05,0.0,0.0
provenance,Data2txt,7,14,0.001,25440,10880,128,128,6,True,11,7.982488052680422,9.310875897655905,13.279197776208008,-3.9683218785521044,-18.88654101216141,-26.586111292984466,0.15862047277166025,0.5015335075852226,0.2,0.1554652934104768,2.236067855797274,0.12109375,0.04295704754590679,0.0,0.0234375
provenance,Data2txt,7,15,1e-06,25440,10880,128,128,6,True,12,4.159921078062693,17.304987718420804,21.812432487317096,-4.507444768896292,-35.89709060672392,-44.98550660771959,0.14976096364473904,0.5373755224088549,0.2,0.16255923150235133,2.2359855304369933,0.20703125,2.7352006658291592e-05,0.0,0.0
provenance,Data2txt,7,15,0.0001,25440,10880,128,128,6,True,12,4.967802740308567,11.949883890712924,16.324100577143238,-4.374216686430314,-25.191585387420428,-34.27643554832363,0.11707499194578008,0.5277218510617122,0.2,0.1625592315023513,2.236067150925338,0.12890625,0.025849477725005232,0.0,0.0
provenance,Data2txt,7,15,0.001,25440,10880,128,128,6,True,13,5.84603408124696,9.443527862930416,13.649868983964453,-4.206341121034036,-20.027153756426852,-28.96153384895055,0.10620828060836796,0.5483506392202844,0.2,0.16255923150235116,2.236067892937627,0.11328125,0.0691489899768779,0.0390625,0.0390625
provenance,Data2txt,7,16,1e-06,25440,10880,128,128,6,True,13,4.03291308305064,18.54047115157188,23.229067802419742,-4.688596650847861,-36.14442949601279,-45.30326660228344,0.23004867336174023,0.532330931995976,0.2,0.12457325454008741,2.235996577270626,0.27734375,3.3884305330612322e-09,0.0,0.0
provenance,Data2txt,7,16,0.0001,25440,10880,128,128,6,True,12,4.8745609163127925,12.856030511653579,17.507669806158965,-4.651639294505388,-25.116623602793055,-34.26307596514303,0.21689163904835615,0.5262378432274067,0.2,0.12457325454008747,2.2360672616246156,0.15234375,0.004649248065287104,0.0,0.0
provenance,Data2txt,7,16,0.001,25440,10880,128,128,6,True,12,5.809952868756132,10.172719112937596,14.710711599431512,-4.537992486493916,-19.83335693860085,-28.76100704343879,0.21355170425683534,0.5502852109131587,0.2,0.12457325454008737,2.2360679042135385,0.09765625,0.16284637793210843,0.0,0.0
provenance,Data2txt,7,17,1e-06,25440,10880,128,128,6,True,13,6.33734141205435,19.333451429814843,24.19331044192345,-4.859859012108615,-36.79482627368975,-45.64440562064779,0.17362072948980473,0.5978076868470893,0.2,0.1611852050552597,2.2359733332367275,0.18359375,0.00030054999002206975,0.0,0.0
provenance,Data2txt,7,17,0.0001,25440,10880,128,128,6,True,13,7.837912826558336,13.684928512439638,18.541834361686035,-4.856905849246397,-26.24561960241339,-35.15372299638942,0.160966616054584,0.5732789598941781,0.2,0.16118520505525957,2.2360670282538773,0.15234375,0.004649248065287104,0.0,0.0234375
provenance,Data2txt,7,17,0.001,25440,10880,128,128,6,True,13,9.560336724057883,11.017419821443145,15.747928482559308,-4.730508661116164,-21.3528015601387,-30.06113154590563,0.15410584986194018,0.5913170988214567,0.2,0.1611852050552597,2.2360678800356983,0.1640625,0.00176897694134448,0.0546875,0.078125
provenance,Data2txt,7,18,1e-06,25440,10880,128,128,6,True,13,6.195318372438699,23.178636132005693,28.87115793371925,-5.692521801713557,-44.77865313185598,-54.79465001858962,0.12526322312212182,0.5935780028041481,0.4,0.16742314142727455,2.2359813263538957,0.25,1.553142566968138e-07,0.0,0.0234375
provenance,Data2txt,7,18,0.0001,25440,10880,128,128,6,True,12,7.65594978231378,15.859547769933869,21.61251550788399,-5.7529677379501205,-31.364456791191543,-41.599233454179156,0.10292046825690672,0.6437725799839698,0.4,0.1674231414272745,2.236067107172405,0.1640625,0.00176897694134448,0.0234375,0.0625
provenance,Data2txt,7,18,0.001,25440,10880,128,128,6,True,13,9.467002827149948,12.280192136523386,17.959176059008264,-5.678983922484878,-24.95173695610106,-35.14419809824031,0.09678310182104724,0.6939699896537135,0.4,0.16742314142727463,2.2360678869903707,0.171875,0.0008920470081351661,0.03125,0.078125
provenance,Data2txt,7,19,1e-06,25440,10880,128,128,6,True,15,7.248981502707439,23.70513182587481,28.890200896384826,-5.185069070510018,-46.64139644671991,-56.592552534596535,0.12802633392609686,0.5251453279299622,0.4,0.1875114008646159,2.235934717131282,0.23828125,7.038776424263986e-07,0.0,0.0
provenance,Data2txt,7,19,0.0001,25440,10880,128,128,6,True,13,8.856852851947176,16.61096250495685,21.833999541562314,-5.22303703660547,-32.72222384410103,-42.79960985662163,0.1193469568461511,0.5821795971796477,0.4,0.18751140086461587,2.2360666375314837,0.2109375,1.782257225451088e-05,0.03125,0.0625
provenance,Data2txt,7,19,0.001,25440,10880,128,128,6,True,13,10.850742433152236,13.23289355222343,18.366560701334055,-5.133667149110625,-26.122437819021272,-36.009480551706034,0.11308006382556075,0.6400447281591001,0.4,0.1875114008646159,2.2360678368019293,0.20703125,2.7352006658291592e-05,0.046875,0.109375
provenance,Data2txt,7,20,1e-06,25440,10880,128,128,6,True,14,6.0389567117223875,22.15910699320709,26.964244173658702,-4.8051371804516165,-45.4881912824066,-55.49492442424238,0.12913400407353476,0.3924855286180383,0.4,0.08404556616356264,2.23593638764063,0.1484375,0.006313488560237168,0.0,0.0078125
provenance,Data2txt,7,20,0.0001,25440,10880,128,128,6,True,13,7.336086078822486,15.773050182130515,20.613476041067592,-4.8404258589370786,-31.645604442910596,-41.747637128124964,0.12796657213035234,0.4305799132798198,0.4,0.08404556616356264,2.2360666533365547,0.16015625,0.0024610192473685233,0.0078125,0.0234375
provenance,Data2txt,7,20,0.001,25440,10880,128,128,6,True,13,8.92733293635841,12.701695930731507,17.42653730631363,-4.724841375582126,-25.04488605409631,-34.906886664334024,0.1369417907379195,0.49491493307780243,0.4,0.08404556616356267,2.236067837555734,0.20703125,2.7352006658291592e-05,0.0078125,0.046875
provenance,Data2txt,7,21,1e-06,25440,10880,128,128,6,True,13,6.006384086829385,20.936799027452608,25.477343375714348,-4.5405443482617365,-45.10889509089601,-54.188359640211,0.12816525754895022,0.5779126218992872,0.2,0.11823707688580558,2.2359709221857096,0.1328125,0.019813663257872594,0.0,0.015625
provenance,Data2txt,7,21,0.0001,25440,10880,128,128,6,True,14,7.363151705566843,14.669386512406394,19.2405290872949,-4.571142574888503,-31.25644961929433,-40.4115817731483,0.12882506027966376,0.5995197755015068,0.2,0.11823707688580556,2.236067003137494,0.10546875,0.1078240411546818,0.0078125,0.046875
provenance,Data2txt,7,21,0.001,25440,10880,128,128,6,True,13,9.086341410386146,11.604665053128379,16.09926541851654,-4.4946003653881625,-24.667793436311765,-33.75148232266641,0.1313316926217111,0.6404605756623231,0.2,0.11823707688580566,2.2360678766012163,0.1484375,0.006313488560237168,0.046875,0.1015625
provenance,Data2txt,7,22,1e-06,25440,10880,128,128,6,True,14,7.437925312222854,23.836790718299397,29.028967959892714,-5.192177241593313,-48.03355119275278,-58.320174357060154,0.10957630337003847,0.49865987334563416,0.4,0.15685944364969584,2.235942672102998,0.21875,7.381061347748238e-06,0.0,0.03125
provenance,Data2txt,7,22,0.0001,25440,10880,128,128,6,True,13,9.150438009485933,16.619982801566636,21.88353561507018,-5.2635528135035425,-33.58570702161925,-43.94399091263345,0.10105191889885076,0.5595476922569381,0.4,0.1568594436496958,2.236066717263411,0.1796875,0.0004354569877453,0.03125,0.0859375
provenance,Data2txt,7,22,0.001,25440,10880,128,128,6,True,13,11.353698226317565,13.1312764050488,18.32427224810416,-5.192995843055362,-26.663601766312837,-36.756069949690556,0.09463620681616179,0.6239673190124191,0.4,0.15685944364969584,2.236067844934972,0.18359375,0.00030054999002206975,0.0703125,0.140625
provenance,Data2txt,7,23,1e-06,25440,10880,128,128,6,True,13,8.42033068757908,23.930703016786477,28.782159985064084,-4.851456968277609,-47.980795012932504,-57.35546676539239,0.08586338989536377,0.5362021399458259,0.4,0.12853562562011572,2.235880138141448,0.2265625,2.9565885080962975e-06,0.0078125,0.03125
provenance,Data2txt,7,23,0.0001,25440,10880,128,128,6,True,13,10.40959806869055,16.982247956214607,21.854976555093295,-4.8727285988786875,-33.846389464734614,-43.21816591948229,0.09341113667333852,0.5819254634638793,0.4,0.12853562562011553,2.2360660862507356,0.1875,0.00020575038655746867,0.03125,0.0625
provenance,Data2txt,7,23,0.001,25440,10880,128,128,6,True,11,12.955539723673827,13.673451992006232,18.47194523585745,-4.798493243851219,-27.177635513575922,-36.338586255298054,0.09966880904335007,0.6380192501622831,0.4,0.1285356256201155,2.2360677766925705,0.1640625,0.00176897694134448,0.0390625,0.0859375
provenance,Data2txt,7,24,1e-06,25440,10880,128,128,6,True,14,8.880521760053085,26.935872840861574,32.057572319116176,-5.121699478254593,-54.00072010578598,-64.41745911072297,0.08684781607883316,0.5352129324525132,0.4,0.15343743810755997,2.2359105299170876,0.2890625,5.776341456120769e-10,0.015625,0.03125
provenance,Data2txt,7,24,0.0001,25440,10880,128,128,6,True,13,11.046392372232107,18.83501688044945,23.88740241503703,-5.05238553458758,-37.609754381582036,-47.94842558899167,0.0789301185427333,0.5708986031128337,0.4,0.15343743810756,2.23606638845761,0.17578125,0.0006257967777605344,0.03125,0.0546875
provenance,Data2txt,7,24,0.001,25440,10880,128,128,6,True,12,13.983919797886562,14.962305339535117,19.80122622540248,-4.838920885867365,-29.696264465184846,-39.68165599613482,0.08242834848581852,0.6272171924605905,0.4,0.15343743810755994,2.236067805297804,0.21875,7.381061347748238e-06,0.0546875,0.0546875
provenance,Data2txt,7,25,1e-06,25440,10880,128,128,6,True,13,9.463807827515174,26.677403045944363,31.92927936153463,-5.251876315590266,-55.90205497895667,-66.2012118258119,0.07419744522356365,0.668717829151452,0.4,0.1585612159350247,2.2359378710717848,0.27734375,3.3884305330612322e-09,0.03125,0.0703125
provenance,Data2txt,7,25,0.0001,25440,10880,128,128,6,True,13,11.836684998925747,18.641039821072823,23.811188530618672,-5.170148709545852,-38.83615301189486,-48.94273498817983,0.06648653299391687,0.712972840152084,0.4,0.15856121593502476,2.2360666644331606,0.2578125,5.435300936256329e-08,0.03125,0.0859375
provenance,Data2txt,7,25,0.001,25440,10880,128,128,6,True,12,15.177184935405583,14.697490285632714,19.72450911316868,-5.027018827535963,-30.595097837420198,-40.338885512284875,0.0652562193396801,0.7590401293017981,0.4,0.15856121593502473,2.236067835223661,0.2109375,1.782257225451088e-05,0.0625,0.1015625
provenance,Data2txt,7,26,1e-06,25440,10880,128,128,6,True,13,5.941248823896441,23.86592099460691,29.16503075979079,-5.299109765183877,-45.75047791730639,-55.99792031343157,0.1697752340619358,0.5665701661729705,0.4,0.14435896841012297,2.235886750004022,0.20703125,2.7352006658291592e-05,0.0,0.0
provenance,Data2txt,7,26,0.0001,25440,10880,128,128,6,True,14,7.213499296124226,16.686823611507883,21.893793055122025,-5.20696944361414,-32.25716455358588,-42.58186901048674,0.16421768833389355,0.5806764853159139,0.4,0.14435896841012297,2.236066146601527,0.1875,0.00020575038655746867,0.0078125,0.0390625
provenance,Data2txt,7,26,0.001,25440,10880,128,128,6,True,13,8.833641836308649,13.166203948861664,18.177203482956287,-5.010999534094621,-25.544517062128467,-35.57942218878563,0.1584767751547416,0.6148851091843375,0.4,0.14435896841012294,2.236067777419203,0.171875,0.0008920470081351661,0.03125,0.0703125
provenance,Data2txt,7,27,1e-06,25440,10880,128,128,6,True,14,8.462404240534655,27.52777139963608,32.80686819935821,-5.279096799722133,-51.04302822961137,-61.340418418389234,0.11884719652421247,0.4858546923866456,0.4,0.14811126261008237,2.235898472771164,0.34375,5.202843089038079e-14,0.0,0.0390625
provenance,Data2txt,7,27,0.0001,25440,10880,128,128,6,True,14,10.47989358572087,19.18694428063931,24.426493864600666,-5.239549583961356,-35.64815425728866,-46.0545639971237,0.11008646825310188,0.47839617524494227,0.4,0.1481112626100823,2.236066263929536,0.33203125,4.446104931843403e-13,0.03125,0.0546875
provenance,Data2txt,7,27,0.001,25440,10880,128,128,6,True,12,13.18536402376571,15.209062146834658,20.268183603360548,-5.05912145652589,-28.256835828209017,-38.51402929205649,0.10364721762451756,0.5238939465906601,0.4,0.1481112626100823,2.2360677892216434,0.29296875,3.1472328013771007e-10,0.0625,0.0625
provenance,Data2txt,7,28,1e-06,25440,10880,128,128,6,True,13,5.583294397213065,21.263379956052574,26.021088480899508,-4.757708524846926,-42.77554074790581,-52.231291818981774,0.1330360293147892,0.4907120994281475,0.4,0.18524772997037242,2.23590327654711,0.14453125,0.00850482833415378,0.0,0.0
provenance,Data2txt,7,28,0.0001,25440,10880,128,128,6,True,13,6.735025172158327,14.885349136706647,19.599464940017608,-4.714115803310962,-30.179618025297327,-39.61237830634238,0.12026243113082034,0.5370331549807913,0.4,0.18524772997037234,2.236066320569212,0.11328125,0.0691489899768779,0.0078125,0.0390625
provenance,Data2txt,7,28,0.001,25440,10880,128,128,6,True,12,8.08771886035828,11.907363994111972,16.44448121140626,-4.537117217294287,-24.16297515531558,-33.3317117220903,0.11971067065150301,0.5889314673876632,0.4,0.1852477299703724,2.236067802793105,0.1484375,0.006313488560237168,0.0234375,0.0546875
provenance,Data2txt,7,29,1e-06,25440,10880,128,128,6,True,13,6.9873506078186525,25.515487579036908,30.802247188561342,-5.2867596095244345,-51.33394493592299,-61.83911888079723,0.07257336802848253,0.5793758980663787,0.4,0.1358134010128903,2.235968054275641,0.28515625,1.0509063100940924e-09,0.0390625,0.0859375
provenance,Data2txt,7,29,0.0001,25440,10880,128,128,6,True,13,8.604063280061606,17.521992166231144,22.783699678522492,-5.261707512291352,-35.36804673861229,-45.90369649235154,0.06905997506443727,0.6367878415888559,0.4,0.13581340101289027,2.236066971817336,0.21875,7.381061347748238e-06,0.03125,0.078125
provenance,Data2txt,7,29,0.001,25440,10880,128,128,6,True,13,10.718821480692522,13.622047392142022,18.717680428358243,-5.095633036216221,-27.751028210547226,-38.09829895933804,0.07368158961070623,0.6913711122677408,0.4,0.13581340101289022,2.236067871043075,0.234375,1.1452873919607316e-06,0.0859375,0.125
provenance,Data2txt,7,30,1e-06,25440,10880,128,128,6,True,14,5.084391220913334,19.856341245432034,24.86429800980529,-5.007956764373253,-37.52797677606365,-46.51675477446034,0.18293676605540257,0.5584432760544832,0.4,0.13081585325129766,2.2359273608535615,0.234375,1.1452873919607316e-06,0.0,0.0
provenance,Data2txt,7,30,0.0001,25440,10880,128,128,6,True,14,6.111851481203435,13.776624534377618,18.735333069481356,-4.958708535103742,-26.49779705205868,-35.477333892955954,0.16782629191498338,0.5979126091962168,0.4,0.13081585325129766,2.236066563844589,0.18359375,0.00030054999002206975,0.0078125,0.015625
provenance,Data2txt,7,30,0.001,25440,10880,128,128,6,True,12,7.291961184075889,10.83240063706611,15.629033261506454,-4.796632624440341,-21.251544153137306,-29.983761929006874,0.15858122326723287,0.6392871318357227,0.4,0.13081585325129766,2.236067829333211,0.14453125,0.00850482833415378,0.015625,0.0546875
provenance,Data2txt,7,31,1e-06,25440,10880,128,128,6,True,12,3.137705342144348,18.874106688153294,22.74273977578197,-3.8686330876286803,-36.61953728010748,-43.89144049025761,0.3584600287349496,0.6857465561946966,0.3333333333333333,0.0830010530164755,2.2359550405042463,0.29296875,3.1472328013771007e-10,0.0,0.0
provenance,Data2txt,7,31,0.0001,25440,10880,128,128,6,True,13,4.074085059503286,13.224495761558138,17.297186532389915,-4.072690770831775,-25.360273813919765,-33.20971471246908,0.3228425913204065,0.5761990982966181,0.3333333333333333,0.08300105301647556,2.2360668433790463,0.2421875,4.289574463648891e-07,0.0,0.0
provenance,Data2txt,7,31,0.001,25440,10880,128,128,6,True,13,5.032274307851078,10.598669816715084,14.694472017812638,-4.095802201097555,-20.051560806312974,-28.10998649572349,0.3173698765820547,0.5511886393982018,0.3333333333333333,0.08300105301647559,2.236067859772919,0.1875,0.00020575038655746867,0.0,0.0078125
provenance,Data2txt,8,0,1e-06,2112,32,128,32,6,True,11,2.4908763688108992,26.49768857564483,30.834193100911524,-4.336504525266694,-51.25382512065403,-61.437385069959795,0.2540900320724792,0.2982588530828362,0.06666666666666667,0.07107399992846902,1.4142035317289112,0.5,6.368366937916623e-08,0.0,0.0
provenance,Data2txt,8,0,0.0001,2112,32,128,32,6,True,13,3.269484746128589,16.923540161800705,21.28550005808202,-4.361959896281313,-33.05347278979861,-43.395216509764445,0.2588947646790546,0.3954069554349605,0.06666666666666667,0.07107399992846902,1.4142134617858455,0.44921875,2.065437618612603e-06,0.0,0.0
provenance,Data2txt,8,0,0.001,2112,32,128,32,6,True,12,4.110708585771604,12.423495589574692,16.765486933381347,-4.341991343806654,-24.37620239939303,-34.613276522799445,0.2622523286206789,0.4826677925162749,0.06666666666666667,0.07107399992846901,1.4142135520575096,0.3984375,4.275002732433483e-05,0.0,0.0
provenance,Data2txt,8,1,1e-06,2112,32,128,32,6,True,10,7.575067163673088,16.737003485127282,21.03280818390512,-4.2958046987778395,-26.334234477088984,-32.421433012269624,0.13864719918895327,0.6591876137547356,0.6,0.11533603937440993,1.0293558764898596,0.359375,0.0003307086162872392,0.125,0.1875
provenance,Data2txt,8,1,0.0001,2112,32,128,32,6,True,9,9.24363893364079,12.722052821406326,17.165010661854268,-4.442957840447944,-22.550404991441106,-29.411930027981352,0.13865648620885063,0.7168458303881918,0.6,0.11533603937441002,1.0302005578780042,0.33984375,0.0008417776706329816,0.0625,0.1875
provenance,Data2txt,8,1,0.001,2112,32,128,32,6,True,10,10.975721138461466,10.788651454123931,15.286182212531088,-4.497530758407158,-20.651177003113567,-27.886739229724334,0.14617326471115896,0.756247959360446,0.6,0.11533603937441005,1.0375425903750344,0.26171875,0.020122832277307934,0.0625,0.1875
provenance,Data2txt,8,2,1e-06,2112,32,128,32,6,True,11,14.126801008121097,19.301325982335214,22.88189345149096,-3.580567469155749,-40.65438185072918,-47.62509526010304,0.14919645270405302,0.7542967916435162,0.6,0.11742969237109381,1.1443857519032457,0.3671875,0.00022389586242234038,0.0625,0.21875
provenance,Data2txt,8,2,0.0001,2112,32,128,32,6,True,11,18.609984628945615,15.716779849367965,19.75184174045565,-4.035061891087684,-33.18093471739558,-41.153251685170176,0.15125029249161004,0.8151112277282714,0.6,0.11742969237109385,1.1588953505586066,0.19921875,0.13724520936229156,0.0625,0.21875
provenance,Data2txt,8,2,0.001,2112,32,128,32,6,True,11,24.361471020137728,13.558911189324341,18.17324876595113,-4.614337576626788,-29.168796339582663,-37.799005412681964,0.15121349391004518,0.8564564098913816,0.6,0.1174296923710939,1.2655749641316676,0.1796875,0.22413848669948855,0.1875,0.1875
provenance,Data2txt,8,3,1e-06,2112,32,128,32,6,True,13,9.548606467647744,19.33684096063216,23.81071449392717,-4.473873533295014,-40.552834031016886,-48.648906745602346,0.1988961459918286,0.7544777926135536,0.6666666666666666,0.14690018430751128,2.1394942494690232,0.24609375,0.03420078819718686,0.15625,0.25
provenance,Data2txt,8,3,0.0001,2112,32,128,32,6,True,13,11.665212251604725,15.097456977526077,19.76760819260769,-4.670151215081612,-32.56145444740079,-41.259979342881536,0.1954982461454049,0.7895372523273992,0.6666666666666666,0.14690018430751128,2.1677638205701504,0.2421875,0.03884383212662035,0.15625,0.21875
provenance,Data2txt,8,3,0.001,2112,32,128,32,6,True,12,14.45783468174107,12.362230808595493,17.23121351415461,-4.868982705559117,-27.399277873527712,-36.3082942968222,0.19321272124450656,0.8219215545464945,0.6666666666666666,0.1469001843075113,2.216496951611009,0.2265625,0.06329008499721356,0.1875,0.1875
provenance,Data2txt,8,4,1e-06,2112,32,128,32,6,True,13,7.701367666768043,16.336017245948565,19.842720888091698,-3.506703642143136,-37.998350209537335,-45.94070608076281,0.2287066467796457,0.4817067027986766,0.4666666666666667,0.07217957974387969,2.227359297550465,0.34375,0.0007015482298410314,0.0,0.03125
provenance,Data2txt,8,4,0.0001,2112,32,128,32,6,True,14,9.437421908263062,13.542862593746827,17.711105000432255,-4.168242406685428,-30.025635311266974,-38.90249780041257,0.22361361342930247,0.5136499442104574,0.4666666666666667,0.07217957974387972,2.234232930009779,0.23046875,0.05619496616337649,0.0,0.03125
provenance,Data2txt,8,4,0.001,2112,32,128,32,6,True,12,11.663976387476932,11.443426458642818,15.629916621984462,-4.186490163341645,-24.82829046404431,-33.51227189110877,0.22132999481450116,0.57171650425638,0.4666666666666667,0.07217957974387973,2.2358350833356,0.19921875,0.13724520936229156,0.03125,0.0625
provenance,Data2txt,8,5,1e-06,2112,32,128,32,6,True,14,6.539116412574618,13.684886387680216,17.302299043311905,-3.61741265563169,-36.44189016511665,-44.62818404403045,0.3341881242362042,0.5250952455042089,0.26666666666666666,0.08617753884743029,2.235558405036196,0.33984375,0.0008417776706329816,0.0,0.0
provenance,Data2txt,8,5,0.0001,2112,32,128,32,6,True,13,7.986607964893777,11.041707898314156,15.280782980861227,-4.239075082547071,-28.13472569600549,-37.192953032404944,0.32497642927470455,0.5584480530533519,0.26666666666666666,0.08617753884743029,2.2360388983458512,0.31640625,0.0023946702967428957,0.0,0.0625
provenance,Data2txt,8,5,0.001,2112,32,128,32,6,True,12,9.642762725508243,9.20000724874981,13.415307857709795,-4.215300608959984,-23.26822030608514,-32.17827013610924,0.32130386721582527,0.6044644953888523,0.26666666666666666,0.08617753884743032,2.2360648684389375,0.2421875,0.03884383212662035,0.0625,0.09375
provenance,Data2txt,8,6,1e-06,2112,32,128,32,6,True,13,7.389451972876989,14.849245847368344,18.340803104233082,-3.491557256864736,-32.71400489865093,-40.57721411910002,0.2681959162187968,0.3816761848425456,0.4,0.09329917886774136,2.2359224030435136,0.34765625,0.0005833332379917566,0.0,0.0
provenance,Data2txt,8,6,0.0001,2112,32,128,32,6,True,14,8.853051557082976,11.44597687770045,15.229527348925144,-3.7835504712246943,-24.71474113394524,-32.94100642258245,0.25926383159842514,0.44489878342272415,0.4,0.09329917886774136,2.2360655457346654,0.2734375,0.013218761580640614,0.0,0.0
provenance,Data2txt,8,6,0.001,2112,32,128,32,6,True,12,10.343676177097706,9.662589072342508,13.371271545416542,-3.708682473074034,-20.666785869500764,-28.56012169824436,0.2551895001456527,0.5036862878249423,0.4,0.09329917886774139,2.2360677254830894,0.2265625,0.06329008499721356,0.0,0.09375
provenance,Data2txt,8,7,1e-06,2112,32,128,32,6,True,13,8.219259727179034,15.850333340410048,20.070687317361937,-4.220353976951891,-31.11302676822031,-39.25659625823759,0.1137841013447063,0.4275512225141687,0.3333333333333333,0.12756563013167468,2.2358763084920352,0.45703125,1.2463941378877895e-06,0.0,0.0
provenance,Data2txt,8,7,0.0001,2112,32,128,32,6,True,13,9.526707817753348,11.825698915347779,15.836246960778428,-4.010548045430649,-23.20211310085666,-31.217471478350387,0.11539354109798715,0.4646213224328398,0.3333333333333333,0.1275656301316747,2.2360658338731785,0.43359375,5.494870215248272e-06,0.0,0.0
provenance,Data2txt,8,7,0.001,2112,32,128,32,6,True,12,10.800718524855021,9.96017873125599,13.718939380564326,-3.7587606493083383,-19.395841369862207,-27.055203432837683,0.11945116509117075,0.5032230799284897,0.3333333333333333,0.12756563013167468,2.236067756843863,0.26953125,0.015239002020182801,0.0,0.0
provenance,Data2txt,8,8,1e-06,2112,32,128,32,6,True,14,8.253942401065459,15.304439247301321,19.569124487344283,-4.2646852400429625,-31.256196019448254,-39.48581484849166,0.11118492243717576,0.6071626809856607,0.2,0.1499318948222638,2.23592825763004,0.38671875,8.099793747159209e-05,0.0,0.0
provenance,Data2txt,8,8,0.0001,2112,32,128,32,6,True,14,9.191291307182698,11.22954596962449,15.302847602263821,-4.07330163263933,-23.056624397701583,-31.010235926888225,0.10173323545053785,0.6013475896821858,0.2,0.14993189482226382,2.2360665669807873,0.3203125,0.002023141962701258,0.0,0.0
provenance,Data2txt,8,8,0.001,2112,32,128,32,6,True,13,10.195449391330833,9.352323301063839,13.231241211553414,-3.878917910489576,-19.150015748209988,-26.777562284582793,0.10045484652014347,0.6068113090079981,0.2,0.14993189482226382,2.236067833374421,0.3046875,0.003918128422278677,0.0,0.0625
provenance,Data2txt,8,9,1e-06,2112,32,128,32,6,True,12,5.87680786771835,15.275173532495213,18.99471083140463,-3.7195372989094135,-30.95967430648114,-38.99987005920788,0.16082647198906472,0.7006143872526611,0.2,0.16512229287093294,2.235877063768274,0.46875,5.725969015892803e-07,0.0,0.0
provenance,Data2txt,8,9,0.0001,2112,32,128,32,6,True,13,6.904017767798679,11.247991582506584,14.923071675749314,-3.6750800932427294,-22.47149909705937,-30.422760000420823,0.1568861961161959,0.6047115596647751,0.2,0.1651222928709329,2.236066063304085,0.3984375,4.275002732433483e-05,0.0,0.0
provenance,Data2txt,8,9,0.001,2112,32,128,32,6,True,12,7.901746797339422,9.416344603884308,12.972301149241904,-3.555956545357594,-18.459463055900223,-26.319981161513972,0.1571878932285668,0.5625921989837609,0.2,0.1651222928709329,2.2360677815685834,0.359375,0.0003307086162872392,0.0,0.0
provenance,Data2txt,8,10,1e-06,2112,32,128,32,6,True,12,5.974546387481929,15.801758596488277,19.946058249760924,-4.144299653272646,-31.461467304460676,-40.01645962941113,0.13640770143682016,0.610655745601214,0.2,0.17400882011502597,2.2359286843704775,0.43359375,5.494870215248272e-06,0.0,0.0
provenance,Data2txt,8,10,0.0001,2112,32,128,32,6,True,12,7.209321410981975,11.582423781595738,15.727602208242068,-4.1451784266463285,-22.672786479093297,-31.243154876572415,0.13083224098594898,0.5702554816067958,0.2,0.17400882011502597,2.236066581098086,0.30859375,0.003332485508264038,0.0,0.0
provenance,Data2txt,8,10,0.001,2112,32,128,32,6,True,12,8.423751552426113,9.646918113843348,13.671902523861512,-4.024984410018163,-18.62185628564773,-26.994831653455435,0.12922282065647764,0.5708722852495896,0.2,0.174008820115026,2.2360678347461276,0.2265625,0.06329008499721356,0.0,0.0
provenance,Data2txt,8,11,1e-06,2112,32,128,32,6,True,13,9.199874035009737,15.123583073733386,18.105442512940108,-2.981859439206722,-30.488879886747448,-39.93838601876456,0.31905641745185437,0.4120516064988313,0.2,0.16909728773249397,2.2358476821464532,0.453125,1.6066209987438353e-06,0.0,0.03125
provenance,Data2txt,8,11,0.0001,2112,32,128,32,6,True,13,9.541886359047034,11.194987794019227,14.995178965104092,-3.8001911710848653,-22.315388804367096,-30.744557024120212,0.32378287857632654,0.4116002415116249,0.2,0.1690972877324939,2.2360657673626516,0.46875,5.725969015892803e-07,0.0,0.0
provenance,Data2txt,8,11,0.001,2112,32,128,32,6,True,13,10.137799984646492,9.390091689028822,13.189549977740082,-3.7994582887112616,-18.4348364741838,-26.246548016448035,0.3277712332667862,0.41719377308471417,0.2,0.16909728773249394,2.2360677500658777,0.37109375,0.0001835721928313966,0.0,0.0
provenance,Data2txt,8,12,1e-06,2112,32,128,32,6,True,10,7.849965644466323,13.871814506921517,17.673359410282917,-3.8015449033613984,-28.623773031952446,-36.84317672952368,0.27205739418503094,0.4893267000497833,0.06666666666666667,0.13030578562470166,2.2359068408954816,0.46875,5.725969015892803e-07,0.0,0.0
provenance,Data2txt,8,12,0.0001,2112,32,128,32,6,True,12,8.995184645000665,9.867609570090895,13.509107128573511,-3.6414975584826186,-20.57973642591981,-28.362522529037584,0.2717032632083176,0.496352054020097,0.06666666666666667,0.1303057856247017,2.2360663628934545,0.375,0.00015015335773116095,0.0,0.0
provenance,Data2txt,8,12,0.001,2112,32,128,32,6,True,12,10.038290102227228,8.026815009249852,11.45432482121522,-3.4275098119653675,-16.9262971517041,-24.213556240923637,0.274356144699904,0.5122675991437893,0.06666666666666667,0.1303057856247017,2.2360678131636553,0.26953125,0.015239002020182801,0.0,0.03125
provenance,Data2txt,8,13,1e-06,2112,32,128,32,6,True,14,9.647746362094807,15.44498205133102,20.462255852507344,-5.017273801176321,-31.388328078519454,-40.1837405425432,0.13793766228205645,0.5549393907195139,0.2,0.14744443926155465,2.2359621697428125,0.4140625,1.761534789259186e-05,0.0,0.0
provenance,Data2txt,8,13,0.0001,2112,32,128,32,6,True,14,10.790544143809093,11.357724514493981,16.119076193970237,-4.761351679476257,-23.30924806631392,-31.83031042188891,0.15161219967102876,0.5908797803707159,0.2,0.14744443926155473,2.2360669165786247,0.3125,0.0028280808136970093,0.0,0.0
provenance,Data2txt,8,13,0.001,2112,32,128,32,6,True,14,11.945424068561373,9.460374750068912,14.066873026901993,-4.606498276833083,-19.484952983725957,-27.715561343539335,0.16073320707134153,0.6201075949946074,0.2,0.14744443926155465,2.2360678688397604,0.2578125,0.023049503107393954,0.0,0.03125
provenance,Data2txt,8,14,1e-06,2112,32,128,32,6,True,13,8.067416566631625,15.298814075350036,19.414436969131984,-4.115622893781948,-29.62367657311639,-37.556009829275325,0.23184586622854667,0.4543681514253488,0.26666666666666666,0.13465494700659203,2.2358687146254574,0.5390625,3.1443070599920086e-09,0.0,0.0
provenance,Data2txt,8,14,0.0001,2112,32,128,32,6,True,14,8.935646231969729,11.219715585652033,15.121555702293168,-3.9018401166411367,-21.520394035187223,-29.003732102680544,0.24722112226778992,0.47936861330472946,0.26666666666666666,0.134654947006592,2.2360659795910665,0.484375,1.9531445416439743e-07,0.0,0.0
provenance,Data2txt,8,14,0.001,2112,32,128,32,6,True,12,9.789249301689395,9.319147137159266,12.979578287092819,-3.6604311499335536,-17.762119696296764,-24.810969995751393,0.25617067107671393,0.5031176948072849,0.26666666666666666,0.13465494700659203,2.236067773006755,0.4296875,6.972144257737036e-06,0.0,0.0
provenance,Data2txt,8,15,1e-06,2112,32,128,32,6,True,12,4.965680940130955,16.41017154014861,20.840430737172078,-4.430259197023466,-30.725982525000838,-38.759979451508904,0.24848031288008354,0.5047789572474587,0.3333333333333333,0.17284605409694745,2.235947777914207,0.5234375,1.0862369755493835e-08,0.0,0.0
provenance,Data2txt,8,15,0.0001,2112,32,128,32,6,True,12,5.719138976698881,11.70845376071269,15.980693925367568,-4.272240164654879,-22.020276926326382,-29.88254082487677,0.280474930974085,0.5451428819658864,0.3333333333333333,0.17284605409694742,2.2360667721762955,0.3515625,0.00048391680113901714,0.0,0.0
provenance,Data2txt,8,15,0.001,2112,32,128,32,6,True,11,6.469346845239366,9.527284322455422,13.689369975797668,-4.162085653342245,-17.860984010717928,-25.550712719567393,0.30126309167721843,0.5798145946451342,0.3333333333333333,0.17284605409694742,2.2360678539669046,0.30078125,0.0045964920876675475,0.0,0.0
provenance,Data2txt,8,16,1e-06,2112,32,128,32,6,True,12,5.421727384449267,16.77766942849341,21.810126711994272,-5.032457283500859,-32.03748627745634,-40.50307504740639,0.20683566405175807,0.5050640567516271,0.26666666666666666,0.12409163564317738,2.235987553574129,0.36328125,0.00027243152982450486,0.0,0.0
provenance,Data2txt,8,16,0.0001,2112,32,128,32,6,True,12,6.381863428665934,11.66690290333489,16.460481860146313,-4.793578956811425,-23.14147220103058,-31.561523777835347,0.2070209112401821,0.5559296808628477,0.26666666666666666,0.12409163564317739,2.2360671712648155,0.19140625,0.16804572639730764,0.0,0.0
provenance,Data2txt,8,16,0.001,2112,32,128,32,6,True,12,7.362917249293863,9.24056272800285,13.83290192395758,-4.59233919595473,-18.85962755929443,-27.098760087349696,0.21071888615540751,0.5988837285869735,0.26666666666666666,0.12409163564317746,2.2360678950701356,0.1484375,0.4389092324944248,0.0,0.03125
provenance,Data2txt,8,17,1e-06,2112,32,128,32,6,True,12,5.321689322546561,19.096004024239193,23.70395164896182,-4.607947624722625,-35.14240147580145,-43.88414246734325,0.13649513451549072,0.282709454559171,0.26666666666666666,0.09633663017443761,2.235935498252699,0.328125,0.0014343423388577525,0.0,0.0
provenance,Data2txt,8,17,0.0001,2112,32,128,32,6,True,13,6.502608284337587,13.611175356362548,18.264382991318524,-4.653207634955976,-25.010879043950148,-33.78020432536124,0.175686029835552,0.37989321289315914,0.26666666666666666,0.09633663017443764,2.2360666481172986,0.265625,0.01753025986900625,0.0,0.0
provenance,Data2txt,8,17,0.001,2112,32,128,32,6,True,13,7.791898316713304,10.99907999530171,15.583115252189504,-4.584035256887796,-20.246366953471668,-28.859516429669895,0.20276827135286826,0.4640207510567355,0.26666666666666666,0.09633663017443765,2.236067840412569,0.24609375,0.03420078819718686,0.0,0.0
provenance,Data2txt,8,18,1e-06,2112,32,128,32,6,True,13,4.476214411816249,24.088746380794348,29.130421289768595,-5.041674908974246,-39.15739516186615,-49.341054379143955,0.21781767006077535,0.5109528692476708,0.3333333333333333,0.08751333270919448,2.235932414758367,0.296875,0.005380408679093063,0.0,0.0
provenance,Data2txt,8,18,0.0001,2112,32,128,32,6,True,13,5.46624798860447,16.240663029685216,21.127773116914653,-4.887110087229437,-27.58631774860416,-37.8578304588487,0.2606737627849778,0.593872866195645,0.3333333333333333,0.08751333270919448,2.236066614383346,0.28515625,0.008516483134002772,0.0,0.0
provenance,Data2txt,8,18,0.001,2112,32,128,32,6,True,13,6.598155132086561,12.460802668921772,17.335066743983724,-4.874264075061953,-21.95128355231137,-32.05653610724768,0.29081289429535484,0.6570004491088891,0.3333333333333333,0.08751333270919452,2.236067834375644,0.30859375,0.003332485508264038,0.0,0.0
provenance,Data2txt,8,19,1e-06,2112,32,128,32,6,True,12,5.789808699399875,23.027286979034002,28.184798634477318,-5.157511655443319,-44.89390815014943,-54.98004456106858,0.1061103489451771,0.4038134995762886,0.3333333333333333,0.117107566431268,2.2359016804732605,0.26171875,0.020122832277307934,0.0,0.0
provenance,Data2txt,8,19,0.0001,2112,32,128,32,6,True,12,7.064810292902089,16.009872354804564,21.261822465055772,-5.251950110251212,-31.31235095904691,-41.60506666643527,0.1193016111546922,0.5034203422082213,0.3333333333333333,0.11710756643126805,2.2360663054921788,0.265625,0.01753025986900625,0.0,0.0
provenance,Data2txt,8,19,0.001,2112,32,128,32,6,True,12,8.621726603587334,12.714975601156311,17.86954566643527,-5.154570065278955,-24.82161943191528,-35.03262135741238,0.1432225570172611,0.5848770535879204,0.3333333333333333,0.11710756643126798,2.2360678021006244,0.2109375,0.09973299868320518,0.0,0.0
provenance,Data2txt,8,20,1e-06,2112,32,128,32,6,True,13,5.760764930970102,24.37971558588842,29.49901445335422,-5.119298867465802,-41.47504423390288,-51.331761026540306,0.14785180277065735,0.3383552623876782,0.26666666666666666,0.14026953749686275,2.235927158182863,0.26171875,0.020122832277307934,0.0,0.0
provenance,Data2txt,8,20,0.0001,2112,32,128,32,6,True,13,6.99435623889771,16.837636894628595,21.80501608928372,-4.967379194655123,-29.565690117151654,-39.47990886922781,0.17968731102644248,0.4272235180147395,0.26666666666666666,0.1402695374968627,2.2360665586799855,0.29296875,0.006284175207939557,0.0,0.0
provenance,Data2txt,8,20,0.001,2112,32,128,32,6,True,12,8.429730412129853,13.268675944061009,18.000434708716174,-4.731758764655165,-23.804280092949565,-33.4891253628967,0.20295603573353418,0.5081606546601596,0.26666666666666666,0.14026953749686272,2.236067825925703,0.27734375,0.011441636662564925,0.0,0.0
provenance,Data2txt,8,21,1e-06,2112,32,128,32,6,True,13,5.035362777078188,23.46960225071107,28.090718440912212,-4.621116190201144,-39.42755177032922,-47.96051515508143,0.1779307852802578,0.2837554785625919,0.3333333333333333,0.11647147323287453,2.2358676830950306,0.30078125,0.0045964920876675475,0.0,0.0
provenance,Data2txt,8,21,0.0001,2112,32,128,32,6,True,13,6.1583806942079375,16.18005908072832,20.676249622768708,-4.496190542040395,-27.83173363081599,-36.474604319468604,0.21603175556927134,0.30933604057131414,0.3333333333333333,0.11647147323287453,2.2360659554629803,0.3046875,0.003918128422278677,0.0,0.0
provenance,Data2txt,8,21,0.001,2112,32,128,32,6,True,12,7.48762107668708,12.75251124703312,17.064022806709268,-4.31151155967615,-22.210273611254564,-30.79460638410345,0.24387062284375896,0.38126407083356517,0.3333333333333333,0.11647147323287453,2.2360677578990527,0.37109375,0.0001835721928313966,0.0,0.0
provenance,Data2txt,8,22,1e-06,2112,32,128,32,6,True,13,6.66408283637603,22.90228670669459,27.54996958166996,-4.64768287497537,-43.36620239038567,-53.40176408686928,0.16241715797909442,0.29289398561299973,0.26666666666666666,0.09327536110027443,2.235933381131127,0.1796875,0.22413848669948855,0.0,0.0
provenance,Data2txt,8,22,0.0001,2112,32,128,32,6,True,13,8.256866202574393,16.127724076223345,20.68236774679772,-4.554643670574374,-30.773313056607076,-40.96403327257779,0.16215225389342314,0.345824354957805,0.26666666666666666,0.09327536110027439,2.2360666237863627,0.17578125,0.24568342144282507,0.03125,0.03125
provenance,Data2txt,8,22,0.001,2112,32,128,32,6,True,12,10.244513887162906,12.905328745526964,17.289115758567164,-4.383787013040199,-24.714342376329707,-34.69089524620485,0.17146518718476,0.4380421769468979,0.26666666666666666,0.09327536110027441,2.2360678350739187,0.203125,0.12364561741406277,0.03125,0.0625
provenance,Data2txt,8,23,1e-06,2112,32,128,32,6,True,12,8.648766843076023,24.358576205287726,28.97616034985198,-4.617584144564252,-44.5375402298354,-53.55242983296412,0.1050482002275257,0.26040886769403254,0.2,0.043095148153290457,2.2354918925293896,0.30859375,0.003332485508264038,0.0,0.0
provenance,Data2txt,8,23,0.0001,2112,32,128,32,6,True,13,10.678721938686074,17.630416151659595,22.29624158480979,-4.6658254331501965,-32.216828075774146,-41.330462208296964,0.12727186079701147,0.3591916365741711,0.2,0.043095148153290457,2.236062118698317,0.375,0.00015015335773116095,0.0,0.0
provenance,Data2txt,8,23,0.001,2112,32,128,32,6,True,12,13.177411219738483,14.431895374829567,18.971756016757,-4.539860641927429,-26.309352935698325,-35.27901770392402,0.14356354042953112,0.4579654683864762,0.2,0.043095148153290457,2.2360673028709326,0.3671875,0.00022389586242234038,0.03125,0.03125
provenance,Data2txt,8,24,1e-06,2112,32,128,32,6,True,14,6.885086774145931,24.69348182263375,29.694869321344157,-5.0013874987104066,-50.053197184364784,-60.056401980067676,0.11319712291202177,0.5447557322488019,0.26666666666666666,0.13950775486601966,2.2359609026131766,0.23828125,0.044024328741878005,0.03125,0.03125
provenance,Data2txt,8,24,0.0001,2112,32,128,32,6,True,13,8.523438131188254,17.33048588626115,22.403354162482486,-5.072868276221333,-35.16413312876584,-45.28740997800848,0.11644492920404442,0.5968025277188211,0.26666666666666666,0.13950775486601963,2.236066898471558,0.21484375,0.08929299187673445,0.0625,0.09375
provenance,Data2txt,8,24,0.001,2112,32,128,32,6,True,13,10.661090188813699,13.743266394308153,18.711651976367317,-4.968385582059166,-27.83185957481265,-37.817191740232204,0.1198077092265824,0.6538171308464773,0.26666666666666666,0.1395077548660196,2.2360678620307373,0.2421875,0.03884383212662035,0.09375,0.09375
provenance,Data2txt,8,25,1e-06,2112,32,128,32,6,True,13,7.7199022400880875,26.112818226852927,30.875279641148136,-4.762461414295208,-51.424982808281655,-60.852250923078955,0.0828732232895128,0.5835627203424513,0.4,0.16181631850545358,2.235940572987438,0.27734375,0.011441636662564925,0.03125,0.0625
provenance,Data2txt,8,25,0.0001,2112,32,128,32,6,True,14,9.685358165453978,17.980495213588977,22.656018540638232,-4.675523327049258,-36.228158600694314,-45.5649556651532,0.08979134571083493,0.629191957500563,0.4,0.16181631850545364,2.2360666940595233,0.1953125,0.15202461682737267,0.0625,0.0625
provenance,Data2txt,8,25,0.001,2112,32,128,32,6,True,12,12.367492753749687,14.113330459719382,18.6241930603947,-4.5108626006753205,-28.720223676837826,-37.79494704169626,0.09492230532947749,0.6836765338759118,0.4,0.16181631850545367,2.2360678405810575,0.2421875,0.03884383212662035,0.0625,0.0625
provenance,Data2txt,8,26,1e-06,2112,32,128,32,6,True,13,6.32516020259365,21.468181610957554,26.18411188230776,-4.715930271350205,-46.525263026178266,-56.841716920520135,0.2388365261231733,0.5275185706982621,0.4,0.14286292143558466,2.23583760126856,0.15625,0.37618238772459234,0.0,0.03125
provenance,Data2txt,8,26,0.0001,2112,32,128,32,6,True,14,7.7520026159823665,15.09995615785009,19.808534340778596,-4.708578182928509,-33.03751941414731,-43.434766179719404,0.24879945871925116,0.5983716473500682,0.4,0.1428629214355847,2.2360656452966334,0.1015625,0.8632387261227612,0.03125,0.09375
provenance,Data2txt,8,26,0.001,2112,32,128,32,6,True,12,9.602411363574472,11.99056620018916,16.57247965725035,-4.581913457061192,-26.238628302352772,-36.376327107160954,0.261614607863933,0.659944513488909,0.4,0.14286292143558474,2.236067718341843,0.15625,0.37618238772459234,0.09375,0.15625
provenance,Data2txt,8,27,1e-06,2112,32,128,32,6,True,13,6.530970551212757,27.90373709075704,33.618519957822194,-5.714782867065157,-47.98838789530987,-58.29341037085233,0.08430354869729594,0.5275596326863748,0.4,0.1858170889736818,2.235950600851614,0.48046875,2.566420351772277e-07,0.0,0.03125
provenance,Data2txt,8,27,0.0001,2112,32,128,32,6,True,14,8.077376623600218,18.71192773691463,24.281411923862024,-5.569484186947388,-33.6806920632534,-44.115140876991745,0.08836668723829366,0.5784511821075975,0.4,0.18581708897368193,2.236066795439842,0.421875,1.1138794213006194e-05,0.09375,0.125
provenance,Data2txt,8,27,0.001,2112,32,128,32,6,True,12,10.072212261587364,14.319231062606761,19.62528761622696,-5.3060565536201985,-26.667803869996526,-36.900138673439855,0.09741351204446409,0.6361459420878617,0.4,0.18581708897368185,2.236067851723814,0.3984375,4.275002732433483e-05,0.09375,0.125
provenance,Data2txt,8,28,1e-06,2112,32,128,32,6,True,13,6.070810115458409,20.359415807701794,25.238408842751145,-4.878993035049353,-39.209586558182664,-48.56582075018079,0.21358719443837693,0.6346240521104728,0.4,0.12772199638483972,2.235904121126872,0.1484375,0.4389092324944248,0.0,0.0
provenance,Data2txt,8,28,0.0001,2112,32,128,32,6,True,13,7.236812455062742,13.993655342061768,18.82069693185835,-4.827041589796583,-28.281225651756245,-37.76945122839807,0.23419231717313832,0.6885468285974204,0.4,0.12772199638483975,2.23606632549339,0.14453125,0.4723187911787212,0.0,0.0
provenance,Data2txt,8,28,0.001,2112,32,128,32,6,True,13,8.547982747786879,10.939829249218988,15.586491478430101,-4.6466622292111115,-23.05823374827966,-32.29965116771391,0.2525905389336821,0.7289447299310035,0.4,0.12772199638483972,2.2360678000510896,0.23046875,0.05619496616337649,0.09375,0.21875
provenance,Data2txt,8,29,1e-06,2112,32,128,32,6,True,13,7.306537109157391,25.641346114858315,31.064285932846065,-5.422939817987748,-52.61355921501547,-63.20720975764076,0.07111319888157591,0.6642961150408145,0.4,0.16983519480699447,2.235883090367507,0.26953125,0.015239002020182801,0.0,0.0625
provenance,Data2txt,8,29,0.0001,2112,32,128,32,6,True,13,8.986138868013661,17.47638527814239,22.88429800995629,-5.407912731813896,-36.264974781341685,-46.77804721649064,0.08394579613856132,0.7280884222457199,0.4,0.1698351948069944,2.236066109028437,0.2578125,0.023049503107393954,0.125,0.125
provenance,Data2txt,8,29,0.001,2112,32,128,32,6,True,12,11.173531277377155,13.580906361812165,18.850781613380207,-5.269875251568044,-28.493431844138662,-38.67033603936731,0.10339693798149815,0.7785909205780698,0.4,0.1698351948069945,2.2360677727671874,0.28125,0.009882018841305573,0.125,0.125
provenance,Data2txt,8,30,1e-06,2112,32,128,32,6,True,13,5.133971006297903,20.679331865659307,25.55368278308777,-4.874350917428461,-37.25403476185288,-46.17783262199232,0.16758734638645426,0.4569694156797353,0.4,0.12326085174866494,2.2359069220303143,0.29296875,0.006284175207939557,0.0,0.0
provenance,Data2txt,8,30,0.0001,2112,32,128,32,6,True,13,6.13364868182444,14.130893040664297,18.745957473130083,-4.615064432465784,-26.659095134027773,-35.58757565311859,0.20145200209508848,0.5208096708682185,0.4,0.12326085174866494,2.236066355637887,0.15234375,0.4068336922893183,0.0,0.0
provenance,Data2txt,8,30,0.001,2112,32,128,32,6,True,13,7.270011002509996,11.030643296061903,15.378731154980024,-4.348087858918122,-21.494825073795077,-30.19135539396406,0.21963962462870623,0.576174710190293,0.4,0.12326085174866495,2.2360678050240166,0.21484375,0.08929299187673445,0.0,0.09375
provenance,Data2txt,8,31,1e-06,2112,32,128,32,6,True,12,2.684614932065962,20.752434214468224,24.786141018994506,-4.0337068045262825,-36.999416768328885,-44.558287302102514,0.3809154815661691,0.6751211647229048,0.2,0.035963254964808566,2.2358482265684945,0.3671875,0.00022389586242234038,0.0,0.0
provenance,Data2txt,8,31,0.0001,2112,32,128,32,6,True,12,3.4901671189414296,14.042137012946135,18.37315306500897,-4.331016052062832,-25.39482131233565,-33.37015422603555,0.3762274318378519,0.7050684205256775,0.2,0.035963254964808566,2.23606576093687,0.375,0.00015015335773116095,0.0,0.0
provenance,Data2txt,8,31,0.001,2112,32,128,32,6,True,12,4.313760345341635,10.884867147921295,15.252339363297,-4.367472215375706,-19.914529161878512,-27.901001366086895,0.36918717840042586,0.7324947260076453,0.2,0.035963254964808566,2.2360677385186425,0.2734375,0.013218761580640614,0.0,0.0
provenance,Summary,0,0,1e-06,64,32,64,32,6,True,26,5.491209715875346,34.025337339494165,44.01952508162212,-9.99418774212796,-67.78345957011112,-87.29626042511228,0.16579376161024234,0.3802224813165362,0.06666666666666667,0.020587866600718718,0.9999642928048822,0.50390625,4.777735966656153e-08,0.0,0.0
provenance,Summary,0,0,0.0001,64,32,64,32,6,True,27,6.5734365315525904,21.52618732346332,30.518547003131925,-8.992359679668604,-42.73608373786586,-60.25570015776245,0.196999635987634,0.4743130559825611,0.06666666666666667,0.020587866600718728,0.9999996404746686,0.44140625,3.3865729132296004e-06,0.0,0.0
provenance,Summary,0,0,0.001,64,32,64,32,6,True,29,7.964263010256359,15.632872674966482,23.84307261479816,-8.210199939831679,-30.877998919047272,-46.84182465044501,0.22145990040961103,0.5575222313629002,0.06666666666666667,0.020587866600718714,0.9999999618029871,0.39453125,5.302866591970586e-05,0.0,0.0
provenance,Summary,0,1,1e-06,64,32,64,32,6,True,23,11.4103524320295,34.04811233203554,44.76080219965016,-10.712689867614612,-68.45976901264706,-89.61183508144443,0.08037372361591648,0.6656790005036738,0.0,0.0,0.9999645231783003,0.50390625,4.777735966656153e-08,0.0,0.0
provenance,Summary,0,1,0.0001,64,32,64,32,6,True,23,13.58844948598356,21.86239454810886,30.96344082523123,-9.101046277122368,-44.091981049071926,-62.01390892095746,0.09096719983966636,0.7207166094363766,0.0,9.132049488501919e-35,0.9999996438253156,0.37890625,0.00012252525795373903,0.0,0.0
provenance,Summary,0,1,0.001,64,32,64,32,6,True,27,16.581141572649567,16.288911345348325,24.190509833103306,-7.901598487754981,-32.92024381869148,-48.44052534645063,0.09925960733123902,0.7691363870835989,0.0,1.7488689934666893e-33,0.9999999631008373,0.3515625,0.00048391680113901714,0.0,0.0
provenance,Summary,0,2,1e-06,64,32,64,32,6,True,22,22.34191263000014,36.415339418188154,46.83015344003508,-10.41481402184693,-72.76331178859084,-93.54044816044237,0.041755214235949314,0.5734781024326516,0.06666666666666667,0.0009466351310974174,0.9999332231281673,0.4453125,2.6482481675628015e-06,0.0,0.0
provenance,Summary,0,2,0.0001,64,32,64,32,6,True,27,28.579354395536463,24.31153859216502,33.45207385979993,-9.140535267634908,-48.298896189262024,-66.69818759860743,0.044530355184647735,0.6716808963030392,0.06666666666666667,0.0009466351310974162,0.9999993259538514,0.40625,2.7578766382172126e-05,0.0,0.0
provenance,Summary,0,2,0.001,64,32,64,32,6,True,26,37.775838408855364,18.81260532914795,27.017496734226896,-8.20489140507895,-37.00832275954534,-53.718783724620764,0.051840474584041916,0.750429073723922,0.06666666666666667,0.000946635131097415,0.9999999268581636,0.29296875,0.006284175207939557,0.0,0.0625
provenance,Summary,0,3,1e-06,64,32,64,32,6,True,22,21.55669493299702,35.76531764605913,46.82139335132683,-11.0560757052677,-70.73189290455082,-92.53600649748294,0.0488333936835183,0.3755681949729079,0.06666666666666667,0.03481983630963733,0.9999682211131512,0.51171875,2.6655534838440672e-08,0.0,0.0
provenance,Summary,0,3,0.0001,64,32,64,32,6,True,29,26.350062390744448,23.775291999496012,33.04382586335558,-9.26853386385956,-46.62428424266727,-64.98955388537132,0.04990448837526347,0.4942191710164041,0.06666666666666667,0.034819836309637316,0.9999996805371865,0.37109375,0.0001835721928313966,0.0,0.0
provenance,Summary,0,3,0.001,64,32,64,32,6,True,26,33.429938638248615,18.422378798420617,26.30152773756912,-7.879148939148502,-35.73513794588463,-51.53180171744725,0.05518238859174568,0.5978277179079011,0.06666666666666667,0.03481983630963733,0.9999999665225284,0.3515625,0.00048391680113901714,0.0,0.0
provenance,Summary,0,4,1e-06,64,32,64,32,6,True,23,18.07828408674654,34.79431634418519,45.97800479854554,-11.18368845436035,-68.81293222009378,-91.19249012582864,0.05725162564351297,0.20636679197684943,0.0,0.0,0.9999703583442356,0.53125,5.880538797173715e-09,0.0,0.0
provenance,Summary,0,4,0.0001,64,32,64,32,6,True,20,21.648717475583375,22.751040229322474,32.17564838673267,-9.424608157410187,-44.645008636569976,-63.586423097891014,0.05906297403831908,0.3356356737974545,0.0,4.6950173222225556e-35,0.9999997025559451,0.4140625,1.761534789259186e-05,0.0,0.0
provenance,Summary,0,4,0.001,64,32,64,32,6,True,24,26.597493209985966,17.358403249601118,25.37344056162936,-8.015037312028241,-33.7528530820467,-49.975196509134946,0.062220968017927064,0.4537035752931092,0.0,6.342662006480687e-33,0.9999999693177221,0.3515625,0.00048391680113901714,0.0,0.0
provenance,Summary,0,5,1e-06,64,32,64,32,6,True,23,19.80595884571561,35.36469645258672,46.680910758400096,-11.316214305813375,-69.6147580962621,-92.3674080984856,0.11529823638093852,0.6279088714058818,0.06666666666666667,0.08346093751605047,0.9999557971825817,0.55078125,1.2005495556246667e-09,0.0,0.0
provenance,Summary,0,5,0.0001,64,32,64,32,6,True,26,23.901821768512097,23.383351666453283,32.8842297547138,-9.500878088260517,-45.48276527226382,-64.76845818413017,0.11767937562230402,0.45368828210059753,0.06666666666666667,0.08346093751605044,0.9999995563078558,0.45703125,1.2463941378877895e-06,0.0,0.0
provenance,Summary,0,5,0.001,64,32,64,32,6,True,25,29.654073892165485,18.064552365561852,26.110216346619815,-8.045663981057963,-34.60324175116229,-51.183445140806,0.12209547114364153,0.378994001173923,0.06666666666666667,0.08346093751605049,0.9999999541149117,0.4453125,2.6482481675628015e-06,0.0,0.0
provenance,Summary,0,6,1e-06,64,32,64,32,6,True,25,21.245932728960383,34.74674618017238,46.1890094386667,-11.442263258494318,-68.59300823522852,-91.0246220290293,0.06884178431401511,0.28816512807907557,0.06666666666666667,0.07490649611169778,0.9999628333112099,0.5390625,3.1443070599920086e-09,0.0,0.0
provenance,Summary,0,6,0.0001,64,32,64,32,6,True,28,25.5028215486478,22.76626237130563,32.416044990928995,-9.649782619623366,-44.50608803908464,-63.495454780306616,0.0759968842795268,0.3634183934027266,0.06666666666666667,0.07490649611169775,0.9999996272113426,0.4609375,9.643405979524566e-07,0.0,0.0
provenance,Summary,0,6,0.001,64,32,64,32,6,True,27,31.68202392617994,17.471695315690773,25.690632916455165,-8.218937600764395,-33.763461976013254,-50.09945204518924,0.08053508774570729,0.46205491159147044,0.06666666666666667,0.07490649611169778,0.9999999616997676,0.36328125,0.00027243152982450486,0.0,0.0
provenance,Summary,0,7,1e-06,64,32,64,32,6,True,25,17.755380391610156,34.584543049809156,45.932689586389884,-11.348146536580726,-68.17720151706143,-90.53346319549783,0.11573700011987922,0.2275324344191927,0.0,0.0,0.9999723135742317,0.45703125,1.2463941378877895e-06,0.0,0.0
provenance,Summary,0,7,0.0001,64,32,64,32,6,True,21,21.130033592159386,22.528414018681215,32.125678918231,-9.597264899549792,-44.003731634218326,-62.92050799352492,0.11759491181356634,0.22399047329576582,0.0,1.0140697247629594e-36,0.999999722209226,0.50390625,4.777735966656153e-08,0.0,0.0
provenance,Summary,0,7,0.001,64,32,64,32,6,True,23,25.717392602070998,17.126354364563756,25.29219370639926,-8.165839341835504,-33.12397885117298,-49.26266844641359,0.11859441821511967,0.3167165352445873,0.0,1.1283691456339502e-32,0.9999999713756026,0.34765625,0.0005833332379917566,0.0,0.0
provenance,Summary,0,8,1e-06,64,32,64,32,6,True,23,21.498313715901457,34.87564423748982,46.38324119044124,-11.507596952951424,-68.79680998475925,-91.50973088077785,0.09667043303246693,0.2538763075263386,0.0,0.0,0.9999611199909181,0.453125,1.6066209987438353e-06,0.0,0.0
provenance,Summary,0,8,0.0001,64,32,64,32,6,True,28,25.77205727279846,22.893908552430545,32.577994583785056,-9.684086031354514,-44.709211410703844,-63.89994942468343,0.09977355295014974,0.17775240828710545,0.0,5.065081977112689e-35,0.9999996099456159,0.484375,1.9531445416439743e-07,0.0,0.0
provenance,Summary,0,8,0.001,64,32,64,32,6,True,25,31.675282789798004,17.586190547724676,25.756515915612873,-8.170325367888195,-33.93236975707129,-50.259769245211494,0.10498505203428404,0.25873830938755144,0.0,9.475965495017474e-33,0.9999999598522457,0.3515625,0.00048391680113901714,0.0,0.0
provenance,Summary,0,9,1e-06,64,32,64,32,6,True,25,20.78631354643292,34.849846528167944,46.039792368464774,-11.189945840296826,-68.40191276219463,-90.55691988128729,0.0967521966737259,1.1432582994858127,0.0,0.0,0.9999294982418605,0.5546875,8.653654568441033e-10,0.0,0.0
provenance,Summary,0,9,0.0001,64,32,64,32,6,True,27,24.859190214335655,22.903552243621114,32.245796867600724,-9.342244623979614,-44.301645873968255,-62.977695782790875,0.09840586608760088,0.7954829871080684,0.0,9.590576362909222e-33,0.9999992928052086,0.4375,4.3194095286281354e-06,0.0,0.0
provenance,Summary,0,9,0.001,64,32,64,32,6,True,26,30.617925398478487,17.650853314600255,25.472444934779837,-7.821591620179583,-33.53123768451443,-49.47385999160201,0.09937511408145466,0.4971753185594303,0.0,9.00275398473491e-34,0.9999999273086045,0.390625,6.56177627655692e-05,0.0,0.0
provenance,Summary,0,10,1e-06,64,32,64,32,6,True,23,21.95600108203285,34.960289776118145,46.57355584254739,-11.613266066429258,-68.75987913806387,-91.62819239670449,0.11057905330388484,0.915033390652984,0.06666666666666667,0.006120674165151006,0.9999291256935928,0.44921875,2.065437618612603e-06,0.0,0.0
provenance,Summary,0,10,0.0001,64,32,64,32,6,True,28,26.341299060721088,22.999400004716215,32.77508218101487,-9.775682176298655,-44.683225236735026,-64.03103746053588,0.11768356086574124,0.7661204200429313,0.06666666666666667,0.006120674165151027,0.9999992892196728,0.53515625,4.306753200063626e-09,0.0,0.0
provenance,Summary,0,10,0.001,64,32,64,32,6,True,25,32.62267796056516,17.727916199829423,25.998731159972248,-8.270814960142827,-33.93452178026608,-50.4751591696569,0.12206158225649044,0.6731462146624804,0.06666666666666667,0.0061206741651510166,0.999999927083451,0.3671875,0.00022389586242234038,0.0,0.0
provenance,Summary,0,11,1e-06,64,32,64,32,6,True,23,17.09295048324137,35.074823505228345,46.368635256210766,-11.293811750982421,-68.3169392992864,-90.71595999172395,0.17391308988178084,1.6802564269973013,0.0,0.0,0.9999291072526617,0.52734375,8.004572600022892e-09,0.0,0.0
provenance,Summary,0,11,0.0001,64,32,64,32,6,True,21,20.38488765470501,23.065694918978522,32.56518651768816,-9.499491598709646,-44.12483918987769,-63.109640371617246,0.17601104446492116,1.2504879996518554,0.0,8.334959177943694e-33,0.9999992882504494,0.49609375,8.463944829316085e-08,0.0,0.0
provenance,Summary,0,11,0.001,64,32,64,32,6,True,23,24.926698645115692,17.711196074619565,25.749223183480865,-8.0380271088613,-33.209237056747995,-49.48629633052036,0.17696995699846507,0.8810307025152685,0.0,4.842226025020233e-33,0.9999999262603992,0.4375,4.3194095286281354e-06,0.0,0.0
provenance,Summary,0,12,1e-06,64,32,64,32,6,True,27,12.3592331095824,34.01491285791971,45.62162715795616,-11.606714300036444,-66.60126586697601,-89.04019645265873,0.1896269881070383,0.6913759202587281,0.0,0.0,0.999972501795796,0.55078125,1.2005495556246667e-09,0.0,0.0
provenance,Summary,0,12,0.0001,64,32,64,32,6,True,25,14.48583778784589,21.899997793897192,31.81255353167223,-9.912555737775039,-42.27387965958367,-61.42345756743045,0.19291577044605632,0.6949906277649696,0.0,1.2733204022272388e-34,0.9999997243233293,0.5078125,3.5739234993795985e-08,0.0,0.0
provenance,Summary,0,12,0.001,64,32,64,32,6,True,28,17.268169866464753,16.42237422239031,24.96246417798296,-8.540089955592647,-31.209530351247498,-47.735755000877056,0.1947442117212704,0.7127472460252411,0.0,6.283902296754672e-33,0.9999999718008504,0.515625,1.9821584182061652e-08,0.03125,0.03125
provenance,Summary,0,13,1e-06,64,32,64,32,6,True,24,18.704290526656706,34.975019487471265,46.999878902363534,-12.024859414892273,-68.85365102724373,-92.46000523572826,0.1660270508509502,0.5902238362536286,0.06666666666666667,0.07132399538399539,0.9999667795870987,0.51953125,1.4695611473045727e-08,0.0,0.0
provenance,Summary,0,13,0.0001,64,32,64,32,6,True,23,22.43218937437442,22.94159215396774,33.19620086688996,-10.254608712922224,-44.69802806688887,-64.85125985653204,0.16808548675511212,0.5388222924267831,0.06666666666666667,0.07132399538399539,0.9999996668063058,0.46484375,7.440993543545822e-07,0.0,0.0
provenance,Summary,0,13,0.001,64,32,64,32,6,True,26,27.5491430602666,17.545514529834882,26.379411614323985,-8.833897084489106,-33.799957530650225,-51.208382051852425,0.16901930519999855,0.5400218013300901,0.06666666666666667,0.07132399538399538,0.9999999657799986,0.4609375,9.643405979524566e-07,0.03125,0.03125
provenance,Summary,0,14,1e-06,64,32,64,32,6,True,24,15.86467094882401,34.789005813163165,45.903348283500826,-11.114342470337665,-68.13013020503399,-89.98071059486477,0.1405986829150535,0.6553401891037871,0.06666666666666667,0.024568164190029756,0.9999608921530562,0.5234375,1.0862369755493835e-08,0.0,0.0
provenance,Summary,0,14,0.0001,64,32,64,32,6,True,25,18.868583831315455,22.770764436864805,32.10041983561792,-9.329655398753115,-43.90703817281316,-62.37363443526099,0.14262556327910147,0.42033209285629375,0.06666666666666667,0.024568164190029728,0.9999996075948979,0.4921875,1.1216721367937644e-07,0.0,0.0
provenance,Summary,0,14,0.001,64,32,64,32,6,True,24,23.038808665835887,17.418669180325388,25.298100586099725,-7.879431405774336,-32.96446307182959,-48.75950635291281,0.143683828650911,0.26443855004454736,0.06666666666666667,0.024568164190029742,0.9999999595507786,0.40234375,3.4378979835934295e-05,0.0,0.0
provenance,Summary,0,15,1e-06,64,32,64,32,6,True,23,12.012352121343472,34.44958241922384,45.681826554631684,-11.232244135407845,-67.74107741948666,-89.89526716623111,0.18262643731248263,0.9924398875867954,0.0,0.0,0.9999593443720997,0.44921875,2.065437618612603e-06,0.0,0.0
provenance,Summary,0,15,0.0001,64,32,64,32,6,True,23,14.265094386679383,22.353418958556347,31.908706670216734,-9.555287711660387,-43.39010120524781,-62.33656551814542,0.19212764499707027,0.8795882141680857,0.0,8.48250485924817e-37,0.9999995923404598,0.47265625,4.3941678569641396e-07,0.0,0.0
provenance,Summary,0,15,0.001,64,32,64,32,6,True,29,17.490510240499283,16.898450737621843,25.208838209632958,-8.310387472011111,-32.24974801469838,-48.875051010531685,0.19825523765235098,0.8006172713396621,0.0,1.3334763850348634e-32,0.9999999582335886,0.4375,4.3194095286281354e-06,0.0,0.0
provenance,Summary,0,16,1e-06,64,32,64,32,6,True,23,13.370911167594121,34.69009622987023,45.3605173873591,-10.670421157488876,-68.51997488672703,-89.55833612054046,0.1119479514095676,0.7619573849011851,0.0,0.0,0.9999724760523505,0.58984375,3.907407161202246e-11,0.0,0.0
provenance,Summary,0,16,0.0001,64,32,64,32,6,True,24,16.113539758906505,22.60383319929707,31.652276202226158,-9.048443002929087,-44.18408902804863,-62.11380441808724,0.12072981847552872,0.683949855989342,0.0,8.137526232051448e-37,0.999999723952729,0.4609375,9.643405979524566e-07,0.0,0.0
provenance,Summary,0,16,0.001,64,32,64,32,6,True,25,20.313846787345412,17.155005502671102,25.061164606029546,-7.9061591033584415,-33.03974899841193,-48.81427673489203,0.124047409561805,0.6480947652315822,0.0,1.1634282730042791e-32,0.9999999716592944,0.33984375,0.0008417776706329816,0.0,0.03125
provenance,Summary,0,17,1e-06,64,32,64,32,6,True,24,18.604520522130887,35.090294332430965,46.59358557944711,-11.503291247016143,-68.99385600260266,-91.8434695032652,0.08273206568039887,0.807591268765878,0.06666666666666667,0.02695609261664181,0.9999484675407374,0.47265625,4.3941678569641396e-07,0.0,0.0
provenance,Summary,0,17,0.0001,64,32,64,32,6,True,22,22.381810853049213,23.129287009519565,32.81392967854565,-9.684642669026085,-44.83259736575016,-64.2726132230623,0.08811407394239996,0.5847636172362153,0.06666666666666667,0.026956092616641784,0.9999994831434496,0.453125,1.6066209987438353e-06,0.0,0.0
provenance,Summary,0,17,0.001,64,32,64,32,6,True,24,27.888249448382588,17.8514436390238,26.107673824403058,-8.256230185379259,-33.9303346610659,-50.78718660354237,0.09244947769818646,0.4338774616047319,0.06666666666666667,0.026956092616641794,0.9999999469240247,0.46484375,7.440993543545822e-07,0.0,0.0
provenance,Summary,0,18,1e-06,64,32,64,32,6,True,23,22.851982194781403,35.821987763626744,47.36984373298705,-11.547855969360311,-70.23412763898816,-93.07748772871045,0.07825997145246737,0.20885798109552278,0.06666666666666667,0.009826736072129088,0.9999324152690557,0.59375,2.721647700373601e-11,0.0,0.0
provenance,Summary,0,18,0.0001,64,32,64,32,6,True,27,27.803064314375796,23.868687513944906,33.5743654733016,-9.705677959356699,-46.16112602566925,-65.48550010310353,0.07959608457121006,0.33210916970599297,0.06666666666666667,0.009826736072129083,0.9999993196552949,0.484375,1.9531445416439743e-07,0.0,0.0
provenance,Summary,0,18,0.001,64,32,64,32,6,True,26,34.98696883857644,18.55068462441692,26.80260460487306,-8.25191998045614,-35.32288588675507,-51.93324266559947,0.08034975967461819,0.4598819946320169,0.06666666666666667,0.009826736072129087,0.999999927860672,0.4453125,2.6482481675628015e-06,0.0,0.0
provenance,Summary,0,19,1e-06,64,32,64,32,6,True,23,21.58542394822782,35.5134509017245,47.30698076262716,-11.793529860902664,-70.16948227952858,-93.6561159472828,0.049800624483632636,0.5873409930511321,0.06666666666666667,0.06596292999648952,0.9999661075632134,0.453125,1.6066209987438353e-06,0.0,0.0
provenance,Summary,0,19,0.0001,64,32,64,32,6,True,22,26.192389173444504,23.549720498769915,33.51577977118987,-9.966059272419951,-46.07502682774361,-66.06979246294544,0.0561410397201364,0.6337360504109378,0.06666666666666667,0.06596292999648952,0.9999996599283822,0.47265625,4.3941678569641396e-07,0.0,0.03125
provenance,Summary,0,19,0.001,64,32,64,32,6,True,25,32.79503115929768,18.25100053103585,26.76549779859522,-8.51449726755937,-35.235427361583454,-52.541839155892525,0.059977460376959904,0.6842436563902714,0.06666666666666667,0.0659629299964895,0.9999999649478909,0.4765625,3.3628360559232897e-07,0.03125,0.03125
provenance,Summary,0,20,1e-06,64,32,64,32,6,True,22,19.274009505261386,35.53273166868257,47.255502691723954,-11.722771023041375,-69.49426848370967,-92.76345446780164,0.09301697023195264,0.6271920511356281,0.06666666666666667,0.12518230842380682,0.9999496548286592,0.53515625,4.306753200063626e-09,0.0,0.0
provenance,Summary,0,20,0.0001,64,32,64,32,6,True,23,23.21650006454649,23.581539437316675,33.453209469065506,-9.871670031748833,-45.35204389245072,-65.15533755219232,0.09438859735010438,0.49457103672914393,0.06666666666666667,0.12518230842380676,0.999999494764733,0.54296875,2.2883894261223224e-09,0.0,0.0
provenance,Summary,0,20,0.001,64,32,64,32,6,True,25,28.75435957942681,18.29888319322361,26.65071138845458,-8.351828195230972,-34.47101568961989,-51.52310036773232,0.09505286355600064,0.4499796734637594,0.06666666666666667,0.12518230842380676,0.9999999478548142,0.46875,5.725969015892803e-07,0.0,0.0
provenance,Summary,0,21,1e-06,64,32,64,32,6,True,24,13.106381262813732,35.21298632757249,45.782272537374865,-10.569286209802375,-69.26511712488977,-90.07551534675338,0.11341290530983393,1.229287258837095,0.0,0.0,0.9999530847587541,0.51171875,2.6655534838440672e-08,0.0,0.0
provenance,Summary,0,21,0.0001,64,32,64,32,6,True,24,15.860774773742882,23.171839093554453,32.06240574188912,-8.89056664833467,-44.913236968072056,-62.58857480220638,0.12186688348140043,0.957644071727205,0.0,1.8359516473077733e-34,0.9999995291846853,0.42578125,8.823843192351946e-06,0.0,0.0
provenance,Summary,0,21,0.001,64,32,64,32,6,True,28,20.016501727322918,17.776952517821535,25.426587766161738,-7.649635248340202,-33.71301472508158,-49.19089788746558,0.125201442370183,0.7467435075390101,0.0,4.4454878623697284e-32,0.9999999514060615,0.36328125,0.00027243152982450486,0.0,0.0
provenance,Summary,0,22,1e-06,64,32,64,32,6,True,22,27.584199294011306,35.812478886824366,47.53253803260499,-11.720059145780617,-70.45222827475564,-93.81100039574117,0.041075421588825455,0.6808548781864628,0.0,0.0,0.9999308704854343,0.515625,1.9821584182061652e-08,0.0,0.0
provenance,Summary,0,22,0.0001,64,32,64,32,6,True,26,33.64797809569558,23.93612599994168,33.73528690840699,-9.799160908465304,-46.47625457126796,-66.21271994538938,0.04582308195352029,0.4610257981578604,0.0,1.7617375062945297e-33,0.9999993062971589,0.38671875,8.099793747159209e-05,0.0,0.0
provenance,Summary,0,22,0.001,64,32,64,32,6,True,25,42.43281415191484,18.752045788769003,26.962091220442744,-8.210045431673745,-35.797000410269035,-52.63902432441368,0.04906355785508572,0.34608691843956213,0.0,1.5957783414504855e-32,0.9999999284467489,0.39453125,5.302866591970586e-05,0.0,0.0
provenance,Summary,0,23,1e-06,64,32,64,32,6,True,24,36.719113030319946,36.105593272428905,47.25442577120385,-11.14883249877494,-71.06059714538144,-92.97511739386758,0.0333345412741769,0.4433530366404946,0.0,0.0,0.9999141731086868,0.515625,1.9821584182061652e-08,0.0,0.0
provenance,Summary,0,23,0.0001,64,32,64,32,6,True,26,45.28023343745321,24.265852417881813,33.4691305716951,-9.20327815381329,-47.23478398309942,-65.41422200400002,0.03404104255505723,0.25701365048171276,0.0,5.223252569463269e-33,0.9999991380481391,0.3984375,4.275002732433483e-05,0.0,0.0
provenance,Summary,0,23,0.001,64,32,64,32,6,True,28,58.65815132190408,19.140211422461356,26.763539049316122,-7.623327626854769,-36.800358030652696,-52.06241681753281,0.034499276397656625,0.2645044874374702,0.0,7.311629433941704e-33,0.9999999104625663,0.33984375,0.0008417776706329816,0.0,0.0
provenance,Summary,0,24,1e-06,64,32,64,32,6,True,23,31.378328837831543,36.25666335818408,47.10884164504988,-10.852178286865804,-71.98445792203933,-93.3207098606974,0.03977301386530162,0.6239781347705738,0.0,0.0,0.9999426739385452,0.45703125,1.2463941378877895e-06,0.0,0.0
provenance,Summary,0,24,0.0001,64,32,64,32,6,True,23,39.10908138089777,24.326765092391362,33.370788366607755,-9.044023274216396,-48.04573612764415,-65.85341674076858,0.04380352594027874,0.6062102679012844,0.0,2.888233018484759e-36,0.9999994242704013,0.37109375,0.0001835721928313966,0.0,0.0
provenance,Summary,0,24,0.001,64,32,64,32,6,True,25,51.26219092479903,19.054834003681897,26.706964414147244,-7.652130410465345,-37.3757019140279,-52.53877062317963,0.04525060163725218,0.632392941251885,0.0,6.539660625025485e-34,0.9999999401806088,0.33203125,0.0012036243832190818,0.0,0.03125
provenance,Summary,0,25,1e-06,64,32,64,32,6,True,23,30.755069285829432,36.01290368877588,46.1863147352999,-10.17341104652403,-72.47214764040103,-92.53494622710892,0.037118197308509515,0.6302470615042796,0.0,0.0,0.999938645993521,0.43359375,5.494870215248272e-06,0.0,0.0
provenance,Summary,0,25,0.0001,64,32,64,32,6,True,25,38.553813522490586,24.04668604514532,32.429318801842015,-8.382632756696694,-48.509051814453116,-65.00878586083923,0.04592646084707285,0.6547854414261858,0.0,7.213612016488803e-34,0.9999993839828765,0.328125,0.0014343423388577525,0.0,0.0
provenance,Summary,0,25,0.001,64,32,64,32,6,True,25,51.82586381079009,18.74160121063855,25.81816260613254,-7.076561395493989,-37.777382300554564,-51.710814375913344,0.05089730232568353,0.6988270536274385,0.0,4.0945171400165965e-32,0.999999936147366,0.25390625,0.026345621729621516,0.03125,0.0625
provenance,Summary,0,26,1e-06,64,32,64,32,6,True,24,12.56246552349683,34.38985272473046,45.93245626638364,-11.542603541653188,-68.35033660658809,-91.08722718898349,0.08621528753735921,0.7545515619433331,0.06666666666666667,0.021189533252637015,0.9999366802468557,0.45703125,1.2463941378877895e-06,0.0,0.0
provenance,Summary,0,26,0.0001,64,32,64,32,6,True,23,15.02482209562358,22.281482330301614,32.172297158157804,-9.890814827856195,-44.01275254826855,-63.55788407090981,0.09603634354405315,0.7491538774748592,0.06666666666666667,0.021189533252636998,0.9999993652146687,0.4140625,1.761534789259186e-05,0.0,0.0
provenance,Summary,0,26,0.001,64,32,64,32,6,True,26,18.71922181705185,16.81593854102005,25.528185489035078,-8.712246948015029,-32.88040368561295,-50.21424041662526,0.10039850931764935,0.7565943670399432,0.06666666666666667,0.02118953325263703,0.9999999350950278,0.30859375,0.003332485508264038,0.0,0.0
provenance,Summary,0,27,1e-06,64,32,64,32,6,True,23,26.009284146683488,35.206995468214764,46.39563868216718,-11.188643213952414,-70.70738263292674,-92.57693697066816,0.04176059977061989,0.7430090610048337,0.06666666666666667,0.08413414672712366,0.9999612336919759,0.4296875,6.972144257737036e-06,0.0,0.0
provenance,Summary,0,27,0.0001,64,32,64,32,6,True,26,31.948146369186027,23.185191068571882,32.639431157270906,-9.454240088699024,-46.693589039727854,-65.06695048974049,0.04686713084312296,0.7821408300328759,0.06666666666666667,0.08413414672712363,0.9999996111593141,0.34765625,0.0005833332379917566,0.03125,0.03125
provenance,Summary,0,27,0.001,64,32,64,32,6,True,25,41.385708742546214,17.826365732524124,26.028002524572898,-8.201636792048774,-35.97337995026251,-51.8249502004179,0.04866544901344401,0.819358812284012,0.06666666666666667,0.08413414672712366,0.9999999600458238,0.41796875,1.4025356802009893e-05,0.03125,0.0625
provenance,Summary,0,28,1e-06,64,32,64,32,6,True,24,17.54755353561949,34.4114709783374,45.77666084351447,-11.36518986517707,-68.12590722835925,-90.38365057208048,0.08451837220727247,0.6084544505113262,0.06666666666666667,0.04168841569398999,0.9999641932924399,0.4375,4.3194095286281354e-06,0.0,0.0
provenance,Summary,0,28,0.0001,64,32,64,32,6,True,22,20.892955936740346,22.349164179431508,31.978231271075664,-9.629067091644156,-43.948703049738086,-62.78810514637864,0.09309875202909541,0.6434153979271402,0.06666666666666667,0.04168841569398997,0.9999996409696532,0.41015625,2.206867216799958e-05,0.0,0.0
provenance,Summary,0,28,0.001,64,32,64,32,6,True,24,25.641814443793958,16.948529965742615,25.200911407236713,-8.252381441494098,-33.080197326039126,-49.23922182475319,0.09897827716057435,0.6861032096870973,0.06666666666666667,0.041688415693990004,0.9999999632218798,0.3984375,4.275002732433483e-05,0.0,0.0
provenance,Summary,0,29,1e-06,64,32,64,32,6,True,23,12.082965049106113,34.38846570643515,45.52848603276643,-11.140020326331278,-68.76019041856713,-91.15399431439077,0.07128525405481459,0.7021866938467451,0.0,0.0,0.9999747022719737,0.42578125,8.823843192351946e-06,0.0,0.0
provenance,Summary,0,29,0.0001,64,32,64,32,6,True,23,14.439590344879194,22.25694852622002,31.730027046936122,-9.473078520716104,-44.41448027977334,-63.54972115182579,0.08168504347806937,0.7380256986972606,0.0,3.0712571042664324e-35,0.9999997462877452,0.375,0.00015015335773116095,0.0,0.0
provenance,Summary,0,29,0.001,64,32,64,32,6,True,26,17.742519972219323,16.75577444685166,24.95359070993586,-8.1978162630842,-33.26326681396995,-49.937704766328864,0.0882485619036486,0.7723662196931942,0.0,2.5167116199095476e-32,0.9999999739591525,0.32421875,0.0017054146413849613,0.0,0.0
provenance,Summary,0,30,1e-06,64,32,64,32,6,True,23,12.060605916526328,34.46549953448472,45.533031922853496,-11.067532388368775,-67.8243996247636,-89.53847704541407,0.13486563164748444,0.7250286574192415,0.0,0.0,0.9999665214808094,0.5390625,3.1443070599920086e-09,0.0,0.0
provenance,Summary,0,30,0.0001,64,32,64,32,6,True,23,14.384016687882793,22.318595754231623,31.767552090948836,-9.44895633671721,-43.472467591117024,-62.021598486383425,0.1451982529176783,0.7239423145597664,0.0,1.5694496638348562e-34,0.9999996643107899,0.390625,6.56177627655692e-05,0.0,0.0
provenance,Summary,0,30,0.001,64,32,64,32,6,True,29,17.95456027246882,16.781786603797194,25.093995432084967,-8.312208828287769,-32.347421575829976,-48.724327093949796,0.14923903760005305,0.7359028756455641,0.0,1.0864303770941231e-33,0.9999999656099575,0.39453125,5.302866591970586e-05,0.03125,0.03125
provenance,Summary,0,31,1e-06,64,32,64,32,6,True,22,2.905676508347863,32.933813073559044,42.73198583696902,-9.798172763409973,-65.13827811826182,-84.07272279927857,0.4740823744912517,0.9493685639022557,0.06666666666666667,0.029392941411529712,0.9999672290627754,0.46875,5.725969015892803e-07,0.0,0.0
provenance,Summary,0,31,0.0001,64,32,64,32,6,True,25,4.233344531699734,20.715412465244206,29.46896792690702,-8.753555461662813,-40.62621202010483,-57.53753040081103,0.3808669455585425,0.7100976344512098,0.06666666666666667,0.02939294141152971,0.9999996713171402,0.515625,1.9821584182061652e-08,0.0,0.03125
provenance,Summary,0,31,0.001,64,32,64,32,6,True,23,5.8558623930574,15.093291857458455,23.02552290124541,-7.932231043786955,-29.310629777185873,-44.62417924262455,0.3267999563420682,0.6719429343347255,0.06666666666666667,0.0293929414115297,0.9999999662473906,0.53125,5.880538797173715e-09,0.03125,0.03125
provenance,Summary,1,0,1e-06,128,64,128,64,6,True,13,3.3295294424717077,26.607908843063242,31.54316736173618,-4.935258518672935,-56.24931615857817,-66.442756077843,0.2845939693757149,0.5933834197217019,0.06666666666666667,0.06235247256460602,1.4141901535226917,0.34765625,2.0405468231762025e-07,0.0,0.0
provenance,Summary,1,0,0.0001,128,64,128,64,6,True,14,4.247359660745838,16.86560824950663,21.856087385379688,-4.990479135873056,-35.93760207771492,-46.3098337637303,0.2658618020636625,0.5443035623948013,0.06666666666666667,0.06235247256460604,1.4142133276022493,0.2421875,0.0008648914279818509,0.0,0.0
provenance,Summary,1,0,0.001,128,64,128,64,6,True,12,5.2771583478750745,12.307691599893598,17.24665680288092,-4.9389652029873226,-26.31201032504895,-36.57981534689559,0.25786685628037,0.5542590068602997,0.06666666666666667,0.06235247256460606,1.4142135382731824,0.2578125,0.0003067517614871289,0.0,0.03125
provenance,Summary,1,1,1e-06,128,64,128,64,6,True,9,10.26329581062118,15.471186248835807,18.247742087622008,-2.776555838786206,-33.235638897140134,-39.24729539048635,0.09359377326503206,0.40366054434734283,0.4666666666666667,0.134441902180608,1.074028115678442,0.328125,1.2243111912391923e-06,0.03125,0.109375
provenance,Summary,1,1,0.0001,128,64,128,64,6,True,11,12.469430531436048,13.674678619926196,16.65511469974261,-2.980436079816415,-27.92663272379891,-34.27111000062516,0.08188951728378167,0.47224405085124277,0.4666666666666667,0.13444190218060798,1.0726107079598497,0.078125,0.8006734038811635,0.015625,0.0625
provenance,Summary,1,1,0.001,128,64,128,64,6,True,11,15.003624876905084,12.511552246356011,15.787879531358524,-3.276327285002511,-24.895699244042195,-31.68602701440546,0.0843035180519726,0.5398834344208268,0.4666666666666667,0.134441902180608,1.0642728670631085,0.15625,0.07864119650365797,0.03125,0.0625
provenance,Summary,1,2,1e-06,128,64,128,64,6,True,13,15.168353619862032,27.217026069875693,31.505923823458865,-4.288897753583174,-56.021574696648386,-64.79559150589071,0.07631421114202763,0.2650777350511266,0.4666666666666667,0.041088656638028166,2.157641670220852,0.26171875,0.00023421588027392409,0.0,0.03125
provenance,Summary,1,2,0.0001,128,64,128,64,6,True,13,19.94324243900069,20.601021461926777,25.41184558200958,-4.8108241200828035,-40.94887014064561,-50.85136393690024,0.07154445039877473,0.4004855274743308,0.4666666666666667,0.04108865663802817,2.2165856701866335,0.1796875,0.027986795978923062,0.0,0.03125
provenance,Summary,1,2,0.001,128,64,128,64,6,True,12,26.487279576184267,17.080704878907714,21.970348511612872,-4.889643632705157,-33.055135947314994,-43.22418760907365,0.06755644278300275,0.5338226160746896,0.4666666666666667,0.04108865663802815,2.2331834800214594,0.1875,0.019198840092638503,0.015625,0.03125
provenance,Summary,1,3,1e-06,128,64,128,64,6,True,14,15.740015461954258,26.252665953292762,30.874128586196022,-4.621462632903259,-51.31102037770502,-60.44612281023193,0.09922378439112252,0.26215758909454306,0.3333333333333333,0.048882853333212184,2.235377809481602,0.23828125,0.0011089305334915922,0.0,0.0
provenance,Summary,1,3,0.0001,128,64,128,64,6,True,13,19.617878725175355,19.478609664901953,24.265607375391973,-4.786997710490022,-37.40350543458577,-46.891485567835076,0.09169656494944664,0.27798371573568925,0.3333333333333333,0.04888285333321219,2.2360577874987646,0.19140625,0.015804300999892495,0.0,0.0
provenance,Summary,1,3,0.001,128,64,128,64,6,True,12,24.813696602107633,16.22748665628866,20.86240923184282,-4.63492257555416,-30.772080512442123,-39.97395357710538,0.08552124003972239,0.39173163575513487,0.3333333333333333,0.04888285333321219,2.2360665915261615,0.1953125,0.012956778323651608,0.0,0.0
provenance,Summary,1,4,1e-06,128,64,128,64,6,True,13,12.395142112504956,26.306858398547625,31.108290736265808,-4.801432337718183,-49.88508725137122,-59.1286949715076,0.10615218650872786,0.2940429345355128,0.2,0.03718483427374224,2.2356546289029593,0.27734375,7.625341090941141e-05,0.0,0.0
provenance,Summary,1,4,0.0001,128,64,128,64,6,True,15,15.284838189210172,18.869763858751014,23.619851622321377,-4.750087763570362,-35.607950488169905,-44.87326710461341,0.09781663573861464,0.25934338792823747,0.2,0.03718483427374224,2.2360636879537843,0.25390625,0.00040003832561633833,0.0,0.015625
provenance,Summary,1,4,0.001,128,64,128,64,6,True,13,19.039355641167692,15.426596805683625,19.931401171363063,-4.504804365679442,-28.988567357438534,-37.93635626723517,0.0910999568143679,0.3483631054430157,0.2,0.03718483427374225,2.236067440594703,0.28515625,4.2393021425918005e-05,0.015625,0.015625
provenance,Summary,1,5,1e-06,128,64,128,64,6,True,14,9.12405796097373,27.632041497326657,32.64852981097621,-5.01648831364955,-50.621026973933525,-60.24251165198914,0.2217645246044591,0.9648727117264672,0.2,0.05652582271623406,2.2355174382245138,0.32421875,1.7280790878279833e-06,0.0,0.0
provenance,Summary,1,5,0.0001,128,64,128,64,6,True,14,11.123214084951542,19.49832603761272,24.503268670943264,-5.004942633330544,-35.38763081232736,-45.152774449326415,0.22633601667406467,0.6330835873661523,0.2,0.056525822716234055,2.2360623089697897,0.34375,2.94696086558289e-07,0.0,0.0
provenance,Summary,1,5,0.001,128,64,128,64,6,True,13,13.642551798176271,15.736596876207473,20.555293763932482,-4.818696887725007,-28.246164152335123,-37.85968591990624,0.22870619338652687,0.406127829254043,0.2,0.05652582271623409,2.2360672617759394,0.296875,1.7005936285341643e-05,0.0,0.0
provenance,Summary,1,6,1e-06,128,64,128,64,6,True,14,9.698366515383302,20.162285492568174,23.970255108777533,-3.807969616209358,-40.859385840590036,-48.9272775155041,0.1438601558835933,0.40384189114012065,0.2,0.11809210539450063,2.2355104250532105,0.34765625,2.0405468231762025e-07,0.0,0.0
provenance,Summary,1,6,0.0001,128,64,128,64,6,True,14,11.989357050976583,15.397265156419355,19.21300241486524,-3.8157372584458855,-29.93352646579831,-37.843977485786496,0.13083139660344764,0.27656445063189405,0.2,0.11809210539450068,2.236062310533944,0.30078125,1.2432095028578863e-05,0.0,0.015625
provenance,Summary,1,6,0.001,128,64,128,64,6,True,13,14.684914639289847,13.160684554341042,16.87517315014335,-3.7144885958023073,-24.899885323469444,-32.54747344003877,0.12149439909136409,0.29672282127156085,0.2,0.11809210539450064,2.236067327989695,0.30859375,6.556227414924601e-06,0.015625,0.046875
provenance,Summary,1,7,1e-06,128,64,128,64,6,True,14,9.441370408935944,22.515930237540946,27.007836213309425,-4.491905975768476,-42.9627070858692,-51.70634254235547,0.18735027272681445,0.6430483737367225,0.2,0.07978000643814442,2.2356852890960655,0.26171875,0.00023421588027392409,0.0,0.0
provenance,Summary,1,7,0.0001,128,64,128,64,6,True,14,11.475908448108267,16.59982154554364,21.12587106902803,-4.526049523484391,-30.96138542562251,-39.717675157131396,0.17686586368659507,0.4364059201279645,0.2,0.07978000643814445,2.2360640945976513,0.26953125,0.00013479820036590921,0.0,0.015625
provenance,Summary,1,7,0.001,128,64,128,64,6,True,14,13.850838338616985,13.828411390680657,18.185068687691643,-4.356657297010987,-25.389063384814783,-33.81004050839633,0.1697713758619921,0.344378005009085,0.2,0.07978000643814448,2.2360675382461785,0.3125,4.729399155976882e-06,0.0,0.015625
provenance,Summary,1,8,1e-06,128,64,128,64,6,True,13,9.353617100125492,22.63673382399009,26.90494033227418,-4.268206508284088,-44.864218440749454,-53.68268508354069,0.19936027422723218,1.284498989873749,0.2,0.10592984157223878,2.2355918119846683,0.234375,0.0014158486742306131,0.0,0.0
provenance,Summary,1,8,0.0001,128,64,128,64,6,True,14,11.289566526345373,16.62999468197195,20.949431547676532,-4.319436865704581,-32.02979861270576,-40.90305472715027,0.19084182054777513,0.914029390258277,0.2,0.1059298415722388,2.236063141542486,0.25,0.0005194758402400357,0.0,0.0
provenance,Summary,1,8,0.001,128,64,128,64,6,True,13,13.602287384143509,13.857583089157055,18.03572105953141,-4.178137970374356,-26.025922883456296,-34.67415205573291,0.1844537021681222,0.6375819670260457,0.2,0.10592984157223881,2.2360674264481775,0.21484375,0.004511200379084146,0.0,0.0
provenance,Summary,1,9,1e-06,128,64,128,64,6,True,13,8.880625528932685,21.902515126003134,26.206132423943693,-4.3036172979405585,-42.98393297295219,-51.41607347274815,0.2070601637351002,1.1709689098951634,0.2,0.13381274080215613,2.235787650014366,0.27734375,7.625341090941141e-05,0.0,0.0
provenance,Summary,1,9,0.0001,128,64,128,64,6,True,13,10.85261505460728,16.26420042860445,20.629718058230416,-4.365517629625965,-30.944418593388292,-39.38953500809197,0.19729926897510652,0.8608793447316914,0.2,0.1338127408021561,2.2360651496829003,0.3125,4.729399155976882e-06,0.0,0.015625
provenance,Summary,1,9,0.001,128,64,128,64,6,True,13,13.15644893476932,13.638887651929021,17.87353225097536,-4.234644599046339,-25.338418907030704,-33.585894904144254,0.18990706135796764,0.6589024945443344,0.2,0.13381274080215613,2.2360676724422426,0.3515625,1.4063792896777185e-07,0.015625,0.03125
provenance,Summary,1,10,1e-06,128,64,128,64,6,True,14,10.817993779424825,24.61791838008881,29.19225113273807,-4.574332752649262,-47.56451152993607,-56.52616618678341,0.217779480407165,1.9876776345567202,0.26666666666666666,0.15369656308874965,2.2355065003744343,0.21875,0.003607945823685288,0.0,0.0
provenance,Summary,1,10,0.0001,128,64,128,64,6,True,14,13.29789967454834,17.87830412768775,22.464582900411965,-4.586278772724219,-33.56647949358091,-42.54202853222817,0.20919421231214852,1.4905160562372761,0.26666666666666666,0.15369656308874965,2.236062280803293,0.2265625,0.00227913696307247,0.0,0.0
provenance,Summary,1,10,0.001,128,64,128,64,6,True,12,16.448839145306057,14.813169398535386,19.177590963301153,-4.364421564765768,-27.177953044875956,-35.76801290379594,0.201741562127012,1.115797633866004,0.26666666666666666,0.15369656308874963,2.2360673336656514,0.27734375,7.625341090941141e-05,0.0,0.0
provenance,Summary,1,11,1e-06,128,64,128,64,6,True,13,10.123552148448702,21.752103853620895,26.189416254423136,-4.437312400802244,-40.25579297970143,-48.54300007569095,0.22251791936774734,1.2584502368605623,0.2,0.1215453969131926,2.2356806660970334,0.3046875,9.048246935325112e-06,0.0,0.0
provenance,Summary,1,11,0.0001,128,64,128,64,6,True,15,12.255088832752696,16.250051912857533,20.562280058009822,-4.3122281451522895,-29.76276493212146,-37.92890598327353,0.2119618393622803,0.9598444498991835,0.2,0.12154539691319262,2.236064062371704,0.38671875,3.990875331898343e-09,0.0,0.015625
provenance,Summary,1,11,0.001,128,64,128,64,6,True,13,14.625274271909731,13.68687984977561,17.753892543829675,-4.067012694054066,-24.8548613154712,-32.70100752432751,0.20470768896953243,0.7682634409323523,0.2,0.12154539691319267,2.2360675479042484,0.3671875,3.0282052642052916e-08,0.015625,0.03125
provenance,Summary,1,12,1e-06,128,64,128,64,6,True,12,12.177670191375,18.132865922168627,22.449757423733733,-4.316891501565106,-33.9281260547573,-41.75795493221658,0.21215222472496095,0.7436685431034905,0.2,0.019019715260881292,2.2354727098125555,0.49609375,4.497492177698466e-15,0.0,0.015625
provenance,Summary,1,12,0.0001,128,64,128,64,6,True,14,13.723593629320433,13.940038821944096,18.117675804433873,-4.177636982489776,-25.596396957829498,-33.15276354671326,0.21548029751466807,0.742106622201203,0.2,0.019019715260881285,2.2360619675598623,0.48046875,4.120062125584113e-14,0.03125,0.03125
provenance,Summary,1,12,0.001,128,64,128,64,6,True,13,15.274029811994483,11.977962749482902,15.957783513334432,-3.979820763851528,-21.732873517833415,-28.93591732514564,0.21666162759358457,0.7450319614730768,0.2,0.019019715260881274,2.236067325271313,0.4375,1.1536323187066963e-11,0.03125,0.03125
provenance,Summary,1,13,1e-06,128,64,128,64,6,True,15,14.992156886518247,24.487422063276586,29.088574152990937,-4.60115208971435,-51.48892845932072,-61.385667332205344,0.1266432545918182,0.7196678978882434,0.26666666666666666,0.11872926862034136,2.235708946531427,0.18359375,0.023227356034390412,0.0,0.03125
provenance,Summary,1,13,0.0001,128,64,128,64,6,True,14,18.597874609542522,18.04178150502117,22.69232252787141,-4.650541022850245,-36.40259073652146,-46.362445513239294,0.12047145794544832,0.6243865458013189,0.26666666666666666,0.11872926862034133,2.236064336586262,0.16796875,0.04777692689196056,0.046875,0.046875
provenance,Summary,1,13,0.001,128,64,128,64,6,True,13,23.257899637981854,15.103380468073286,19.552836577261367,-4.44945610918808,-29.56298820817011,-39.087116874012395,0.11489464741480095,0.5996861729754891,0.26666666666666666,0.1187292686203413,2.2360675673584196,0.22265625,0.002873564350914015,0.046875,0.0625
provenance,Summary,1,14,1e-06,128,64,128,64,6,True,13,8.476009276399164,22.749880184019062,27.45560216283242,-4.705721978813358,-44.234416396983576,-53.19951928712759,0.19851453757316184,0.8426678962069821,0.2,0.10699617471662014,2.235918163320225,0.17578125,0.03358447800131659,0.015625,0.046875
provenance,Summary,1,14,0.0001,128,64,128,64,6,True,13,10.275562941728637,16.404630477607682,21.08117445259947,-4.676543974991786,-31.42450638166182,-40.340674887929126,0.18854753001577776,0.7959917139374847,0.2,0.10699617471662015,2.2360664696958867,0.25,0.0005194758402400357,0.046875,0.046875
provenance,Summary,1,14,0.001,128,64,128,64,6,True,12,12.398946968807463,13.433600940795351,17.909601976445764,-4.476001035650413,-25.4937857298932,-34.054374224852275,0.18072372456154728,0.7813997859082076,0.2,0.1069961747166202,2.236067817923165,0.3671875,3.0282052642052916e-08,0.046875,0.0625
provenance,Summary,1,15,1e-06,128,64,128,64,6,True,14,8.284024215599993,22.063369908567463,26.836225079667106,-4.77285517109964,-43.7797161223616,-53.14875598171566,0.17338761632248295,0.7345859325475929,0.2,0.11782584326922475,2.2358248689917177,0.1796875,0.027986795978923062,0.0,0.015625
provenance,Summary,1,15,0.0001,128,64,128,64,6,True,14,10.031046376866085,15.973122242401082,20.79331925267018,-4.820197010269103,-31.077310969189284,-40.48433316166969,0.16315162751002682,0.7126714105235794,0.2,0.11782584326922481,2.236065519861856,0.16796875,0.04777692689196056,0.03125,0.046875
provenance,Summary,1,15,0.001,128,64,128,64,6,True,12,12.133971867710304,13.109289569891002,17.796301711498575,-4.687012141607573,-25.155121615101734,-34.28769221846494,0.1574130526090357,0.7145069316502156,0.2,0.11782584326922482,2.2360677075507245,0.3125,4.729399155976882e-06,0.03125,0.0625
provenance,Summary,1,16,1e-06,128,64,128,64,6,True,13,7.833822227704447,23.206807764336844,27.82801035398428,-4.621202589647432,-45.93369239684792,-55.27663684302197,0.14272863808104733,0.6506031168411616,0.2,0.07293653337981493,2.2358505055712055,0.20703125,0.00696550713342714,0.0,0.0
provenance,Summary,1,16,0.0001,128,64,128,64,6,True,13,9.622301221680605,16.63849781308288,21.197981631151563,-4.559483818068685,-32.084685116983,-41.3376016587752,0.13242912574832388,0.5433578627256617,0.2,0.07293653337981494,2.2360657793055867,0.14453125,0.12482248727739864,0.015625,0.046875
provenance,Summary,1,16,0.001,128,64,128,64,6,True,13,11.901448734973686,13.575524835831162,17.893305296636616,-4.317780460805453,-25.658023847057667,-34.53240263505123,0.12443795900434765,0.5141955481036335,0.2,0.07293653337981496,2.2360677362831614,0.21484375,0.004511200379084146,0.0,0.0625
provenance,Summary,1,17,1e-06,128,64,128,64,6,True,14,11.245701836572929,24.358595098953614,29.091750270310815,-4.733155171357202,-48.96699327890569,-58.938054221213605,0.08500212829046816,0.5704232170930521,0.26666666666666666,0.12421267260097267,2.2357846799394854,0.18359375,0.023227356034390412,0.0,0.0
provenance,Summary,1,17,0.0001,128,64,128,64,6,True,14,13.896190011072482,17.60261427611117,22.37374712496945,-4.771132848858281,-34.45843518313704,-44.54519311630865,0.07655418762674486,0.4456919508989404,0.26666666666666666,0.12421267260097273,2.2360651113300967,0.1640625,0.05663933837583668,0.0,0.015625
provenance,Summary,1,17,0.001,128,64,128,64,6,True,14,17.35408148090491,14.512427900414387,19.054287919306642,-4.541860018892254,-27.83023814820028,-37.534679223503105,0.07086887591531257,0.42732614401577085,0.26666666666666666,0.1242126726009727,2.2360676606625436,0.16015625,0.06687465009718918,0.015625,0.03125
provenance,Summary,1,18,1e-06,128,64,128,64,6,True,13,15.958947936259737,28.098126337077893,33.3979255496491,-5.299799212571216,-54.64379298703871,-64.80662184707141,0.05872086180119703,0.4231815967273024,0.26666666666666666,0.04157836854731448,2.2357227870582523,0.23046875,0.0018001303191352847,0.0,0.015625
provenance,Summary,1,18,0.0001,128,64,128,64,6,True,14,19.91508049084521,19.870585744745537,25.24252411590313,-5.37193837115759,-38.3590577840847,-48.61378352870237,0.06275355735727711,0.5366186647789635,0.26666666666666666,0.04157836854731448,2.2360644512691583,0.234375,0.0014158486742306131,0.015625,0.015625
provenance,Summary,1,18,0.001,128,64,128,64,6,True,12,25.32154299759499,16.07153070094586,21.33083927500347,-5.259308574057614,-30.944585276023027,-40.88872160605681,0.06577528196287867,0.6311748644073348,0.26666666666666666,0.04157836854731448,2.2360675569620176,0.21875,0.003607945823685288,0.015625,0.03125
provenance,Summary,1,19,1e-06,128,64,128,64,6,True,15,15.975209919997795,25.219472791927465,30.234538420706954,-5.015065628779487,-52.37017108184142,-62.63029918070847,0.036786790291459925,0.6541041362615584,0.4,0.14566703662726335,2.235700598567953,0.22265625,0.002873564350914015,0.03125,0.046875
provenance,Summary,1,19,0.0001,128,64,128,64,6,True,14,19.957777921708413,18.45224847697768,23.655338530815833,-5.20309005383815,-37.630374351195584,-48.17352170183456,0.03678473337746703,0.707356346377331,0.4,0.1456670366272635,2.2360642280351155,0.16015625,0.06687465009718918,0.0625,0.078125
provenance,Summary,1,19,0.001,128,64,128,64,6,True,12,25.344332422559678,15.309330467482024,20.438806197363395,-5.129475729881372,-30.812733492642447,-41.147751543511184,0.04110937941375903,0.7544301602682039,0.4,0.1456670366272634,2.2360675334851776,0.19140625,0.015804300999892495,0.078125,0.09375
provenance,Summary,1,20,1e-06,128,64,128,64,6,True,14,12.929311983455452,24.427019096616675,29.258235996752653,-4.8312169001359795,-51.407199650733176,-61.52126597654662,0.09650157042676172,0.5722475636809273,0.4,0.16665709421850475,2.2357058003779158,0.17578125,0.03358447800131659,0.0,0.015625
provenance,Summary,1,20,0.0001,128,64,128,64,6,True,15,16.04099777957824,17.80589038518753,22.766839289868784,-4.960948904681251,-36.32839438200091,-46.700131433099806,0.08874686363584933,0.5663796662792177,0.4,0.1666570942185047,2.236064295927499,0.17578125,0.03358447800131659,0.015625,0.078125
provenance,Summary,1,20,0.001,128,64,128,64,6,True,13,20.182931714224527,14.756826345265008,19.57552019061299,-4.8186938453479815,-29.36387794640786,-39.450946222556695,0.08272656797793598,0.6006964166360035,0.4,0.16665709421850466,2.236067554845875,0.203125,0.008601806417249835,0.0625,0.125
provenance,Summary,1,21,1e-06,128,64,128,64,6,True,14,8.339517062887277,23.780780361625325,28.623600574242595,-4.842820212617273,-50.140897780486114,-59.94903005145372,0.12711936528647494,0.8174428768687951,0.26666666666666666,0.18338905163309727,2.2358314484356017,0.17578125,0.03358447800131659,0.0,0.015625
provenance,Summary,1,21,0.0001,128,64,128,64,6,True,14,10.338894413397428,16.943055297677088,21.874939583408278,-4.931884285731188,-34.81090349110902,-44.69885436404927,0.11822592543063172,0.7650075338123052,0.26666666666666666,0.18338905163309732,2.2360655886100798,0.16796875,0.04777692689196056,0.015625,0.078125
provenance,Summary,1,21,0.001,128,64,128,64,6,True,13,13.013450433569865,13.753502756016177,18.571638385740282,-4.8181356297241065,-27.57737160494132,-37.22975933686003,0.1113828475280223,0.7513842657380515,0.26666666666666666,0.18338905163309727,2.236067717126579,0.171875,0.04013832740996748,0.015625,0.109375
provenance,Summary,1,22,1e-06,128,64,128,64,6,True,15,18.26377286814447,26.430024338902516,30.93348514900245,-4.503460810099936,-54.55364260005596,-64.39556657845287,0.06420351128234238,0.44506997990510955,0.4,0.15396180085096128,2.235332753622647,0.21875,0.003607945823685288,0.0,0.015625
provenance,Summary,1,22,0.0001,128,64,128,64,6,True,15,23.001111137925463,19.355177347283387,23.780035147706993,-4.424857800423608,-38.70277041700549,-48.49175825465485,0.05821012000610035,0.3811623315466818,0.4,0.15396180085096126,2.2360603640858185,0.15234375,0.09210539114109273,0.03125,0.03125
provenance,Summary,1,22,0.001,128,64,128,64,6,True,12,29.904277152212792,16.138595729315888,20.324950461219984,-4.186354731904099,-31.477707838542365,-40.88372737168072,0.053198502943530644,0.4336458341366923,0.4,0.15396180085096123,2.236066978049222,0.2421875,0.0008648914279818509,0.03125,0.0625
provenance,Summary,1,23,1e-06,128,64,128,64,6,True,15,18.34275840977591,25.587907717680032,30.64370474592362,-5.055797028243589,-51.19784366859844,-60.419527867287385,0.07239469024438877,0.7764390561421494,0.26666666666666666,0.12152985015342456,2.235697500394504,0.28125,5.697999138528457e-05,0.015625,0.078125
provenance,Summary,1,23,0.0001,128,64,128,64,6,True,14,23.15880859292496,18.4503502316702,23.54586395170638,-5.095513720036176,-37.22721307544343,-46.5659417748064,0.06550191606577657,0.7836964458877823,0.26666666666666666,0.12152985015342452,2.236064235577562,0.2109375,0.005617222299566849,0.0625,0.078125
provenance,Summary,1,23,0.001,128,64,128,64,6,True,13,29.709662091047225,15.194399402844393,20.073019122684777,-4.878619719840383,-30.86302192031559,-39.83785102413604,0.059802417692392466,0.8045008320669985,0.26666666666666666,0.1215298501534246,2.2360675696603267,0.16015625,0.06687465009718918,0.078125,0.078125
provenance,Summary,1,24,1e-06,128,64,128,64,6,True,14,23.332969363226596,27.342252250674555,31.984886896788574,-4.642634646114016,-58.250685668811926,-67.98284537624771,0.04480037592373826,0.40340124106352837,0.2,0.1058356331672334,2.235400422580047,0.2578125,0.0003067517614871289,0.0,0.078125
provenance,Summary,1,24,0.0001,128,64,128,64,6,True,13,29.825264424336282,19.90341821739534,24.499158965409663,-4.59574074801432,-41.38264429813954,-50.99664204653298,0.040018304586838555,0.3589756374103642,0.2,0.10583563316723345,2.236061121087217,0.171875,0.04013832740996748,0.015625,0.046875
provenance,Summary,1,24,0.001,128,64,128,64,6,True,13,39.75352120744588,16.574503191052983,20.957375285442687,-4.382872094389706,-33.72008093776035,-42.8943733782673,0.03610623784431352,0.4407413380758924,0.2,0.10583563316723342,2.236067127231179,0.1484375,0.10744010259456793,0.046875,0.109375
provenance,Summary,1,25,1e-06,128,64,128,64,6,True,17,15.179193978794691,26.851653524231658,31.904766821348957,-5.053113297117298,-57.13047183170777,-67.24210712531408,0.06823289247506543,0.8163868541480457,0.2,0.06745674157194899,2.2357802973615186,0.19921875,0.010578800812826694,0.015625,0.015625
provenance,Summary,1,25,0.0001,128,64,128,64,6,True,14,19.26811016579688,19.38749832002557,24.33898488050832,-4.951486560482745,-40.36111996388075,-50.22140738312703,0.0601387236782077,0.8104768697301771,0.2,0.06745674157194903,2.23606504782257,0.16015625,0.06687465009718918,0.015625,0.109375
provenance,Summary,1,25,0.001,128,64,128,64,6,True,13,25.265929389493888,15.856428412479673,20.63042546681845,-4.77399705433878,-32.43805667578334,-41.89373563512495,0.055014822544652876,0.8242581654140003,0.2,0.06745674157194903,2.236067636216881,0.25390625,0.00040003832561633833,0.015625,0.109375
provenance,Summary,1,26,1e-06,128,64,128,64,6,True,13,10.69922359609637,22.528017253050265,27.386097985966863,-4.858080732916598,-50.403655126488594,-60.92441971297098,0.10709548585469965,0.72108883572302,0.4,0.15685628604325896,2.235525574949882,0.23046875,0.0018001303191352847,0.0,0.015625
provenance,Summary,1,26,0.0001,128,64,128,64,6,True,14,13.152959682771234,16.769275890828386,21.80888228204371,-5.039606391215325,-35.83171784961402,-46.55605835311969,0.10629743489639543,0.7054284325523421,0.4,0.15685628604325894,2.2360624595880316,0.16015625,0.06687465009718918,0.03125,0.046875
provenance,Summary,1,26,0.001,128,64,128,64,6,True,13,16.498321476335235,14.030941788895733,18.996274675160578,-4.965332886264849,-28.86640533933344,-39.35782370995564,0.10199990993253912,0.7159143485761063,0.4,0.1568562860432589,2.236067340497582,0.16015625,0.06687465009718918,0.046875,0.09375
provenance,Summary,1,27,1e-06,128,64,128,64,6,True,15,18.288127605267867,22.84538241174736,27.3735028972694,-4.528120485522042,-52.78257249293354,-62.28950416395852,0.07607801860423169,0.7240168664114136,0.2,0.1768353120846728,2.2356275784343853,0.296875,1.7005936285341643e-05,0.03125,0.046875
provenance,Summary,1,27,0.0001,128,64,128,64,6,True,13,23.11201319410744,16.91757066809838,21.611664697196733,-4.694094029098352,-37.97774770353345,-47.62197430525671,0.07357639292272655,0.7482774575459323,0.2,0.17683531208467276,2.2360635104944957,0.17578125,0.03358447800131659,0.03125,0.109375
provenance,Summary,1,27,0.001,128,64,128,64,6,True,11,30.070430338279568,14.231081477657778,18.85523436323729,-4.624152885579515,-31.20363323280342,-40.57416248826933,0.07048983878102037,0.7810230897866369,0.2,0.17683531208467282,2.236067473597219,0.1875,0.019198840092638503,0.078125,0.125
provenance,Summary,1,28,1e-06,128,64,128,64,6,True,14,9.64756678491234,18.089202819980567,22.502081112898395,-4.412878292917829,-39.99725013192909,-48.710492668933234,0.1440851194367644,0.6625356717106643,0.26666666666666666,0.14709311798188715,2.2357959305819834,0.2734375,0.0001016040876090975,0.0,0.0
provenance,Summary,1,28,0.0001,128,64,128,64,6,True,13,11.566342755838784,13.490559766340082,18.00858912707586,-4.518029360735781,-29.43823457885588,-38.1920684092233,0.13790750059017876,0.6837727938797247,0.26666666666666666,0.1470931179818871,2.2360652379460806,0.21484375,0.004511200379084146,0.03125,0.0625
provenance,Summary,1,28,0.001,128,64,128,64,6,True,13,13.776379164094726,11.325713458845193,15.754511072854829,-4.428797614009635,-24.44801470963396,-32.93949070426628,0.1325685002661376,0.7106783038566418,0.26666666666666666,0.1470931179818872,2.2360676862862063,0.1171875,0.3178847359455905,0.046875,0.0625
provenance,Summary,1,29,1e-06,128,64,128,64,6,True,14,9.139736108970094,20.540214301526944,24.87021858129285,-4.330004279765905,-49.995105531292445,-59.94473991116936,0.09701666075557652,0.6357607153556608,0.26666666666666666,0.09995832513389037,2.235837854364293,0.296875,1.7005936285341643e-05,0.0,0.046875
provenance,Summary,1,29,0.0001,128,64,128,64,6,True,14,11.189978874393642,15.28121791123294,19.74476577735089,-4.463547866117948,-35.06566563962266,-44.997342538521096,0.09399664064405716,0.6681976706236867,0.26666666666666666,0.09995832513389037,2.2360656527079383,0.16015625,0.06687465009718918,0.046875,0.078125
provenance,Summary,1,29,0.001,128,64,128,64,6,True,12,13.81391411745462,12.805757061575523,17.167032430014395,-4.3612753684388705,-28.102713379213633,-37.616035888425245,0.08927359415121597,0.7053117804183523,0.26666666666666666,0.0999583251338904,2.2360677235679907,0.16796875,0.04777692689196056,0.046875,0.09375
provenance,Summary,1,30,1e-06,128,64,128,64,6,True,14,6.823123353699977,20.262677250214125,25.174051449211582,-4.911374198997461,-43.01876990330883,-52.64041635878806,0.15351590217594097,0.7180149294890226,0.26666666666666666,0.08480208773812364,2.2358500573930185,0.1953125,0.012956778323651608,0.0,0.0
provenance,Summary,1,30,0.0001,128,64,128,64,6,True,14,8.209776409655307,14.280183817636052,19.22791441549106,-4.947730597855012,-30.235959866458913,-39.892155170510705,0.148826965160844,0.7188343869007922,0.26666666666666666,0.08480208773812364,2.236065781919172,0.1484375,0.10744010259456793,0.0,0.09375
provenance,Summary,1,30,0.001,128,64,128,64,6,True,13,9.942083322137155,11.49810939579291,16.278567131536434,-4.780457735743523,-24.21918252220538,-33.537804369386606,0.14515864029284764,0.7318225722929627,0.26666666666666666,0.08480208773812367,2.2360677430705196,0.12890625,0.218340635909257,0.09375,0.109375
provenance,Summary,1,31,1e-06,128,64,128,64,6,True,15,3.0045989409751255,19.297352620225617,23.65002455873304,-4.352671938507426,-41.07107634993055,-50.37979734068948,0.32430658027854226,0.6772159631111196,0.26666666666666666,0.07357861182841348,2.235877835318014,0.265625,0.00017806718535596564,0.0,0.0
provenance,Summary,1,31,0.0001,128,64,128,64,6,True,14,4.143648259652258,13.548572711569967,18.042622583439414,-4.494049871869446,-28.450262976543684,-38.053717856289325,0.29304116095611965,0.6558928860211134,0.26666666666666666,0.07357861182841344,2.236066060863257,0.203125,0.008601806417249835,0.015625,0.015625
provenance,Summary,1,31,0.001,128,64,128,64,6,True,14,5.407291792765334,10.885831148011622,15.377161116700119,-4.491329968688496,-22.523517300223972,-32.10856138858186,0.26880464302822804,0.6832882829184831,0.26666666666666666,0.07357861182841348,2.236067771990571,0.20703125,0.00696550713342714,0.03125,0.03125
provenance,Summary,2,0,1e-06,256,128,128,128,6,True,13,2.9208878102719824,25.948109099469924,30.84511766549933,-4.897008566029405,-52.92737940454217,-62.93539050795815,0.3736925358227117,0.587577170371047,0.06666666666666667,0.06810255809776837,1.4141939460319428,0.37109375,2.5154011173646954e-16,0.0,0.0
provenance,Summary,2,0,0.0001,256,128,128,128,6,True,14,3.7773640705351124,16.447623685722558,21.331670056160014,-4.8840463704374555,-33.86101583784384,-43.871601462896095,0.34481160767751906,0.5598673081314365,0.06666666666666667,0.06810255809776836,1.4142133655826248,0.28125,1.895287375668482e-09,0.0,0.0
provenance,Summary,2,0,0.001,256,128,128,128,6,True,12,4.720329198279053,11.969553518847817,16.77352882992001,-4.803975311072194,-24.80863708214622,-34.58608196828847,0.3313363233049364,0.5801927623078983,0.06666666666666667,0.0681025580977684,1.4142135421208566,0.1953125,9.40842686753401e-05,0.0,0.015625
provenance,Summary,2,1,1e-06,256,128,128,128,6,True,10,9.838565909904442,13.821772258462843,16.644229045386933,-2.822456786924092,-28.965129927238543,-34.66588578777721,0.0882151118258785,0.37589544066355823,0.3333333333333333,0.17725866392126147,0.6456390110228352,0.35546875,5.601551930573579e-15,0.125,0.328125
provenance,Summary,2,1,0.0001,256,128,128,128,6,True,9,12.340447535436311,11.8305433875367,14.773425044180776,-2.9428816566440767,-24.74741530828475,-30.70912504242752,0.07796839402069959,0.4477686938182948,0.3333333333333333,0.1772586639212615,0.647413378329308,0.203125,4.163077668109129e-05,0.046875,0.1796875
provenance,Summary,2,1,0.001,256,128,128,128,6,True,10,15.156181338612937,10.891835523832945,13.94095053625665,-3.0491150124237034,-22.67527850513644,-28.881991663209426,0.07153040010720949,0.5234264176763836,0.3333333333333333,0.17725866392126138,0.6629025999012713,0.18359375,0.00030054999002206975,0.078125,0.1875
provenance,Summary,2,2,1e-06,256,128,128,128,6,True,11,17.625267754782037,26.377761450149187,30.911739467914963,-4.533978017765781,-56.435692084151704,-65.88516132201238,0.04127164327628091,0.5549023988294327,0.4666666666666667,0.056271341364470207,1.5401991736106537,0.2578125,5.435300936256329e-08,0.1640625,0.25
provenance,Summary,2,2,0.0001,256,128,128,128,6,True,11,22.837735521557114,19.905816154304603,24.640851285359464,-4.735035131054863,-41.47650912667486,-51.48530485299917,0.04381021937507007,0.6569285554969395,0.4666666666666667,0.056271341364470144,1.654389196971709,0.17578125,0.0006257967777605344,0.0234375,0.078125
provenance,Summary,2,2,0.001,256,128,128,128,6,True,10,30.29768173045218,16.51383907831336,21.48344591067108,-4.9696068323577185,-33.80760327037915,-44.36983517029404,0.0472666809427461,0.7363075120654565,0.4666666666666667,0.056271341364470186,1.9827415284646577,0.19140625,0.00013970433630997956,0.015625,0.109375
provenance,Summary,2,3,1e-06,256,128,128,128,6,True,14,13.904266220590875,22.466476933008575,26.396809636265765,-3.9303327032571915,-45.17181297623887,-52.90897446808464,0.06932927726696352,0.2925106532740006,0.4666666666666667,0.0682851541749265,2.2283511416010775,0.15234375,0.004649248065287104,0.0,0.0
provenance,Summary,2,3,0.0001,256,128,128,128,6,True,14,17.23097069234251,17.44369022525906,21.94637509064578,-4.502684865386722,-35.1145756605013,-44.011986207415546,0.05955724549789673,0.4158830177712906,0.4666666666666667,0.06828515417492648,2.235455137352431,0.14453125,0.00850482833415378,0.0,0.0078125
provenance,Summary,2,3,0.001,256,128,128,128,6,True,13,21.67074315187517,14.58592901162761,18.98823980092306,-4.402310789295449,-29.364524250057688,-38.1820864829259,0.058517864006343435,0.5251868286918147,0.4666666666666667,0.06828515417492646,2.2359897468120393,0.1328125,0.019813663257872594,0.0,0.0078125
provenance,Summary,2,4,1e-06,256,128,128,128,6,True,13,10.036888265848766,23.563901379602594,28.129294324260528,-4.56539294465793,-44.592488607391715,-53.279702285367634,0.14040850225072493,0.33319968181509235,0.3333333333333333,0.04657661070643803,2.235776841566122,0.1796875,0.0004354569877453,0.0,0.0
provenance,Summary,2,4,0.0001,256,128,128,128,6,True,13,12.321012094548035,16.993643796692325,21.577710630200844,-4.584066833508518,-32.59462666311352,-41.482079918860784,0.12969502357504997,0.2696410148301466,0.3333333333333333,0.046576610706437996,2.236064205963544,0.16796875,0.001261290693128525,0.0,0.0078125
provenance,Summary,2,4,0.001,256,128,128,128,6,True,12,15.143566881613777,13.884241898292554,18.270899684736495,-4.386657786443937,-26.81089708323832,-35.49802329919369,0.12176938885355383,0.33013775761098285,0.3333333333333333,0.046576610706438024,2.236067548747002,0.16796875,0.001261290693128525,0.0,0.015625
provenance,Summary,2,5,1e-06,256,128,128,128,6,True,13,8.772327378472257,24.727494600338794,29.528514411957136,-4.801019811618343,-52.08806344159783,-62.1236018545351,0.155799081428915,0.4480077770168079,0.26666666666666666,0.08049569379042416,2.235804246117175,0.1875,0.00020575038655746867,0.0078125,0.015625
provenance,Summary,2,5,0.0001,256,128,128,128,6,True,14,10.798975044873014,17.47597965424014,22.256494581685804,-4.780514927445659,-35.99374353611938,-45.99062135143018,0.14733482965020195,0.42035887062226396,0.26666666666666666,0.08049569379042411,2.2360652878171354,0.20703125,2.7352006658291592e-05,0.015625,0.0234375
provenance,Summary,2,5,0.001,256,128,128,128,6,True,13,13.44635389756051,14.145071062246709,18.768378124795078,-4.623307062548369,-28.465035867522463,-38.197936662565226,0.13987738908826905,0.4657161704809236,0.26666666666666666,0.08049569379042414,2.2360676817068095,0.1796875,0.0004354569877453,0.0234375,0.0546875
provenance,Summary,2,6,1e-06,256,128,128,128,6,True,14,7.379161235078178,20.25617063004142,24.44771740390676,-4.19154677386534,-41.04099922766939,-49.453774868058375,0.19581722553517525,0.726848579834096,0.2,0.0842254016364768,2.235789659944803,0.21875,7.381061347748238e-06,0.0,0.0
provenance,Summary,2,6,0.0001,256,128,128,128,6,True,13,9.214743594583247,14.609635761991465,18.705987430954366,-4.096351668962903,-29.122850374143756,-37.45314128332754,0.18141056442297102,0.5538099999840689,0.2,0.08422540163647677,2.2360651742913777,0.1796875,0.0004354569877453,0.0,0.0078125
provenance,Summary,2,6,0.001,256,128,128,128,6,True,12,11.460667589269214,12.016073211506853,15.936390183146958,-3.9203169716401067,-23.679760667667928,-31.73632559683169,0.1695787998485819,0.4892718751803861,0.2,0.08422540163647685,2.2360676790665868,0.12890625,0.025849477725005232,0.0078125,0.0390625
provenance,Summary,2,7,1e-06,256,128,128,128,6,True,14,9.009004854119071,21.17812539695721,25.77315450787394,-4.5950291109167285,-39.794570438475134,-48.066801064836895,0.20733410814731867,0.6938551494265097,0.2,0.0902337448570821,2.235831529355058,0.234375,1.1452873919607316e-06,0.0,0.0
provenance,Summary,2,7,0.0001,256,128,128,128,6,True,14,10.991713634295987,15.044027777139561,19.558756447575732,-4.514728670436165,-28.628032381881845,-36.890408035228006,0.1961332857176233,0.5450174530718915,0.2,0.0902337448570821,2.236065599092294,0.2265625,2.9565885080962975e-06,0.0,0.015625
provenance,Summary,2,7,0.001,256,128,128,128,6,True,13,13.262137832506717,12.265177432995475,16.53656696966808,-4.271389536672606,-23.53340419636631,-31.450827126875947,0.18757230446826742,0.48800409065021344,0.2,0.09023374485708215,2.236067727067346,0.23046875,1.847888979619762e-06,0.0078125,0.0546875
provenance,Summary,2,8,1e-06,256,128,128,128,6,True,15,9.138734085396559,22.11673768747314,26.20922498999503,-4.092487302521885,-47.81295515415975,-56.826169434776766,0.12415524547195042,0.6880813529493766,0.2,0.10133241351855173,2.2358482255134944,0.1640625,0.00176897694134448,0.0,0.0
provenance,Summary,2,8,0.0001,256,128,128,128,6,True,14,11.184857139006407,15.718568924010084,19.842475531506278,-4.123906607496192,-33.23194065651495,-42.33311227534659,0.11913932019428866,0.498487053805077,0.2,0.10133241351855177,2.2360657653029095,0.15234375,0.004649248065287104,0.0,0.0234375
provenance,Summary,2,8,0.001,256,128,128,128,6,True,14,13.775879375171794,12.819378337635865,16.795700223773444,-3.9763218861375833,-26.528132456531083,-35.38790928103335,0.11933292579670154,0.4094225566609834,0.2,0.10133241351855174,2.236067742969845,0.171875,0.0008920470081351661,0.0390625,0.0703125
provenance,Summary,2,9,1e-06,256,128,128,128,6,True,13,8.490466784958347,21.551782677922667,25.958893557101792,-4.407110879179125,-42.60454019508295,-51.246743864137045,0.16734304447671652,0.7228170658126548,0.2,0.1380125101849976,2.235889745433386,0.1484375,0.006313488560237168,0.0,0.0078125
provenance,Summary,2,9,0.0001,256,128,128,128,6,True,13,10.422420483045855,15.524677066097041,19.94176075595804,-4.417083689860998,-30.511567574015295,-39.18318331151269,0.1576433636673754,0.5700546772086194,0.2,0.1380125101849976,2.2360661859891815,0.1640625,0.00176897694134448,0.015625,0.0390625
provenance,Summary,2,9,0.001,256,128,128,128,6,True,13,12.694995700632404,12.765674410995441,16.99863666106222,-4.23296225006678,-24.928574858844545,-33.31498100807364,0.15029803609978887,0.5095368989120377,0.2,0.13801251018499766,2.2360677900207353,0.1875,0.00020575038655746867,0.046875,0.0703125
provenance,Summary,2,10,1e-06,256,128,128,128,6,True,15,12.023656294185837,23.504963010926225,28.142405566457384,-4.637442555531161,-48.64070546553485,-58.008584510211705,0.11586217927373112,0.6835957510220894,0.2,0.11750596675590443,2.23584318966874,0.20703125,2.7352006658291592e-05,0.0,0.0078125
provenance,Summary,2,10,0.0001,256,128,128,128,6,True,14,14.906680698286886,16.612054069490163,21.2580420464243,-4.645987976934139,-34.19933451152767,-43.62262809170679,0.11360480254678715,0.6228850338272022,0.2,0.11750596675590438,2.236065714178592,0.171875,0.0008920470081351661,0.0546875,0.078125
provenance,Summary,2,10,0.001,256,128,128,128,6,True,12,18.62700561861676,13.511802182612959,17.940275362569736,-4.428473179956778,-27.684028027546677,-36.72656105669698,0.11282404581191238,0.6191805118513455,0.2,0.11750596675590458,2.236067737161201,0.14453125,0.00850482833415378,0.0390625,0.1015625
provenance,Summary,2,11,1e-06,256,128,128,128,6,True,15,8.824496029126356,19.70051697667334,23.964792328124226,-4.264275351450885,-39.86884191858385,-48.50274669848848,0.1649402585159679,0.8183426128846126,0.2,0.0887149539145585,2.235785765438538,0.22265625,4.6910366522335245e-06,0.0,0.0078125
provenance,Summary,2,11,0.0001,256,128,128,128,6,True,14,10.863711760557367,14.514922969559118,18.75550310853224,-4.240580138973124,-29.08052541667759,-37.710344106548995,0.15280446276273033,0.6842699863791174,0.2,0.08871495391455846,2.236065137076002,0.265625,1.838083532653948e-08,0.0234375,0.03125
provenance,Summary,2,11,0.001,256,128,128,128,6,True,14,13.177433336675653,12.151231911318021,16.198423062067068,-4.047191150749048,-24.109635521050567,-32.43228343052912,0.14389384522441778,0.6290136120859459,0.2,0.0887149539145585,2.2360676769278838,0.234375,1.1452873919607316e-06,0.03125,0.046875
provenance,Summary,2,12,1e-06,256,128,128,128,6,True,14,9.135277320105834,16.6069546151757,20.896077638846634,-4.289123023670939,-32.058354632971465,-39.602085281512416,0.08163683407295164,0.5582805789453753,0.06666666666666667,0.06600088632305572,2.235884838038695,0.5,4.083287142465694e-30,0.0,0.0
provenance,Summary,2,12,0.0001,256,128,128,128,6,True,14,10.73840850442392,12.178057390906657,16.204814958480114,-4.026757567573458,-23.67167681334457,-30.928817384822246,0.09214577395798446,0.5685462070458962,0.06666666666666667,0.06600088632305577,2.236066138449608,0.39453125,1.795398555331546e-18,0.0234375,0.0234375
provenance,Summary,2,12,0.001,256,128,128,128,6,True,13,12.285727575116528,10.160483439965102,13.926366562710177,-3.765883122745077,-19.85726575051484,-26.726354960774522,0.10060361381228396,0.5891429288100959,0.06666666666666667,0.06600088632305576,2.236067786693022,0.328125,8.924716016110725e-13,0.0390625,0.0390625
provenance,Summary,2,13,1e-06,256,128,128,128,6,True,12,10.400461028784605,25.316730237131715,30.268938844564687,-4.952208607432974,-50.91421844312836,-60.87292927437551,0.1306152327917803,0.7023927862437571,0.2,0.10709841001006877,2.2358915226220204,0.33984375,1.073542535028726e-13,0.0078125,0.0234375
provenance,Summary,2,13,0.0001,256,128,128,128,6,True,15,12.662799989545723,17.604190512464868,22.58537886537034,-4.981188352905474,-35.01188958301394,-45.10866773158179,0.12478838759834285,0.5961027113064569,0.2,0.10709841001006871,2.236066199665613,0.2109375,1.782257225451088e-05,0.0546875,0.078125
provenance,Summary,2,13,0.001,256,128,128,128,6,True,13,15.52198965442556,14.10963029902056,18.888397959772554,-4.77876766075199,-27.745869406823246,-37.56219650905153,0.11967879413436266,0.5580507006292337,0.2,0.10709841001006883,2.236067787620744,0.22265625,4.6910366522335245e-06,0.0546875,0.078125
provenance,Summary,2,14,1e-06,256,128,128,128,6,True,13,7.817460146699848,20.01766466590283,24.34366607397134,-4.326001408068509,-45.15924135681882,-54.32671904739281,0.12981478151417883,0.8937863900207297,0.26666666666666666,0.1310470957477393,2.235922202389843,0.27734375,3.3884305330612322e-09,0.0,0.0546875
provenance,Summary,2,14,0.0001,256,128,128,128,6,True,15,9.457722366499658,14.285303284165778,18.648129686995023,-4.362826402829246,-31.317669393003598,-40.428602928525635,0.12078230421045118,0.8375678613435791,0.26666666666666666,0.13104709574773937,2.236066513921335,0.140625,0.011365189018294308,0.0546875,0.0859375
provenance,Summary,2,14,0.001,256,128,128,128,6,True,13,11.42725392591534,11.652473102913344,15.866033059886924,-4.213559956973579,-24.98023523810212,-33.71641829185312,0.1134951911183877,0.8136876608975664,0.26666666666666666,0.13104709574773934,2.236067825867945,0.140625,0.011365189018294308,0.078125,0.09375
provenance,Summary,2,15,1e-06,256,128,128,128,6,True,14,5.869792996937447,20.815380165157173,25.62025060120895,-4.804870436051779,-44.66211948146572,-54.31260007688479,0.1502823730174239,0.7478449819212809,0.2,0.1330140346672457,2.2359492959795344,0.15625,0.0033962516565197998,0.0078125,0.03125
provenance,Summary,2,15,0.0001,256,128,128,128,6,True,14,7.108601102076938,14.487080943207097,19.281076164327896,-4.793995221120801,-30.706074010195977,-40.295560155578045,0.13986807294385922,0.7256405925086643,0.2,0.13301403466724573,2.2360667851286635,0.140625,0.011365189018294308,0.0625,0.09375
provenance,Summary,2,15,0.001,256,128,128,128,6,True,13,8.616090396119263,11.529160341574524,16.155154840797515,-4.625994499222989,-24.187097152750315,-33.44186861807835,0.13414249717496313,0.7278232622521648,0.2,0.13301403466724585,2.236067853213028,0.13671875,0.015066349402464208,0.0625,0.1015625
provenance,Summary,2,16,1e-06,256,128,128,128,6,True,14,5.244135137669633,21.27956145963283,26.20965903987586,-4.930097580243028,-43.20800242208574,-52.813395715940516,0.15482251442250966,0.7526787418052195,0.13333333333333333,0.11328157695627074,2.2359492395086598,0.19140625,0.00013970433630997956,0.0,0.0
provenance,Summary,2,16,0.0001,256,128,128,128,6,True,14,6.4223217924862155,14.722979029533795,19.592711173586935,-4.86973214405314,-29.8000541733697,-39.26119791731917,0.14028133230590387,0.7086071379544933,0.13333333333333333,0.11328157695627067,2.2360667849536404,0.15625,0.0033962516565197998,0.0,0.0078125
provenance,Summary,2,16,0.001,256,128,128,128,6,True,12,7.860697595428613,11.680402240504923,16.33094743666068,-4.650545196155753,-23.52105352222563,-32.57941472906966,0.13001456562846286,0.7003209025897289,0.13333333333333333,0.11328157695627064,2.2360678535543737,0.15234375,0.004649248065287104,0.0078125,0.0703125
provenance,Summary,2,17,1e-06,256,128,128,128,6,True,13,5.4174407863619125,23.721253607740994,28.932216512172733,-5.210962904431737,-47.158053975390246,-57.71278869772282,0.16814202538621667,0.7458727396154663,0.26666666666666666,0.11272024516145215,2.2359474229497573,0.23828125,7.038776424263986e-07,0.0,0.0078125
provenance,Summary,2,17,0.0001,256,128,128,128,6,True,13,6.58049107514194,16.30684093401273,21.469667163136286,-5.162826229123559,-32.208995141129726,-42.74401505301767,0.1577587255949056,0.6553265828979227,0.26666666666666666,0.11272024516145222,2.2360667657892876,0.1953125,9.40842686753401e-05,0.0078125,0.015625
provenance,Summary,2,17,0.001,256,128,128,128,6,True,13,8.01409431421669,12.842938622916426,17.782561893748856,-4.939623270832428,-25.128440650450656,-35.34151916006808,0.14915369722899913,0.6220232018481143,0.26666666666666666,0.11272024516145221,2.23606785071984,0.171875,0.0008920470081351661,0.0078125,0.046875
provenance,Summary,2,18,1e-06,256,128,128,128,6,True,14,11.234360289459214,25.29194326342317,30.386248400942666,-5.094305137519495,-52.93476122595613,-63.15659472392289,0.07134210286698776,0.43472752855538205,0.2,0.0914722530727619,2.2358727701521044,0.1796875,0.0004354569877453,0.015625,0.0234375
provenance,Summary,2,18,0.0001,256,128,128,128,6,True,14,13.992480799166511,17.737546695199736,22.878773322222752,-5.141226627023016,-36.79837322246409,-47.0212585151086,0.07338943160723164,0.5236849509490658,0.2,0.09147225307276186,2.236066008848347,0.1875,0.00020575038655746867,0.0234375,0.046875
provenance,Summary,2,18,0.001,256,128,128,128,6,True,13,17.744312743939314,14.218944130391495,19.22310598107783,-5.004161850686335,-29.323444887902475,-39.192658385820835,0.07496793284188027,0.6095902772304329,0.2,0.09147225307276192,2.2360677655363017,0.13671875,0.015066349402464208,0.046875,0.0859375
provenance,Summary,2,19,1e-06,256,128,128,128,6,True,13,9.913585148508428,26.040023735905088,31.351126313076882,-5.311102577171797,-55.617287123831844,-67.0159067557406,0.09299187234996353,0.5687633329648389,0.26666666666666666,0.10677886369563644,2.23594105116733,0.21484375,1.1517275704865574e-05,0.015625,0.046875
provenance,Summary,2,19,0.0001,256,128,128,128,6,True,14,12.231959131122446,18.302871131772577,23.612309850952837,-5.309438719180262,-38.2359958497335,-49.60904065528551,0.08610874681885668,0.5924469574264728,0.26666666666666666,0.10677886369563644,2.23606669682997,0.19140625,0.00013970433630997956,0.03125,0.0546875
provenance,Summary,2,19,0.001,256,128,128,128,6,True,12,15.407897981289226,14.73379163767953,19.855275925518374,-5.121484287838845,-29.998484266067223,-40.97711101120362,0.08053719004628546,0.6380372952699598,0.26666666666666666,0.10677886369563641,2.2360678390084163,0.21484375,1.1517275704865574e-05,0.0390625,0.0625
provenance,Summary,2,20,1e-06,256,128,128,128,6,True,13,8.529488473652538,25.21034359834285,30.784266941689886,-5.573923343347035,-49.13570198750661,-59.59910105154575,0.15548035278814826,0.7568430304584729,0.2,0.10162340403361361,2.235927916120153,0.2734375,6.005467433544062e-09,0.0078125,0.0390625
provenance,Summary,2,20,0.0001,256,128,128,128,6,True,15,10.414604080820085,17.273779830595274,22.77671237413795,-5.502932543542675,-34.20767194804321,-44.73611806180536,0.1459177133479283,0.7469263944674606,0.2,0.1016234040336137,2.236066566877699,0.24609375,2.592123269824214e-07,0.0390625,0.1015625
provenance,Summary,2,20,0.001,256,128,128,128,6,True,13,12.81112593776131,13.586351559190929,18.78467101682131,-5.1983194576303795,-27.22697914702953,-37.3926182708058,0.13769511845207338,0.756730326021145,0.2,0.10162340403361354,2.2360678273133847,0.23046875,1.847888979619762e-06,0.0703125,0.1328125
provenance,Summary,2,21,1e-06,256,128,128,128,6,True,15,6.503128107587715,23.094902898319326,28.135872673443473,-5.04096977512415,-48.66778763501275,-58.755885446402445,0.14839793627000875,0.8290180887849051,0.26666666666666666,0.13517475257674375,2.2359258076986173,0.22265625,4.6910366522335245e-06,0.0078125,0.0234375
provenance,Summary,2,21,0.0001,256,128,128,128,6,True,15,7.998848265371755,16.075520774400577,21.054635611490593,-4.979114837090018,-33.503501731416094,-43.394513823491465,0.1377716884526794,0.7880232710123282,0.26666666666666666,0.13517475257674363,2.2360665482825803,0.1484375,0.006313488560237168,0.0078125,0.0390625
provenance,Summary,2,21,0.001,256,128,128,128,6,True,12,9.981660379125659,12.78487848586542,17.572840412688308,-4.787961926822886,-26.30151787593642,-35.783135062328114,0.12910288718587143,0.7788691506797422,0.26666666666666666,0.1351747525767437,2.2360678277458934,0.1484375,0.006313488560237168,0.0390625,0.109375
provenance,Summary,2,22,1e-06,256,128,128,128,6,True,14,6.988390943857238,23.947129841087786,28.98639225964531,-5.039262418557522,-49.475339847272046,-60.02953237294839,0.11827447229604485,0.7433114943396945,0.2,0.10173592054934293,2.235901357082351,0.20703125,2.7352006658291592e-05,0.0,0.0078125
provenance,Summary,2,22,0.0001,256,128,128,128,6,True,14,8.532209733460013,16.821946628669572,21.790254317454064,-4.968307688784488,-34.293136036948994,-44.72648251801961,0.10875458348629718,0.6671856979342901,0.2,0.10173592054934291,2.2360662989032525,0.2109375,1.782257225451088e-05,0.015625,0.0390625
provenance,Summary,2,22,0.001,256,128,128,128,6,True,13,10.520336788106064,13.47661006875168,18.190215042365644,-4.713604973613963,-27.03118457812303,-37.0572519093809,0.10121507742045122,0.6452979843627441,0.2,0.10173592054934294,2.236067798354316,0.16796875,0.001261290693128525,0.0234375,0.078125
provenance,Summary,2,23,1e-06,256,128,128,128,6,True,14,11.27773830075257,23.820815091912113,28.938688471816512,-5.117873379904401,-51.68372585641664,-61.929188759990176,0.1049644513502601,0.8101184079803063,0.06666666666666667,0.09305382894220256,2.2359413465940667,0.19921875,6.28426475199267e-05,0.03125,0.0546875
provenance,Summary,2,23,0.0001,256,128,128,128,6,True,14,14.097738920178962,16.967366280610634,22.081750696670667,-5.114384416060033,-36.57071249697553,-46.7983601966271,0.09319172678564643,0.8145531243404713,0.06666666666666667,0.09305382894220253,2.236066703130013,0.1875,0.00020575038655746867,0.0546875,0.09375
provenance,Summary,2,23,0.001,256,128,128,128,6,True,12,17.86157087669876,13.748790811981053,18.670525310727108,-4.921734498746055,-29.494995047784982,-39.34735606187316,0.08622736094649562,0.8298322033101551,0.06666666666666667,0.0930538289422025,2.2360678427160954,0.15625,0.0033962516565197998,0.0859375,0.09375
provenance,Summary,2,24,1e-06,256,128,128,128,6,True,13,11.689030921483317,26.263037702910275,31.681641760746675,-5.418604057836402,-52.739199827701555,-62.95599857955193,0.08200353313009334,0.7826338810269884,0.2,0.11520211100071555,2.2359124694480164,0.28125,1.895287375668482e-09,0.03125,0.09375
provenance,Summary,2,24,0.0001,256,128,128,128,6,True,14,14.620243593475557,18.243900243718564,23.613652276069065,-5.369752032350503,-37.32903785217614,-47.50707416226448,0.0745001517040195,0.7994370642188028,0.2,0.11520211100071559,2.236066406279912,0.234375,1.1452873919607316e-06,0.1015625,0.109375
provenance,Summary,2,24,0.001,256,128,128,128,6,True,12,18.6367798769373,14.451025340630084,19.62934514083976,-5.178319800209676,-30.055125168473232,-39.88547510192218,0.0687734319832723,0.8220131618208071,0.2,0.11520211100071556,2.236067805633431,0.171875,0.0008920470081351661,0.109375,0.140625
provenance,Summary,2,25,1e-06,256,128,128,128,6,True,13,7.901360356031994,26.775165465138166,31.673867946331292,-4.8987024811931255,-55.96608874018912,-66.82651793850067,0.13680247094806564,0.8157069547578248,0.2,0.07772299526941975,2.2358035125931446,0.21484375,1.1517275704865574e-05,0.0,0.0078125
provenance,Summary,2,25,0.0001,256,128,128,128,6,True,14,9.789554598746625,19.05374023026956,23.763096515493025,-4.709356285223468,-38.82283900625552,-49.27359219669522,0.1282600696002485,0.7024847579782209,0.2,0.07772299526941981,2.236065294690037,0.203125,4.163077668109129e-05,0.0078125,0.0390625
provenance,Summary,2,25,0.001,256,128,128,128,6,True,12,12.416542814639797,15.372566899465518,19.85846777524513,-4.4859008757796115,-30.41160020594644,-40.38898055138529,0.12169877149905854,0.6650749056262535,0.2,0.07772299526941977,2.2360676743872814,0.25390625,9.227219252368915e-08,0.03125,0.046875
provenance,Summary,2,26,1e-06,256,128,128,128,6,True,14,7.99507444436262,21.7600681724981,26.914192649831435,-5.15412447733333,-49.32643296876807,-60.17688136075864,0.16040718581187474,0.755370258922067,0.2,0.11876642530101793,2.2358237923651707,0.1953125,9.40842686753401e-05,0.015625,0.0546875
provenance,Summary,2,26,0.0001,256,128,128,128,6,True,13,9.85985042977502,15.606820679657766,20.81629285773655,-5.209472178078786,-34.71155888789539,-45.62120479390542,0.15381666950805886,0.7684687911229526,0.2,0.1187664253010179,2.236065508918689,0.15234375,0.004649248065287104,0.0546875,0.1015625
provenance,Summary,2,26,0.001,256,128,128,128,6,True,13,12.366718857530385,12.595699205374137,17.69248422122874,-5.0967850158546035,-27.661685343422462,-38.28042127162827,0.14369467543566122,0.7900151667455646,0.2,0.11876642530101789,2.2360677063015095,0.15625,0.0033962516565197998,0.09375,0.140625
provenance,Summary,2,27,1e-06,256,128,128,128,6,True,13,8.587235408744787,23.819155977424966,28.976176195583143,-5.157020218158173,-50.60615371608952,-61.306838916429285,0.13208555137054578,0.7718672854614786,0.2,0.137381385060654,2.235863801324436,0.171875,0.0008920470081351661,0.0078125,0.0390625
provenance,Summary,2,27,0.0001,256,128,128,128,6,True,14,10.537121192679384,16.9687118851145,22.12551439583973,-5.156802510725227,-35.26091136468503,-45.923588944045314,0.12232391339972594,0.7560790223107616,0.2,0.137381385060654,2.2360659187733467,0.1328125,0.019813663257872594,0.0390625,0.109375
provenance,Summary,2,27,0.001,256,128,128,128,6,True,12,13.0529482428092,13.743374591063557,18.681293889525648,-4.937919298462093,-28.054917709227027,-38.2506421241426,0.11398928536627981,0.7630343307069695,0.2,0.1373813850606539,2.236067756188083,0.15625,0.0033962516565197998,0.0546875,0.09375
provenance,Summary,2,28,1e-06,256,128,128,128,6,True,14,6.218577933867415,16.7944581563956,21.387505590872323,-4.59304743447672,-37.273000712803466,-46.52379379760605,0.21758248316525058,0.6989229482096733,0.26666666666666666,0.07029788099566331,2.2358910518327098,0.19921875,6.28426475199267e-05,0.0,0.0
provenance,Summary,2,28,0.0001,256,128,128,128,6,True,14,7.4496343329822645,12.23622667887857,16.858766480162814,-4.622539801284241,-26.79740775923257,-35.913541502111364,0.206190382125927,0.7113623907934415,0.26666666666666666,0.07029788099566338,2.236066200133733,0.16015625,0.0024610192473685233,0.0390625,0.046875
provenance,Summary,2,28,0.001,256,128,128,128,6,True,13,8.791561428382057,10.04416720851641,14.571869894213034,-4.527702685696625,-21.884935476299663,-30.60584141225242,0.19669392487233872,0.7309213350498017,0.26666666666666666,0.07029788099566334,2.236067792434454,0.12890625,0.025849477725005232,0.078125,0.109375
provenance,Summary,2,29,1e-06,256,128,128,128,6,True,13,6.573747137415635,22.930791639807374,27.57153830808391,-4.640746668276535,-51.57298965790113,-62.19722807580981,0.11170095709816395,0.6027595894053832,0.26666666666666666,0.10929143577754512,2.235915799663446,0.21875,7.381061347748238e-06,0.0,0.015625
provenance,Summary,2,29,0.0001,256,128,128,128,6,True,13,8.01013598009477,16.548748681728206,21.18341291005187,-4.6346642283236665,-35.55927115800914,-46.03769318557988,0.10872177291928199,0.6279201705984383,0.26666666666666666,0.10929143577754516,2.236066443115318,0.1640625,0.00176897694134448,0.015625,0.046875
provenance,Summary,2,29,0.001,256,128,128,128,6,True,12,9.852155279022757,13.455633668627147,17.955293989272647,-4.4996603206455,-27.916348021371768,-37.882225617582115,0.10709817911828268,0.6641444998769673,0.26666666666666666,0.10929143577754517,2.23606781256349,0.18359375,0.00030054999002206975,0.0390625,0.0703125
provenance,Summary,2,30,1e-06,256,128,128,128,6,True,15,4.7750326641845495,18.529361217518726,23.262682684575758,-4.733321467057033,-39.780076937296045,-49.776500358368665,0.18913392674213128,0.6844296579755014,0.2,0.12356366627508013,2.235844887944688,0.171875,0.0008920470081351661,0.0,0.0
provenance,Summary,2,30,0.0001,256,128,128,128,6,True,14,5.771052976275707,13.11456509274608,17.86730789210768,-4.752742799361599,-27.64121353220994,-37.51280034932758,0.18218963758100343,0.6579368718093404,0.2,0.12356366627508018,2.2360657341714743,0.1484375,0.006313488560237168,0.015625,0.015625
provenance,Summary,2,30,0.001,256,128,128,128,6,True,13,6.931265229242071,10.567964920016772,15.196149344116385,-4.628184424099612,-21.95006313568623,-31.383725900592033,0.17812149638418,0.6602676402194798,0.2,0.12356366627508006,2.236067741940131,0.1640625,0.00176897694134448,0.03125,0.0625
provenance,Summary,2,31,1e-06,256,128,128,128,6,True,12,2.6660045788396687,18.828801782488718,23.073932941847364,-4.245131159358643,-37.784865018887125,-46.115991693952694,0.3844821827318034,0.7060697476456205,0.13333333333333333,0.08932958049817673,2.2359168752419114,0.31640625,6.83543823843095e-12,0.0,0.0
provenance,Summary,2,31,0.0001,256,128,128,128,6,True,12,3.597130287481984,13.125391310932677,17.516510045442484,-4.391118734509804,-25.90671954166727,-34.43204682535536,0.32814752120265434,0.6411137544188706,0.13333333333333333,0.0893295804981768,2.2360664581767966,0.26171875,3.1743788057539135e-08,0.0,0.0
provenance,Summary,2,31,0.001,256,128,128,128,6,True,13,4.589173469904111,10.475285404593457,14.829885361233735,-4.354599956640279,-20.397028294306494,-28.803613504225282,0.31048786439520876,0.6450850123494924,0.13333333333333333,0.08932958049817671,2.2360678180292406,0.1953125,9.40842686753401e-05,0.0,0.0078125
provenance,Summary,3,0,1e-06,512,256,128,128,6,True,12,2.5893372330119666,25.557721614518492,30.39777983259293,-4.840058218074441,-51.24213608644271,-60.38507167356366,0.4205777375781584,0.6113130510189869,0.06666666666666667,0.07545554864201312,1.4141948185013908,0.45703125,5.804759161694703e-25,0.0,0.0
provenance,Summary,3,0,0.0001,512,256,128,128,6,True,12,3.4548197457134373,16.208814036173962,21.063663466827126,-4.854849430653162,-32.75486866694905,-42.28456150719908,0.39396936827430845,0.562753160296603,0.06666666666666667,0.07545554864201313,1.4142133743842524,0.30859375,2.538865745522775e-11,0.0,0.0
provenance,Summary,3,0,0.001,512,256,128,128,6,True,12,4.391137090437489,11.753932274665631,16.443082820346934,-4.689150545681301,-24.036857482443448,-33.53677190594016,0.37998616135370644,0.5774290528517687,0.06666666666666667,0.07545554864201313,1.4142135430714955,0.30078125,9.098922052950389e-11,0.0,0.0
provenance,Summary,3,1,1e-06,512,256,128,128,6,True,10,7.090459858158255,14.051254877902029,16.9253081922883,-2.874053314386268,-29.42155434178127,-35.56325433226588,0.15367824660304655,0.49833128143364475,0.2,0.1942882597112736,0.4731245920450929,0.296875,1.6997263144796861e-10,0.09375,0.2421875
provenance,Summary,3,1,0.0001,512,256,128,128,6,True,9,8.77639397250357,11.87008241727592,14.983185610594283,-3.113103193318363,-23.808539529867282,-30.343029175968837,0.13089397708234352,0.4305295870272873,0.2,0.1942882597112737,0.47430917227381464,0.1796875,0.0004354569877453,0.0703125,0.1171875
provenance,Summary,3,1,0.001,512,256,128,128,6,True,9,10.653843294537035,10.853648421707737,14.053367773853097,-3.1997193521453604,-21.172701492564705,-27.800509298676676,0.11829970991944479,0.44523235857310917,0.2,0.1942882597112736,0.48476795198394973,0.13671875,0.015066349402464208,0.0625,0.09375
provenance,Summary,3,2,1e-06,512,256,128,128,6,True,13,16.884018792587945,27.511218492567693,31.900615422433823,-4.38939692986613,-49.32516030295414,-57.691774120785304,0.06936902470990691,0.30509106791613433,0.6666666666666666,0.1132373123610914,1.3289581121519751,0.45703125,5.804759161694703e-25,0.03125,0.0859375
provenance,Summary,3,2,0.0001,512,256,128,128,6,True,12,21.955393280340417,20.57807376798914,25.0064280114726,-4.42835424348346,-37.80315060651195,-46.70774862640377,0.06270820638120017,0.3909718989762904,0.6666666666666666,0.11323731236109148,1.4194315197843979,0.2734375,6.005467433544062e-09,0.015625,0.0625
provenance,Summary,3,2,0.001,512,256,128,128,6,True,11,29.097239195694605,17.142243306358054,21.643312838038884,-4.501069531680828,-31.816954117140746,-41.38448000058585,0.05775657270979595,0.5123416370266926,0.6666666666666666,0.11323731236109147,1.7804792832032186,0.24609375,2.592123269824214e-07,0.015625,0.046875
provenance,Summary,3,3,1e-06,512,256,128,128,6,True,14,10.801478082509094,21.475057061319845,25.75145616978465,-4.276399108464803,-39.789742844465,-47.523860727005754,0.1069141856914416,0.4564152119126246,0.4666666666666667,0.05643875780610992,2.2064067569626706,0.23046875,1.847888979619762e-06,0.0,0.046875
provenance,Summary,3,3,0.0001,512,256,128,128,6,True,14,13.286302035387115,16.89887124706601,21.582816854473016,-4.683945607407013,-32.16902879377537,-41.10747661189481,0.09446391845298872,0.49812867201734196,0.4666666666666667,0.05643875780610988,2.227812739813839,0.16015625,0.0024610192473685233,0.0,0.03125
provenance,Summary,3,3,0.001,512,256,128,128,6,True,11,16.4908803882261,14.081451222066953,18.67957899197542,-4.598127769908468,-27.131051600216374,-36.00021724512046,0.09448026558815723,0.5628747203233128,0.4666666666666667,0.05643875780610985,2.2348598636637793,0.19140625,0.00013970433630997956,0.015625,0.046875
provenance,Summary,3,4,1e-06,512,256,128,128,6,True,13,8.254004732918359,19.688319034236805,23.423063561389903,-3.734744527153098,-44.04094349831396,-52.52948765706542,0.10673963682192608,0.4695811699861995,0.2,0.04834715351132382,2.234727018359169,0.23046875,1.847888979619762e-06,0.0078125,0.0078125
provenance,Summary,3,4,0.0001,512,256,128,128,6,True,14,10.159448232361635,15.238970418529453,19.397391976927935,-4.15842155839848,-32.13670178415015,-41.195235930373755,0.09392827121244199,0.44948923846096595,0.2,0.0483471535113238,2.2360127587275325,0.14453125,0.00850482833415378,0.0078125,0.015625
provenance,Summary,3,4,0.001,512,256,128,128,6,True,12,12.603904832978076,12.773681928875689,16.810408001430552,-4.03672607255486,-26.026466573302812,-34.71729453227467,0.09717781086305279,0.49296697276907325,0.2,0.04834715351132384,2.236061899146218,0.1328125,0.019813663257872594,0.015625,0.015625
provenance,Summary,3,5,1e-06,512,256,128,128,6,True,13,8.037627558640235,22.557090591971196,27.141829581815628,-4.5847389898444355,-45.15613351309365,-54.16725156615418,0.20527165236745504,0.5533354754404928,0.26666666666666666,0.0760871197333564,2.2358522298925974,0.1875,0.00020575038655746867,0.0,0.0078125
provenance,Summary,3,5,0.0001,512,256,128,128,6,True,13,9.907765153332898,16.134408021998986,20.737106020918866,-4.602697998919884,-32.025003818522755,-41.07943187665793,0.1939151101341927,0.5286574170138928,0.26666666666666666,0.0760871197333565,2.2360653509980075,0.1328125,0.019813663257872594,0.0078125,0.0234375
provenance,Summary,3,5,0.001,512,256,128,128,6,True,12,12.235486432075522,13.109601225561818,17.510429322682697,-4.4008280971208755,-25.863891791080217,-34.61142384981895,0.18442257521088418,0.5554834343639828,0.26666666666666666,0.07608711973335645,2.2360676958100445,0.140625,0.011365189018294308,0.0078125,0.0546875
provenance,Summary,3,6,1e-06,512,256,128,128,6,True,13,7.3423526346405215,19.037139473581085,23.23648622333537,-4.199346749754285,-38.32191217068111,-46.735803433897644,0.15124627285610281,0.46606098134494395,0.26666666666666666,0.07630832938565892,2.2358251355591183,0.234375,1.1452873919607316e-06,0.0,0.0
provenance,Summary,3,6,0.0001,512,256,128,128,6,True,13,9.126913075016802,13.862327694808483,17.944448167666778,-4.082120472858293,-27.69953076487147,-35.94329517423735,0.13447074920195812,0.4616878043862236,0.26666666666666666,0.07630832938565892,2.23606546911525,0.15234375,0.004649248065287104,0.0,0.0078125
provenance,Summary,3,6,0.001,512,256,128,128,6,True,12,11.173448462317797,11.485663651166739,15.344023839023894,-3.8583601878571554,-22.849109026146294,-30.69798867745424,0.12207953783161694,0.5044375724840878,0.26666666666666666,0.0763083293856589,2.236067713338767,0.1484375,0.006313488560237168,0.0078125,0.03125
provenance,Summary,3,7,1e-06,512,256,128,128,6,True,13,6.429386612209203,18.086198969122744,22.613234500683376,-4.527035531560626,-34.01700544385642,-42.61958419645156,0.24563332253463058,0.6828883692353787,0.06666666666666667,0.08875259128015435,2.2358779261995054,0.34375,5.202843089038079e-14,0.0,0.0
provenance,Summary,3,7,0.0001,512,256,128,128,6,True,13,7.857764816215138,13.122920084645859,17.459710778349805,-4.336790693703944,-24.66564006783106,-33.09148140788456,0.2266028769621424,0.6071702509634674,0.06666666666666667,0.08875259128015435,2.2360660677099404,0.33984375,1.073542535028726e-13,0.0,0.0078125
provenance,Summary,3,7,0.001,512,256,128,128,6,True,12,9.350127223154066,10.845910916939713,14.930117394470122,-4.084206477530408,-20.37791303635189,-28.38789991872462,0.2139770336372292,0.5912376299277142,0.06666666666666667,0.08875259128015438,2.236067779024064,0.3125,1.3232765413914088e-11,0.0078125,0.0078125
provenance,Summary,3,8,1e-06,512,256,128,128,6,True,13,7.37242469990705,19.733630201457586,23.880330143415456,-4.1466999419578645,-39.926209244028385,-48.59855400021181,0.13133587702973953,0.5130204139355724,0.2,0.10118671375161037,2.235861862674741,0.24609375,2.592123269824214e-07,0.0,0.0
provenance,Summary,3,8,0.0001,512,256,128,128,6,True,13,9.007019801616632,14.17397218904696,18.245912116362696,-4.071939927315737,-28.343199279194437,-37.020322379435584,0.12052575831534726,0.3841678124261698,0.2,0.10118671375161044,2.2360659059143013,0.13671875,0.015066349402464208,0.0,0.03125
provenance,Summary,3,8,0.001,512,256,128,128,6,True,13,10.88992474126838,11.649454438534583,15.508510432730404,-3.8590559941958222,-23.03353711522321,-31.393200256788244,0.11277436670586578,0.36078254988658603,0.2,0.10118671375161045,2.236067760913202,0.13671875,0.015066349402464208,0.0078125,0.03125
provenance,Summary,3,9,1e-06,512,256,128,128,6,True,13,6.621189087773163,17.459238091469942,21.287647319272132,-3.828409227802191,-36.183174760823604,-44.28223532953019,0.19661667702470012,0.5525136307143035,0.2,0.13048986278503502,2.2358985143401724,0.29296875,3.1472328013771007e-10,0.0,0.0
provenance,Summary,3,9,0.0001,512,256,128,128,6,True,13,8.017633123427789,12.795638852792152,16.568396274427318,-3.7727574216351645,-26.035710829812277,-34.036090514066586,0.18482723809750218,0.45451893394754583,0.2,0.13048986278503502,2.2360662768526254,0.203125,4.163077668109129e-05,0.0,0.0078125
provenance,Summary,3,9,0.001,512,256,128,128,6,True,12,9.52017808222191,10.659086397670958,14.270289032458752,-3.611202634787796,-21.342961730807332,-29.06309396751223,0.1774168949757777,0.43681202254687196,0.2,0.130489862785035,2.236067802017226,0.140625,0.011365189018294308,0.0,0.03125
provenance,Summary,3,10,1e-06,512,256,128,128,6,True,13,6.181246508888684,20.727810188377532,25.039156334893903,-4.311346146516371,-42.89282214383791,-52.03429506757688,0.23455044953023813,0.887875927238925,0.2,0.12320059632578431,2.235895585147857,0.21875,7.381061347748238e-06,0.0,0.0
provenance,Summary,3,10,0.0001,512,256,128,128,6,True,14,7.54995530195551,14.773538422255168,19.074127703827273,-4.300589281572106,-29.4597806841728,-38.53207546217559,0.2234381105889883,0.6872229254316532,0.2,0.12320059632578426,2.2360662455596505,0.140625,0.011365189018294308,0.0,0.0078125
provenance,Summary,3,10,0.001,512,256,128,128,6,True,13,9.190641072188072,12.065887683409375,16.165125056195095,-4.099237372785717,-23.32641196738406,-32.05565891347101,0.2138574957250018,0.5754166581303074,0.2,0.1232005963257843,2.23606779705151,0.19140625,0.00013970433630997956,0.0078125,0.015625
provenance,Summary,3,11,1e-06,512,256,128,128,6,True,13,7.139015630051942,17.996811838721147,22.185954914100364,-4.189143075379219,-34.72975670682501,-43.08504512462652,0.1753963381078035,0.3884086508345104,0.2,0.09544592729413925,2.2358328127604943,0.3671875,5.542534149978852e-16,0.0,0.0
provenance,Summary,3,11,0.0001,512,256,128,128,6,True,14,8.616527461185154,13.306859625079007,17.381396843889142,-4.074537218810138,-25.44426099830033,-33.636975058064515,0.16078761732326335,0.3281310889910097,0.2,0.09544592729413927,2.236065613591762,0.3203125,3.4992283936701867e-12,0.0,0.0
provenance,Summary,3,11,0.001,512,256,128,128,6,True,11,10.139688775920554,11.138207355052572,15.009068019499539,-3.870860664446969,-21.138298578219985,-28.97251665291865,0.15206247305116008,0.3487202680406358,0.2,0.0954459272941393,2.236067730052589,0.27734375,3.3884305330612322e-09,0.0,0.0
provenance,Summary,3,12,1e-06,512,256,128,128,6,True,12,9.833089633348617,15.570245725316308,19.837800529578786,-4.267554804262476,-30.226388060245093,-38.88002016307748,0.13566808666041258,0.583107233395034,0.06666666666666667,0.039480889057240655,2.235772594576562,0.51953125,1.1716351351399961e-32,0.0,0.0078125
provenance,Summary,3,12,0.0001,512,256,128,128,6,True,13,10.525756783739315,11.513211340829171,15.451040106672483,-3.9378287658433138,-22.11077814971987,-30.11140644744107,0.1483644857274962,0.5927357272405732,0.06666666666666667,0.039480889057240634,2.2360650132284263,0.4921875,3.9093247371776895e-29,0.0234375,0.0390625
provenance,Summary,3,12,0.001,512,256,128,128,6,True,13,11.319071355828491,9.647221923430909,13.267147496461664,-3.6199255730307556,-18.378097136510867,-25.7415089024255,0.15762883389147914,0.602509586141464,0.06666666666666667,0.03948088905724065,2.2360676718335464,0.44921875,4.348997194110803e-24,0.03125,0.0390625
provenance,Summary,3,13,1e-06,512,256,128,128,6,True,13,7.96823189016229,21.315210197376803,25.510206003625132,-4.194995806248329,-43.296595956531,-52.078695291640145,0.18885715268037445,0.5867163902900666,0.2,0.07758442777692498,2.2358494693806397,0.16796875,0.001261290693128525,0.0,0.0
provenance,Summary,3,13,0.0001,512,256,128,128,6,True,12,9.718728748957647,15.255264534947433,19.50065550195007,-4.245390967002638,-30.179410023320244,-39.059582536486396,0.18065753470550236,0.369730483526197,0.2,0.07758442777692501,2.236065779654861,0.19921875,6.28426475199267e-05,0.0,0.0078125
provenance,Summary,3,13,0.001,512,256,128,128,6,True,11,11.79931160441471,12.520776937658042,16.61530244996795,-4.094525512309908,-24.21680927539735,-32.868013064954376,0.17385556553140075,0.26563604142189884,0.2,0.07758442777692501,2.236067746165587,0.1875,0.00020575038655746867,0.015625,0.0234375
provenance,Summary,3,14,1e-06,512,256,128,128,6,True,14,6.956574615742249,19.1444617358424,23.264323139024555,-4.119861403182155,-37.92269509897691,-46.098530349472895,0.17290389733483968,0.6665384490245423,0.2,0.1349257767889187,2.2359375282484097,0.18359375,0.00030054999002206975,0.0,0.0
provenance,Summary,3,14,0.0001,512,256,128,128,6,True,14,8.435487343197494,13.78515434182577,17.859366240520405,-4.074211898694637,-26.953975175867015,-35.06088819334918,0.1612171654405982,0.5524526582207492,0.2,0.1349257767889187,2.2360666681790797,0.14453125,0.00850482833415378,0.0078125,0.0390625
provenance,Summary,3,14,0.001,512,256,128,128,6,True,12,10.068335833888773,11.333367877265495,15.21171619669175,-3.8783483194262534,-21.94704204794337,-29.662551643103356,0.15287251706083532,0.5149050835466359,0.2,0.13492577678891868,2.2360678421964435,0.22265625,4.6910366522335245e-06,0.0234375,0.046875
provenance,Summary,3,15,1e-06,512,256,128,128,6,True,13,6.133064195286929,20.88715803233039,25.471625188790025,-4.584467156459636,-40.42147509904471,-49.42896966728181,0.16708935209403208,0.5260369245347635,0.2,0.14756370089701837,2.235932850317618,0.17578125,0.0006257967777605344,0.0,0.0
provenance,Summary,3,15,0.0001,512,256,128,128,6,True,13,7.392726067456686,14.762077584836163,19.304478706842794,-4.5424011220066305,-28.449836636828607,-37.45699184893408,0.15611262457764194,0.45922697127483275,0.2,0.14756370089701837,2.236066620440975,0.12109375,0.04295704754590679,0.0,0.0078125
provenance,Summary,3,15,0.001,512,256,128,128,6,True,13,8.836935109811805,11.94672007140219,16.315823574303835,-4.369103502901645,-22.867531832225204,-31.616155873080547,0.14865168354850355,0.4586487766063331,0.2,0.14756370089701834,2.236067836546861,0.1953125,9.40842686753401e-05,0.0390625,0.0546875
provenance,Summary,3,16,1e-06,512,256,128,128,6,True,13,5.256762068825047,21.031411542743868,25.84245985052535,-4.811048307781483,-38.7950346371932,-47.81782723369464,0.17271609218061082,0.6712978315207484,0.2,0.11232820681245108,2.235933992496357,0.23828125,7.038776424263986e-07,0.0,0.0
provenance,Summary,3,16,0.0001,512,256,128,128,6,True,15,6.4290017419960375,14.620224467096913,19.34594642538236,-4.725721958285446,-27.01835477391454,-35.946491196232884,0.1575980151758173,0.6009513622765521,0.2,0.11232820681245093,2.236066631207665,0.234375,1.1452873919607316e-06,0.0078125,0.0078125
provenance,Summary,3,16,0.001,512,256,128,128,6,True,13,7.78697096547103,11.664877447770333,16.151410177559285,-4.486532729788955,-21.589214065127692,-30.159232664618585,0.14626994676560984,0.5850962779870466,0.2,0.11232820681245108,2.236067837021604,0.1796875,0.0004354569877453,0.03125,0.0546875
provenance,Summary,3,17,1e-06,512,256,128,128,6,True,14,7.128657910951803,23.736996758378343,28.653152674017058,-4.916155915638713,-43.99948230482586,-53.55583467758211,0.15789649591952443,0.5821694920292778,0.26666666666666666,0.1238917879151206,2.2358821322264313,0.2421875,4.289574463648891e-07,0.0,0.0
provenance,Summary,3,17,0.0001,512,256,128,128,6,True,15,8.722330321497932,16.639734840412107,21.514990645912775,-4.87525580550067,-30.79667131850429,-40.41802492387913,0.14672036579053543,0.4616035734647438,0.26666666666666666,0.12389178791512052,2.236066106097708,0.234375,1.1452873919607316e-06,0.0,0.0
provenance,Summary,3,17,0.001,512,256,128,128,6,True,14,10.694510095267661,13.357703666387255,18.025981138226488,-4.668277471839232,-24.65487617549077,-33.992580711604234,0.13808934982046758,0.43309346137410054,0.26666666666666666,0.12389178791512055,2.236067778588427,0.21875,7.381061347748238e-06,0.0,0.0390625
provenance,Summary,3,18,1e-06,512,256,128,128,6,True,15,8.926068188487607,26.905721021625332,31.962266025663958,-5.056545004038629,-50.69722526111134,-60.91616031893109,0.10653794469559764,0.29606267420741134,0.2,0.07968832143681456,2.2358455082847573,0.33203125,4.446104931843403e-13,0.0,0.0078125
provenance,Summary,3,18,0.0001,512,256,128,128,6,True,13,11.01422577047458,18.761709808754322,23.806113774642785,-5.044403965888465,-35.13897543360686,-45.40457639205549,0.0980960106777149,0.2046945899169849,0.2,0.07968832143681463,2.236065726110861,0.2734375,6.005467433544062e-09,0.0,0.0234375
provenance,Summary,3,18,0.001,512,256,128,128,6,True,13,13.757354518958735,15.006086872209053,19.838655568092676,-4.832568695883627,-27.888995538944002,-37.799021058689945,0.10509918907482949,0.287889614746391,0.2,0.0796883214368146,2.236067727997115,0.33203125,4.446104931843403e-13,0.0234375,0.03125
provenance,Summary,3,19,1e-06,512,256,128,128,6,True,13,9.146906442648355,28.12424280565722,33.599799070394155,-5.475556264736927,-52.90085169105792,-63.79496245990893,0.1290012160178738,0.622133724040591,0.26666666666666666,0.15197649219358464,2.235899949185849,0.37890625,5.0342822933606634e-17,0.0078125,0.046875
provenance,Summary,3,19,0.0001,512,256,128,128,6,True,14,11.272227565854916,19.294176462110222,24.750492461668628,-5.456315999558408,-36.372274772592895,-47.39034616624818,0.12097401489992626,0.6017907446357731,0.26666666666666666,0.1519764921935846,2.236066280687472,0.3046875,4.827787419674662e-11,0.0078125,0.046875
provenance,Summary,3,19,0.001,512,256,128,128,6,True,13,14.057344833399853,15.221605173329234,20.47283465570188,-5.251229482372649,-28.69214104000584,-39.37168952161652,0.11392253900252095,0.6211911086030121,0.26666666666666666,0.15197649219358453,2.2360677927286887,0.3359375,2.1947921596940167e-13,0.046875,0.046875
provenance,Summary,3,20,1e-06,512,256,128,128,6,True,14,8.70865051800285,26.80258542023525,32.092640325431084,-5.290054905195837,-52.27582073959303,-62.91077801887131,0.1675124747187466,0.50812094348833,0.26666666666666666,0.11997709195318028,2.2358368677796894,0.23828125,7.038776424263986e-07,0.0,0.0078125
provenance,Summary,3,20,0.0001,512,256,128,128,6,True,15,10.620180703242177,18.761483510014703,24.02634959450095,-5.264866084486247,-35.97569483596106,-46.53421301767982,0.1592080271772649,0.4398555029337428,0.26666666666666666,0.11997709195318026,2.2360656303559217,0.3125,1.3232765413914088e-11,0.0078125,0.0234375
provenance,Summary,3,20,0.001,512,256,128,128,6,True,13,13.129795193147626,15.005429089404252,20.056398036316303,-5.05096894691205,-28.3251333987422,-38.45139430821598,0.1519679246675799,0.4539602934993252,0.26666666666666666,0.11997709195318033,2.236067709838798,0.24609375,2.592123269824214e-07,0.0078125,0.0390625
provenance,Summary,3,21,1e-06,512,256,128,128,6,True,13,7.561715599846595,27.27437349184671,32.292436675108505,-5.018063183261795,-50.95179800878782,-61.23123153818496,0.18042199907263134,0.8957871170362749,0.2,0.12820135765736457,2.235836532938934,0.3203125,3.4992283936701867e-12,0.0,0.015625
provenance,Summary,3,21,0.0001,512,256,128,128,6,True,14,9.271186669566248,18.83122833164713,23.714510067745728,-4.883281736098603,-35.01456616530052,-45.1950889537185,0.17120061298739014,0.7149573122827801,0.2,0.12820135765736446,2.2360656330092827,0.25,1.553142566968138e-07,0.0078125,0.0390625
provenance,Summary,3,21,0.001,512,256,128,128,6,True,12,11.532928269133363,14.918641954670447,19.55353947369419,-4.634897519023742,-27.512423059491603,-37.344112703602434,0.16406273156562678,0.6136749973825455,0.2,0.12820135765736443,2.2360677156282174,0.32421875,1.7752249813670875e-12,0.0234375,0.0390625
provenance,Summary,3,22,1e-06,512,256,128,128,6,True,15,14.0117734666154,27.171395392563635,32.56472139861459,-5.393326006050955,-50.582448111870775,-59.916263493450174,0.12966743868220448,0.6927136411435589,0.26666666666666666,0.15864390561645914,2.2357977901516235,0.328125,8.924716016110725e-13,0.015625,0.0390625
provenance,Summary,3,22,0.0001,512,256,128,128,6,True,15,17.514541924085485,18.95654242107215,24.310677648376952,-5.354135227304802,-36.0865364617502,-45.45585791952955,0.1223317341413757,0.6968081208848743,0.26666666666666666,0.15864390561645922,2.236065235775848,0.3203125,3.4992283936701867e-12,0.03125,0.046875
provenance,Summary,3,22,0.001,512,256,128,128,6,True,13,22.344613878002782,15.137657553637402,20.264295781907027,-5.126638228269629,-29.39879298097317,-38.43330097269978,0.11631972097769545,0.7234251605267172,0.26666666666666666,0.15864390561645908,2.2360676669581454,0.2734375,6.005467433544062e-09,0.046875,0.0703125
provenance,Summary,3,23,1e-06,512,256,128,128,6,True,14,15.566332376958844,30.043611631023367,35.61490744240226,-5.571295811378896,-56.50383562427594,-66.9819383956796,0.12673796431580192,0.7258282100710578,0.26666666666666666,0.125678114153013,2.2358611206999264,0.42578125,1.4189253022669924e-21,0.0234375,0.0390625
provenance,Summary,3,23,0.0001,512,256,128,128,6,True,14,19.47731866088441,20.76526957069411,26.232567481174918,-5.467297910480811,-39.38154085579347,-49.800504506882845,0.12069976365305027,0.7286864887733449,0.26666666666666666,0.125678114153013,2.2360658775386395,0.36328125,1.209705534646815e-15,0.0390625,0.0703125
provenance,Summary,3,23,0.001,512,256,128,128,6,True,12,24.94894440878802,16.470999286533655,21.704345331976743,-5.233346045443087,-31.557745302210684,-41.54463799798074,0.11510528526165166,0.7515509004674695,0.26666666666666666,0.12567811415301303,2.236067738796709,0.34375,5.202843089038079e-14,0.0625,0.0703125
provenance,Summary,3,24,1e-06,512,256,128,128,6,True,14,14.44472087309904,29.383306031762174,34.891134551193616,-5.507828519431446,-58.277592163160165,-68.78527428374551,0.10031595797538347,0.7083138928087056,0.26666666666666666,0.16132458118029702,2.2357874261315875,0.3359375,2.1947921596940167e-13,0.0234375,0.046875
provenance,Summary,3,24,0.0001,512,256,128,128,6,True,15,18.07861697575738,20.452085862218425,25.82052869838005,-5.3684428361616225,-40.25499525855252,-50.5358186363523,0.09431214222076624,0.7104214760746204,0.26666666666666666,0.16132458118029686,2.236065116530025,0.26171875,3.1743788057539135e-08,0.0625,0.078125
provenance,Summary,3,24,0.001,512,256,128,128,6,True,12,23.29725781409238,16.30649441397239,21.382666281178356,-5.0761718672059635,-31.92285874824794,-41.67435577281407,0.08902641441405659,0.7350883825028243,0.26666666666666666,0.16132458118029697,2.2360676406994657,0.33984375,1.073542535028726e-13,0.0625,0.078125
provenance,Summary,3,25,1e-06,512,256,128,128,6,True,14,11.648871670506662,28.248468505730507,33.6855265569387,-5.437058051208193,-58.23960839699666,-69.11083896786306,0.09369387412910747,0.772305343940199,0.2,0.11448967589581238,2.2358162637144536,0.30859375,2.538865745522775e-11,0.015625,0.0625
provenance,Summary,3,25,0.0001,512,256,128,128,6,True,13,14.551681371746666,19.628488404346804,24.921685109730763,-5.2931967053839575,-40.15759940512499,-50.7992171005052,0.0934408946006584,0.7812236071363452,0.2,0.11448967589581241,2.236065416665111,0.19921875,6.28426475199267e-05,0.0625,0.078125
provenance,Summary,3,25,0.001,512,256,128,128,6,True,12,18.7376335894036,15.554443150354174,20.602936319049242,-5.048493168695064,-31.578954145202406,-41.76168745438591,0.08977778743015932,0.8014589559389053,0.2,0.11448967589581233,2.236067681474962,0.24609375,2.592123269824214e-07,0.078125,0.1015625
provenance,Summary,3,26,1e-06,512,256,128,128,6,True,14,12.247846725872927,26.647129490504838,31.893470204748226,-5.246340714243384,-54.917419903918756,-65.72252100995782,0.10550467073252699,0.7350631736857131,0.26666666666666666,0.09508753774024677,2.235745964694319,0.20703125,2.7352006658291592e-05,0.015625,0.03125
provenance,Summary,3,26,0.0001,512,256,128,128,6,True,14,15.127328223775427,18.71409778851849,23.939206974362104,-5.225109185843614,-38.27936230346622,-48.98854225239872,0.10559946134922621,0.7432487755434477,0.26666666666666666,0.09508753774024671,2.2360646868128695,0.1875,0.00020575038655746867,0.0390625,0.078125
provenance,Summary,3,26,0.001,512,256,128,128,6,True,13,19.186567511717517,14.973377364517965,20.007034126518114,-5.033656762000151,-30.442105733922652,-40.70118249117796,0.1023992521955714,0.7647382476925718,0.26666666666666666,0.0950875377402467,2.236067583936319,0.21484375,1.1517275704865574e-05,0.0390625,0.1015625
provenance,Summary,3,27,1e-06,512,256,128,128,6,True,13,11.590171153922473,27.145985209002912,32.28915956854749,-5.1431743595445845,-52.637941355586506,-62.897183062452854,0.11500444990221592,0.6525643840816958,0.26666666666666666,0.1256464914052624,2.235784403784026,0.328125,8.924716016110725e-13,0.0078125,0.0078125
provenance,Summary,3,27,0.0001,512,256,128,128,6,True,15,14.3602813594124,19.03617741502115,24.11341317648012,-5.077235761458969,-36.75238901751592,-46.97657569194321,0.10691374646489474,0.6097829023361719,0.26666666666666666,0.1256464914052623,2.236065093662154,0.2890625,5.776341456120769e-10,0.0078125,0.0390625
provenance,Summary,3,27,0.001,512,256,128,128,6,True,12,18.121003692203942,15.32419032209456,20.132455574324332,-4.808265252229772,-29.404342882429695,-39.20396758881752,0.09985469326009565,0.6191269142361014,0.26666666666666666,0.12564649140526243,2.236067645185676,0.25,1.553142566968138e-07,0.046875,0.0859375
provenance,Summary,3,28,1e-06,512,256,128,128,6,True,14,7.018428319764963,20.151259994977195,24.818043758905567,-4.666783763928374,-38.414951180869636,-47.347520257844515,0.20564749553458384,0.5839594425546311,0.4,0.09525076296626384,2.235792187595939,0.25,1.553142566968138e-07,0.0,0.0
provenance,Summary,3,28,0.0001,512,256,128,128,6,True,14,8.38452125103635,14.620116135316783,19.25485554743245,-4.634739412115664,-27.69292014967152,-36.62525118571106,0.19700833149933905,0.5610560814304906,0.4,0.09525076296626382,2.236065195303392,0.23046875,1.847888979619762e-06,0.0,0.0
provenance,Summary,3,28,0.001,512,256,128,128,6,True,14,9.904731579448693,12.02502692006256,16.460843155790087,-4.4358162357275255,-22.665869300057942,-31.24058886910475,0.19497966609149664,0.5715889230830794,0.4,0.09525076296626382,2.2360676772381143,0.2265625,2.9565885080962975e-06,0.0,0.0078125
provenance,Summary,3,29,1e-06,512,256,128,128,6,True,13,8.625185929798022,24.949549295327294,29.9754577073479,-5.025908412020607,-56.02080818757452,-67.39207756589357,0.10712560694768355,0.6095762351592636,0.4,0.12344570265674958,2.235829314485973,0.19140625,0.00013970433630997956,0.0,0.0390625
provenance,Summary,3,29,0.0001,512,256,128,128,6,True,13,10.48500453035088,17.66372119004169,22.581686681545897,-4.917965491504204,-38.19468855636198,-49.39317601187071,0.10960322099811537,0.6274564279576809,0.4,0.12344570265674965,2.2360655627733905,0.18359375,0.00030054999002206975,0.0234375,0.0546875
provenance,Summary,3,29,0.001,512,256,128,128,6,True,11,12.954630253707736,14.291770590149305,18.906125655785885,-4.61435506563658,-29.843527633296073,-40.43159065285403,0.1092184733694367,0.6617005031212009,0.4,0.12344570265674969,2.2360677104119837,0.22265625,4.6910366522335245e-06,0.046875,0.1015625
provenance,Summary,3,30,1e-06,512,256,128,128,6,True,14,6.883616037942098,23.068678374165685,28.36073502842467,-5.292056654258978,-40.21530407001968,-49.49486262085528,0.22356849485697072,0.6561227159357164,0.26666666666666666,0.09739836665769082,2.235840500786963,0.29296875,3.1472328013771007e-10,0.0,0.0
provenance,Summary,3,30,0.0001,512,256,128,128,6,True,15,8.35097386030149,15.860726081514462,21.000397029981794,-5.139670948467334,-28.541745364333273,-37.9029441136807,0.22141333305830974,0.6610248794898064,0.26666666666666666,0.0973983666576909,2.2360656813491855,0.2265625,2.9565885080962975e-06,0.0078125,0.03125
provenance,Summary,3,30,0.001,512,256,128,128,6,True,14,10.082655457225158,12.500933212311264,17.378078286233823,-4.877145073922565,-23.107196918818197,-32.17805324477074,0.2174461841894349,0.6814188683828031,0.26666666666666666,0.09739836665769087,2.23606772842819,0.23828125,7.038776424263986e-07,0.046875,0.046875
provenance,Summary,3,31,1e-06,512,256,128,128,6,True,14,2.226618685137505,19.104390691465397,23.354422948435214,-4.250032256969815,-40.444474432590056,-49.48877952372024,0.47713756974173194,0.8479712152662623,0.13333333333333333,0.08683403868951504,2.2358779440224965,0.27734375,3.3884305330612322e-09,0.0,0.0
provenance,Summary,3,31,0.0001,512,256,128,128,6,True,14,3.0628849618674976,13.256643603580041,17.657914473599156,-4.401270870019112,-27.532594658145296,-36.95140351907155,0.40907895159403457,0.7118806479520086,0.13333333333333333,0.08683403868951511,2.2360660657191636,0.23046875,1.847888979619762e-06,0.0,0.0
provenance,Summary,3,31,0.001,512,256,128,128,6,True,14,4.00676104212683,10.543473920446328,14.91834586725241,-4.374871946806085,-21.4501196449679,-30.897119685776225,0.3725076328279961,0.6730829886883998,0.13333333333333333,0.08683403868951506,2.2360677759424834,0.1796875,0.0004354569877453,0.0,0.015625
provenance,Summary,4,0,1e-06,1024,512,128,128,6,True,12,2.198333235389888,24.434731331947255,29.2356486085529,-4.8009172766056505,-50.48636055204537,-60.565077816676514,0.38817466940503914,0.6312983136140745,0.06666666666666667,0.07454957828664484,1.4141901874076475,0.5,4.083287142465694e-30,0.0,0.0
provenance,Summary,4,0,0.0001,1024,512,128,128,6,True,13,2.866732952246844,15.637331344857008,20.410408195237977,-4.773076850380969,-32.01018734100455,-42.05473185441295,0.3456028489909125,0.5490407079419338,0.06666666666666667,0.07454957828664482,1.414213327844214,0.45703125,5.804759161694703e-25,0.0,0.0
provenance,Summary,4,0,0.001,1024,512,128,128,6,True,12,3.593440313598368,11.491769768126204,16.191057341595112,-4.6992875734689115,-23.236090250983395,-33.013878520314506,0.32283389827895437,0.540930197234233,0.06666666666666667,0.07454957828664482,1.4142135382081764,0.40234375,3.196793611528768e-19,0.0,0.0
provenance,Summary,4,1,1e-06,1024,512,128,128,6,True,10,7.860406629255207,12.880492351333487,15.914796384478095,-3.034304033144607,-27.537591463655787,-33.543992498243114,0.13085872264744813,0.5330005120838726,0.4,0.20023683485617075,0.5670951774147538,0.3046875,4.827787419674662e-11,0.0859375,0.234375
provenance,Summary,4,1,0.0001,1024,512,128,128,6,True,10,9.844504642863463,11.017546423955757,14.341163540525358,-3.3236171165695994,-22.969691018314215,-29.520538286001013,0.10020196300591865,0.5727114122049366,0.4,0.20023683485617078,0.568655489130872,0.203125,4.163077668109129e-05,0.0546875,0.234375
provenance,Summary,4,1,0.001,1024,512,128,128,6,True,10,12.037180347820088,10.10080117464504,13.539120179105357,-3.438319004460315,-20.831503196957897,-27.617375467078787,0.08544058024023896,0.6205133016091658,0.4,0.2002368348561709,0.5824750758947392,0.1875,0.00020575038655746867,0.0703125,0.234375
provenance,Summary,4,2,1e-06,1024,512,128,128,6,True,11,17.715222039369927,24.677987578733273,29.18729298868505,-4.509305409951782,-51.33589229534276,-59.90754583978443,0.06235315211730261,0.6990991100364914,0.6666666666666666,0.11935499074406856,1.1347010589577624,0.34765625,2.4982790013842228e-14,0.078125,0.2578125
provenance,Summary,4,2,0.0001,1024,512,128,128,6,True,10,23.142861137345644,18.578863264285456,23.38607383031796,-4.8072105660325075,-38.991646925990494,-48.25357336504936,0.06564424269394448,0.7672284189457806,0.6666666666666666,0.11935499074406858,1.1573713801568448,0.26171875,3.1743788057539135e-08,0.1328125,0.2421875
provenance,Summary,4,2,0.001,1024,512,128,128,6,True,11,30.60173740582838,15.521454108377402,20.515037016469698,-4.993582908092296,-32.720046481169916,-42.536435948460955,0.06749535407464094,0.8180740504357241,0.6666666666666666,0.11935499074406858,1.3170766956677953,0.2109375,1.782257225451088e-05,0.109375,0.1875
provenance,Summary,4,3,1e-06,1024,512,128,128,6,True,15,12.342343482603182,19.680482208539352,23.497322922587713,-3.816840714048362,-41.34757597203446,-49.32616158183137,0.09975604244858507,0.5036781980142772,0.4666666666666667,0.045580540728504565,2.1321401491533623,0.25,1.553142566968138e-07,0.0078125,0.0390625
provenance,Summary,4,3,0.0001,1024,512,128,128,6,True,14,15.338803182655877,16.2947549261753,20.555765975373255,-4.261011049197956,-33.691275311780046,-42.338848194798715,0.0964712301496413,0.5918806295918185,0.4666666666666667,0.045580540728504516,2.1830527121108796,0.08984375,0.23811562865354285,0.0,0.0390625
provenance,Summary,4,3,0.001,1024,512,128,128,6,True,13,19.460507717707472,13.924561415002177,18.391528946325842,-4.466967531323663,-28.571378211834528,-37.44053085372241,0.09487091995107894,0.6698261203750728,0.4666666666666667,0.04558054072850455,2.225272364007455,0.1953125,9.40842686753401e-05,0.0078125,0.0703125
provenance,Summary,4,4,1e-06,1024,512,128,128,6,True,12,7.80690358989585,19.156800878071056,22.872349174795282,-3.7155482967242257,-38.82267509296994,-46.75021447214838,0.1297585501325835,0.347101192795901,0.2,0.04583432056515666,2.230233191162938,0.171875,0.0008920470081351661,0.0,0.0
provenance,Summary,4,4,0.0001,1024,512,128,128,6,True,14,9.557837762554954,15.068447864893175,19.297465058915254,-4.229017194022079,-30.067708281389578,-39.08744898269122,0.1134185074298347,0.32923790691981825,0.2,0.04583432056515668,2.2354479917737127,0.21875,7.381061347748238e-06,0.0,0.0
provenance,Summary,4,4,0.001,1024,512,128,128,6,True,13,11.735721301209914,12.601945890127823,16.69752328752628,-4.095577397398456,-24.820777375581194,-33.598930333403636,0.11075503502034709,0.394214793281693,0.2,0.04583432056515667,2.235996168235282,0.19921875,6.28426475199267e-05,0.0,0.0078125
provenance,Summary,4,5,1e-06,1024,512,128,128,6,True,13,5.894644444464517,22.3069372876054,26.807194801264284,-4.500257513658884,-41.475585960467214,-50.14401966413219,0.16015984102661587,0.29203863571609634,0.3333333333333333,0.05543158193551599,2.235883553474114,0.25,1.553142566968138e-07,0.0,0.0
provenance,Summary,4,5,0.0001,1024,512,128,128,6,True,13,7.221664552219381,15.945387469733612,20.628276409256515,-4.682888939522901,-29.965069551633604,-39.222586067034484,0.15243701708078575,0.3372003667116789,0.3333333333333333,0.055431581935516006,2.236064712434645,0.1875,0.00020575038655746867,0.0,0.0
provenance,Summary,4,5,0.001,1024,512,128,128,6,True,12,8.817701700434565,12.794191315119004,17.335495965702624,-4.541304650583619,-24.106267131443218,-33.119082342288806,0.15789157537026882,0.42200254614479366,0.3333333333333333,0.055431581935516026,2.2360676302363074,0.203125,4.163077668109129e-05,0.0,0.0078125
provenance,Summary,4,6,1e-06,1024,512,128,128,6,True,13,5.449977792199993,18.39929029986861,22.892694646841342,-4.493404346972731,-33.65004527414171,-42.00073606282409,0.2748850273809494,0.593521266677713,0.26666666666666666,0.10729458669327938,2.235896187232314,0.4375,8.234408833896026e-23,0.0,0.0
provenance,Summary,4,6,0.0001,1024,512,128,128,6,True,14,6.728226106816308,13.310498020650959,17.782347798059057,-4.471849777408101,-24.311009185906716,-32.771651588665904,0.25355994668086357,0.40733516603030956,0.26666666666666666,0.10729458669327933,2.236066066137234,0.3203125,3.4992283936701867e-12,0.0,0.0
provenance,Summary,4,6,0.001,1024,512,128,128,6,True,12,8.086157372691002,10.920716459026734,15.213579000030034,-4.292862541003299,-19.913600099184727,-28.133876101429205,0.2516373172986264,0.33954671643129175,0.26666666666666666,0.10729458669327933,2.2360677789881955,0.40234375,3.196793611528768e-19,0.0,0.0
provenance,Summary,4,7,1e-06,1024,512,128,128,6,True,14,6.544821765901767,17.47534833508597,21.919255447560005,-4.443907112474032,-33.4121595536351,-41.898625434875626,0.14678916651734286,0.43499729377291496,0.26666666666666666,0.11559359946866042,2.235881404807481,0.43359375,2.149072486476542e-22,0.0,0.0
provenance,Summary,4,7,0.0001,1024,512,128,128,6,True,14,8.111455824816325,12.721932610041046,17.11616464387014,-4.394232033829091,-24.384082966545755,-32.75893691722015,0.147698542763545,0.4106068017770901,0.26666666666666666,0.11559359946866044,2.23606608807135,0.38671875,9.694174955308428e-18,0.0,0.0
provenance,Summary,4,7,0.001,1024,512,128,128,6,True,13,9.7472345524192,10.521226266727222,14.740401735291371,-4.219175468564149,-20.248958132367804,-28.286638540980206,0.14917339146015599,0.44613776533856814,0.26666666666666666,0.11559359946866046,2.236067782018448,0.2890625,5.776341456120769e-10,0.0,0.0
provenance,Summary,4,8,1e-06,1024,512,128,128,6,True,13,6.600198975655045,21.298830631762247,26.409641960440332,-5.110811328678086,-35.65985871823716,-44.08684432511832,0.13363159769308589,0.2884731791303085,0.2,0.10624412893839677,2.235931625625176,0.3125,1.3232765413914088e-11,0.0,0.0
provenance,Summary,4,8,0.0001,1024,512,128,128,6,True,13,8.168912768046797,14.834333068100502,19.822790469202907,-4.988457401102405,-25.644117221514506,-34.133144618054615,0.16664975609040258,0.2518249659458937,0.2,0.10624412893839677,2.236066607931758,0.26171875,3.1743788057539135e-08,0.0,0.0
provenance,Summary,4,8,0.001,1024,512,128,128,6,True,12,9.891271251488039,11.853336880298432,16.640674745763892,-4.78733786546546,-21.060002147312616,-29.345436697235904,0.18901774134275537,0.3180908965184924,0.2,0.10624412893839688,2.2360678350554637,0.25390625,9.227219252368915e-08,0.0,0.0
provenance,Summary,4,9,1e-06,1024,512,128,128,6,True,13,6.2813539713037905,18.436729445716182,23.247118901892044,-4.810389456175862,-33.97353068867689,-42.08795411512567,0.10305128548958284,0.4990846325591482,0.2,0.15369021554751347,2.2359721537228765,0.28515625,1.0509063100940924e-09,0.0,0.0
provenance,Summary,4,9,0.0001,1024,512,128,128,6,True,13,7.5510542897170705,12.942318181257217,17.561570838360364,-4.619252657103146,-24.653680755018023,-32.75882725483941,0.10894803625899534,0.48656691027727206,0.2,0.15369021554751358,2.2360670162433305,0.2109375,1.782257225451088e-05,0.0,0.0
provenance,Summary,4,9,0.001,1024,512,128,128,6,True,12,8.86502633106023,10.406606372285681,14.8379448268326,-4.431338454546918,-20.287328457078154,-28.23052762554157,0.11666199901695715,0.5099076920132634,0.2,0.15369021554751341,2.2360678786371784,0.19140625,0.00013970433630997956,0.0,0.078125
provenance,Summary,4,10,1e-06,1024,512,128,128,6,True,14,5.359348392261636,20.52006650940779,25.36087476118786,-4.84080825178007,-36.89944483194493,-45.84717411385214,0.1983682838120682,0.43000416897726057,0.2,0.14219210757757622,2.2359681447804394,0.30078125,9.098922052950389e-11,0.0,0.0
provenance,Summary,4,10,0.0001,1024,512,128,128,6,True,15,6.550962538249424,14.200909479571486,19.004928403974844,-4.804018924403358,-25.803538849282013,-34.800333008425675,0.18802155529914139,0.36525630340396215,0.2,0.1421921075775763,2.236066976036213,0.18359375,0.00030054999002206975,0.0,0.0
provenance,Summary,4,10,0.001,1024,512,128,128,6,True,12,7.873664217921197,11.295878608777523,15.952999031077088,-4.657120422299567,-20.708662426545423,-29.47775847838107,0.1877056913489436,0.38426147396842253,0.2,0.1421921075775764,2.2360678745114084,0.15625,0.0033962516565197998,0.0,0.0234375
provenance,Summary,4,11,1e-06,1024,512,128,128,6,True,13,5.301256414397841,17.549270615327366,21.924145896246582,-4.374875280919213,-33.77606159958734,-42.5084886346625,0.16594533183756235,0.6711797884775369,0.26666666666666666,0.14703612421603862,2.2359311169619094,0.3203125,3.4992283936701867e-12,0.0,0.0
provenance,Summary,4,11,0.0001,1024,512,128,128,6,True,12,6.512512377979946,12.536652266501019,16.91568233607807,-4.379030069577053,-24.073154347133876,-32.7045390392871,0.15693541308687983,0.6029081913313578,0.26666666666666666,0.14703612421603854,2.236066603975037,0.2421875,4.289574463648891e-07,0.0,0.0
provenance,Summary,4,11,0.001,1024,512,128,128,6,True,13,7.792743767357782,10.196161963507059,14.519191939100576,-4.323029975593519,-19.603932224137786,-27.95453419208307,0.16319826847177113,0.5919475439325294,0.26666666666666666,0.14703612421603857,2.236067835699162,0.2734375,6.005467433544062e-09,0.0,0.0
provenance,Summary,4,12,1e-06,1024,512,128,128,6,True,13,8.451350289827142,14.838635335586941,18.911792558277753,-4.073157222690812,-29.388721796785877,-38.16394124619167,0.18661889717503735,0.43856221085309893,0.06666666666666667,0.10095276823188516,2.2359009113471,0.53125,3.022937356988643e-34,0.0078125,0.0078125
provenance,Summary,4,12,0.0001,1024,512,128,128,6,True,12,9.43004092878242,10.796867307529517,14.663496261190254,-3.8666289536607357,-21.329561950145756,-29.554158863766293,0.2024184290559362,0.4581027358120606,0.06666666666666667,0.1009527682318852,2.236066302851893,0.51171875,1.2624750178629956e-31,0.0078125,0.0078125
provenance,Summary,4,12,0.001,1024,512,128,128,6,True,13,10.360080976711487,8.960066039548224,12.60887406735523,-3.648808027807009,-17.632010085561944,-25.271266938449727,0.2130237452609789,0.4789585996024204,0.06666666666666667,0.1009527682318852,2.2360678064811674,0.390625,4.1923923769686e-18,0.0078125,0.0078125
provenance,Summary,4,13,1e-06,1024,512,128,128,6,True,14,7.66841605074084,23.46171494713358,28.38195800929624,-4.920243062162662,-44.827409445036,-54.18221410091412,0.14237935293606452,0.8458971619870864,0.2,0.16032017521448316,2.235969689279101,0.24609375,2.592123269824214e-07,0.0,0.046875
provenance,Summary,4,13,0.0001,1024,512,128,128,6,True,13,9.410807411921189,16.233369069944814,21.263479523273745,-5.030110453328934,-31.050540773057413,-40.66316052691322,0.12809626519297407,0.6989266614754989,0.2,0.1603201752144834,2.2360669913867044,0.2265625,2.9565885080962975e-06,0.0234375,0.0859375
provenance,Summary,4,13,0.001,1024,512,128,128,6,True,14,11.56115945843954,12.912064074175756,17.875067348517106,-4.963003274341354,-24.722980807613695,-34.2554840375594,0.12397525831207568,0.6260317806628005,0.2,0.1603201752144834,2.2360678759588506,0.2578125,5.435300936256329e-08,0.046875,0.1171875
provenance,Summary,4,14,1e-06,1024,512,128,128,6,True,13,5.1227802749400055,19.427855406013435,24.03869544292595,-4.6108400369125135,-37.12246267354641,-45.88481785511421,0.15432700151688816,0.8272775963892401,0.26666666666666666,0.20844243786317812,2.235965890249558,0.2421875,4.289574463648891e-07,0.0,0.0
provenance,Summary,4,14,0.0001,1024,512,128,128,6,True,13,6.195928764953027,13.455265531467784,18.059460467876125,-4.604194936408342,-25.95707093501815,-34.73655978818634,0.13619981651024962,0.736872976258437,0.26666666666666666,0.2084424378631781,2.2360669535606066,0.1640625,0.00176897694134448,0.0,0.0078125
provenance,Summary,4,14,0.001,1024,512,128,128,6,True,12,7.375910556259448,10.682086890480182,15.181615078815568,-4.499528188335386,-20.79308492640315,-29.320749847937186,0.13481537273644023,0.7000527778049359,0.26666666666666666,0.2084424378631779,2.236067872329876,0.171875,0.0008920470081351661,0.0,0.046875
provenance,Summary,4,15,1e-06,1024,512,128,128,6,True,12,3.5879901507185235,19.077164867658308,23.701978068784847,-4.624813201126536,-37.70605410617071,-47.32862372097708,0.2309983296413416,0.506630011478367,0.2,0.1546769843263077,2.235986475207605,0.2109375,1.782257225451088e-05,0.0,0.0
provenance,Summary,4,15,0.0001,1024,512,128,128,6,True,12,4.326486048525641,13.259136306757714,17.95433396808064,-4.695197661322926,-25.632745388827246,-35.26951058311583,0.22165837475721006,0.4443295660980745,0.2,0.15467698432630778,2.2360671600628788,0.15234375,0.004649248065287104,0.0,0.0
provenance,Summary,4,15,0.001,1024,512,128,128,6,True,11,5.164190787142559,10.53425101168559,15.15828881745176,-4.624037805766172,-19.926566269728273,-29.365684812981357,0.2367234718367947,0.4451296526407602,0.2,0.15467698432630778,2.236067893565712,0.15234375,0.004649248065287104,0.0,0.015625
provenance,Summary,4,16,1e-06,1024,512,128,128,6,True,13,4.233888714497225,19.861227025123195,24.331924085381175,-4.470697060257978,-40.67703451633125,-50.25979927651767,0.1494586151762604,0.7333699984970384,0.06666666666666667,0.0980203146483917,2.235974278803548,0.234375,1.1452873919607316e-06,0.0,0.0
provenance,Summary,4,16,0.0001,1024,512,128,128,6,True,14,5.200476052896047,13.888751018846682,18.371180258850565,-4.482429240003885,-27.7677179252789,-37.3785726732985,0.13743124938326962,0.6479439094098546,0.06666666666666667,0.09802031464839167,2.2360670375800793,0.1484375,0.006313488560237168,0.0,0.0
provenance,Summary,4,16,0.001,1024,512,128,128,6,True,12,6.347718359589861,11.09915187189161,15.4512987067573,-4.352146834865691,-21.71595896105044,-31.10545987299959,0.13241011923768098,0.6175863484301028,0.06666666666666667,0.09802031464839166,2.236067880849424,0.1171875,0.05471894473064931,0.0,0.03125
provenance,Summary,4,17,1e-06,1024,512,128,128,6,True,16,5.813412627636893,23.215306433993856,28.404681683794628,-5.189375249800776,-43.515700148985204,-53.66645421428252,0.14799709911969863,0.6138106720084753,0.2,0.13401972063315468,2.235956135155399,0.25,1.553142566968138e-07,0.0,0.0
provenance,Summary,4,17,0.0001,1024,512,128,128,6,True,14,7.146988543949967,15.955374878454585,21.124922358780175,-5.169547480325594,-30.057295471842192,-40.32307087257871,0.13639259523918734,0.5495305932865372,0.2,0.13401972063315473,2.236066854709859,0.26953125,1.0551926983948056e-08,0.0,0.0234375
provenance,Summary,4,17,0.001,1024,512,128,128,6,True,12,8.783146628737617,12.564848066367066,17.56636814062674,-5.001520074259673,-23.790648537709302,-33.815175713733126,0.1269652669458213,0.5472809259175744,0.2,0.13401972063315484,2.2360678612581024,0.2265625,2.9565885080962975e-06,0.0234375,0.03125
provenance,Summary,4,18,1e-06,1024,512,128,128,6,True,13,5.369813869216889,24.95139204769321,30.06660698413674,-5.115214936443527,-47.48903593496851,-57.82453719884614,0.22228408500967642,0.5074855226598598,0.2,0.11692284795652591,2.235927619029638,0.2734375,6.005467433544062e-09,0.0,0.0
provenance,Summary,4,18,0.0001,1024,512,128,128,6,True,14,6.501915615581189,17.266446226441424,22.36805401970388,-5.101607793262453,-32.65795471650539,-43.04807485309713,0.21321262634465396,0.3232520981920502,0.2,0.11692284795652592,2.236066565380944,0.18359375,0.00030054999002206975,0.0,0.0
provenance,Summary,4,18,0.001,1024,512,128,128,6,True,13,7.894286701101824,13.628371535389192,18.58667910674506,-4.958307571355865,-25.528899976955692,-35.73002751145769,0.20715895623229805,0.2604057100684557,0.2,0.11692284795652588,2.236067828518649,0.21484375,1.1517275704865574e-05,0.0,0.03125
provenance,Summary,4,19,1e-06,1024,512,128,128,6,True,14,7.380429117757645,26.040162211864097,31.485493595992736,-5.445331384128636,-46.87041967122973,-57.17544247462391,0.18648868355771117,0.5699583963448398,0.4,0.16896860803902153,2.235939989720049,0.328125,8.924716016110725e-13,0.0,0.0234375
provenance,Summary,4,19,0.0001,1024,512,128,128,6,True,13,9.09434232802319,18.039799811772625,23.4760098276153,-5.43621001584267,-32.748247056168466,-43.21071229156078,0.17604654455419289,0.570206374401355,0.4,0.16896860803902172,2.2360666890774117,0.28515625,1.0509063100940924e-09,0.0390625,0.0703125
provenance,Summary,4,19,0.001,1024,512,128,128,6,True,12,11.249464654818059,14.278185019700294,19.569918701475835,-5.291733681775543,-26.145821685457634,-36.40769856554536,0.16733712497940173,0.6030924302863537,0.4,0.16896860803902156,2.2360678408668706,0.33984375,1.073542535028726e-13,0.0546875,0.078125
provenance,Summary,4,20,1e-06,1024,512,128,128,6,True,13,6.7898456083993945,26.505537197351057,31.709664969254604,-5.204127771903547,-51.021699734048354,-61.2372282439891,0.2007032743740939,0.463674672555651,0.4,0.1244769339560461,2.2358500314920104,0.23046875,1.847888979619762e-06,0.0,0.0
provenance,Summary,4,20,0.0001,1024,512,128,128,6,True,13,8.260306130253813,18.42182224194911,23.59265019608801,-5.1708279541389,-34.91387776426326,-45.08931355686363,0.19183216013462429,0.3589634955789967,0.4,0.12447693395604617,2.236065769422914,0.30859375,2.538865745522775e-11,0.0,0.03125
provenance,Summary,4,20,0.001,1024,512,128,128,6,True,12,10.160035316127805,14.591508627039332,19.560830975981347,-4.969322348942013,-27.25557381113619,-37.090772408184975,0.1843174697372189,0.36231360136070756,0.4,0.12447693395604606,2.2360677305618157,0.29296875,3.1472328013771007e-10,0.0,0.046875
provenance,Summary,4,21,1e-06,1024,512,128,128,6,True,13,6.549798373883154,24.423852679945366,29.676428535184254,-5.252575855238888,-47.6616243270895,-57.25721709988295,0.14465245361619988,0.7175644299112843,0.2,0.14667046896558775,2.2359430397954125,0.27734375,3.3884305330612322e-09,0.0234375,0.03125
provenance,Summary,4,21,0.0001,1024,512,128,128,6,True,14,8.057142691564723,16.60465388362483,21.82235807374758,-5.21770419012275,-33.00868878029816,-42.577640400761034,0.135450736258995,0.7107741747852603,0.2,0.14667046896558783,2.2360667214928274,0.21484375,1.1517275704865574e-05,0.03125,0.0859375
provenance,Summary,4,21,0.001,1024,512,128,128,6,True,12,10.02438349069766,12.879109813595608,17.944738035424507,-5.065628221828898,-26.00790025123925,-35.29902382974282,0.13161273179004288,0.7271104886749381,0.2,0.1466704689655877,2.2360678458669163,0.23828125,7.038776424263986e-07,0.0546875,0.09375
provenance,Summary,4,22,1e-06,1024,512,128,128,6,True,14,9.630673569247584,26.71305295289398,31.90533388821857,-5.1922809353245905,-50.005721395467596,-59.88777684970474,0.07000988155798421,0.42021786831348706,0.26666666666666666,0.12236438964294766,2.2358761388613986,0.359375,2.615412053009669e-15,0.0,0.015625
provenance,Summary,4,22,0.0001,1024,512,128,128,6,True,15,12.015003004755304,18.410091591918498,23.56625165515974,-5.156160063241241,-34.904454885645244,-44.7575543365116,0.07204436131903547,0.4764030284448875,0.26666666666666666,0.12236438964294766,2.236066041738805,0.296875,1.6997263144796861e-10,0.0234375,0.078125
provenance,Summary,4,22,0.001,1024,512,128,128,6,True,13,15.246748729799453,14.540667876219372,19.533922662437632,-4.993254786218261,-27.863094856118117,-37.383935485360254,0.07773054696160049,0.5555733775437337,0.26666666666666666,0.1223643896429477,2.236067768087889,0.30078125,9.098922052950389e-11,0.0703125,0.125
provenance,Summary,4,23,1e-06,1024,512,128,128,6,True,15,13.520982599049422,27.571861588805593,32.674304916517805,-5.102443327712209,-55.20811713126205,-65.47383403133858,0.08093033397079719,0.5733648662754879,0.2,0.14040642842990816,2.2358371417955833,0.2890625,5.776341456120769e-10,0.03125,0.0390625
provenance,Summary,4,23,0.0001,1024,512,128,128,6,True,12,16.936626067670346,19.314844077113996,24.425013179379693,-5.110169102265701,-38.46890180184736,-48.66063451484936,0.07426572415912921,0.5585413789196397,0.2,0.1404064284299082,2.2360656474200513,0.26953125,1.0551926983948056e-08,0.0390625,0.0546875
provenance,Summary,4,23,0.001,1024,512,128,128,6,True,12,21.70237520613711,15.501568330694818,20.442251240175615,-4.940682909480797,-30.78405595089791,-40.52760457021231,0.0684737958554167,0.595708629201417,0.2,0.14040642842990828,2.2360677247153418,0.2421875,4.289574463648891e-07,0.0390625,0.0703125
provenance,Summary,4,24,1e-06,1024,512,128,128,6,True,14,10.171256607330383,29.92709663209921,35.37990281852595,-5.452806186426736,-58.506353550586496,-69.61468643877933,0.10873473591587512,0.6383392969165761,0.2,0.07473579736492555,2.235771044235979,0.3984375,7.613526402484427e-19,0.0078125,0.0078125
provenance,Summary,4,24,0.0001,1024,512,128,128,6,True,13,12.687349060302536,20.81108391922828,26.13633896315894,-5.32525504393066,-40.10053181764614,-51.12917622938497,0.10197461895143184,0.45348895092061536,0.2,0.07473579736492557,2.236064946038786,0.328125,8.924716016110725e-13,0.0078125,0.0234375
provenance,Summary,4,24,0.001,1024,512,128,128,6,True,12,16.209904611087964,16.50195956941521,21.566903477086207,-5.064943907670994,-31.31171474467152,-42.07390828278986,0.09634956074266363,0.40750012483909837,0.2,0.07473579736492557,2.236067617540496,0.28515625,1.0509063100940924e-09,0.0078125,0.015625
provenance,Summary,4,25,1e-06,1024,512,128,128,6,True,13,14.425137970664085,29.860884566380317,35.37581188855351,-5.5149273221731905,-61.399601935962096,-72.18564609116697,0.053852386272417535,0.7870321849767223,0.2,0.12231277709034086,2.2358473534208136,0.33203125,4.446104931843403e-13,0.03125,0.078125
provenance,Summary,4,25,0.0001,1024,512,128,128,6,True,13,18.309114515975338,20.871938096684435,26.26438425545804,-5.392446158773602,-42.645637008576564,-53.17760779995771,0.048370243045843614,0.7996242620326988,0.2,0.12231277709034089,2.236065735240432,0.28515625,1.0509063100940924e-09,0.046875,0.0859375
provenance,Summary,4,25,0.001,1024,512,128,128,6,True,12,24.090887399733642,16.54335332196993,21.69345067780041,-5.150097355830483,-33.689872182703965,-43.76285846855958,0.04788834244520787,0.8239613486465049,0.2,0.12231277709034083,2.2360677203308015,0.25390625,9.227219252368915e-08,0.0703125,0.0859375
provenance,Summary,4,26,1e-06,1024,512,128,128,6,True,13,5.96489602785177,26.13223317723738,31.702982794267307,-5.570749617029923,-48.65221766744985,-59.49471836094013,0.1906779349576999,0.6852668440353886,0.3333333333333333,0.10477182600284034,2.2357982654911277,0.28515625,1.0509063100940924e-09,0.0,0.0
provenance,Summary,4,26,0.0001,1024,512,128,128,6,True,14,7.238399578174978,18.088541852775172,23.5941822605347,-5.505640407759529,-33.611500596233796,-44.37580021844331,0.18376715032178575,0.6596566628918981,0.3333333333333333,0.10477182600284035,2.2360652379899304,0.23828125,7.038776424263986e-07,0.0078125,0.015625
provenance,Summary,4,26,0.001,1024,512,128,128,6,True,13,8.87418978105016,14.166486681804177,19.44353047822701,-5.2770437964228325,-26.325623232075504,-36.69271991863906,0.17918861727726104,0.6621934668453937,0.3333333333333333,0.10477182600284035,2.236067664854844,0.3046875,4.827787419674662e-11,0.0078125,0.0546875
provenance,Summary,4,27,1e-06,1024,512,128,128,6,True,14,11.902246172910877,24.915450003476764,30.376006397867656,-5.460556394390887,-56.172837996223365,-66.866679824801,0.11414814194475592,0.7809214434808659,0.26666666666666666,0.09803312967555854,2.2358953482765003,0.2109375,1.782257225451088e-05,0.0234375,0.078125
provenance,Summary,4,27,0.0001,1024,512,128,128,6,True,15,14.791600047611913,17.29688648715132,22.745032486124465,-5.448145998973146,-38.76445084368131,-49.355395681157106,0.11140509909206849,0.7993368993767351,0.26666666666666666,0.09803312967555854,2.236066237702077,0.1875,0.00020575038655746867,0.0859375,0.1796875
provenance,Summary,4,27,0.001,1024,512,128,128,6,True,14,18.867434290541745,13.688943182533237,18.927009020726928,-5.2380658381936875,-30.621159242490535,-40.86170472357868,0.10599992609981958,0.8235503617694262,0.26666666666666666,0.09803312967555856,2.2360677912193134,0.1796875,0.0004354569877453,0.15625,0.1875
provenance,Summary,4,28,1e-06,1024,512,128,128,6,True,14,5.179958986327044,20.117574373712554,24.529236771482235,-4.41166239776968,-42.857055332312726,-52.43115819568481,0.20097102064871192,0.4907577092432008,0.4,0.14351127443231151,2.2358528202419734,0.1953125,9.40842686753401e-05,0.0,0.0
provenance,Summary,4,28,0.0001,1024,512,128,128,6,True,14,6.230548770269101,14.454097115212557,18.888516150860234,-4.434419035647675,-29.73648053130144,-39.15701506399357,0.18781219150873196,0.4700819820183962,0.4,0.14351127443231154,2.236065808118347,0.09765625,0.16284637793210843,0.0,0.0
provenance,Summary,4,28,0.001,1024,512,128,128,6,True,14,7.4898879412827855,11.797826737161834,16.105141770325844,-4.307315033164009,-23.519354263039332,-32.598024188638014,0.1777171034057354,0.4948080514447531,0.4,0.14351127443231151,2.2360677443752954,0.14453125,0.00850482833415378,0.0,0.0390625
provenance,Summary,4,29,1e-06,1024,512,128,128,6,True,12,7.187902996750865,27.171284699782447,32.382736805752714,-5.2114521059702685,-55.50755155618523,-67.06359694448983,0.12576507271938414,0.5051942480626688,0.4,0.1507363489990103,2.235903689884197,0.2578125,5.435300936256329e-08,0.0,0.0390625
provenance,Summary,4,29,0.0001,1024,512,128,128,6,True,14,8.820705439925197,18.824056789376137,23.890460470646453,-5.066403681270318,-37.66766009761851,-48.89253499953648,0.11719734019853661,0.5248357004289563,0.4,0.1507363489990102,2.2360663157016205,0.2578125,5.435300936256329e-08,0.0,0.0625
provenance,Summary,4,29,0.001,1024,512,128,128,6,True,12,11.00299618735801,14.892855334089148,19.721457910441742,-4.828602576352595,-29.240642820655285,-39.864958429651516,0.10946793832168607,0.5740115774521865,0.4,0.1507363489990102,2.236067794026761,0.19921875,6.28426475199267e-05,0.0390625,0.09375
provenance,Summary,4,30,1e-06,1024,512,128,128,6,True,15,5.1333317308739,22.288491140230818,27.27276978699477,-4.984278646763954,-41.14492900097035,-51.01897233767654,0.280879874045802,0.6994904589617433,0.26666666666666666,0.14116826073260155,2.2358571404590477,0.21484375,1.1517275704865574e-05,0.0,0.0
provenance,Summary,4,30,0.0001,1024,512,128,128,6,True,14,6.21472174231085,15.505716046607683,20.390659218917804,-4.884943172310125,-28.7034777784282,-38.61874624224442,0.2664341682623882,0.6038085768740951,0.26666666666666666,0.14116826073260152,2.236065851152623,0.20703125,2.7352006658291592e-05,0.0,0.0078125
provenance,Summary,4,30,0.001,1024,512,128,128,6,True,13,7.5251142100580095,12.299074104494558,16.97738269410179,-4.678308589607232,-22.755539616796877,-32.39260261387798,0.2556188217470793,0.567210463145445,0.26666666666666666,0.14116826073260152,2.236067748513558,0.2265625,2.9565885080962975e-06,0.0,0.03125
provenance,Summary,4,31,1e-06,1024,512,128,128,6,True,14,2.735204605755363,19.9855629635127,24.269133857241545,-4.283570893728845,-41.18830007995354,-49.75314791027505,0.3538970561942371,0.6783768505575135,0.13333333333333333,0.08268964253188904,2.2359199806904364,0.22265625,4.6910366522335245e-06,0.0,0.0
provenance,Summary,4,31,0.0001,1024,512,128,128,6,True,13,3.6950978611131826,13.658744848245275,18.138155532272947,-4.479410684027669,-27.84754431975366,-36.85385836834516,0.3023977054319697,0.646191554677594,0.13333333333333333,0.08268964253188914,2.236066489533381,0.19140625,0.00013970433630997956,0.0,0.0
provenance,Summary,4,31,0.001,1024,512,128,128,6,True,13,4.724561890778219,10.710690709570224,15.174988684155846,-4.464297974585621,-21.62701072944987,-30.578097429369674,0.28182148110818733,0.6638553601116567,0.13333333333333333,0.08268964253188908,2.2360678214392293,0.18359375,0.00030054999002206975,0.0,0.015625
provenance,Summary,5,0,1e-06,2048,1024,128,128,6,True,11,2.399939976315591,24.30091202999495,29.368694465492858,-5.067782435497904,-50.699842113204454,-61.02948566795555,0.46881659167621537,0.6861936968109794,0.06666666666666667,0.0799864055605012,1.414194931354327,0.4609375,2.086698586977038e-25,0.0,0.0
provenance,Summary,5,0,0.0001,2048,1024,128,128,6,True,12,3.1518468520466403,15.379559410624458,20.45019620619795,-5.070636795573494,-32.33708047464588,-42.78723976343167,0.4290906889759152,0.6371628399179314,0.06666666666666667,0.07998640556050125,1.4142133755478283,0.4140625,2.2289157019360778e-20,0.0,0.0
provenance,Summary,5,0,0.001,2048,1024,128,128,6,True,12,3.961860494492746,11.205704335346336,16.193283146160542,-4.9875788108142025,-23.655804770471576,-33.94390903934304,0.40731860399003655,0.6384707260367386,0.06666666666666667,0.07998640556050124,1.4142135432200678,0.3046875,4.827787419674662e-11,0.0,0.0
provenance,Summary,5,1,1e-06,2048,1024,128,128,6,True,9,7.5203949756512225,14.157728182145041,17.28146642298018,-3.1237382408351406,-26.764641524619634,-32.619822862719396,0.07364990853179408,0.38935211594709196,0.26666666666666666,0.17502309890023088,0.4516744417101806,0.27734375,3.3884305330612322e-09,0.0625,0.2421875
provenance,Summary,5,1,0.0001,2048,1024,128,128,6,True,10,9.316014707101239,11.740307828566088,15.11046231957391,-3.3701544910078214,-22.500619325079278,-28.86989671709253,0.07232046602894149,0.44322912210158605,0.26666666666666666,0.17502309890023093,0.4528868073106776,0.21484375,1.1517275704865574e-05,0.0546875,0.1484375
provenance,Summary,5,1,0.001,2048,1024,128,128,6,True,10,11.273215356114157,10.578753560667852,14.064094420934016,-3.485340860266162,-20.45588127240154,-27.033948908615095,0.07874775995032379,0.5082286408539004,0.26666666666666666,0.1750230989002308,0.46369105177296577,0.23046875,1.847888979619762e-06,0.0625,0.140625
provenance,Summary,5,2,1e-06,2048,1024,128,128,6,True,11,16.5318793113987,21.546441729341986,25.64731011359826,-4.100868384256276,-51.91398965659208,-60.08106771625384,0.08719636102005272,0.6889214505105592,0.6666666666666666,0.11791026900642072,1.3779613301930318,0.40625,1.3289980870454757e-19,0.203125,0.3515625
provenance,Summary,5,2,0.0001,2048,1024,128,128,6,True,11,22.223324111969227,16.911606260888686,21.47223624939356,-4.560629988504877,-39.147318292288546,-48.201791683570775,0.08919539041594639,0.7668484156721405,0.6666666666666666,0.11791026900642083,1.3964097421908213,0.27734375,3.3884305330612322e-09,0.1015625,0.2421875
provenance,Summary,5,2,0.001,2048,1024,128,128,6,True,10,29.89165566278779,14.455068887364984,19.319629025664614,-4.864560138299629,-32.70356072662294,-42.29586828699621,0.09037696593771004,0.8217544771662554,0.6666666666666666,0.11791026900642079,1.5240924650098324,0.2421875,4.289574463648891e-07,0.171875,0.265625
provenance,Summary,5,3,1e-06,2048,1024,128,128,6,True,15,11.755630259476483,19.748335898652247,23.774978459212967,-4.026642560560721,-40.94420712595936,-48.958156911893276,0.12090975286772161,0.5844088683140458,0.4666666666666667,0.08275537817708903,2.121778240670447,0.19140625,0.00013970433630997956,0.0078125,0.109375
provenance,Summary,5,3,0.0001,2048,1024,128,128,6,True,14,14.531559555762923,16.06027209586945,20.411510669664878,-4.3512385737954276,-33.31336804798519,-41.981377826843286,0.1172817764947467,0.6451066321991634,0.4666666666666667,0.08275537817708896,2.1600881665042757,0.140625,0.011365189018294308,0.015625,0.125
provenance,Summary,5,3,0.001,2048,1024,128,128,6,True,12,18.23561343598159,13.659014600787133,18.21741403055049,-4.558399429763359,-28.254656528459414,-37.07659840720264,0.11504757261923504,0.7031230460697273,0.4666666666666667,0.08275537817708893,2.2157799449830677,0.15234375,0.004649248065287104,0.015625,0.125
provenance,Summary,5,4,1e-06,2048,1024,128,128,6,True,14,8.121511241353764,19.263598710386237,23.269537655965834,-4.0059389455795955,-41.90001215665704,-49.7620210855576,0.17388666137324357,0.5749254768416023,0.6,0.08328401600984253,2.227997121510084,0.203125,4.163077668109129e-05,0.0390625,0.0625
provenance,Summary,5,4,0.0001,2048,1024,128,128,6,True,14,10.03323572170982,14.893242995194441,19.44920781131828,-4.555964816123841,-31.816852325871388,-40.519202908049735,0.17041391575543643,0.6287731702035791,0.6,0.08328401600984245,2.234546936178525,0.1171875,0.05471894473064931,0.03125,0.0703125
provenance,Summary,5,4,0.001,2048,1024,128,128,6,True,13,12.581736127969641,12.102012169303965,16.617341435698016,-4.515329266394053,-25.973752991067684,-34.396449132658134,0.16830271792917234,0.6859122564639408,0.6,0.08328401600984243,2.2358777907171423,0.140625,0.011365189018294308,0.0703125,0.078125
provenance,Summary,5,5,1e-06,2048,1024,128,128,6,True,13,7.066285480458862,18.658208380544,22.86428770611327,-4.2060793255692674,-39.2701841761281,-47.59910788913173,0.18951377143539055,0.5154138670610681,0.4,0.07634675915801976,2.235317212981122,0.14453125,0.00850482833415378,0.0,0.0078125
provenance,Summary,5,5,0.0001,2048,1024,128,128,6,True,13,8.697368127949739,14.053009200606127,18.759355986107987,-4.70634678550186,-29.419550089780415,-38.27899210699242,0.18442917533579734,0.5827959721702894,0.4,0.07634675915801974,2.236037649474086,0.14453125,0.00850482833415378,0.0078125,0.0234375
provenance,Summary,5,5,0.001,2048,1024,128,128,6,True,13,10.639973894429568,11.448115310937162,16.115644601656186,-4.667529290719024,-24.16595123887654,-32.80358635564953,0.18142318100524288,0.6440270111448301,0.4,0.0763467591580197,2.236064740202924,0.13671875,0.015066349402464208,0.0234375,0.0546875
provenance,Summary,5,6,1e-06,2048,1024,128,128,6,True,12,5.812203430789709,18.080921865900837,22.427604207195365,-4.346682341294526,-33.928862023899704,-41.981717891670215,0.1708992760347026,0.4257604233914894,0.3333333333333333,0.10687359876423373,2.235930884340992,0.33203125,4.446104931843403e-13,0.0,0.0
provenance,Summary,5,6,0.0001,2048,1024,128,128,6,True,12,7.07584211209779,13.193206850717935,17.591498440788385,-4.398291590070449,-24.81243375185731,-32.943281285474015,0.1723571151702379,0.41709985491219465,0.3333333333333333,0.1068735987642337,2.2360660608723038,0.3046875,4.827787419674662e-11,0.0,0.0
provenance,Summary,5,6,0.001,2048,1024,128,128,6,True,13,8.430446365144217,10.816140288369919,15.019725189717207,-4.20358490134729,-20.384360033443766,-28.18426268754888,0.17595103278891844,0.45544596688097516,0.3333333333333333,0.10687359876423376,2.236067777616587,0.30859375,2.538865745522775e-11,0.0,0.015625
provenance,Summary,5,7,1e-06,2048,1024,128,128,6,True,13,6.863422267671878,16.328420588416012,20.851259758654255,-4.522839170238238,-31.465019225482386,-39.49566920486925,0.15389577061796864,0.4203555167652006,0.26666666666666666,0.12516156385631858,2.23588206707298,0.484375,3.5744265926567454e-28,0.0,0.0
provenance,Summary,5,7,0.0001,2048,1024,128,128,6,True,13,8.268014252185514,11.94091956025451,16.290255979454233,-4.349336419199724,-23.101692358957525,-30.93507322393938,0.15162404208005092,0.42891826988168164,0.26666666666666666,0.1251615638563186,2.2360659734785857,0.41015625,5.470057972924996e-20,0.0,0.0
provenance,Summary,5,7,0.001,2048,1024,128,128,6,True,13,9.644356493496526,9.91224411738534,14.021925748161948,-4.109681630776608,-19.209939902899396,-26.659543613902795,0.15366216042146252,0.4662327802377485,0.26666666666666666,0.12516156385631858,2.2360677706625176,0.3125,1.3232765413914088e-11,0.0,0.0
provenance,Summary,5,8,1e-06,2048,1024,128,128,6,True,14,5.726335956730244,17.906169628427545,22.154124134763645,-4.2479545063361,-36.69551349376654,-45.121469282203094,0.12845278706272142,0.5718481574853767,0.2,0.12548782997114805,2.235937885580277,0.23828125,7.038776424263986e-07,0.0,0.0
provenance,Summary,5,8,0.0001,2048,1024,128,128,6,True,13,7.007003246586173,12.882074216320156,17.17902742971941,-4.296953213399258,-25.958021501148504,-34.39108461057779,0.11759041241306772,0.46796968839973635,0.2,0.12548782997114796,2.236066669641717,0.171875,0.0008920470081351661,0.0,0.0
provenance,Summary,5,8,0.001,2048,1024,128,128,6,True,12,8.44103048358912,10.566833832994131,14.76312119870708,-4.196287365712948,-20.988669929799016,-29.176976012549105,0.12489539104747449,0.4494726750598114,0.2,0.12548782997114794,2.2360678429115026,0.13671875,0.015066349402464208,0.0,0.0078125
provenance,Summary,5,9,1e-06,2048,1024,128,128,6,True,12,5.757979393572239,17.674158108591506,21.994468953533996,-4.320310844942492,-33.558282851953734,-41.74187600584543,0.1320083325443851,0.41024237648346196,0.2,0.1542835301878105,2.235943721301599,0.37890625,5.0342822933606634e-17,0.0,0.0
provenance,Summary,5,9,0.0001,2048,1024,128,128,6,True,14,6.9288805663902355,12.75964122220855,17.038946564343046,-4.279305342134495,-24.211821220777964,-32.34778294899829,0.14247104064059507,0.38813123512204606,0.2,0.15428353018781035,2.2360667304250845,0.3125,1.3232765413914088e-11,0.0,0.0
provenance,Summary,5,9,0.001,2048,1024,128,128,6,True,13,8.128635498608563,10.443249638088435,14.632572552405776,-4.189322914317342,-19.817853648644885,-27.771070544880224,0.1516044409720822,0.4172645703165662,0.2,0.1542835301878104,2.2360678487052765,0.21484375,1.1517275704865574e-05,0.0078125,0.03125
provenance,Summary,5,10,1e-06,2048,1024,128,128,6,True,13,5.117737927806323,20.13220247065469,25.071859536472278,-4.939657065817582,-35.831358264273604,-44.54758690021768,0.17879377889908718,0.6357671036492133,0.2,0.13850319600031666,2.2359717492840345,0.3125,1.3232765413914088e-11,0.0,0.0
provenance,Summary,5,10,0.0001,2048,1024,128,128,6,True,13,6.242687647736505,13.90547967480332,18.762360547789342,-4.856880872986025,-25.0887645878503,-33.82009051594274,0.16948091120268233,0.5414715044726084,0.2,0.1385031960003166,2.236067012594375,0.2734375,6.005467433544062e-09,0.0,0.0
provenance,Summary,5,10,0.001,2048,1024,128,128,6,True,11,7.4834504365660335,11.040013436864417,15.720988586627001,-4.680975149762587,-20.12611419720474,-28.66659773526452,0.16378098251202478,0.5172022360421508,0.2,0.1385031960003166,2.2360678786368497,0.15234375,0.004649248065287104,0.0,0.0078125
provenance,Summary,5,11,1e-06,2048,1024,128,128,6,True,13,5.33681334490518,16.644011192632107,21.025930460562876,-4.381919267930765,-33.16223401726783,-41.529357027713246,0.159859718102127,0.5090309592804176,0.26666666666666666,0.14554444465938707,2.2359294575930897,0.37109375,2.5154011173646954e-16,0.0,0.0
provenance,Summary,5,11,0.0001,2048,1024,128,128,6,True,13,6.485736034841607,11.973427250216908,16.280924388010703,-4.307497137793797,-23.851757171546733,-32.129773115109614,0.148726407248629,0.45888053491517117,0.26666666666666666,0.14554444465938707,2.236066587471265,0.3046875,4.827787419674662e-11,0.0,0.0
provenance,Summary,5,11,0.001,2048,1024,128,128,6,True,13,7.687070768285167,9.810987602621376,14.00360595257598,-4.1926183499546035,-19.45223672431517,-27.588987937135578,0.14413632475525168,0.4689685738696682,0.26666666666666666,0.145544444659387,2.2360678341331512,0.1953125,9.40842686753401e-05,0.0,0.0078125
provenance,Summary,5,12,1e-06,2048,1024,128,128,6,True,14,10.164032333845876,14.595826913070669,19.1970782336536,-4.601251320582934,-29.494009991728255,-39.10741341427466,0.07584951013624566,0.6036076018797705,0.13333333333333333,0.15242535243497432,2.235942260579575,0.4765625,3.123319304000983e-27,0.0,0.0
provenance,Summary,5,12,0.0001,2048,1024,128,128,6,True,13,10.525414428794093,10.522785751348056,14.593664205556088,-4.07087845420803,-21.349793143988805,-29.92050167036471,0.08250515678333877,0.6095224325994906,0.13333333333333333,0.15242535243497435,2.2360667177176823,0.4140625,2.2289157019360778e-20,0.0234375,0.0390625
provenance,Summary,5,12,0.001,2048,1024,128,128,6,True,12,11.10642658945299,8.65208434970719,12.31641790260182,-3.6643335528946306,-17.60054222352992,-25.45905396812167,0.0884661522676757,0.6169044332540442,0.13333333333333333,0.15242535243497435,2.236067849184322,0.30859375,2.538865745522775e-11,0.0390625,0.0390625
provenance,Summary,5,13,1e-06,2048,1024,128,128,6,True,13,6.100893191014153,20.038777987457074,24.742462322520396,-4.703684335063317,-40.03269962669167,-49.26712505878388,0.12383657779487571,0.717976557254269,0.2,0.13817326151204146,2.2359663627588624,0.16796875,0.001261290693128525,0.0,0.0
provenance,Summary,5,13,0.0001,2048,1024,128,128,6,True,13,7.427406022859747,14.082780328652461,18.893193254224865,-4.810412925572404,-28.124192056322656,-37.641606253855336,0.10283089184852498,0.5817806733609431,0.2,0.13817326151204123,2.2360669584336224,0.16015625,0.0024610192473685233,0.0,0.015625
provenance,Summary,5,13,0.001,2048,1024,128,128,6,True,13,8.936241078104768,11.370647435360492,16.10488622767663,-4.734238792316136,-22.576518210572665,-32.08090115905325,0.09950698238967019,0.5242821452093621,0.2,0.1381732615120414,2.2360678729529346,0.12890625,0.025849477725005232,0.0078125,0.046875
provenance,Summary,5,14,1e-06,2048,1024,128,128,6,True,12,4.758887306529287,17.27532012083821,21.565023051603156,-4.289702930764944,-34.76780298887229,-43.545599438900865,0.15180374244358946,0.6486881483126815,0.2,0.17891626099778984,2.235982483408035,0.31640625,6.83543823843095e-12,0.0,0.0
provenance,Summary,5,14,0.0001,2048,1024,128,128,6,True,12,5.743006381199198,12.12784902181285,16.32339133995947,-4.195542318146622,-24.462555021019877,-33.03999296718679,0.12473983997354401,0.5900865981377645,0.2,0.17891626099779,2.2360671202682645,0.171875,0.0008920470081351661,0.0,0.0
provenance,Summary,5,14,0.001,2048,1024,128,128,6,True,12,6.790513883753423,9.74515170071847,13.786138710362433,-4.040987009643964,-19.65994615291156,-27.9581045225222,0.11498109388570131,0.5812369081792109,0.2,0.17891626099778993,2.236067889702072,0.14453125,0.00850482833415378,0.0078125,0.0390625
provenance,Summary,5,15,1e-06,2048,1024,128,128,6,True,13,4.119157324304776,18.40690768809437,22.803278577155023,-4.39637088906065,-38.24461777158726,-47.3683660482274,0.1756266459804467,0.6136808002109443,0.26666666666666666,0.1670598862942662,2.2359813653979463,0.203125,4.163077668109129e-05,0.0078125,0.0078125
provenance,Summary,5,15,0.0001,2048,1024,128,128,6,True,13,4.980973104706401,12.693781077051568,17.21791066851956,-4.524129591467997,-26.21750991586977,-35.214837511066094,0.14575475088723922,0.5934877694600632,0.26666666666666666,0.16705988629426624,2.2360671090976854,0.1171875,0.05471894473064931,0.0078125,0.0078125
provenance,Summary,5,15,0.001,2048,1024,128,128,6,True,11,5.966749855385634,10.02418927929904,14.516892329311473,-4.492703050012431,-20.557015537647636,-29.263673832272,0.13184524089631824,0.6070582381405287,0.26666666666666666,0.16705988629426619,2.236067888594769,0.09375,0.19772455806067113,0.015625,0.0625
provenance,Summary,5,16,1e-06,2048,1024,128,128,6,True,14,5.049581351286593,18.943402459236772,23.633766410945373,-4.6903639517086,-37.00117220719063,-46.026392027107235,0.14345967646411698,0.640352490099119,0.2,0.1506189916842732,2.235988034681148,0.1953125,9.40842686753401e-05,0.0,0.0
provenance,Summary,5,16,0.0001,2048,1024,128,128,6,True,14,6.162347789823372,13.217629340454963,17.87520484412173,-4.65757550366677,-26.178032112837975,-35.22054396085207,0.12467311198633699,0.6184199418980766,0.2,0.15061899168427306,2.2360671758939934,0.11328125,0.0691489899768779,0.0,0.0078125
provenance,Summary,5,16,0.001,2048,1024,128,128,6,True,12,7.39796483571774,10.53870891932447,15.077798321596301,-4.539089402271829,-21.069995574486715,-29.934941082962297,0.11776175536148717,0.6287982930827287,0.2,0.1506189916842732,2.2360678953654793,0.10546875,0.1078240411546818,0.0078125,0.015625
provenance,Summary,5,17,1e-06,2048,1024,128,128,6,True,14,5.628441365015137,19.961469656494536,24.627175541893568,-4.665705885399029,-39.85765165158866,-49.28333267336207,0.1386492443736114,0.6519571046119725,0.26666666666666666,0.15191897332771123,2.235975629872009,0.1875,0.00020575038655746867,0.0078125,0.0078125
provenance,Summary,5,17,0.0001,2048,1024,128,128,6,True,14,6.925240259919621,13.879843742671543,18.619121403734965,-4.739277661063422,-28.066939316213528,-37.53101404097161,0.12054486962225947,0.6527832122756067,0.26666666666666666,0.15191897332771118,2.2360670510069136,0.1484375,0.006313488560237168,0.0078125,0.0234375
provenance,Summary,5,17,0.001,2048,1024,128,128,6,True,12,8.456931971281133,11.008418689450567,15.702597917897334,-4.69417922844677,-22.509383580465073,-31.76961255361904,0.11199409023171805,0.676028262753898,0.26666666666666666,0.15191897332771115,2.236067882113307,0.22265625,4.6910366522335245e-06,0.03125,0.109375
provenance,Summary,5,18,1e-06,2048,1024,128,128,6,True,12,6.3765052954976404,25.127472335823935,30.463280680417938,-5.335808344594001,-48.422853770619284,-58.746379781302,0.10056386030910824,0.5121146724487436,0.2,0.12743246683864326,2.235963275202912,0.26953125,1.0551926983948056e-08,0.0,0.015625
provenance,Summary,5,18,0.0001,2048,1024,128,128,6,True,15,7.836178451493737,17.219397468853984,22.550530910779464,-5.331133441925484,-33.41140928116451,-43.74824275461631,0.10509380324816851,0.560621798765247,0.2,0.12743246683864332,2.236066924600954,0.2109375,1.782257225451088e-05,0.0234375,0.0859375
provenance,Summary,5,18,0.001,2048,1024,128,128,6,True,13,9.704961346846142,13.38296874637783,18.61141683327984,-5.22844808690201,-26.250614602975023,-36.384491900944425,0.11476554163764494,0.6195089564241114,0.2,0.12743246683864312,2.2360678668524065,0.18359375,0.00030054999002206975,0.078125,0.1328125
provenance,Summary,5,19,1e-06,2048,1024,128,128,6,True,15,8.332862815512742,26.12791296375965,31.571683095389385,-5.443770131629732,-51.144992576282604,-61.38092910900505,0.08387206022114835,0.662802870344586,0.3333333333333333,0.14615864155900146,2.235961668894953,0.328125,8.924716016110725e-13,0.015625,0.0546875
provenance,Summary,5,19,0.0001,2048,1024,128,128,6,True,14,10.331854910729009,17.99901938063579,23.47273650643846,-5.473717125802667,-35.623156361475935,-45.95599168533574,0.07560080547099088,0.6936373840867371,0.3333333333333333,0.14615864155900157,2.2360669086115994,0.28515625,1.0509063100940924e-09,0.0390625,0.125
provenance,Summary,5,19,0.001,2048,1024,128,128,6,True,11,12.972520932798218,14.091196058114697,19.467597135359696,-5.376401077245003,-28.23277730572846,-38.443168051713656,0.07637727391845625,0.7327099917885648,0.3333333333333333,0.1461586415590015,2.236067865322235,0.23046875,1.847888979619762e-06,0.0859375,0.15625
provenance,Summary,5,20,1e-06,2048,1024,128,128,6,True,13,6.2479814035626635,25.51903261429917,30.973199782266107,-5.454167167966941,-49.75554438713268,-60.27760141167506,0.16141106971268634,0.5997590660588169,0.3333333333333333,0.09905385397469052,2.235939782028963,0.265625,1.838083532653948e-08,0.0,0.015625
provenance,Summary,5,20,0.0001,2048,1024,128,128,6,True,13,7.631579787887251,17.561999639423362,22.99207385691235,-5.430074217488988,-34.16282874598827,-44.644347020286325,0.15174277001149233,0.6159216298907351,0.3333333333333333,0.0990538539746905,2.236066685723071,0.2578125,5.435300936256329e-08,0.0234375,0.0625
provenance,Summary,5,20,0.001,2048,1024,128,128,6,True,12,9.406190905306957,13.704912946856451,18.965938771651523,-5.261025824795071,-26.710096165271416,-36.84573314686043,0.14390379106510381,0.6522184159751694,0.3333333333333333,0.09905385397469035,2.2360678393565308,0.234375,1.1452873919607316e-06,0.0390625,0.0703125
provenance,Summary,5,21,1e-06,2048,1024,128,128,6,True,13,5.882348621197528,23.26279158307578,27.988422451176685,-4.725630868100902,-46.51415485858939,-55.763865445215245,0.1593716664951279,0.5785740636456306,0.2,0.12317372057614888,2.2359593197456786,0.17578125,0.0006257967777605344,0.0078125,0.0234375
provenance,Summary,5,21,0.0001,2048,1024,128,128,6,True,12,7.219055243795436,16.18375296284964,20.84990265981544,-4.6661496969658005,-32.39989226255099,-41.63703418078313,0.14939058665578175,0.5856647117162782,0.2,0.12317372057614899,2.236066884906421,0.1640625,0.00176897694134448,0.03125,0.078125
provenance,Summary,5,21,0.001,2048,1024,128,128,6,True,12,8.910463700781909,12.792538337742737,17.316338138337457,-4.523799800594723,-25.551940236089457,-34.56984833899557,0.14249610820723496,0.620563807780261,0.2,0.12317372057614899,2.2360678627579156,0.12890625,0.025849477725005232,0.0625,0.109375
provenance,Summary,5,22,1e-06,2048,1024,128,128,6,True,14,7.907873588285345,24.04363646110602,29.181434392903583,-5.137797931797563,-48.48366305066165,-58.30158301391924,0.11455736800142183,0.6344039080621154,0.2,0.1368714367542739,2.2359075689847856,0.25390625,9.227219252368915e-08,0.0078125,0.03125
provenance,Summary,5,22,0.0001,2048,1024,128,128,6,True,14,9.712108301789547,16.498257051780406,21.579152248073246,-5.080895196292836,-33.79651860726585,-43.52033085559515,0.09866943044827181,0.6433044010446817,0.2,0.13687143675427413,2.23606636507341,0.2265625,2.9565885080962975e-06,0.0390625,0.0859375
provenance,Summary,5,22,0.001,2048,1024,128,128,6,True,13,12.063660973668071,12.955871262796176,17.869156190449985,-4.91328492765381,-26.843996085929103,-36.197050206188464,0.09157767179209483,0.6747922144641103,0.2,0.136871436754274,2.2360678086880674,0.203125,4.163077668109129e-05,0.0703125,0.1484375
provenance,Summary,5,23,1e-06,2048,1024,128,128,6,True,14,9.213598237232008,26.272570352854817,31.463840391417396,-5.191270038562578,-50.29518080470039,-60.30412166193401,0.07646265273501092,0.7048144160140758,0.26666666666666666,0.1594103949315933,2.2359250950003275,0.2578125,5.435300936256329e-08,0.0234375,0.0546875
provenance,Summary,5,23,0.0001,2048,1024,128,128,6,True,15,11.436803287165908,18.296781976690646,23.47818593592988,-5.1814039592392325,-35.49557056332996,-45.497606462241336,0.07889032544525885,0.7166374432230914,0.26666666666666666,0.15941039493159342,2.23606653941367,0.25390625,9.227219252368915e-08,0.0625,0.0859375
provenance,Summary,5,23,0.001,2048,1024,128,128,6,True,11,14.344925762847854,14.469730987025356,19.537368846881872,-5.067637859856516,-28.492598217871034,-38.27205397311613,0.08450009884154386,0.7435694843069787,0.26666666666666666,0.15941039493159329,2.2360678252559323,0.20703125,2.7352006658291592e-05,0.078125,0.09375
provenance,Summary,5,24,1e-06,2048,1024,128,128,6,True,14,9.756510229584006,29.225071150727203,34.84600219575847,-5.6209310450312655,-60.301993308562686,-71.74624519535963,0.06430360719195635,0.6762257760001896,0.2,0.12080095528406114,2.2359079606767227,0.2734375,6.005467433544062e-09,0.015625,0.03125
provenance,Summary,5,24,0.0001,2048,1024,128,128,6,True,12,12.186361312255114,20.018474826670094,25.516959990576105,-5.498485163906015,-41.093363527595216,-52.39567997896029,0.06370624666814693,0.6777591737005529,0.2,0.1208009552840612,2.2360663605670705,0.25,1.553142566968138e-07,0.03125,0.078125
provenance,Summary,5,24,0.001,2048,1024,128,128,6,True,11,15.61694253364634,15.613133702522271,20.887860887657645,-5.274727185135378,-31.819936191050303,-42.79537532092566,0.07117864807749703,0.7076131960927756,0.2,0.12080095528406119,2.236067800488259,0.21484375,1.1517275704865574e-05,0.0390625,0.0859375
provenance,Summary,5,25,1e-06,2048,1024,128,128,6,True,13,9.049272359623782,27.98641917149107,33.25032714606741,-5.263907974576339,-57.68077257504664,-68.43883096807153,0.09294775623754005,0.5994127724222675,0.4,0.12988275153264195,2.235883396043743,0.27734375,3.3884305330612322e-09,0.0234375,0.0625
provenance,Summary,5,25,0.0001,2048,1024,128,128,6,True,14,11.318703276338674,19.439663243187738,24.593909500097162,-5.154246256909427,-39.81065651283419,-50.40083492529118,0.08564839167596518,0.6295398646354825,0.4,0.12988275153264203,2.2360661069544663,0.23828125,7.038776424263986e-07,0.0390625,0.0703125
provenance,Summary,5,25,0.001,2048,1024,128,128,6,True,13,14.488631529162678,15.308670429813393,20.278410206053863,-4.96973977624047,-31.095683872156318,-41.37374844715298,0.08000007124230292,0.6777055702915868,0.4,0.12988275153264203,2.2360677678365426,0.3046875,4.827787419674662e-11,0.0625,0.0703125
provenance,Summary,5,26,1e-06,2048,1024,128,128,6,True,13,6.974093268266806,25.370934606416007,31.02458539062677,-5.653650784210765,-48.76235042647024,-59.25100324945656,0.15182978135422726,0.6938546549875437,0.4,0.12767144171936323,2.2358625599594593,0.26953125,1.0551926983948056e-08,0.0078125,0.015625
provenance,Summary,5,26,0.0001,2048,1024,128,128,6,True,14,8.532000065771989,17.494268946026118,23.097930621871136,-5.603661675845016,-34.05437142878556,-44.52336293453463,0.15124998314165022,0.7108435027586212,0.4,0.12767144171936318,2.2360658997202694,0.23828125,7.038776424263986e-07,0.015625,0.0703125
provenance,Summary,5,26,0.001,2048,1024,128,128,6,True,14,10.592666268875217,13.628258742119321,19.030946916630953,-5.402688174511633,-26.915851872203678,-37.04431676374534,0.14581314637235962,0.7374572915390691,0.4,0.12767144171936332,2.2360677481858886,0.2421875,4.289574463648891e-07,0.0703125,0.140625
provenance,Summary,5,27,1e-06,2048,1024,128,128,6,True,15,13.685205671511346,26.94287770812954,32.76799500456529,-5.8251172964357565,-53.88846528609058,-64.15226380786565,0.0907238486060908,0.7953208849645794,0.26666666666666666,0.11962384126486218,2.235928334802466,0.3203125,3.4992283936701867e-12,0.03125,0.09375
provenance,Summary,5,27,0.0001,2048,1024,128,128,6,True,14,17.06670113381853,18.48902927315091,24.2607519623662,-5.77172268921529,-38.03365739860834,-48.2769875450639,0.08112857595868386,0.8179861138378487,0.26666666666666666,0.11962384126486227,2.2360665700367095,0.2890625,5.776341456120769e-10,0.1015625,0.1171875
provenance,Summary,5,27,0.001,2048,1024,128,128,6,True,12,21.707095750294783,14.448460024399767,19.98239806090254,-5.5339380365027715,-30.640134696283063,-40.43641593705677,0.07321354208251571,0.8427487035294493,0.26666666666666666,0.11962384126486221,2.2360678266828633,0.265625,1.838083532653948e-08,0.109375,0.140625
provenance,Summary,5,28,1e-06,2048,1024,128,128,6,True,13,5.912623513952845,19.66784961692249,24.37293364347456,-4.705084026552068,-40.22297744444582,-49.23917684628842,0.18020590022623187,0.6487214130543697,0.4,0.11527054005506995,2.2359253068990115,0.16796875,0.001261290693128525,0.0078125,0.0234375
provenance,Summary,5,28,0.0001,2048,1024,128,128,6,True,12,7.132439454223739,13.765831362872632,18.391480639202236,-4.625649276329602,-28.458855465048465,-37.452316562239716,0.1664019951682396,0.6646069361167003,0.4,0.11527054005507005,2.2360665432672286,0.125,0.03345596830001085,0.0234375,0.0546875
provenance,Summary,5,28,0.001,2048,1024,128,128,6,True,12,8.564599684194055,10.989241627720364,15.428016083116551,-4.438774455396187,-22.918300196736514,-31.596847560657494,0.15706685045770374,0.6919817984880091,0.4,0.11527054005507002,2.2360678272399803,0.15234375,0.004649248065287104,0.0546875,0.09375
provenance,Summary,5,29,1e-06,2048,1024,128,128,6,True,13,6.378276494258212,26.264451003099374,31.609923492086537,-5.345472488987161,-53.7315717840721,-64.79459795436384,0.11260631706909398,0.5300396934308442,0.4,0.12683409618928848,2.2359398451595913,0.25,1.553142566968138e-07,0.0,0.015625
provenance,Summary,5,29,0.0001,2048,1024,128,128,6,True,14,7.75662744143813,18.033597899179906,23.286500938878454,-5.252903039698548,-36.6198437208593,-47.568432574106,0.10376479578843123,0.5580963134619195,0.4,0.12683409618928845,2.2360666854107363,0.22265625,4.6910366522335245e-06,0.015625,0.046875
provenance,Summary,5,29,0.001,2048,1024,128,128,6,True,12,9.551563153767193,14.166157053292038,19.148334224244767,-4.982177170952731,-28.452584413454808,-38.93470052945305,0.09684954584293196,0.6036640167006353,0.4,0.12683409618928848,2.2360678384584225,0.22265625,4.6910366522335245e-06,0.046875,0.109375
provenance,Summary,5,30,1e-06,2048,1024,128,128,6,True,14,5.439175651905291,21.41369797149411,26.485950176892125,-5.07225220539801,-42.94669329335838,-52.81244532288073,0.23002244623121185,0.7216927236063925,0.26666666666666666,0.10143732496107208,2.2358920946225447,0.171875,0.0008920470081351661,0.0,0.0
provenance,Summary,5,30,0.0001,2048,1024,128,128,6,True,14,6.555219116593572,14.755626070003405,19.771734637198712,-5.016108567195303,-29.73862388790438,-39.609167584208095,0.2173285970372067,0.6935162184879179,0.26666666666666666,0.101437324961072,2.2360662089840124,0.16796875,0.001261290693128525,0.0,0.0390625
provenance,Summary,5,30,0.001,2048,1024,128,128,6,True,12,7.900734379934402,11.609748567785159,16.408376575184235,-4.798628007399078,-23.49060830827308,-33.00051539698314,0.20755388140243458,0.6943767370935072,0.26666666666666666,0.10143732496107209,2.236067791865915,0.16015625,0.0024610192473685233,0.0234375,0.1015625
provenance,Summary,5,31,1e-06,2048,1024,128,128,6,True,13,2.9193096648926176,19.837974882298127,24.19749265551443,-4.359517773216307,-37.508071325775234,-45.25927107295518,0.33594813787520805,0.6321612905908783,0.26666666666666666,0.07652253468953782,2.235950912456271,0.26171875,3.1743788057539135e-08,0.0,0.0
provenance,Summary,5,31,0.0001,2048,1024,128,128,6,True,13,3.9306282641254784,13.606687550529637,18.147920946514184,-4.541233395984549,-25.99808776489604,-34.27914743626494,0.30197001368452436,0.6348888325639857,0.26666666666666666,0.07652253468953783,2.2360668016693417,0.203125,4.163077668109129e-05,0.0,0.0078125
provenance,Summary,5,31,0.001,2048,1024,128,128,6,True,12,4.995903432529476,10.661973928405633,15.172397944878515,-4.510424016472884,-20.60169407347954,-28.951268159010624,0.2804358786489774,0.6653716995910736,0.26666666666666666,0.07652253468953796,2.236067855211899,0.15625,0.0033962516565197998,0.0078125,0.046875
provenance,Summary,6,0,1e-06,3296,1760,128,128,6,True,11,2.3613457625526344,24.29894874152185,29.18465537019575,-4.885706628673894,-51.608895598666166,-61.221673666030384,0.4303774022477893,0.5696972319062668,0.06666666666666667,0.06085209772553747,1.4141907145963577,0.4296875,5.55074371993741e-22,0.0,0.0
provenance,Summary,6,0,0.0001,3296,1760,128,128,6,True,13,3.1099614466939283,15.708448894740462,20.605441147066067,-4.896992252325603,-33.0886197934311,-42.81418398487824,0.3934375998709192,0.538678758575655,0.06666666666666667,0.06085209772553745,1.4142133330753728,0.4296875,5.55074371993741e-22,0.0,0.0
provenance,Summary,6,0,0.001,3296,1760,128,128,6,True,12,3.9180488593984717,11.619007869684097,16.42974972790606,-4.810741858221959,-24.247705329257464,-33.96357079448742,0.37627090619973347,0.560540756913873,0.06666666666666667,0.0608520977255375,1.4142135386936978,0.36328125,1.209705534646815e-15,0.0,0.0
provenance,Summary,6,1,1e-06,3296,1760,128,128,6,True,10,6.402906008689759,12.541166854428454,15.26787479691148,-2.7267079424830256,-29.59733666067296,-35.91304771605436,0.136173865665978,0.3804949622167863,0.4,0.17669192688584603,0.9317737438196342,0.35546875,5.601551930573579e-15,0.1640625,0.203125
provenance,Summary,6,1,0.0001,3296,1760,128,128,6,True,11,7.898861137404618,10.974966830061604,14.068325920822847,-3.0933590907612434,-23.725992465419502,-30.49627976746374,0.11313555382471953,0.39484529239852423,0.4,0.17669192688584595,0.9337950614047761,0.16015625,0.0024610192473685233,0.078125,0.1484375
provenance,Summary,6,1,0.001,3296,1760,128,128,6,True,11,9.580094545995953,10.19347890422431,13.476839332233084,-3.283360428008775,-20.876301147299184,-27.837621068638164,0.10482343232046226,0.4533977327667275,0.4,0.17669192688584598,0.9514532911446762,0.1171875,0.05471894473064931,0.1171875,0.1640625
provenance,Summary,6,2,1e-06,3296,1760,128,128,6,True,11,10.821358805296782,25.010871215439302,29.239297549512457,-4.228426334073159,-44.54058192788028,-52.47609445847738,0.10640636655041742,0.30578670837107697,0.6666666666666666,0.11875388813889068,1.3922656416542873,0.390625,4.1923923769686e-18,0.0234375,0.0859375
provenance,Summary,6,2,0.0001,3296,1760,128,128,6,True,11,14.115137575387356,18.875248407809984,23.523533620024835,-4.648285212214849,-34.439700836077,-43.247426835260924,0.09830824908639112,0.4463324523654471,0.6666666666666666,0.11875388813889069,1.418318377660517,0.30859375,2.538865745522775e-11,0.015625,0.03125
provenance,Summary,6,2,0.001,3296,1760,128,128,6,True,10,18.44587047134916,15.774168428246437,20.557732897040744,-4.783564468794304,-29.11550631471865,-38.44076096388332,0.09290838411224393,0.5631047495449786,0.6666666666666666,0.11875388813889072,1.581970538454439,0.3203125,3.4992283936701867e-12,0.015625,0.03125
provenance,Summary,6,3,1e-06,3296,1760,128,128,6,True,13,9.482067290769388,17.84343492930048,21.401787380514847,-3.558352451214368,-38.48067503049305,-46.152367416651245,0.10316429429943924,0.4942054674058805,0.6,0.1148444184821661,2.121979601665833,0.25,1.553142566968138e-07,0.015625,0.046875
provenance,Summary,6,3,0.0001,3296,1760,128,128,6,True,13,11.55001500667986,15.29639122415734,19.319746749456,-4.02335552529866,-31.582213483721254,-39.89127719907039,0.10231003244668481,0.5404845298117951,0.6,0.11484441848216609,2.158173509703331,0.1171875,0.05471894473064931,0.03125,0.046875
provenance,Summary,6,3,0.001,3296,1760,128,128,6,True,11,14.219090619914024,13.29657537266703,17.55684138765902,-4.2602660149919895,-26.782241854109827,-35.38929053756655,0.1039705342735656,0.6003910222602155,0.6,0.11484441848216619,2.2146201135007537,0.16796875,0.001261290693128525,0.015625,0.046875
provenance,Summary,6,4,1e-06,3296,1760,128,128,6,True,13,7.180896269897794,19.044693477895795,22.93264716580137,-3.8879536879055783,-39.41207686222738,-47.43231377605396,0.1412993677203811,0.39037613465313353,0.5333333333333333,0.10640705097483034,2.2292205859059764,0.1484375,0.006313488560237168,0.0,0.0
provenance,Summary,6,4,0.0001,3296,1760,128,128,6,True,14,8.79001725253885,15.2326654301167,19.630280520785917,-4.397615090669216,-30.528861415395422,-39.434834639118115,0.1259364602091722,0.4615456390494342,0.5333333333333333,0.10640705097483032,2.2349150833193505,0.16015625,0.0024610192473685233,0.0,0.0078125
provenance,Summary,6,4,0.001,3296,1760,128,128,6,True,13,10.878600193281873,12.66876509388964,17.028860692204802,-4.360095598315164,-24.97128985906985,-33.77049752652577,0.12240104814969417,0.5427580462683567,0.5333333333333333,0.10640705097483032,2.2359256505782827,0.1796875,0.0004354569877453,0.0078125,0.0390625
provenance,Summary,6,5,1e-06,3296,1760,128,128,6,True,14,6.282511955777472,18.7081092479343,22.864396133350922,-4.156286885416623,-37.442498888876244,-45.5468277504485,0.17671733882261126,0.3718201547781018,0.4,0.06981349890487003,2.235378347414564,0.23046875,1.847888979619762e-06,0.0,0.0
provenance,Summary,6,5,0.0001,3296,1760,128,128,6,True,14,7.700138251303113,14.276518645525005,18.920865855481228,-4.644347209956221,-28.362314661974356,-37.28417254493857,0.16086246494165546,0.4480303493432267,0.4,0.06981349890487008,2.2360388668764557,0.19921875,6.28426475199267e-05,0.0,0.0
provenance,Summary,6,5,0.001,3296,1760,128,128,6,True,11,9.350210367786897,11.725199398452581,16.317031932395743,-4.591832533943165,-23.242494339869502,-32.02385238978408,0.15045895749803168,0.5245412947709891,0.4,0.06981349890487006,2.236064858603925,0.13671875,0.015066349402464208,0.0078125,0.03125
provenance,Summary,6,6,1e-06,3296,1760,128,128,6,True,14,5.349583748635923,17.167615209288236,21.164058507990816,-3.9964432987025758,-33.78710234402462,-42.14402343916606,0.15613211386753054,0.33240747265529896,0.3333333333333333,0.08662505518981219,2.2359650776059214,0.37890625,5.0342822933606634e-17,0.0,0.0
provenance,Summary,6,6,0.0001,3296,1760,128,128,6,True,14,6.646620525190867,12.644966000984674,16.807712667749662,-4.162746666764985,-24.75726841952791,-33.30741574978595,0.14857138019399482,0.3577706170108045,0.3333333333333333,0.08662505518981209,2.236066349203615,0.26171875,3.1743788057539135e-08,0.0,0.0
provenance,Summary,6,6,0.001,3296,1760,128,128,6,True,12,8.073630458187475,10.382621033039438,14.44812766598659,-4.065506632947153,-20.285668524859382,-28.56243027457778,0.1516914933478936,0.42578052337527184,0.3333333333333333,0.08662505518981212,2.2360678084735115,0.19140625,0.00013970433630997956,0.0,0.0
provenance,Summary,6,7,1e-06,3296,1760,128,128,6,True,14,8.314925866783662,15.962285609307251,20.494884176390045,-4.532598567082796,-31.333967143032872,-39.30256797027104,0.13851756480919908,0.4436366674858792,0.3333333333333333,0.12734537083233943,2.2359002811171775,0.37890625,5.0342822933606634e-17,0.0,0.0
provenance,Summary,6,7,0.0001,3296,1760,128,128,6,True,14,9.830903213431768,11.78154100644382,16.13687272746811,-4.355331721024291,-23.32901233807111,-31.160209087749017,0.134615074192179,0.49083736707221015,0.3333333333333333,0.12734537083233935,2.236066067227947,0.390625,4.1923923769686e-18,0.0,0.0
provenance,Summary,6,7,0.001,3296,1760,128,128,6,True,13,11.313321031371457,9.79477799213543,13.953772717163542,-4.158994725028112,-19.553844712295813,-27.088334352853003,0.13765067088726388,0.535964761199765,0.3333333333333333,0.1273453708323394,2.236067780119098,0.2734375,6.005467433544062e-09,0.0,0.0
provenance,Summary,6,8,1e-06,3296,1760,128,128,6,True,12,6.499774102802842,16.687109937910922,20.9036404097444,-4.216530471833478,-33.623964964250675,-41.675499684795646,0.10410574310244672,0.3514069773463191,0.06666666666666667,0.10583099972701708,2.235941052870784,0.40625,1.3289980870454757e-19,0.0,0.0
provenance,Summary,6,8,0.0001,3296,1760,128,128,6,True,13,7.998121597082857,12.132959613615672,16.36430417619216,-4.231344562576487,-24.5025708414611,-32.564447196781046,0.09522878015847601,0.37643718725830777,0.06666666666666667,0.10583099972701705,2.2360666900092405,0.26953125,1.0551926983948056e-08,0.0,0.0
provenance,Summary,6,8,0.001,3296,1760,128,128,6,True,12,9.59764910278706,10.011688844443066,14.173628179427931,-4.161939334984866,-20.202340498796396,-28.15423015745514,0.09616213805262154,0.4369520615191198,0.06666666666666667,0.10583099972701712,2.2360678453222897,0.171875,0.0008920470081351661,0.0,0.0234375
provenance,Summary,6,9,1e-06,3296,1760,128,128,6,True,12,5.385488213266789,16.397483609310033,20.441068652617375,-4.0435850433073455,-34.24488374561039,-42.74783837601215,0.1630358369926261,0.4493082699739889,0.2,0.17122773087787554,2.235948980087042,0.2265625,2.9565885080962975e-06,0.0,0.0
provenance,Summary,6,9,0.0001,3296,1760,128,128,6,True,13,6.418685516074927,11.758210224408828,15.804927090972416,-4.046716866563589,-24.713449238748233,-33.15050410797482,0.14624735491471091,0.4123397563143983,0.2,0.17122773087787557,2.236066783971958,0.18359375,0.00030054999002206975,0.0,0.0
provenance,Summary,6,9,0.001,3296,1760,128,128,6,True,12,7.491798716715216,9.57891236664214,13.551095207554905,-3.9721828409127653,-20.14435526995349,-28.412049649266784,0.14497922334729724,0.42749940820722965,0.2,0.17122773087787552,2.2360678549371182,0.15234375,0.004649248065287104,0.0,0.0859375
provenance,Summary,6,10,1e-06,3296,1760,128,128,6,True,13,4.937301647095937,17.981642202840938,22.657211335448206,-4.675569132607269,-33.34390554416506,-41.969308362951786,0.16818823466561272,0.5117829706320818,0.2,0.14172600445461814,2.235976616333033,0.34375,5.202843089038079e-14,0.0,0.0
provenance,Summary,6,10,0.0001,3296,1760,128,128,6,True,13,6.080915375237196,12.678697235151022,17.340857256371088,-4.662160021220065,-23.52966372480175,-32.09239116727522,0.1582778088550334,0.47944522001923995,0.2,0.14172600445461836,2.2360670614732006,0.21875,7.381061347748238e-06,0.0,0.0
provenance,Summary,6,10,0.001,3296,1760,128,128,6,True,12,7.294910070470662,10.225730398526593,14.775690858034116,-4.54996045950752,-19.019969661555542,-27.34307696176088,0.16371520294224798,0.4992034034301653,0.2,0.14172600445461828,2.2360678837125714,0.23046875,1.847888979619762e-06,0.0,0.0
provenance,Summary,6,11,1e-06,3296,1760,128,128,6,True,12,6.074765833136244,15.750247830061543,20.01497315845492,-4.264725328393379,-31.78951888838096,-40.01766843790953,0.22348975884455038,0.420157252936956,0.26666666666666666,0.1497293157580528,2.2359083842735052,0.44921875,4.348997194110803e-24,0.0,0.0
provenance,Summary,6,11,0.0001,3296,1760,128,128,6,True,13,7.4035496505505005,11.380018049788635,15.528249394180719,-4.148231344392085,-23.11819340355739,-31.146769302051815,0.21334531283415742,0.39364572167773737,0.26666666666666666,0.14972931575805282,2.236066376454669,0.26171875,3.1743788057539135e-08,0.0,0.0
provenance,Summary,6,11,0.001,3296,1760,128,128,6,True,13,8.742366410120738,9.372993570306676,13.393956585294102,-4.0209630149874265,-19.048652466471005,-26.876138186651552,0.20885634669358724,0.4228206156550018,0.26666666666666666,0.14972931575805282,2.236067812794242,0.23046875,1.847888979619762e-06,0.0,0.0078125
provenance,Summary,6,12,1e-06,3296,1760,128,128,6,True,13,8.756793028881333,14.739397736597498,18.75418372862373,-4.014785992026232,-29.194530632134246,-37.448976849288776,0.07911441093159666,0.4208108878550735,0.06666666666666667,0.14344565365612771,2.235920573514448,0.49609375,1.270787799000803e-29,0.0,0.0
provenance,Summary,6,12,0.0001,3296,1760,128,128,6,True,14,9.451331976026713,10.69768338743157,14.401702321326463,-3.704018933894893,-21.103789736209738,-28.737675796125814,0.08257647084716022,0.4357177349587717,0.06666666666666667,0.14344565365612771,2.2360665002219657,0.40234375,3.196793611528768e-19,0.0,0.0078125
provenance,Summary,6,12,0.001,3296,1760,128,128,6,True,13,10.199326679918533,8.842665576540632,12.260288231369929,-3.417622654829294,-17.37417844637438,-24.43479403542124,0.09011307794359891,0.4536511203743979,0.06666666666666667,0.1434456536561277,2.2360678268816034,0.31640625,6.83543823843095e-12,0.0078125,0.0078125
provenance,Summary,6,13,1e-06,3296,1760,128,128,6,True,13,5.716464233180687,20.017523421572065,24.435988494172975,-4.418465072600908,-40.604226668153004,-49.919934836290814,0.1726164282925775,0.6727241318615118,0.2,0.13067298778845776,2.2359457902939277,0.18359375,0.00030054999002206975,0.0,0.0
provenance,Summary,6,13,0.0001,3296,1760,128,128,6,True,13,6.938531813433974,14.303599323931792,18.847147709837422,-4.5435483859056305,-28.403885183014946,-37.9190046843479,0.16064362866514487,0.46312756614095735,0.2,0.1306729877884579,2.2360667517137194,0.1640625,0.00176897694134448,0.0,0.0
provenance,Summary,6,13,0.001,3296,1760,128,128,6,True,14,8.33845766236776,11.6546734426911,16.178339743342967,-4.523666300651864,-22.677516038985374,-32.126281839673425,0.1583165233877542,0.351245379602665,0.2,0.13067298778845787,2.2360678513825487,0.1328125,0.019813663257872594,0.0,0.0078125
provenance,Summary,6,14,1e-06,3296,1760,128,128,6,True,12,4.379270737446925,16.074177473314897,20.12997074573648,-4.055793272421582,-33.876875812906974,-42.24014296439851,0.22529248078158054,0.6325744991339337,0.2,0.17930251741919653,2.235977570640138,0.33984375,1.073542535028726e-13,0.0,0.0
provenance,Summary,6,14,0.0001,3296,1760,128,128,6,True,12,5.274352866533327,11.300099382990817,15.291050660932948,-3.9909512779421337,-23.688111308995506,-31.836286268059162,0.1968663558041097,0.567119428100722,0.2,0.17930251741919662,2.2360670710225117,0.1640625,0.00176897694134448,0.0,0.015625
provenance,Summary,6,14,0.001,3296,1760,128,128,6,True,11,6.215065743510043,9.109048127117697,12.967176136450243,-3.858128009332546,-18.946430481405514,-26.778562309347336,0.18188254856950775,0.5558581213046755,0.2,0.17930251741919662,2.2360678846723454,0.16796875,0.001261290693128525,0.0,0.015625
provenance,Summary,6,15,1e-06,3296,1760,128,128,6,True,12,3.4232815789218423,17.388768887443142,21.429326673379045,-4.0405577859359045,-35.369457142107734,-43.60235432763318,0.188031087973038,0.5575364311419895,0.2,0.15569835385046266,2.2359805619712567,0.3203125,3.4992283936701867e-12,0.0,0.0
provenance,Summary,6,15,0.0001,3296,1760,128,128,6,True,12,4.250209626591304,12.1188393547696,16.212897608479796,-4.0940582537101955,-24.332037356023513,-32.70912138309454,0.16843423699672122,0.47486931444821917,0.2,0.15569835385046263,2.2360671010524564,0.2421875,4.289574463648891e-07,0.0,0.0
provenance,Summary,6,15,0.001,3296,1760,128,128,6,True,11,5.127520464114384,9.66544588678625,13.70765208562366,-4.042206198837412,-19.097090701955445,-27.42702586670601,0.16129207005191568,0.4691808347892835,0.2,0.15569835385046263,2.2360678877805324,0.16796875,0.001261290693128525,0.0,0.0
provenance,Summary,6,16,1e-06,3296,1760,128,128,6,True,13,4.381194185709922,17.5303303615321,22.014479654928717,-4.484149293396612,-34.02242724541877,-42.54189738839318,0.16405760137378397,0.47279000170955693,0.2,0.1338005501233073,2.235990349399302,0.3046875,4.827787419674662e-11,0.0,0.0
provenance,Summary,6,16,0.0001,3296,1760,128,128,6,True,13,5.285789361108607,12.374003409879347,16.804343326340494,-4.430339916461149,-23.93527294849081,-32.35981079198362,0.15411876646154996,0.4564864671268218,0.2,0.1338005501233073,2.2360671991883243,0.2421875,4.289574463648891e-07,0.0,0.0
provenance,Summary,6,16,0.001,3296,1760,128,128,6,True,12,6.246335477827808,9.950332913460207,14.248292810902015,-4.297959897441809,-19.18021001234997,-27.346139700731868,0.1492433125831806,0.4805398503779346,0.2,0.13380055012330716,2.2360678978287525,0.1640625,0.00176897694134448,0.0,0.0
provenance,Summary,6,17,1e-06,3296,1760,128,128,6,True,13,5.255771412343693,20.664186433507226,25.43334521757243,-4.769158784065201,-39.827631818874224,-48.95492501518524,0.12077494800558533,0.5397399919521314,0.2,0.1547378317277408,2.2359565554792358,0.20703125,2.7352006658291592e-05,0.0,0.0
provenance,Summary,6,17,0.0001,3296,1760,128,128,6,True,13,6.4715308717684845,14.392666247652958,19.13736271590856,-4.744696468255599,-27.883630615180373,-36.989484507461,0.1102397724910544,0.49306922730373154,0.2,0.15473783172774094,2.2360668597573725,0.140625,0.011365189018294308,0.0,0.0
provenance,Summary,6,17,0.001,3296,1760,128,128,6,True,12,7.92238398813359,11.441698110551496,16.060914695293057,-4.619216584741559,-22.200846348772135,-31.09052582775423,0.10656406792378184,0.5080335291865196,0.2,0.1547378317277408,2.2360678625383237,0.17578125,0.0006257967777605344,0.0,0.0390625
provenance,Summary,6,18,1e-06,3296,1760,128,128,6,True,13,4.58631879903087,23.205303151421987,27.99010909742136,-4.7848059459993735,-45.0996850385713,-55.2032062992885,0.2232193141624937,0.5313907860565587,0.2,0.14334830244331173,2.2359678024184597,0.234375,1.1452873919607316e-06,0.0,0.0
provenance,Summary,6,18,0.0001,3296,1760,128,128,6,True,12,5.576935791282166,15.91135753241408,20.937295798753055,-5.0259382663389776,-30.77915917562845,-40.85561756873966,0.2144074273849717,0.5182012137770744,0.2,0.1433483024433116,2.2360669710070886,0.1953125,9.40842686753401e-05,0.0,0.03125
provenance,Summary,6,18,0.001,3296,1760,128,128,6,True,12,6.793005856444536,12.397759618006889,17.432065083426554,-5.034305465419665,-23.88040361264474,-33.758617830175496,0.20795928874098513,0.5469717251262133,0.2,0.1433483024433118,2.2360678725322036,0.2265625,2.9565885080962975e-06,0.0,0.0625
provenance,Summary,6,19,1e-06,3296,1760,128,128,6,True,13,7.571102412804393,25.418789539428065,30.94281728838048,-5.5240277489524106,-46.02420407782923,-55.54949388939137,0.16180750657420284,0.6257949866431631,0.2,0.14451317184520454,2.2359809475965133,0.3125,1.3232765413914088e-11,0.0078125,0.0390625
provenance,Summary,6,19,0.0001,3296,1760,128,128,6,True,13,9.344102055524669,17.551845529975203,23.053893424440894,-5.5020478944656865,-32.522202153882745,-42.116953202119575,0.15237408507034564,0.6483254207735402,0.2,0.14451317184520454,2.2360671028524375,0.26953125,1.0551926983948056e-08,0.0390625,0.09375
provenance,Summary,6,19,0.001,3296,1760,128,128,6,True,13,11.56227739304558,13.763337926905566,19.133483102650242,-5.370145175744676,-26.117811864277307,-35.50305660972655,0.1452768636186565,0.6848373993191552,0.2,0.14451317184520446,2.2360678860693586,0.28515625,1.0509063100940924e-09,0.0390625,0.125
provenance,Summary,6,20,1e-06,3296,1760,128,128,6,True,14,5.756950194707381,23.448839041350368,28.54039257948131,-5.091553538130941,-46.511404568132086,-56.51957680762564,0.17359254403038785,0.6217649178770918,0.26666666666666666,0.11022645210078535,2.2359536006793346,0.19140625,0.00013970433630997956,0.0,0.0078125
provenance,Summary,6,20,0.0001,3296,1760,128,128,6,True,12,7.002898587898325,16.316168265092152,21.4127231560799,-5.0965548909877505,-32.22314685939944,-42.27698623766116,0.1635107762350724,0.6140725642120163,0.26666666666666666,0.1102264521007855,2.236066827435485,0.16015625,0.0024610192473685233,0.0078125,0.0625
provenance,Summary,6,20,0.001,3296,1760,128,128,6,True,13,8.548581704674831,12.889186104797858,17.84262510900069,-4.95343900420283,-25.364877247602962,-35.132232593040555,0.15590810346318798,0.6361029837348852,0.26666666666666666,0.11022645210078538,2.2360678567576566,0.15625,0.0033962516565197998,0.0625,0.09375
provenance,Summary,6,21,1e-06,3296,1760,128,128,6,True,12,5.5794645519945085,23.04996196419948,27.782623089563543,-4.7326611253640625,-45.12446219565355,-54.21989816796749,0.13863505967275414,0.5155231351948689,0.2,0.1287400727711799,2.2359422207384863,0.203125,4.163077668109129e-05,0.0,0.0078125
provenance,Summary,6,21,0.0001,3296,1760,128,128,6,True,13,6.8422099173137045,15.976008361175797,20.656960663120614,-4.680952301944814,-31.330429382269337,-40.37511314944431,0.12795907345555899,0.5160498064583408,0.2,0.12874007277117985,2.23606671399266,0.21875,7.381061347748238e-06,0.015625,0.0390625
provenance,Summary,6,21,0.001,3296,1760,128,128,6,True,12,8.448531199792665,12.590006092330135,17.111180800028308,-4.521174707698172,-24.706859864614813,-33.48513010546425,0.12098661087468562,0.556141374549869,0.2,0.12874007277117985,2.2360678457524026,0.15625,0.0033962516565197998,0.015625,0.046875
provenance,Summary,6,22,1e-06,3296,1760,128,128,6,True,14,7.24555547026419,23.39276935482375,28.153110914292046,-4.760341559468296,-48.77546709227352,-58.612390180789774,0.07799884146757242,0.4427836929560376,0.3333333333333333,0.10993426197498596,2.2359024997664556,0.21484375,1.1517275704865574e-05,0.0,0.0078125
provenance,Summary,6,22,0.0001,3296,1760,128,128,6,True,14,8.90899384201751,16.46445793105267,21.23929191302191,-4.774833981969239,-33.99744355305348,-43.741633974834684,0.07999729420780866,0.443982959357626,0.3333333333333333,0.10993426197498592,2.2360663121813977,0.15234375,0.004649248065287104,0.0078125,0.0234375
provenance,Summary,6,22,0.001,3296,1760,128,128,6,True,12,11.052530426799033,13.20293831246161,17.860773067328402,-4.657834754866791,-26.899990212855293,-36.467548725754405,0.0849181275885533,0.49596415678751415,0.3333333333333333,0.10993426197498594,2.2360678013835664,0.1953125,9.40842686753401e-05,0.0234375,0.09375
provenance,Summary,6,23,1e-06,3296,1760,128,128,6,True,13,11.9316633986059,24.435552898776557,29.468675011023024,-5.033122112246464,-54.590019336466554,-64.55728493559198,0.07499649191056112,0.6787545542292575,0.4,0.15446729021873035,2.235913198205099,0.1796875,0.0004354569877453,0.03125,0.109375
provenance,Summary,6,23,0.0001,3296,1760,128,128,6,True,14,14.893298182093288,17.2535848874124,22.34253460356459,-5.088949716152192,-38.24876850166955,-48.10703872393188,0.06509374962074031,0.7236685970414931,0.4,0.15446729021873057,2.2360664195141022,0.1796875,0.0004354569877453,0.0625,0.1484375
provenance,Summary,6,23,0.001,3296,1760,128,128,6,True,12,18.929226348603905,13.786178888398426,18.797782804701082,-5.011603916302656,-30.556028352042674,-40.071619141844366,0.06574159142975351,0.7679741141470365,0.4,0.1544672902187305,2.2360678124222813,0.19140625,0.00013970433630997956,0.109375,0.1484375
provenance,Summary,6,24,1e-06,3296,1760,128,128,6,True,14,6.776583493340211,28.99626469487016,34.63867712333882,-5.642412428468666,-55.53013138034845,-66.27590454610856,0.13199475455665932,0.6607261473583987,0.3333333333333333,0.14392930624584546,2.2359361097963335,0.3671875,5.542534149978852e-16,0.015625,0.0390625
provenance,Summary,6,24,0.0001,3296,1760,128,128,6,True,13,8.382898142545185,19.73888181171143,25.306802791045097,-5.567920979333667,-38.00123429935316,-48.622111459654136,0.12391171136588415,0.6553850616684038,0.3333333333333333,0.14392930624584557,2.236066647022947,0.375,1.130724758563229e-16,0.0390625,0.0703125
provenance,Summary,6,24,0.001,3296,1760,128,128,6,True,11,10.549801159833592,15.246140542282166,20.658065603471286,-5.411925061189118,-29.405274226313068,-39.78206788948784,0.11740736569980799,0.6807638075958985,0.3333333333333333,0.14392930624584552,2.236067833670054,0.35546875,5.601551930573579e-15,0.0546875,0.0703125
provenance,Summary,6,25,1e-06,3296,1760,128,128,6,True,13,11.417791538761143,28.992176304759532,34.34188427343787,-5.3497079686783415,-60.42891494938738,-71.23274187092353,0.06065935795391042,0.6870773074945534,0.4,0.1496921048234727,2.235929477300385,0.26953125,1.0551926983948056e-08,0.046875,0.046875
provenance,Summary,6,25,0.0001,3296,1760,128,128,6,True,14,14.444764850568086,20.101785032809296,25.37199698328724,-5.270211950477947,-41.547854955129964,-52.15347608246702,0.05445852223244172,0.7318204099550376,0.4,0.14969210482347275,2.2360665742054877,0.23828125,7.038776424263986e-07,0.046875,0.046875
provenance,Summary,6,25,0.001,3296,1760,128,128,6,True,12,18.84970739682693,15.732702837595372,20.847795235838852,-5.1150923982434815,-32.44764056600527,-42.7724597530619,0.05700143897990732,0.778000208714554,0.4,0.14969210482347278,2.236067820422727,0.22265625,4.6910366522335245e-06,0.046875,0.0703125
provenance,Summary,6,26,1e-06,3296,1760,128,128,6,True,14,7.775268995431681,23.664277377263566,29.305812562953065,-5.641535185689499,-47.8341765648653,-57.818346760618184,0.13528413143761853,0.7294415112153678,0.4,0.11755029711890629,2.23589623602343,0.21875,7.381061347748238e-06,0.03125,0.078125
provenance,Summary,6,26,0.0001,3296,1760,128,128,6,True,13,9.537369680639635,16.281403848852975,21.917048154862748,-5.635644306009771,-33.781965846548395,-43.78988933185309,0.1276079709976426,0.7556410191804018,0.4,0.11755029711890626,2.23606624203422,0.234375,1.1452873919607316e-06,0.0703125,0.109375
provenance,Summary,6,26,0.001,3296,1760,128,128,6,True,12,11.855691329420027,12.643873171513185,18.10530821159555,-5.461435040082364,-26.940360884884118,-36.6601155501472,0.11721509797312282,0.7841181193856845,0.4,0.11755029711890627,2.2360677874743407,0.19921875,6.28426475199267e-05,0.0859375,0.1328125
provenance,Summary,6,27,1e-06,3296,1760,128,128,6,True,14,8.951069373388995,25.643633915220516,30.815576117265465,-5.171942202044951,-51.99373666685465,-62.211791558876584,0.0798930775516424,0.6544846202421913,0.4,0.16148491866980524,2.2358741824662025,0.20703125,2.7352006658291592e-05,0.0078125,0.046875
provenance,Summary,6,27,0.0001,3296,1760,128,128,6,True,14,11.10816397948153,18.092518031596352,23.295053707017104,-5.202535675420753,-36.410854661173445,-46.70951880022979,0.07163761716598131,0.660024558487583,0.4,0.16148491866980513,2.236066024349409,0.203125,4.163077668109129e-05,0.015625,0.0625
provenance,Summary,6,27,0.001,3296,1760,128,128,6,True,13,13.990698684448223,14.447074034617241,19.473484091441378,-5.026410056824136,-28.918161050532767,-38.98909039383832,0.07445025975990542,0.690085557869787,0.4,0.16148491866980516,2.2360677683530987,0.18359375,0.00030054999002206975,0.0625,0.1015625
provenance,Summary,6,28,1e-06,3296,1760,128,128,6,True,13,5.677763804151508,20.311107000942705,24.95009466873465,-4.638987667791945,-39.445740235455744,-48.51902266278539,0.19646045265428996,0.4838134813820303,0.4,0.13037904370480558,2.235881273614871,0.20703125,2.7352006658291592e-05,0.0,0.0
provenance,Summary,6,28,0.0001,3296,1760,128,128,6,True,13,6.814299925041064,14.514917829010074,19.118754431968167,-4.603836602958094,-28.040102447646937,-37.14656658681348,0.18229058008527588,0.4806040676754054,0.4,0.13037904370480555,2.236066098015603,0.16796875,0.001261290693128525,0.0,0.0
provenance,Summary,6,28,0.001,3296,1760,128,128,6,True,13,8.118671192352345,11.797304215548142,16.211352403731237,-4.414048188183095,-22.641131769404012,-31.46233884461994,0.17308514018626064,0.5122257556115505,0.4,0.13037904370480546,2.236067778249705,0.140625,0.011365189018294308,0.0,0.0390625
provenance,Summary,6,29,1e-06,3296,1760,128,128,6,True,13,5.214689547886588,26.637740402254618,31.70158048775558,-5.063840085500963,-56.458489790588004,-67.57545144509585,0.18142424955215422,0.5070417707655421,0.4,0.1553226114930874,2.2359505846904546,0.23828125,7.038776424263986e-07,0.0,0.03125
provenance,Summary,6,29,0.0001,3296,1760,128,128,6,True,13,7.2943212835437805,18.24500229649551,23.202470987876172,-4.957468691380662,-38.28358203311468,-49.15570948022955,0.13786627314133826,0.570326978797657,0.4,0.1553226114930873,2.236066794669885,0.2109375,1.782257225451088e-05,0.0,0.046875
provenance,Summary,6,29,0.001,3296,1760,128,128,6,True,12,9.79604408039761,14.221019696884657,19.01160602191827,-4.790586325033609,-29.606871641826718,-40.06211696043877,0.11319890130468242,0.6518006131740753,0.4,0.15532261149308735,2.236067851088661,0.2109375,1.782257225451088e-05,0.046875,0.109375
provenance,Summary,6,30,1e-06,3296,1760,128,128,6,True,13,4.69414182949908,20.370757966273114,25.26801750245341,-4.897259536180297,-39.72000897825547,-49.02794157325036,0.2811386399350569,0.6097945988631184,0.3333333333333333,0.07899396277869622,2.235900328574768,0.1875,0.00020575038655746867,0.0,0.0
provenance,Summary,6,30,0.0001,3296,1760,128,128,6,True,14,5.6627681737950315,14.154260529047901,19.006490269039794,-4.852229739991893,-27.492250735267735,-36.794529304481294,0.26764026598077933,0.5839608170048446,0.3333333333333333,0.07899396277869628,2.2360662911597857,0.171875,0.0008920470081351661,0.0,0.0078125
provenance,Summary,6,30,0.001,3296,1760,128,128,6,True,12,6.823142885552571,11.205348079965695,15.861546181371029,-4.656198101405334,-21.668973711045037,-30.700125279583155,0.25845302213452687,0.5934465069289189,0.3333333333333333,0.07899396277869628,2.236067799925414,0.140625,0.011365189018294308,0.0078125,0.03125
provenance,Summary,6,31,1e-06,3296,1760,128,128,6,True,14,3.813131137521027,20.409422365276182,24.775311548499165,-4.365889183222983,-36.084483368828735,-43.94405061714565,0.2608609615879698,0.6916533748344682,0.26666666666666666,0.06808849969891624,2.235946926880119,0.29296875,3.1472328013771007e-10,0.0,0.0078125
provenance,Summary,6,31,0.0001,3296,1760,128,128,6,True,13,4.997073039038916,13.581459974134738,18.16687854252696,-4.585418568392223,-25.234408854020103,-33.616161487931805,0.24993457834287613,0.7271930077532232,0.26666666666666666,0.06808849969891623,2.236066761333464,0.171875,0.0008920470081351661,0.0078125,0.046875
provenance,Summary,6,31,0.001,3296,1760,128,128,6,True,13,6.211610144275303,10.405557423403192,14.97342942694627,-4.56787200354308,-20.20014991768999,-28.57733335304593,0.24830460574900393,0.7577146864798424,0.26666666666666666,0.06808849969891627,2.236067850740621,0.15625,0.0033962516565197998,0.046875,0.0546875
role,Data2txt,0,0,1e-06,576,288,128,128,4,True,13,4.798712235057827,13.338494287544455,16.44317005520883,-3.1046757676643777,-26.749961127796812,-32.92896915120875,0.1790510702203511,0.3863610691397467,0.16666666666666666,0.026194198362490574,1.7319813139324125,0.53515625,8.713690678448624e-35,0.0,0.0
role,Data2txt,0,0,0.0001,576,288,128,128,4,True,14,5.233673515523673,8.981503113554654,11.935207135523488,-2.953704021968833,-18.162381489688947,-23.99323610972927,0.1886094822246703,0.43340864112910027,0.16666666666666666,0.026194198362490578,1.7320501088342986,0.390625,4.1923923769686e-18,0.0,0.0
role,Data2txt,0,0,0.001,576,288,128,128,4,True,11,5.828899084124705,6.804939612452065,9.667829103046396,-2.8628894905943314,-13.869232854568551,-19.488141141918994,0.1959235221620372,0.48400136215024725,0.16666666666666666,0.0261941983624906,1.7320507342391958,0.38671875,9.694174955308428e-18,0.0,0.0
role,Data2txt,0,1,1e-06,576,288,128,128,4,True,12,8.481959885081269,13.343103698890282,16.9049433727076,-3.561839673817315,-26.4988903083445,-33.819119297153364,0.07232600336174044,0.4953086099415933,0.0,4.784936205875108e-36,1.7319761520267014,0.50390625,1.2968021329576814e-30,0.0,0.0
role,Data2txt,0,1,0.0001,576,288,128,128,4,True,12,9.10452935134367,9.262284411955083,12.30570349619374,-3.0434190842386575,-18.324628461169656,-24.618808806031666,0.07960224807541363,0.5271545426899029,0.0,1.009760569859758e-33,1.732050058610254,0.46484375,7.42015100590255e-26,0.0,0.0
role,Data2txt,0,1,0.001,576,288,128,128,4,True,11,10.020978037089701,7.344796977482566,10.043471675834887,-2.6986746983523218,-14.479358429984329,-20.081341969070493,0.086629956489683,0.5643861541491751,0.0,9.985212096928496e-33,1.7320507304975177,0.2890625,5.776341456120769e-10,0.0,0.0078125
role,Data2txt,0,2,1e-06,576,288,128,128,4,True,12,22.375906280143102,15.349355700644953,19.155774067467267,-3.806418366822312,-31.541572798173448,-38.732015561979516,0.04799113165143272,0.8090699864536149,0.16666666666666666,0.001816410586584615,1.731844497723527,0.43359375,2.149072486476542e-22,0.0078125,0.03125
role,Data2txt,0,2,0.0001,576,288,128,128,4,True,12,25.291391247898638,11.171061478545818,14.63936044289628,-3.46829896435046,-23.24907437111221,-29.805823257240586,0.05207589422741451,0.8333157178259045,0.16666666666666666,0.0018164105865846158,1.7320487211009599,0.36328125,1.209705534646815e-15,0.0546875,0.0703125
role,Data2txt,0,2,0.001,576,288,128,128,4,True,12,30.18583805335387,9.02369279923344,12.373829618858998,-3.3501368196255603,-19.09424815613675,-25.311568692328656,0.05629852372301299,0.8598047111473095,0.16666666666666666,0.0018164105865846184,1.7320505777203963,0.2890625,5.776341456120769e-10,0.0703125,0.1015625
role,Data2txt,0,3,1e-06,576,288,128,128,4,True,12,15.189739962921289,13.915049343984357,17.729115497076386,-3.814066153092029,-28.187441022943624,-35.41949684073859,0.06424444255605137,0.6778448329006518,0.0,2.273729550532905e-37,1.7319666923586783,0.4296875,5.55074371993741e-22,0.0,0.0
role,Data2txt,0,3,0.0001,576,288,128,128,4,True,13,16.47262771863217,9.833202303417957,13.13769612110043,-3.3044938176824705,-20.07627273477828,-26.24185170683925,0.06821124791888199,0.7038865291129895,0.0,0.0,1.7320499623126153,0.328125,8.924716016110725e-13,0.0,0.0234375
role,Data2txt,0,3,0.001,576,288,128,128,4,True,12,18.524386733539938,7.8723464371784555,10.885678251880659,-3.0133318147022026,-16.252274745484993,-21.73957127650446,0.0724843043858891,0.7349567340860614,0.0,1.0741261259443012e-32,1.732050719316075,0.21875,7.381061347748238e-06,0.03125,0.0546875
role,Data2txt,0,4,1e-06,576,288,128,128,4,True,13,14.394972263886094,13.583328909685612,17.262575935429442,-3.6792470257438303,-27.529407669198054,-34.96061557479854,0.03528474964266536,0.48874483363618093,0.0,7.061791079189424e-36,1.7319816650814004,0.4609375,2.086698586977038e-25,0.0,0.0
role,Data2txt,0,4,0.0001,576,288,128,128,4,True,13,15.53425285419055,9.524144178260816,12.66304178184193,-3.1388976035811136,-19.422940900091874,-25.75855017509642,0.03920371417084591,0.5273534536687898,0.0,5.8455469884511795e-34,1.7320501141741604,0.30859375,2.538865745522775e-11,0.0,0.015625
role,Data2txt,0,4,0.001,576,288,128,128,4,True,12,17.277694049623655,7.634894224289111,10.397643240783292,-2.7627490164941815,-15.647677790547903,-21.20809507994033,0.04333817322396624,0.572010442692897,0.0,1.08720230634026e-32,1.732050736446109,0.26171875,3.1743788057539135e-08,0.015625,0.0234375
role,Data2txt,0,5,1e-06,576,288,128,128,4,True,13,13.799370637748932,13.512214165824943,17.350866142133142,-3.838651976308199,-27.327393917560514,-34.898435373706356,0.059891975056011834,0.5832626658122051,0.0,2.6923705720411356e-35,1.7319841399710254,0.44140625,3.122251823673063e-23,0.0,0.0
role,Data2txt,0,5,0.0001,576,288,128,128,4,True,12,14.866940514483305,9.447620075277161,12.748617249551545,-3.3009971742743835,-19.217473372198995,-25.692434888419385,0.06387297216413144,0.6136525332365166,0.0,0.0,1.7320501387838563,0.34765625,2.4982790013842228e-14,0.0234375,0.0234375
role,Data2txt,0,5,0.001,576,288,128,128,4,True,13,16.439617950606298,7.550499315644072,10.467043587512311,-2.916544271868238,-15.448916603823452,-21.119403178401075,0.06790344225562407,0.6478976063673664,0.0,7.471579712917367e-33,1.7320507387783792,0.24609375,2.592123269824214e-07,0.0234375,0.03125
role,Data2txt,0,6,1e-06,576,288,128,128,4,True,13,17.374769384132065,13.260979047414686,16.987631398799785,-3.726652351385098,-26.990493566034402,-34.367375547592616,0.043049121845130614,0.45396803488153836,0.0,5.364215721639489e-35,1.7319794267651858,0.4296875,5.55074371993741e-22,0.0,0.0
role,Data2txt,0,6,0.0001,576,288,128,128,4,True,12,18.69963367382305,9.213612904137992,12.393756442451423,-3.18014353831343,-18.919456976225256,-25.169986990720517,0.04906908150000752,0.49476290459359895,0.0,1.2465220086080572e-33,1.7320500921843567,0.30859375,2.538865745522775e-11,0.0234375,0.03125
role,Data2txt,0,6,0.001,576,288,128,128,4,True,12,20.677090342564384,7.362460443487331,10.148044072712526,-2.785583629225195,-15.242806732916076,-20.658059334875343,0.05456918555689631,0.5397967426213864,0.0,9.230822002276244e-33,1.7320507346086287,0.2734375,6.005467433544062e-09,0.03125,0.0390625
role,Data2txt,0,7,1e-06,576,288,128,128,4,True,12,16.520384905078338,13.331474961600899,17.21495919697377,-3.8834842353728707,-26.691178279111192,-34.30017697635634,0.029221512153254945,0.44283177839700355,0.0,2.9466531052438925e-35,1.7319799124488584,0.48046875,1.0625648231197881e-27,0.0,0.0
role,Data2txt,0,7,0.0001,576,288,128,128,4,True,14,17.749903749488563,9.283863508555228,12.612138669588173,-3.328275161032944,-18.612606889143052,-25.094638373147195,0.03338826215030702,0.4813030536970839,0.0,1.2225456469604656e-33,1.7320500968694625,0.35546875,5.601551930573579e-15,0.0,0.0078125
role,Data2txt,0,7,0.001,576,288,128,128,4,True,13,19.501627755083334,7.427597148468637,10.329871976051399,-2.9022748275827612,-14.923182799660363,-20.53103453883721,0.037603098840007745,0.5239795595546227,0.0,1.8781172915129771e-32,1.73205073491954,0.3125,1.3232765413914088e-11,0.0,0.0234375
role,Data2txt,0,8,1e-06,576,288,128,128,4,True,13,12.604347749889701,13.130060819195345,16.66035128524631,-3.530290466050966,-26.361620808305055,-33.22531178565187,0.04824975290529951,0.160747453258179,0.0,1.7784452064838717e-35,1.731974335639676,0.4453125,1.1714659285130115e-23,0.0,0.0
role,Data2txt,0,8,0.0001,576,288,128,128,4,True,13,13.542997213005554,9.074133028346541,12.062658118767274,-2.988525090420736,-18.240642658657148,-24.02815270174864,0.05230211793050143,0.22147892751024628,0.0,1.9634855634469087e-34,1.7320500412673259,0.3515625,1.1885095331896712e-14,0.0,0.0
role,Data2txt,0,8,0.001,576,288,128,128,4,True,12,15.028228122836081,7.205542481918849,9.812069730376676,-2.6065272484578257,-14.476187144235698,-19.51621216951525,0.057218143235190116,0.2940953486080071,0.0,1.3302558777741064e-33,1.7320507295146508,0.29296875,3.1472328013771007e-10,0.0,0.0234375
role,Data2txt,0,9,1e-06,576,288,128,128,4,True,12,13.098659182375233,13.18325085673861,16.721899353074825,-3.538648496336217,-26.46448754174587,-33.684762929087086,0.09396741664484802,0.3171598480984408,0.0,1.9283124614945381e-35,1.7319677560313733,0.42578125,1.4189253022669924e-21,0.0,0.0
role,Data2txt,0,9,0.0001,576,288,128,128,4,True,12,14.057634798543496,9.11461890235188,12.139404463687592,-3.024785561335713,-18.352628025416195,-24.479305696207675,0.09781742122907816,0.35978022935268533,0.0,1.0144039268911945e-33,1.7320499750445133,0.41015625,5.470057972924996e-20,0.0,0.0
role,Data2txt,0,9,0.001,576,288,128,128,4,True,11,15.455424397422627,7.223642177542458,9.909658615223268,-2.686016437680812,-14.61707648047661,-19.916067632101164,0.10121322561488783,0.41018857409505627,0.0,8.286146182408401e-35,1.732050722505782,0.30859375,2.538865745522775e-11,0.0,0.0
role,Data2txt,0,10,1e-06,576,288,128,128,4,True,12,14.655556589958906,13.22178285727714,16.90654403112547,-3.684761173848335,-26.443529245240214,-33.813224021348404,0.034422891429417526,0.3129729274192449,0.0,5.480325819463047e-35,1.7319808629246518,0.453125,1.5974130140844673e-24,0.0,0.0
role,Data2txt,0,10,0.0001,576,288,128,128,4,True,12,15.740100779163738,9.16466624393054,12.312685508116978,-3.148019264186441,-18.34672625497944,-24.61254809690836,0.03860193523467459,0.35060450502532586,0.0,3.257453471884173e-34,1.7320501067444125,0.39453125,1.795398555331546e-18,0.0,0.0
role,Data2txt,0,10,0.001,576,288,128,128,4,True,10,17.357403869043385,7.2912142630427965,10.059915443895997,-2.768701180853201,-14.628790833568104,-20.07663592680795,0.041858778026797216,0.39623215784997057,0.0,2.8414071256414203e-32,1.7320507362457944,0.30859375,2.538865745522775e-11,0.0,0.0546875
role,Data2txt,0,11,1e-06,576,288,128,128,4,True,13,12.643215691428232,13.162895743805972,16.888132325499022,-3.7252365816930517,-26.389475389612542,-34.039502446670035,0.062499515524796455,0.3779217140015736,0.16666666666666666,0.008210496972916691,1.7319390213137351,0.5078125,4.070285201256906e-31,0.0,0.0
role,Data2txt,0,11,0.0001,576,288,128,128,4,True,13,13.564526781920524,9.108988122701849,12.287774998016088,-3.1787868753142403,-18.271866734665966,-24.84077248328564,0.06642632271462989,0.41492602139295653,0.16666666666666666,0.008210496972916693,1.7320496865208215,0.3984375,7.613526402484427e-19,0.0,0.0
role,Data2txt,0,11,0.001,576,288,128,128,4,True,11,14.886681318359615,7.244701756421896,10.023022029138833,-2.7783202727169356,-14.5231941115874,-20.323887992263828,0.07006252885217193,0.45904732134306414,0.16666666666666666,0.008210496972916701,1.732050692600954,0.2734375,6.005467433544062e-09,0.0,0.0
role,Data2txt,0,12,1e-06,576,288,128,128,4,True,12,12.326526502685589,12.629009631630346,16.43186686705241,-3.8028572354220636,-25.319305443221246,-32.748318301438225,0.04109139300256642,0.3077976493048291,0.0,2.1030383387573632e-36,1.731996328687063,0.51953125,1.1716351351399961e-32,0.0,0.0078125
role,Data2txt,0,12,0.0001,576,288,128,128,4,True,12,13.157419859178303,8.566922776937197,11.829036937701556,-3.26211416076436,-17.20252705549144,-23.543247970497298,0.04483559263667841,0.3503726649597506,0.0,8.96720841607582e-34,1.7320502618052205,0.46875,2.6098261185854713e-26,0.0234375,0.0234375
role,Data2txt,0,12,0.001,576,288,128,128,4,True,12,14.291384507222313,6.702895565300089,9.547204789051232,-2.844309223751143,-13.484785667838484,-18.984606026008983,0.04835627230033673,0.3960142831926287,0.0,4.605812677309327e-34,1.7320507521130515,0.30078125,9.098922052950389e-11,0.0234375,0.0234375
role,Data2txt,0,13,1e-06,576,288,128,128,4,True,12,19.206697867551995,13.03417964928806,17.132571912063128,-4.098392262775066,-26.701706026251724,-34.71996430804241,0.05883731388200668,0.4305087724795291,0.0,3.1925868847444485e-35,1.7319803528735453,0.47265625,9.07870325025456e-27,0.0,0.0
role,Data2txt,0,13,0.0001,576,288,128,128,4,True,12,20.662599247379447,8.986913735925821,12.530910841797976,-3.5439971058721547,-18.644501105348926,-25.516996581758097,0.06399313656476283,0.469769493294536,0.0,1.4123126038033338e-34,1.7320501017126,0.328125,8.924716016110725e-13,0.03125,0.0390625
role,Data2txt,0,13,0.001,576,288,128,128,4,True,12,22.728166555703183,7.13180974286573,10.25613364079011,-3.1243238979243784,-14.977593107783303,-20.970143950854155,0.06868632313314121,0.5133490676098147,0.0,7.779272143420429e-33,1.7320507358056625,0.29296875,3.1472328013771007e-10,0.0390625,0.046875
role,Data2txt,0,14,1e-06,576,288,128,128,4,True,12,11.992319612886739,12.852663550656208,16.45244745364498,-3.599783902988772,-25.636142842316207,-32.918326847769364,0.07149248352526782,0.28674890526240676,0.0,3.9390007484021834e-35,1.731952699993034,0.5234375,3.5049203394399795e-33,0.0,0.0
role,Data2txt,0,14,0.0001,576,288,128,128,4,True,12,12.824173858249248,8.795937765330656,11.851343147272258,-3.055405381941603,-17.51516079721747,-23.716216823310308,0.07535909447907879,0.31014429476909305,0.0,1.5879585277822784e-33,1.7320498244044693,0.46875,2.6098261185854713e-26,0.0,0.0
role,Data2txt,0,14,0.001,576,288,128,128,4,True,12,14.022172810009952,6.938138053898738,9.583644613872243,-2.645506559973504,-13.789239714284786,-19.181450693300135,0.07858039450661447,0.3470209439634657,0.0,3.848024370125606e-33,1.7320507073803477,0.32421875,1.7752249813670875e-12,0.0,0.0
role,Data2txt,0,15,1e-06,576,288,128,128,4,True,13,10.590191570427379,13.328656799235613,16.9340983841923,-3.6054415849566874,-26.72004018832965,-33.69226264502261,0.017064244448637536,0.30020767388266634,0.16666666666666666,0.035089018982187005,1.7319970834331968,0.46875,2.6098261185854713e-26,0.0,0.0
role,Data2txt,0,15,0.0001,576,288,128,128,4,True,13,11.465496282578535,9.230774538460171,12.34177915440877,-3.1110046159485982,-18.54417991377231,-24.5166450770404,0.026771259044005253,0.3508215970976605,0.16666666666666666,0.035089018982187026,1.732050269184349,0.34375,5.202843089038079e-14,0.0,0.0078125
role,Data2txt,0,15,0.001,576,288,128,128,4,True,12,13.033606908474146,7.2586986332573105,10.072367207470798,-2.813668574213489,-14.635709883121478,-20.030188551394247,0.035027561675399846,0.4184841257096584,0.16666666666666666,0.03508901898218701,1.7320507526963098,0.26171875,3.1743788057539135e-08,0.0078125,0.0078125
role,Data2txt,0,16,1e-06,576,288,128,128,4,True,12,8.7403204170676,13.270135711387846,16.76700110213663,-3.496865390748781,-26.38517758002702,-33.48061606984045,0.05433187152451841,0.5542529054738731,0.0,5.1890227119250436e-36,1.7320039696519693,0.5078125,4.070285201256906e-31,0.0,0.0
role,Data2txt,0,16,0.0001,576,288,128,128,4,True,12,9.405245678314783,9.18659169457031,12.175854719688475,-2.9892630251181647,-18.197844087863167,-24.288383899667746,0.05981940422883336,0.562328844589781,0.0,2.5233076678910984e-33,1.7320503382611123,0.4453125,1.1714659285130115e-23,0.0,0.0234375
role,Data2txt,0,16,0.001,576,288,128,128,4,True,12,10.48394466730748,7.255625727543075,9.925730692238602,-2.6701049646955264,-14.285927151796237,-19.748850534064278,0.062440035983502666,0.5726878503654571,0.0,1.0323674240328742e-34,1.7320507597980763,0.33203125,4.446104931843403e-13,0.046875,0.046875
role,Data2txt,0,17,1e-06,576,288,128,128,4,True,12,16.67225056797572,13.512455064280198,17.279417319315357,-3.76696225503516,-27.2794783066263,-34.79630436300384,0.012188175448437318,0.30003999454818187,0.16666666666666666,0.025699774724616462,1.7319689683337622,0.453125,1.5974130140844673e-24,0.0,0.0
role,Data2txt,0,17,0.0001,576,288,128,128,4,True,13,17.99445901589386,9.465977309033875,12.681751231450484,-3.215773922416609,-19.195570851030645,-25.59981453693379,0.01827500944353244,0.3499936970944775,0.16666666666666666,0.02569977472461645,1.73204998734568,0.3125,1.3232765413914088e-11,0.0,0.0
role,Data2txt,0,17,0.001,576,288,128,128,4,True,12,20.056363592703416,7.601402393206884,10.420797108780931,-2.8193947155740475,-15.464928206136374,-21.06330230045141,0.024726831237917454,0.40931634130483224,0.16666666666666666,0.02569977472461645,1.7320507238983909,0.25,1.553142566968138e-07,0.0,0.0234375
role,Data2txt,0,18,1e-06,576,288,128,128,4,True,13,18.034658077714845,14.499460453841106,18.095446102966577,-3.5959856491254705,-28.90551994207674,-36.05488292579665,0.021552247233455703,0.3031060763987974,0.16666666666666666,0.014138802939199793,1.7319439836069705,0.5078125,4.070285201256906e-31,0.0,0.0
role,Data2txt,0,18,0.0001,576,288,128,128,4,True,13,19.71802473362984,10.461681946990105,13.51520756018305,-3.053525613192944,-20.79519288949021,-26.894807592115974,0.026009142227443494,0.3649640097362065,0.16666666666666666,0.014138802939199793,1.7320497353892068,0.3671875,5.542534149978852e-16,0.0,0.015625
role,Data2txt,0,18,0.001,576,288,128,128,4,True,12,22.65600257332628,8.559679958481645,11.27289141071424,-2.7132114522325974,-16.923734824310884,-22.412587107167596,0.03141125349745858,0.44380358685163823,0.16666666666666666,0.014138802939199804,1.732050696789922,0.2578125,5.435300936256329e-08,0.015625,0.0234375
role,Data2txt,0,19,1e-06,576,288,128,128,4,True,12,33.49597025811291,14.784244141759409,18.73395699038835,-3.949712848628944,-29.91732122370952,-37.70218999013775,0.01206965650454005,0.5424383037009393,0.16666666666666666,0.058780065366171246,1.7319219740524283,0.35546875,5.601551930573579e-15,0.0,0.0
role,Data2txt,0,19,0.0001,576,288,128,128,4,True,12,36.69693045879621,10.781383492342577,14.137890225966522,-3.3565067336239434,-21.93234654667551,-28.512250517912893,0.01576275218141751,0.5835402893989005,0.16666666666666666,0.05878006536617126,1.7320495142502474,0.296875,1.6997263144796861e-10,0.0078125,0.0234375
role,Data2txt,0,19,0.001,576,288,128,128,4,True,13,42.040968219957996,8.942530694133552,11.88457167801085,-2.9420409838772983,-18.27290766075403,-24.0196100756856,0.01894233398093797,0.6326143399349774,0.16666666666666666,0.05878006536617118,1.732050673741382,0.234375,1.1452873919607316e-06,0.03125,0.0859375
role,Data2txt,0,20,1e-06,576,288,128,128,4,True,14,37.12672120442132,13.910541933143199,18.12930473349108,-4.21876280034788,-29.99403828248151,-37.54390382347013,0.06780871848177945,0.7620716060858799,0.16666666666666666,0.07394696898480901,1.7319677007445384,0.359375,2.615412053009669e-15,0.015625,0.046875
role,Data2txt,0,20,0.0001,576,288,128,128,4,True,14,40.66324770262532,9.849756128549668,13.528836103969784,-3.679079975420116,-22.032604396645628,-28.346740090584348,0.07123796868256715,0.7833994513739617,0.16666666666666666,0.07394696898480903,1.7320499738462392,0.26171875,3.1743788057539135e-08,0.0625,0.0859375
role,Data2txt,0,20,0.001,576,288,128,128,4,True,12,46.48964395048513,7.940506201315119,11.251429298992305,-3.3109230976771853,-18.431523527165453,-23.823582876484323,0.07404070036763472,0.8081773046989771,0.16666666666666666,0.07394696898480907,1.7320507217948695,0.296875,1.6997263144796861e-10,0.0859375,0.109375
role,Data2txt,0,21,1e-06,576,288,128,128,4,True,12,18.55401085294857,14.055183891856476,17.69897368590756,-3.6437897940510866,-28.605808058361788,-35.40644315779193,0.04120019111742521,0.6371258127028663,0.0,2.818640606174343e-35,1.7319872441038815,0.421875,3.590065381245414e-21,0.015625,0.015625
role,Data2txt,0,21,0.0001,576,288,128,128,4,True,13,20.269688313149004,9.976361722724022,13.107082840682729,-3.130721117958708,-20.516441484429137,-26.221810244001688,0.04683393610117729,0.6641548083656456,0.0,6.395232837367547e-34,1.7320501703794837,0.27734375,3.3884305330612322e-09,0.015625,0.015625
role,Data2txt,0,21,0.001,576,288,128,128,4,True,12,23.53754131392983,8.01232196565023,10.844025196011335,-2.831703230361104,-16.717261359894508,-21.734410402493516,0.05111471328012392,0.697788482975125,0.0,0.0,1.732050742444393,0.21484375,1.1517275704865574e-05,0.0234375,0.109375
role,Data2txt,0,22,1e-06,576,288,128,128,4,True,14,36.83688827334494,15.011398323505473,18.86630977351659,-3.8549114500111177,-30.03527110889121,-37.40031162665279,0.0077407266107704,0.5083883505378745,0.16666666666666666,0.0894588974890074,1.7319030040253187,0.5390625,2.4803334897573386e-35,0.0078125,0.0078125
role,Data2txt,0,22,0.0001,576,288,128,128,4,True,14,40.46595091285621,11.024527002629664,14.273460056221392,-3.2489330535917293,-22.066115911644033,-28.2172878125456,0.010093152595791124,0.5530315421733387,0.16666666666666666,0.0894588974890074,1.7320493236199974,0.3359375,2.1947921596940167e-13,0.0234375,0.046875
role,Data2txt,0,22,0.001,576,288,128,128,4,True,12,46.853256517030516,9.202508591296171,12.034371181138098,-2.8318625898419256,-18.434820218192584,-23.746405923087984,0.012948800965120334,0.6091009414723221,0.16666666666666666,0.08945889748900746,1.7320506538474565,0.23828125,7.038776424263986e-07,0.0390625,0.0625
role,Data2txt,0,23,1e-06,576,288,128,128,4,True,14,39.41531489877137,15.194769158904869,18.85450681791108,-3.659737659006214,-30.653797682056563,-37.82290301139364,0.01677887460566084,0.47528977105778847,0.0,8.811268091623309e-35,1.7318700678729706,0.42578125,1.4189253022669924e-21,0.0,0.0
role,Data2txt,0,23,0.0001,576,288,128,128,4,True,15,43.39120077629853,11.20505917078216,14.259220205077511,-3.05416103429535,-22.694804456902958,-28.631589283520135,0.0187304434473757,0.5251447099516343,0.0,5.005969693717176e-34,1.732048991532473,0.29296875,3.1472328013771007e-10,0.0,0.015625
role,Data2txt,0,23,0.001,576,288,128,128,4,True,12,50.34447911136496,9.375735980117419,12.011578368151628,-2.6358423880342077,-19.062751547652233,-24.118199669012867,0.020839315701646807,0.5859690204616931,0.0,6.29249473579616e-32,1.7320506181858133,0.19140625,0.00013970433630997956,0.0078125,0.0546875
role,Data2txt,0,24,1e-06,576,288,128,128,4,True,12,23.155071092560952,15.362604237697958,18.845417952832715,-3.4828137151347613,-29.617420191249067,-36.76168618691635,0.0324948195617469,0.2236993852738064,0.16666666666666666,0.00328043867685958,1.731846700843534,0.45703125,5.804759161694703e-25,0.0,0.0
role,Data2txt,0,24,0.0001,576,288,128,128,4,True,12,25.36806963598155,11.360520621857127,14.251790249844333,-2.891269627987206,-21.56429432988047,-27.573723639305747,0.03468448287747337,0.22889075376021623,0.16666666666666666,0.003280438676859573,1.7320487552437607,0.43359375,2.149072486476542e-22,0.0,0.0
role,Data2txt,0,24,0.001,576,288,128,128,4,True,12,29.38163408057483,9.49842222853744,11.992745829498464,-2.4943236009610272,-17.80004162371482,-23.066173508802052,0.038916002913151546,0.2930812205022744,0.16666666666666666,0.0032804386768595845,1.7320505921964182,0.3046875,4.827787419674662e-11,0.0,0.0078125
role,Data2txt,0,25,1e-06,576,288,128,128,4,True,13,31.2028649805365,15.331341193560892,18.99209229549589,-3.6607511019349976,-30.801348796428226,-38.06512868149514,0.010516257416653253,0.606897662779134,0.16666666666666666,0.015532023591939483,1.7319230569840254,0.43359375,2.149072486476542e-22,0.0078125,0.0078125
role,Data2txt,0,25,0.0001,576,288,128,128,4,True,14,34.37159999549571,11.329655893311324,14.393247963515996,-3.0635920702046704,-22.789599772377947,-28.863326609495736,0.014456516495576537,0.6366468127940409,0.16666666666666666,0.015532023591939467,1.7320495256934678,0.27734375,3.3884305330612322e-09,0.0078125,0.0078125
role,Data2txt,0,25,0.001,576,288,128,128,4,True,11,40.065684588382574,9.467461297972246,12.118223771525944,-2.650762473553696,-19.03159019731683,-24.286071152544842,0.017707991304891472,0.6705491293392332,0.16666666666666666,0.015532023591939462,1.7320506754512004,0.26953125,1.0551926983948056e-08,0.03125,0.03125
role,Data2txt,0,26,1e-06,576,288,128,128,4,True,13,15.139017965222063,13.887476555356688,17.822349713381616,-3.9348731580249288,-27.883460819902773,-35.83332473235793,0.05421042209021675,0.7690344609118759,0.0,1.0571880898702367e-35,1.731972179586543,0.40234375,3.196793611528768e-19,0.015625,0.015625
role,Data2txt,0,26,0.0001,576,288,128,128,4,True,12,16.432755750528543,9.827335664024398,13.23191841196715,-3.4045827479427513,-19.771902794068083,-26.652639619181677,0.05747461111372579,0.7818655932735863,0.0,0.0,1.7320500194912078,0.34765625,2.4982790013842228e-14,0.0234375,0.046875
role,Data2txt,0,26,0.001,576,288,128,128,4,True,12,18.64414788548681,7.92053242094609,10.976254032261341,-3.05572161131525,-15.962305180112512,-22.131397926541737,0.0583752415406839,0.7952890518139506,0.0,8.596590290293296e-35,1.7320507271441217,0.2734375,6.005467433544062e-09,0.0390625,0.0625
role,Data2txt,0,27,1e-06,576,288,128,128,4,True,13,31.366985144079496,14.937545207173713,18.690870654344607,-3.75332544717089,-29.50825842573756,-36.694640876454976,0.018294464667885407,0.47382621877938763,0.16666666666666666,0.0746625176214033,1.7319230758147914,0.43359375,2.149072486476542e-22,0.0,0.0
role,Data2txt,0,27,0.0001,576,288,128,128,4,True,12,34.329367071250715,10.933499703471066,14.094965155161157,-3.161465451690091,-21.518833765227576,-27.507065582153782,0.018603720342404793,0.5208165119087049,0.16666666666666666,0.07466251762140334,1.732049525182949,0.328125,8.924716016110725e-13,0.0078125,0.0234375
role,Data2txt,0,27,0.001,576,288,128,128,4,True,11,39.71772002107327,9.089142744683809,11.84873026936794,-2.759587524684131,-17.898344673748504,-23.05302902794711,0.020418347396321417,0.5809554648652039,0.16666666666666666,0.07466251762140332,1.732050674755849,0.32421875,1.7752249813670875e-12,0.0234375,0.046875
role,Data2txt,0,28,1e-06,576,288,128,128,4,True,13,13.561218471009472,13.232977132842166,16.83189182772383,-3.5989146948816617,-26.49303708724235,-33.49809295898588,0.018361152922660474,0.4390302319715575,0.16666666666666666,0.1182991703307471,1.731978779768209,0.44921875,4.348997194110803e-24,0.0,0.0
role,Data2txt,0,28,0.0001,576,288,128,128,4,True,13,14.593370593730425,9.176112325693055,12.238695153301835,-3.0625828276087788,-18.38562253054198,-24.31222899304536,0.025499185044634866,0.4748574942281912,0.16666666666666666,0.11829917033074715,1.7320500857972199,0.390625,4.1923923769686e-18,0.0078125,0.0078125
role,Data2txt,0,28,0.001,576,288,128,128,4,True,12,16.310084462652075,7.307967180543427,10.009047412886833,-2.701080232343408,-14.663074698587362,-19.856216889207694,0.03161711812062258,0.5195734616247654,0.16666666666666666,0.11829917033074709,1.7320507340464144,0.28515625,1.0509063100940924e-09,0.0078125,0.0625
role,Data2txt,0,29,1e-06,576,288,128,128,4,True,13,16.729922979778173,13.955219022470153,17.993611899969594,-4.038392877499442,-27.90012019818988,-36.028705691574714,0.023952272160238222,0.6184409575863736,0.16666666666666666,0.12421551535127572,1.7319736120571132,0.46484375,7.42015100590255e-26,0.0078125,0.0078125
role,Data2txt,0,29,0.0001,576,288,128,128,4,True,12,18.077431365424104,9.907164212639145,13.393547695875059,-3.4863834832359144,-19.817836065574443,-26.823082717552225,0.02734641335691238,0.6440423976033391,0.16666666666666666,0.1242155153512758,1.732050033741775,0.3125,1.3232765413914088e-11,0.0234375,0.03125
role,Data2txt,0,29,0.001,576,288,128,128,4,True,13,20.12163887924975,8.028024405859897,11.116519093216963,-3.088494687357068,-16.08735342689205,-22.251011360575852,0.029713960367337797,0.6712499238881077,0.16666666666666666,0.12421551535127567,1.7320507284986437,0.34765625,2.4982790013842228e-14,0.03125,0.046875
role,Data2txt,0,30,1e-06,576,288,128,128,4,True,13,13.765921609358687,12.794561692017652,16.560267153283437,-3.765705461265786,-26.544392354400934,-33.67933959236945,0.06758387576454489,0.6827346705940047,0.16666666666666666,0.025919081252124946,1.731984671314346,0.44140625,3.122251823673063e-23,0.0078125,0.0234375
role,Data2txt,0,30,0.0001,576,288,128,128,4,True,13,14.822801777673988,8.71388383172712,11.96405920838209,-3.25017537665497,-18.43532844623507,-24.488858444678073,0.07049672918013887,0.6993040824701436,0.16666666666666666,0.02591908125212495,1.7320501450149215,0.30078125,9.098922052950389e-11,0.03125,0.046875
role,Data2txt,0,30,0.001,576,288,128,128,4,True,13,16.579591136598307,6.8124798692781585,9.714328618726281,-2.9018487494481215,-14.691009599678587,-19.997336464550113,0.0710997638343864,0.718918193711153,0.16666666666666666,0.02591908125212492,1.7320507402425822,0.2265625,2.9565885080962975e-06,0.046875,0.078125
role,Data2txt,0,31,1e-06,576,288,128,128,4,True,11,3.0436703406365027,12.020633808123225,14.754271888015598,-2.733638079892372,-23.855173469567255,-29.36006244895665,0.27036190798516424,1.0437288768165063,0.0,2.8993233799831412e-36,1.7319927169199256,0.5234375,3.5049203394399795e-33,0.0,0.0078125
role,Data2txt,0,31,0.0001,576,288,128,128,4,True,13,4.057542257327434,8.036763898374224,10.498357400687109,-2.461593502312886,-15.839014518010234,-20.78996850748627,0.1915238748697617,0.7587296892250771,0.0,1.4918851441866526e-33,1.7320502255565366,0.4765625,3.123319304000983e-27,0.015625,0.015625
role,Data2txt,0,31,0.001,576,288,128,128,4,True,12,5.103001813350006,6.2016428919076105,8.462019329738226,-2.2603764378306153,-12.139575211173817,-16.695612724407717,0.16881203193001576,0.6530344754198985,0.0,3.138139552063949e-33,1.732050748370809,0.3359375,2.1947921596940167e-13,0.015625,0.015625
role,Data2txt,1,0,1e-06,1152,576,128,128,4,True,8,2.080233634314902,7.709161033291247,8.147512117563101,-0.43835108427185543,-12.715211002277654,-13.285066280989039,0.17633694783031523,0.5864552666286523,0.16666666666666666,0.044684701133550296,0.8424835224583137,0.27734375,3.3884305330612322e-09,0.0078125,0.046875
role,Data2txt,1,0,0.0001,1152,576,128,128,4,True,8,2.5202725551886944,5.619461257674194,6.567710292204502,-0.9482490345303095,-9.377094902113377,-11.085464405088901,0.19577652148719157,0.4493924067927664,0.16666666666666666,0.044684701133550254,0.8435884368980483,0.25390625,9.227219252368915e-08,0.0234375,0.046875
role,Data2txt,1,0,0.001,1152,576,128,128,4,True,8,2.935980664693875,4.551040270520143,5.715256652686758,-1.1642163821666163,-7.67406243565554,-9.86644393709756,0.2155843736850191,0.3819660657957308,0.16666666666666666,0.04468470113355029,0.8534384931750887,0.26171875,3.1743788057539135e-08,0.0234375,0.046875
role,Data2txt,1,1,1e-06,1152,576,128,128,4,True,8,7.561831401402141,7.339319916489025,7.838243702373301,-0.4989237858842769,-13.356431622993966,-13.993610081538606,0.10145865323476225,0.5669958216049106,0.16666666666666666,0.017922019654924497,1.116373830089492,0.21875,7.381061347748238e-06,0.0078125,0.046875
role,Data2txt,1,1,0.0001,1152,576,128,128,4,True,9,8.743139378554503,6.38304742162014,7.052689405113965,-0.6696419834938251,-11.797673275875205,-12.760879631436968,0.08076080115950536,0.4988089029905011,0.16666666666666666,0.017922019654924508,1.1188264207384848,0.16796875,0.001261290693128525,0.0234375,0.0546875
role,Data2txt,1,1,0.001,1152,576,128,128,4,True,9,10.120900043029144,5.8873183470546895,6.727822706553154,-0.8405043594984651,-11.01999151688106,-12.279830854386079,0.06620419021643789,0.48448027927885295,0.16666666666666666,0.017922019654924497,1.1399528034105815,0.21484375,1.1517275704865574e-05,0.0078125,0.0625
role,Data2txt,1,2,1e-06,1152,576,128,128,4,True,10,19.04607926213333,13.311862249142543,13.760389325306534,-0.44852707616399246,-26.370444167076123,-28.053034074405957,0.029014682424641603,0.682894392789975,0.16666666666666666,0.004514511738109547,0.9914670180874082,0.2578125,5.435300936256329e-08,0.015625,0.0390625
role,Data2txt,1,2,0.0001,1152,576,128,128,4,True,11,22.004608832776807,10.43473000259922,11.306632715065092,-0.8719027124658734,-21.02838076127767,-23.170843312936455,0.028083279103963937,0.731059829715202,0.16666666666666666,0.004514511738109548,0.9969402290776723,0.1484375,0.006313488560237168,0.0078125,0.0546875
role,Data2txt,1,2,0.001,1152,576,128,128,4,True,10,26.736112284385598,8.902973112318533,10.105873304740252,-1.202900192421719,-18.09661131232763,-20.782625466181685,0.03339976732473766,0.7788773374434159,0.16666666666666666,0.004514511738109544,1.040322418120525,0.1484375,0.006313488560237168,0.0390625,0.0625
role,Data2txt,1,3,1e-06,1152,576,128,128,4,True,10,11.388128759138691,10.664776770409528,11.263105833041536,-0.5983290626320068,-18.396074922106777,-19.223885495650975,0.09046479740245726,0.23123567649177906,0.3333333333333333,0.04882956202322847,0.6593540502117461,0.359375,2.615412053009669e-15,0.0,0.0390625
role,Data2txt,1,3,0.0001,1152,576,128,128,4,True,9,12.863320230905979,8.53256298407268,9.262912236984464,-0.7303492529117831,-15.033582221541694,-16.174522144655896,0.08189539039287314,0.2876601330306035,0.3333333333333333,0.04882956202322849,0.662256188228636,0.265625,1.838083532653948e-08,0.0078125,0.0390625
role,Data2txt,1,3,0.001,1152,576,128,128,4,True,10,14.857846064826912,7.482041290090171,8.382757721958724,-0.9007164318685543,-13.412089183358411,-14.870193530768011,0.08314489120255253,0.3667383605839366,0.3333333333333333,0.04882956202322847,0.6871588212278331,0.2421875,4.289574463648891e-07,0.0,0.046875
role,Data2txt,1,4,1e-06,1152,576,128,128,4,True,10,10.280879042215282,8.184757779659215,8.374751667099549,-0.1899938874403356,-18.293529525519606,-19.081078858473866,0.05383486406587944,0.2627371044375074,0.3333333333333333,0.03432415784789237,0.3281169172246997,0.203125,4.163077668109129e-05,0.0078125,0.09375
role,Data2txt,1,4,0.0001,1152,576,128,128,4,True,10,11.597222835999675,6.869741521443049,7.230498398792694,-0.36075687734964534,-14.722712237732335,-15.820977914448953,0.04665338510631316,0.3285039881372947,0.3333333333333333,0.03432415784789236,0.3294954560016308,0.12890625,0.025849477725005232,0.0078125,0.0859375
role,Data2txt,1,4,0.001,1152,576,128,128,4,True,9,13.385635020257926,6.2317780479407965,6.765352666574323,-0.5335746186335266,-13.013611180297055,-14.36996088406596,0.04163116540967447,0.40628470175455905,0.3333333333333333,0.03432415784789236,0.34170729215003615,0.08984375,0.23811562865354285,0.0234375,0.0703125
role,Data2txt,1,5,1e-06,1152,576,128,128,4,True,9,9.201390322844496,9.175703091305705,9.69702084984393,-0.5213177585382267,-16.98840768756917,-17.829989413329073,0.0536795988502138,0.48508964479909283,0.3333333333333333,0.019006703315847844,0.5833109252399289,0.2265625,2.9565885080962975e-06,0.0234375,0.0703125
role,Data2txt,1,5,0.0001,1152,576,128,128,4,True,10,10.363753720161458,7.422215609955105,8.106300892968061,-0.6840852830129552,-13.882225685558744,-15.118586551482364,0.0573571067948382,0.5437635306153431,0.3333333333333333,0.019006703315847837,0.584926841141188,0.22265625,4.6910366522335245e-06,0.0078125,0.03125
role,Data2txt,1,5,0.001,1152,576,128,128,4,True,9,11.844015193794194,6.528449754254388,7.406556871976932,-0.8781071177225435,-12.382518941576311,-13.977266982868787,0.06738468947628046,0.5983974324917077,0.3333333333333333,0.019006703315847844,0.5990349537227909,0.1796875,0.0004354569877453,0.015625,0.0546875
role,Data2txt,1,6,1e-06,1152,576,128,128,4,True,10,8.008851060281891,5.285139600722475,5.426581872266935,-0.14144227154446035,-12.886873343122383,-13.204351196300715,0.1066911158870483,0.43456626245218,0.16666666666666666,0.06074705128851818,0.14266041882552874,0.24609375,2.592123269824214e-07,0.0625,0.1640625
role,Data2txt,1,6,0.0001,1152,576,128,128,4,True,10,9.16227283696754,4.657232453438285,4.997916936546197,-0.34068448310791216,-11.140726169358246,-11.854913109601064,0.09480958260549553,0.4679632581286768,0.16666666666666666,0.060747051288518206,0.14289461397458725,0.14453125,0.00850482833415378,0.0703125,0.140625
role,Data2txt,1,6,0.001,1152,576,128,128,4,True,9,10.498557117909028,4.345848889526007,4.858103166700687,-0.5122542771746805,-10.3236663281526,-11.358520831322195,0.08673609293859492,0.5097990442642414,0.16666666666666666,0.06074705128851821,0.14512874122928873,0.140625,0.011365189018294308,0.109375,0.171875
role,Data2txt,1,7,1e-06,1152,576,128,128,4,True,11,10.00714168376837,6.351202665554767,6.666478967642201,-0.31527630208743374,-13.997170821558349,-14.21449617217807,0.11939348309777378,0.403009999045996,0.16666666666666666,0.02881805676464259,0.5817361534228016,0.296875,1.6997263144796861e-10,0.0625,0.125
role,Data2txt,1,7,0.0001,1152,576,128,128,4,True,10,11.33467076483098,5.223467949482666,5.739046352354551,-0.5155784028718842,-11.73947825478967,-12.506489177513618,0.10944984977429272,0.44987340771343326,0.16666666666666666,0.028818056764642573,0.5828972603674315,0.1796875,0.0004354569877453,0.078125,0.125
role,Data2txt,1,7,0.001,1152,576,128,128,4,True,10,12.926611071861913,4.705464009192847,5.363752189289121,-0.658288180096275,-10.722750199950225,-11.891865058157245,0.10213940369642162,0.5011675878671362,0.16666666666666666,0.02881805676464258,0.5932579335593972,0.1328125,0.019813663257872594,0.0390625,0.09375
role,Data2txt,1,8,1e-06,1152,576,128,128,4,True,10,8.725449805397814,8.033416567764649,8.431050833541308,-0.3976342657766586,-17.397166328495352,-18.001827874018968,0.07803143591529152,0.26431539450715436,0.16666666666666666,0.04419333950921724,0.17296776016239987,0.23828125,7.038776424263986e-07,0.0234375,0.125
role,Data2txt,1,8,0.0001,1152,576,128,128,4,True,9,9.665096680957857,6.212362919674422,6.794299175491228,-0.5819362558168071,-13.398898899240839,-14.333954005259816,0.06886865718169408,0.3072661838845577,0.16666666666666666,0.04419333950921726,0.17265594810978532,0.15625,0.0033962516565197998,0.109375,0.15625
role,Data2txt,1,8,0.001,1152,576,128,128,4,True,9,10.905345921893947,5.343348829075749,6.0777936896742535,-0.7344448605985039,-11.527457242160317,-12.724916088886372,0.06182314304067404,0.3652288491451046,0.16666666666666666,0.04419333950921728,0.1701336745243138,0.15625,0.0033962516565197998,0.078125,0.140625
role,Data2txt,1,9,1e-06,1152,576,128,128,4,True,10,6.696814346023377,6.789213015625879,7.059493964605567,-0.27028094897968824,-14.07679560961937,-14.359032859621088,0.13758186418311197,0.3864128422648252,0.16666666666666666,0.042532346594930874,0.7516588674916229,0.20703125,2.7352006658291592e-05,0.0625,0.15625
role,Data2txt,1,9,0.0001,1152,576,128,128,4,True,9,7.454963973338167,5.483606448041055,5.943866584297039,-0.46026013625598367,-11.517290620790638,-12.152824506241094,0.1253359491293683,0.4062330504035978,0.16666666666666666,0.042532346594930846,0.7530829383174134,0.1328125,0.019813663257872594,0.0625,0.09375
role,Data2txt,1,9,0.001,1152,576,128,128,4,True,9,8.356881069253491,4.823573403287523,5.477418724570681,-0.6538453212831576,-10.24926441474616,-11.217401091996997,0.11677947117073849,0.4408030346416138,0.16666666666666666,0.042532346594930846,0.7657353609844921,0.12890625,0.025849477725005232,0.0625,0.09375
role,Data2txt,1,10,1e-06,1152,576,128,128,4,True,9,8.580162337746989,8.44195154982569,8.805697365516671,-0.36374581569097975,-17.98324031171349,-18.74822813524431,0.045427940983520494,0.36700962402034226,0.16666666666666666,0.07528808621626452,0.2948397673615301,0.3203125,3.4992283936701867e-12,0.0703125,0.1484375
role,Data2txt,1,10,0.0001,1152,576,128,128,4,True,8,9.465738342461234,6.364892869272719,6.84497958345449,-0.48008671418177146,-13.573159074341344,-14.544576129113661,0.0421814581091099,0.3838773774564016,0.16666666666666666,0.07528808621626461,0.29442674447511535,0.20703125,2.7352006658291592e-05,0.0703125,0.125
role,Data2txt,1,10,0.001,1152,576,128,128,4,True,9,10.659380343963985,5.408126830272101,5.958948278160386,-0.5508214478882845,-11.5299477155602,-12.642303385359078,0.038822013538538494,0.4158910125021191,0.16666666666666666,0.07528808621626452,0.2909233936835527,0.1640625,0.00176897694134448,0.0703125,0.1015625
role,Data2txt,1,11,1e-06,1152,576,128,128,4,True,10,8.698778943265927,6.6692566589723885,6.967756518540623,-0.2984998595682345,-14.028263871402308,-13.960530146601013,0.17614597106061194,0.4313496331233418,0.3333333333333333,0.02083906978413207,0.9562029159518403,0.23046875,1.847888979619762e-06,0.0390625,0.0859375
role,Data2txt,1,11,0.0001,1152,576,128,128,4,True,9,9.744681468444531,5.36162562726354,5.857005450459207,-0.49537982319566654,-11.646691073576129,-11.992192324248165,0.16556956708780113,0.4724119783661877,0.3333333333333333,0.02083906978413207,0.9577351708653523,0.125,0.03345596830001085,0.0390625,0.078125
role,Data2txt,1,11,0.001,1152,576,128,128,4,True,10,10.990074262304624,4.748615978903418,5.4225074395230255,-0.6738914606196076,-10.513688406720508,-11.254846729246765,0.15802488412469534,0.5171291112591317,0.3333333333333333,0.020839069784132077,0.971265512167915,0.1171875,0.05471894473064931,0.0234375,0.046875
role,Data2txt,1,12,1e-06,1152,576,128,128,4,True,10,6.950931788036719,4.396724223236051,4.306712863975364,0.09001135926068646,-9.826172114871728,-9.576118800474283,0.0602552621358026,0.3408053409219164,0.16666666666666666,0.021492007109746754,0.29017112478065477,0.23046875,1.847888979619762e-06,0.0390625,0.09375
role,Data2txt,1,12,0.0001,1152,576,128,128,4,True,9,7.797694620076184,3.8330797138391346,3.978772699492823,-0.14569298565368893,-8.559121800208056,-8.799300660816606,0.03436671032090977,0.3407510451542732,0.16666666666666666,0.021492007109746747,0.28995264605636367,0.16015625,0.0024610192473685233,0.0390625,0.078125
role,Data2txt,1,12,0.001,1152,576,128,128,4,True,9,8.660266965722485,3.588208975734704,3.9133016170788975,-0.3250926413441938,-8.015567595445562,-8.624775708093448,0.02197495726937143,0.36128370822260525,0.16666666666666666,0.021492007109746778,0.28801455647884017,0.0859375,0.2843716565254909,0.046875,0.078125
role,Data2txt,1,13,1e-06,1152,576,128,128,4,True,8,9.986792256850023,9.450546121675021,9.694351492033666,-0.24380537035864566,-16.611633882176918,-17.03046298193954,0.04414422982539859,0.35749926002915267,0.16666666666666666,0.028188730272472613,0.18395225858254227,0.421875,3.590065381245414e-21,0.0234375,0.0703125
role,Data2txt,1,13,0.0001,1152,576,128,128,4,True,10,11.01777906869585,7.1733727222227275,7.582783804443691,-0.409411082220964,-13.077557968717706,-13.963777629415446,0.03896614661353223,0.24265534561494653,0.16666666666666666,0.028188730272472616,0.18223414507299143,0.3046875,4.827787419674662e-11,0.0234375,0.09375
role,Data2txt,1,13,0.001,1152,576,128,128,4,True,9,12.27042612385236,6.147157636803718,6.653832883088098,-0.5066752462843801,-11.435489038714879,-12.679094611249788,0.04735292284234553,0.14898335844690108,0.16666666666666666,0.02818873027247264,0.16695925127220396,0.3125,1.3232765413914088e-11,0.0234375,0.0625
role,Data2txt,1,14,1e-06,1152,576,128,128,4,True,11,6.459292646691442,7.3371691027217985,7.600173075603918,-0.26300397288212046,-13.867148666996883,-14.441605616790994,0.09243967112747226,0.9154758656281771,0.16666666666666666,0.014173200980435183,0.5889813808459882,0.28515625,1.0509063100940924e-09,0.0546875,0.1015625
role,Data2txt,1,14,0.0001,1152,576,128,128,4,True,10,7.1326076756094885,5.633414453533898,6.093224120493492,-0.4598096669595945,-10.735113962879792,-11.718155976231472,0.07868336538022205,0.8140523814961843,0.16666666666666666,0.014173200980435193,0.589480388527349,0.2109375,1.782257225451088e-05,0.0625,0.078125
role,Data2txt,1,14,0.001,1152,576,128,128,4,True,10,7.929072217095836,4.860689739872598,5.444385672663282,-0.5836959327906825,-9.323661421422765,-10.56155644246607,0.06728904803814353,0.7359423584854113,0.16666666666666666,0.014173200980435185,0.5940151436626805,0.15625,0.0033962516565197998,0.0546875,0.0625
role,Data2txt,1,15,1e-06,1152,576,128,128,4,True,8,4.59331914923597,7.584555153058552,8.03228216778436,-0.44772701472580523,-13.11555672227237,-14.220586816209757,0.12094253102099894,0.4671753544156289,0.3333333333333333,0.07153741280753949,0.3540923133922467,0.32421875,1.7752249813670875e-12,0.03125,0.0703125
role,Data2txt,1,15,0.0001,1152,576,128,128,4,True,8,5.0798587626417255,5.88904564952476,6.483776555503144,-0.5947309059783834,-10.430297387819785,-11.873516412093085,0.09874256993345017,0.3723051081394794,0.3333333333333333,0.07153741280753949,0.3534525154551706,0.23046875,1.847888979619762e-06,0.046875,0.1015625
role,Data2txt,1,15,0.001,1152,576,128,128,4,True,8,5.66937811714106,5.067036835157014,5.823675900816946,-0.7566390656599319,-9.079460512693794,-10.780025081994996,0.10273328165771566,0.31432577428463804,0.3333333333333333,0.0715374128075395,0.34779354846314137,0.2109375,1.782257225451088e-05,0.03125,0.0625
role,Data2txt,1,16,1e-06,1152,576,128,128,4,True,8,5.648408475215101,6.762688907270003,7.19978983895262,-0.4371009316826169,-12.24024412986007,-13.255049353614623,0.06727691904241648,0.6180527841046214,0.16666666666666666,0.017357203127757275,0.5590725876084032,0.3515625,1.1885095331896712e-14,0.046875,0.1015625
role,Data2txt,1,16,0.0001,1152,576,128,128,4,True,7,6.390258722939132,5.293887729680737,5.854257716705238,-0.5603699870244999,-10.170415380871955,-11.489586594616068,0.0471435284497203,0.6159458429343341,0.16666666666666666,0.01735720312775727,0.558619443311266,0.21484375,1.1517275704865574e-05,0.0625,0.109375
role,Data2txt,1,16,0.001,1152,576,128,128,4,True,8,7.261577150438291,4.578941047090409,5.252940244917051,-0.6739991978266411,-9.16701096643279,-10.652364087029106,0.029540017838314128,0.6226881651613977,0.16666666666666666,0.01735720312775728,0.5545572813394125,0.17578125,0.0006257967777605344,0.0625,0.125
role,Data2txt,1,17,1e-06,1152,576,128,128,4,True,10,7.274209075448566,6.917121399191295,7.169890429971293,-0.25276903077999713,-16.137393416722492,-17.139231420704213,0.08340729717830997,0.69262968636508,0.16666666666666666,0.02249067214841393,0.4136702864471189,0.2734375,6.005467433544062e-09,0.0546875,0.140625
role,Data2txt,1,17,0.0001,1152,576,128,128,4,True,8,8.097466202638532,5.600379013718429,5.994973573513446,-0.39459455979501734,-12.537931806271406,-13.777122142069771,0.0627945466309344,0.6060081201205963,0.16666666666666666,0.022490672148413937,0.41360433323666546,0.18359375,0.00030054999002206975,0.0625,0.125
role,Data2txt,1,17,0.001,1152,576,128,128,4,True,9,9.182440542671795,4.997120659386365,5.494008332899259,-0.4968876735128943,-10.833275118478554,-12.251459916867594,0.04551404155808814,0.5459078747581027,0.16666666666666666,0.02249067214841395,0.4130982546611119,0.140625,0.011365189018294308,0.046875,0.1015625
role,Data2txt,1,18,1e-06,1152,576,128,128,4,True,9,9.455902460165747,9.19428856222294,9.815856790076761,-0.6215682278538225,-15.408003671577998,-16.09825480285918,0.05884295195237732,0.2732660986142624,0.3333333333333333,0.04168152697719738,0.4017696285767394,0.3203125,3.4992283936701867e-12,0.015625,0.09375
role,Data2txt,1,18,0.0001,1152,576,128,128,4,True,10,10.644508441868368,7.284754329619352,8.044501016566354,-0.7597466869470042,-12.834687672831514,-13.87093144317365,0.044265594974044566,0.33171920604848926,0.3333333333333333,0.041681526977197396,0.4034353871980298,0.29296875,3.1472328013771007e-10,0.046875,0.09375
role,Data2txt,1,18,0.001,1152,576,128,128,4,True,10,12.103515601680066,6.340192173114564,7.25777412577029,-0.9175819526557267,-11.59157389355279,-12.936805223621231,0.051345158444184254,0.39729774395569034,0.3333333333333333,0.04168152697719741,0.4182778945834897,0.203125,4.163077668109129e-05,0.0234375,0.078125
role,Data2txt,1,19,1e-06,1152,576,128,128,4,True,9,11.495502486355088,10.46594695264476,11.181057726030653,-0.7151107733858921,-20.295741951236277,-21.810019737870803,0.033435553371240004,0.3107454767348125,0.3333333333333333,0.06761063247572321,0.33456122502915275,0.33984375,1.073542535028726e-13,0.046875,0.1015625
role,Data2txt,1,19,0.0001,1152,576,128,128,4,True,9,12.834743373633131,8.165103545363356,9.023502890107746,-0.858399344744389,-15.949482685684917,-17.775462705994023,0.029344633929083718,0.3331851395915476,0.3333333333333333,0.06761063247572324,0.33486789105944964,0.28515625,1.0509063100940924e-09,0.0390625,0.0859375
role,Data2txt,1,19,0.001,1152,576,128,128,4,True,9,14.743642453959145,7.058199147008875,8.046970618090292,-0.9887714710814145,-13.809214435322122,-15.91596603100053,0.027612780694521055,0.38484161379145015,0.3333333333333333,0.06761063247572323,0.3383459552979359,0.1953125,9.40842686753401e-05,0.0234375,0.125
role,Data2txt,1,20,1e-06,1152,576,128,128,4,True,10,11.359770445116625,10.136846920436488,10.873346463983857,-0.7364995435473706,-20.02298288041203,-21.741069011640427,0.03450633239008982,0.2704103670894268,0.5,0.10903138117379721,0.19751209663206545,0.375,1.130724758563229e-16,0.046875,0.1328125
role,Data2txt,1,20,0.0001,1152,576,128,128,4,True,9,12.63979607441984,7.911321595103149,8.757566470417565,-0.8462448753144165,-15.56391422987045,-17.571063983623134,0.023234225486796545,0.2959664797157443,0.5,0.10903138117379728,0.1966105029636258,0.3046875,4.827787419674662e-11,0.046875,0.1484375
role,Data2txt,1,20,0.001,1152,576,128,128,4,True,10,14.402278059417533,6.8562839149832335,7.781691810269276,-0.9254078952860416,-13.456130855723359,-15.67306515890744,0.021228848978501143,0.3479792841598195,0.5,0.1090313811737972,0.18916737918287638,0.2578125,5.435300936256329e-08,0.0390625,0.1328125
role,Data2txt,1,21,1e-06,1152,576,128,128,4,True,11,5.970739211107755,8.89642034668691,9.597163439815263,-0.7007430931283534,-17.38211434525403,-18.772794304065727,0.06703337977431474,0.7695753299878418,0.16666666666666666,0.08601187203057821,0.5772657326697617,0.2890625,5.776341456120769e-10,0.0390625,0.234375
role,Data2txt,1,21,0.0001,1152,576,128,128,4,True,9,6.688512383139764,6.788822933904237,7.618084360505839,-0.8292614266016002,-13.496328372960322,-15.179264750600712,0.045685214296250366,0.6981769918666224,0.16666666666666666,0.08601187203057821,0.5767545962182037,0.23828125,7.038776424263986e-07,0.0390625,0.1015625
role,Data2txt,1,21,0.001,1152,576,128,128,4,True,8,7.705235164140833,5.739328427433865,6.6704245203564705,-0.9310960929226053,-11.475149931456407,-13.419547740840247,0.031817713419973914,0.6515907186841167,0.16666666666666666,0.0860118720305783,0.5722085994033006,0.28125,1.895287375668482e-09,0.0390625,0.09375
role,Data2txt,1,22,1e-06,1152,576,128,128,4,True,9,13.19753542040161,11.096130095589437,11.834319425485774,-0.7381893298963356,-20.712616710138143,-21.97643869259453,0.02872157256158861,0.3376638136745106,0.5,0.12137457350624281,0.24197581760047981,0.34375,5.202843089038079e-14,0.0625,0.125
role,Data2txt,1,22,0.0001,1152,576,128,128,4,True,10,14.736630327232191,8.451842703702038,9.286273518819032,-0.8344308151169935,-16.25190258636874,-17.806016433980144,0.023489352750815835,0.3931281052322327,0.5,0.12137457350624273,0.24270333303453326,0.2890625,5.776341456120769e-10,0.03125,0.109375
role,Data2txt,1,22,0.001,1152,576,128,128,4,True,10,16.99031881771444,7.186619168782595,8.118335176938093,-0.9317160081554976,-14.088302181520303,-15.927937867942205,0.025804524345722106,0.46022488801556366,0.5,0.1213745735062428,0.24985596535792673,0.203125,4.163077668109129e-05,0.046875,0.09375
role,Data2txt,1,23,1e-06,1152,576,128,128,4,True,9,18.25771577970497,11.850302388449482,12.6263732238855,-0.7760708354360183,-22.61636772167665,-23.789961350328227,0.03319416868611479,0.49319015068996697,0.3333333333333333,0.027851610897661274,1.2045555205215788,0.3984375,7.613526402484427e-19,0.015625,0.046875
role,Data2txt,1,23,0.0001,1152,576,128,128,4,True,10,20.463973218798653,9.152477318925587,10.06710941168857,-0.9146320927629816,-17.80088158063549,-19.281871963849227,0.029264206540859372,0.5059513055630366,0.3333333333333333,0.02785161089766128,1.2072309220976656,0.26953125,1.0551926983948056e-08,0.015625,0.0625
role,Data2txt,1,23,0.001,1152,576,128,128,4,True,10,23.749242301683275,7.879249055611029,8.944930298130263,-1.0656812425192357,-15.557825511627946,-17.331227360449503,0.02617860577895021,0.538001097960682,0.3333333333333333,0.02785161089766128,1.229932834628387,0.1640625,0.00176897694134448,0.015625,0.046875
role,Data2txt,1,24,1e-06,1152,576,128,128,4,True,9,15.697435475292282,10.928246898582781,11.816827107163093,-0.8885802085803112,-21.420772209266772,-22.40081416815771,0.046152657612346853,0.7120109123332462,0.16666666666666666,0.07999480659362786,0.5775536088468931,0.33984375,1.073542535028726e-13,0.0546875,0.1171875
role,Data2txt,1,24,0.0001,1152,576,128,128,4,True,9,17.746979272096645,8.523838071653387,9.527755443130278,-1.0039173714768899,-17.181426255771072,-18.476260822990824,0.036381006136496905,0.7163906800473833,0.16666666666666666,0.07999480659362784,0.5786876466826026,0.21875,7.381061347748238e-06,0.0703125,0.1171875
role,Data2txt,1,24,0.001,1152,576,128,128,4,True,10,20.851013584544702,7.297849815915139,8.452372590685119,-1.1545227747699776,-15.125297107215658,-16.84139339482678,0.03373212347170086,0.732002710850924,0.16666666666666666,0.07999480659362782,0.5891314256479309,0.203125,4.163077668109129e-05,0.046875,0.109375
role,Data2txt,1,25,1e-06,1152,576,128,128,4,True,10,12.185458435420617,10.572441469166616,11.514047530789252,-0.9416060616226366,-21.559356453661913,-22.993862817376524,0.0808620329758206,0.820559152168121,0.16666666666666666,0.06524177144362113,0.5977099461417742,0.328125,8.924716016110725e-13,0.078125,0.1953125
role,Data2txt,1,25,0.0001,1152,576,128,128,4,True,10,13.757382128054974,8.250298664108692,9.294147317419181,-1.0438486533104891,-17.13155108950921,-18.89114781513529,0.06891820030495012,0.7967668423933244,0.16666666666666666,0.06524177144362109,0.5976634864680459,0.3203125,3.4992283936701867e-12,0.0859375,0.1640625
role,Data2txt,1,25,0.001,1152,576,128,128,4,True,9,16.167213968717977,7.078614371713185,8.212206142479326,-1.1335917707661425,-14.896861091019076,-16.971809408127744,0.05907937960724469,0.7880753484331872,0.16666666666666666,0.06524177144362113,0.5976929544304529,0.20703125,2.7352006658291592e-05,0.078125,0.15625
role,Data2txt,1,26,1e-06,1152,576,128,128,4,True,9,6.993737709817729,7.958135052311499,8.563216879830907,-0.6050818275194092,-15.470091755606438,-16.77276244456608,0.07670170274743897,0.6200168679222916,0.5,0.09636680384913825,0.9146367242796255,0.31640625,6.83543823843095e-12,0.0625,0.1640625
role,Data2txt,1,26,0.0001,1152,576,128,128,4,True,10,7.850933006060159,6.367994353889979,7.118138972003583,-0.7501446181136039,-12.512808836770393,-14.183476897431474,0.06582184404717484,0.6114172850081938,0.5,0.09636680384913825,0.9141055552259624,0.1796875,0.0004354569877453,0.046875,0.1484375
role,Data2txt,1,26,0.001,1152,576,128,128,4,True,9,8.977293935464607,5.568837718341858,6.434243393735451,-0.8654056753935937,-11.040888208357158,-12.976702976416128,0.05494941941325459,0.6149457597922895,0.5,0.09636680384913829,0.9093509008720854,0.21875,7.381061347748238e-06,0.09375,0.1640625
role,Data2txt,1,27,1e-06,1152,576,128,128,4,True,9,13.941212971947417,9.812815481321557,10.326847892933333,-0.514032411611778,-18.896199591142793,-19.65337376987285,0.03618847314097065,0.4657576309929138,0.5,0.12047813516704729,0.393532870713275,0.37109375,2.5154011173646954e-16,0.125,0.1640625
role,Data2txt,1,27,0.0001,1152,576,128,128,4,True,10,15.835893135687435,7.828482037200999,8.488903322580622,-0.6604212853796234,-15.359521422583438,-16.43939183941336,0.025394772448741696,0.488153595358992,0.5,0.1204781351670473,0.3923356928458361,0.3046875,4.827787419674662e-11,0.109375,0.1328125
role,Data2txt,1,27,0.001,1152,576,128,128,4,True,9,18.577921776061032,6.887599355017862,7.68392933210891,-0.796329977091048,-13.678903381956323,-15.045311212116314,0.01676509679718077,0.5285844244905624,0.5,0.12047813516704726,0.3817687115842431,0.26953125,1.0551926983948056e-08,0.0703125,0.109375
role,Data2txt,1,28,1e-06,1152,576,128,128,4,True,8,7.1609511852754615,6.444528484977788,6.827532368484777,-0.3830038835069892,-10.97832386980048,-11.283506259291043,0.07794523735227336,0.47591135094549397,0.5,0.13331509237221517,0.38984137187298223,0.2890625,5.776341456120769e-10,0.0546875,0.1171875
role,Data2txt,1,28,0.0001,1152,576,128,128,4,True,9,8.042546550053693,5.264118554776447,5.772480056495942,-0.5083615017194941,-9.631601715490362,-10.344655160853353,0.05823159478418105,0.4958267593141486,0.5,0.13331509237221525,0.3896357571771766,0.25390625,9.227219252368915e-08,0.0078125,0.1328125
role,Data2txt,1,28,0.001,1152,576,128,128,4,True,9,8.956263476898942,4.7331674759633735,5.362515021569379,-0.6293475456060065,-9.027849650216806,-10.050870187862248,0.044649610199597,0.5211569331274227,0.5,0.13331509237221517,0.3878262496673957,0.26171875,3.1743788057539135e-08,0.0625,0.1328125
role,Data2txt,1,29,1e-06,1152,576,128,128,4,True,9,5.748000719740513,9.135284158212261,9.843000910507122,-0.7077167522948613,-16.464997427716433,-17.8655876298588,0.099861985407298,0.5346049155402834,0.3333333333333333,0.050267468911560115,0.7436613417247445,0.33203125,4.446104931843403e-13,0.0234375,0.0703125
role,Data2txt,1,29,0.0001,1152,576,128,128,4,True,9,6.379277563561922,7.134136288040572,8.014820045972723,-0.880683757932149,-12.992895275953448,-14.684496031857126,0.10384513817433971,0.5348319415460037,0.3333333333333333,0.05026746891156009,0.7424907222591284,0.296875,1.6997263144796861e-10,0.015625,0.0546875
role,Data2txt,1,29,0.001,1152,576,128,128,4,True,9,7.18056624853183,6.171311018585181,7.179574685451399,-1.0082636668662186,-11.262660272349091,-13.203743577935958,0.10707197566231677,0.5435687727682342,0.3333333333333333,0.05026746891156012,0.7321372925583349,0.26953125,1.0551926983948056e-08,0.0390625,0.0859375
role,Data2txt,1,30,1e-06,1152,576,128,128,4,True,9,4.98683916484223,5.499708136248907,5.619139315561759,-0.11943117931285105,-11.159939988417722,-11.958755519838,0.07725258378647823,0.6251038436343432,0.3333333333333333,0.08187587394003434,0.6239950867486319,0.21484375,1.1517275704865574e-05,0.0625,0.15625
role,Data2txt,1,30,0.0001,1152,576,128,128,4,True,8,5.559493984058843,4.489614699330506,4.747448708453886,-0.25783400912338095,-9.126703342381377,-10.26579057011736,0.06364420158845363,0.5698113515358458,0.3333333333333333,0.08187587394003432,0.623639067139962,0.15625,0.0033962516565197998,0.0625,0.1484375
role,Data2txt,1,30,0.001,1152,576,128,128,4,True,9,6.217805881365313,4.028062322051587,4.407060455571942,-0.3789981335203556,-8.164329053423815,-9.530752564554941,0.05156892354720989,0.5377853558247824,0.3333333333333333,0.08187587394003443,0.6204392930998046,0.1640625,0.00176897694134448,0.0703125,0.125
role,Data2txt,1,31,1e-06,1152,576,128,128,4,True,8,2.705588117723455,5.820227861815368,6.087184524703673,-0.26695666288830544,-10.561986390625446,-10.817421372234616,0.20396841506938262,0.6657883548191491,0.16666666666666666,0.04292344867804605,0.8658319227938356,0.1953125,9.40842686753401e-05,0.0078125,0.0703125
role,Data2txt,1,31,0.0001,1152,576,128,128,4,True,8,3.4367282606367553,4.435229503859832,5.059409322714455,-0.6241798188546219,-8.56498152442819,-9.63142754148857,0.18138099345524322,0.6387480826610105,0.16666666666666666,0.042923448678046115,0.8655906522102486,0.18359375,0.00030054999002206975,0.03125,0.0546875
role,Data2txt,1,31,0.001,1152,576,128,128,4,True,8,4.1187139234787695,3.8131313111615563,4.675996226255807,-0.8628649150942507,-7.667014707158364,-9.283422122670896,0.16795609078929363,0.6482651013841395,0.16666666666666666,0.04292344867804606,0.8634314851069157,0.1015625,0.1330414826108106,0.03125,0.0546875
role,Data2txt,2,0,1e-06,2304,1152,128,128,4,True,9,2.3448041078197797,7.129327601824204,7.296765853246745,-0.16743825142254182,-11.903639186914777,-12.325561145358277,0.13732900058023773,0.470734490682603,0.16666666666666666,0.0566936664889379,0.41440998250583055,0.27734375,3.3884305330612322e-09,0.0078125,0.03125
role,Data2txt,2,0,0.0001,2304,1152,128,128,4,True,9,2.949883382362016,5.296783104222937,5.889848356141096,-0.5930652519181574,-9.236496854971126,-10.618194793198153,0.11809098769812469,0.3367376085666619,0.16666666666666666,0.056693666488937935,0.4155802147866745,0.1953125,9.40842686753401e-05,0.03125,0.0390625
role,Data2txt,2,0,0.001,2304,1152,128,128,4,True,8,3.5386842778704084,4.355082013184903,5.151573103486903,-0.7964910903020003,-7.850436853528608,-9.556339184248184,0.11257742347391947,0.29693865505175304,0.16666666666666666,0.056693666488937915,0.4261147156240252,0.203125,4.163077668109129e-05,0.03125,0.0390625
role,Data2txt,2,1,1e-06,2304,1152,128,128,4,True,9,5.999683003452596,7.100640196817231,7.481923772979528,-0.38128357616229563,-14.135080890813999,-14.82999791519297,0.08332592800643067,0.4534363542873949,0.16666666666666666,0.002457201538400542,0.7580260001418717,0.19921875,6.28426475199267e-05,0.0234375,0.03125
role,Data2txt,2,1,0.0001,2304,1152,128,128,4,True,9,6.851604844840062,5.9975127633949725,6.51607182201128,-0.5185590586163071,-11.82438278158997,-12.732757662944932,0.06998606411444432,0.4012654339924753,0.16666666666666666,0.002457201538400542,0.7599712222141687,0.0859375,0.2843716565254909,0.0234375,0.03125
role,Data2txt,2,1,0.001,2304,1152,128,128,4,True,9,7.898967270789623,5.439668822716804,6.089414806795813,-0.6497459840790096,-10.679869758551595,-11.807469496160735,0.064409167228196,0.4033253651015237,0.16666666666666666,0.002457201538400541,0.7770916273695192,0.0859375,0.2843716565254909,0.015625,0.03125
role,Data2txt,2,2,1e-06,2304,1152,128,128,4,True,10,10.961161055064265,11.557861224314227,12.011520682083155,-0.4536594577689284,-22.280801156455368,-23.150731630910823,0.05335256023911118,0.4420537405331378,0.3333333333333333,0.024376622008353752,1.3360293736983986,0.3359375,2.1947921596940167e-13,0.0234375,0.109375
role,Data2txt,2,2,0.0001,2304,1152,128,128,4,True,11,12.921618035372404,9.177796574724837,9.982885684848258,-0.8050891101234192,-17.895581863325052,-19.534861317251043,0.043501619251677066,0.518939362198875,0.3333333333333333,0.024376622008353745,1.33950080694919,0.2421875,4.289574463648891e-07,0.0234375,0.0859375
role,Data2txt,2,2,0.001,2304,1152,128,128,4,True,9,15.483609719013206,7.918662381367616,9.020019173566288,-1.1013567921986733,-15.52506717617172,-17.8430358018707,0.03567537689062586,0.5914985490998027,0.3333333333333333,0.024376622008353742,1.3676468472882042,0.25390625,9.227219252368915e-08,0.03125,0.1015625
role,Data2txt,2,3,1e-06,2304,1152,128,128,4,True,9,9.763364484163583,9.821280434752488,10.306035048237444,-0.48475461348495835,-17.996602071555085,-18.790091773810243,0.05722401285159577,0.42027272917932484,0.3333333333333333,0.009048484623337358,1.0514875241016997,0.2734375,6.005467433544062e-09,0.0078125,0.046875
role,Data2txt,2,3,0.0001,2304,1152,128,128,4,True,10,11.107156947346825,7.9130269848999095,8.536469896534138,-0.623442911634229,-14.757193850875419,-15.808213852477662,0.051681444136631866,0.48422839756024416,0.3333333333333333,0.009048484623337356,1.0548300991145811,0.19921875,6.28426475199267e-05,0.0,0.0234375
role,Data2txt,2,3,0.001,2304,1152,128,128,4,True,10,12.931602107498264,6.94738230798278,7.760521873868091,-0.8131395658853108,-13.156835460193095,-14.532131701376656,0.056289877307049666,0.5507135413154912,0.3333333333333333,0.009048484623337356,1.083100157103448,0.15234375,0.004649248065287104,0.0,0.0390625
role,Data2txt,2,4,1e-06,2304,1152,128,128,4,True,9,8.175382355909704,7.623814983149738,7.777997121817454,-0.15418213866771588,-14.825170709518211,-15.356026502077714,0.047700951529949395,0.32144133978768513,0.16666666666666666,0.002369805719326046,0.37606639869442615,0.19140625,0.00013970433630997956,0.0078125,0.0078125
role,Data2txt,2,4,0.0001,2304,1152,128,128,4,True,9,9.33202417055913,6.378617273741606,6.652364669016302,-0.2737473952746967,-12.412493920133425,-13.161207386516455,0.038858651490881004,0.26939250285048305,0.16666666666666666,0.002369805719326044,0.3770107231816114,0.1328125,0.019813663257872594,0.0078125,0.0625
role,Data2txt,2,4,0.001,2304,1152,128,128,4,True,8,10.80798002669861,5.787539181999868,6.177738049166777,-0.39019886716690966,-11.267517135122194,-12.194338920566954,0.034662137963613046,0.29440474456444277,0.16666666666666666,0.0023698057193260406,0.3854604754804816,0.0625,0.6756687537446433,0.0234375,0.0703125
role,Data2txt,2,5,1e-06,2304,1152,128,128,4,True,11,8.775012034277884,7.7187942719618885,7.9875942941741,-0.26880002221221216,-16.792240194949603,-17.445798461278482,0.08056195996247875,0.4157506245989942,0.16666666666666666,0.019598817928577445,0.7864688035292056,0.20703125,2.7352006658291592e-05,0.0703125,0.15625
role,Data2txt,2,5,0.0001,2304,1152,128,128,4,True,9,9.923377304429497,6.354335744948864,6.771309708244042,-0.4169739632951778,-13.552461173069297,-14.49411049990769,0.0717745072163625,0.4768045434848079,0.16666666666666666,0.019598817928577435,0.7884026276725605,0.109375,0.0866920605943059,0.0390625,0.1015625
role,Data2txt,2,5,0.001,2304,1152,128,128,4,True,8,11.445048524626088,5.679915747996452,6.276349225969808,-0.5964334779733577,-11.986221680600131,-13.273514663034598,0.06572653141360738,0.5398564324490231,0.16666666666666666,0.01959881792857745,0.8053559722948882,0.08984375,0.23811562865354285,0.03125,0.1015625
role,Data2txt,2,6,1e-06,2304,1152,128,128,4,True,11,6.295233614196315,5.117144285182191,5.303304973530948,-0.18616068834875715,-12.80684792153722,-13.33639553298952,0.16456121630356663,0.6186362843840791,0.3333333333333333,0.03019465232084453,0.4947185534258453,0.27734375,3.3884305330612322e-09,0.0234375,0.125
role,Data2txt,2,6,0.0001,2304,1152,128,128,4,True,11,7.189746113102236,4.531739309199478,4.858185635178073,-0.32644632597859485,-10.528540691861409,-11.387111133306998,0.13594525176534702,0.5159197956255082,0.3333333333333333,0.030194652320844555,0.4957764562937082,0.203125,4.163077668109129e-05,0.046875,0.125
role,Data2txt,2,6,0.001,2304,1152,128,128,4,True,10,8.264438001458691,4.282069695703095,4.704458534248236,-0.4223888385451407,-9.489985100993097,-10.612980852214497,0.11281353058094179,0.46185937746938005,0.3333333333333333,0.03019465232084455,0.5052354768941324,0.15234375,0.004649248065287104,0.0078125,0.125
role,Data2txt,2,7,1e-06,2304,1152,128,128,4,True,10,7.132705934473051,5.247606066549206,5.557916980094106,-0.31031091354490015,-9.7602236234017,-9.972032806741634,0.1016040870110542,0.47438865482031345,0.16666666666666666,0.029112389573405558,0.5732428464573717,0.22265625,4.6910366522335245e-06,0.0078125,0.078125
role,Data2txt,2,7,0.0001,2304,1152,128,128,4,True,10,8.206471776816613,4.5229911910434275,5.041276395411954,-0.5182852043685263,-8.812374253369075,-9.476180642463,0.08510954582158925,0.45023564480302963,0.16666666666666666,0.02911238957340555,0.5742452401729676,0.08984375,0.23811562865354285,0.03125,0.078125
role,Data2txt,2,7,0.001,2304,1152,128,128,4,True,10,9.30613951293732,4.197912531944707,4.855898390789566,-0.6579858588448582,-8.419307724898164,-9.352109723062734,0.07377378576176655,0.45922581430582976,0.16666666666666666,0.02911238957340557,0.5832303857669985,0.1171875,0.05471894473064931,0.0234375,0.078125
role,Data2txt,2,8,1e-06,2304,1152,128,128,4,True,11,7.026540386359911,5.751572408653265,5.911739283484696,-0.16016687483143108,-13.74233280137187,-14.116900396075366,0.11282756358505336,0.44433226625746547,0.16666666666666666,0.08212791534630606,0.16740571579914626,0.234375,1.1452873919607316e-06,0.0546875,0.234375
role,Data2txt,2,8,0.0001,2304,1152,128,128,4,True,9,7.871045637205066,4.7121655385289465,5.0365557736060556,-0.3243902350771094,-11.037923613939856,-11.769790305344621,0.08939428347613057,0.36065941597551987,0.16666666666666666,0.08212791534630605,0.16783332932379075,0.20703125,2.7352006658291592e-05,0.03125,0.1875
role,Data2txt,2,8,0.001,2304,1152,128,128,4,True,8,8.89820894516184,4.253900950493446,4.695759740762892,-0.4418587902694452,-9.781605203215026,-10.776990337489808,0.07040510960291312,0.31879460578694246,0.16666666666666666,0.08212791534630606,0.17175090864869558,0.17578125,0.0006257967777605344,0.0390625,0.171875
role,Data2txt,2,9,1e-06,2304,1152,128,128,4,True,11,5.898968056276868,5.439209489193516,5.438423775301446,0.0007857138920684022,-12.890241391445429,-13.304588835091263,0.18185447659254114,0.5059861801406802,0.16666666666666666,0.01847405481969779,0.7085222065523534,0.25390625,9.227219252368915e-08,0.0390625,0.1328125
role,Data2txt,2,9,0.0001,2304,1152,128,128,4,True,11,6.651998496541902,4.8043541237900165,5.028360249238164,-0.22400612544814766,-10.700586539405228,-11.56514808974798,0.16814688255537585,0.4467907999920625,0.16666666666666666,0.018474054819697786,0.7102339351357052,0.12109375,0.04295704754590679,0.0234375,0.078125
role,Data2txt,2,9,0.001,2304,1152,128,128,4,True,8,7.547133467888479,4.468171474831552,4.894583266879481,-0.4264117920479285,-9.572728341464469,-10.8422995373733,0.15934326484109754,0.42930471864662423,0.16666666666666666,0.018474054819697786,0.7254534617639602,0.0859375,0.2843716565254909,0.0390625,0.1171875
role,Data2txt,2,10,1e-06,2304,1152,128,128,4,True,10,7.632360490170754,6.790895526777598,7.0352149300894915,-0.24431940331189278,-15.17107421529991,-15.657557686673645,0.09389559277666723,0.4928591425797776,0.16666666666666666,0.0572714251491034,0.3017740527324366,0.25,1.553142566968138e-07,0.015625,0.171875
role,Data2txt,2,10,0.0001,2304,1152,128,128,4,True,9,8.535496114809733,5.580626337745613,5.965541821105335,-0.38491548335972164,-11.936582497972612,-12.703463189731035,0.07321443021157487,0.43035237959019285,0.16666666666666666,0.05727142514910337,0.3011066038703197,0.15625,0.0033962516565197998,0.0546875,0.1796875
role,Data2txt,2,10,0.001,2304,1152,128,128,4,True,9,9.697955712493561,5.0105141527591215,5.494476486366096,-0.4839623336069745,-10.438942869559199,-11.383381984467182,0.059599067788106586,0.4021629251093973,0.16666666666666666,0.057271425149103404,0.2951966320384807,0.17578125,0.0006257967777605344,0.046875,0.140625
role,Data2txt,2,11,1e-06,2304,1152,128,128,4,True,10,7.72929508192927,5.046750005336174,5.095533722987671,-0.04878371765149703,-10.442450617229255,-10.205417350551912,0.13745055368031228,0.3488513012736756,0.16666666666666666,0.023579964411143208,0.6897742066146016,0.19140625,0.00013970433630997956,0.03125,0.0625
role,Data2txt,2,11,0.0001,2304,1152,128,128,4,True,9,8.832250959602487,4.473012258096294,4.713183450533872,-0.24017119243757806,-9.391524669379036,-9.567653891008742,0.122927820612956,0.37463079729711585,0.16666666666666666,0.02357996441114321,0.6914589287946871,0.1796875,0.0004354569877453,0.0078125,0.0703125
role,Data2txt,2,11,0.001,2304,1152,128,128,4,True,11,9.973487189104862,4.19344002414201,4.616529968407696,-0.4230899442656868,-8.901591818169258,-9.468874848458643,0.11333735119160546,0.41506212866261993,0.16666666666666666,0.023579964411143205,0.7064181829575413,0.1640625,0.00176897694134448,0.0234375,0.078125
role,Data2txt,2,12,1e-06,2304,1152,128,128,4,True,9,5.856472412343734,2.9865890111048436,2.811095281397898,0.17549372970694566,-6.161011103169059,-5.9561120688558775,0.08830705211188576,0.5313103373861308,0.0,0.0,0.43826959366098434,0.171875,0.0008920470081351661,0.0234375,0.0390625
role,Data2txt,2,12,0.0001,2304,1152,128,128,4,True,9,6.5143055100544505,2.9695086105528112,3.018661144534753,-0.049152533981941623,-6.043191897189856,-6.3164564247974955,0.07025229605236463,0.48587172097990833,0.0,0.0,0.4380019593435588,0.1171875,0.05471894473064931,0.03125,0.046875
role,Data2txt,2,12,0.001,2304,1152,128,128,4,True,8,7.061704423062087,2.9672818094017974,3.1626883072277976,-0.19540649782600006,-5.998081838595214,-6.597826429196279,0.06025278497161975,0.46570646578049996,0.0,0.0,0.4355871551404853,0.12109375,0.04295704754590679,0.03125,0.046875
role,Data2txt,2,13,1e-06,2304,1152,128,128,4,True,9,9.876908568568897,6.80191925406341,6.956855217658344,-0.1549359635949338,-13.431364598503123,-13.503793732704604,0.0750708117218564,0.2825082029377193,0.16666666666666666,0.05757017097907606,0.28503872248296414,0.2421875,4.289574463648891e-07,0.0703125,0.109375
role,Data2txt,2,13,0.0001,2304,1152,128,128,4,True,9,11.151154235791113,5.653239844016836,5.987439300463132,-0.3341994564462948,-11.418227944835131,-11.912486917475498,0.0642505947991002,0.26318226386498006,0.16666666666666666,0.057570170979076025,0.2840326412804301,0.16015625,0.0024610192473685233,0.0859375,0.109375
role,Data2txt,2,13,0.001,2304,1152,128,128,4,True,9,12.599618004446958,5.111673988904666,5.574668177169789,-0.46299418826512284,-10.487666615255508,-11.291863574815073,0.05650310598713222,0.2863536950918168,0.16666666666666666,0.05757017097907606,0.27501607619375373,0.109375,0.0866920605943059,0.046875,0.0703125
role,Data2txt,2,14,1e-06,2304,1152,128,128,4,True,11,6.688695591840095,5.354259680268971,5.370212063213886,-0.015952382944915126,-12.331900488740924,-12.460867641368779,0.15208528834126553,0.8199242754542881,0.16666666666666666,0.031403341947515415,0.4642006647669668,0.296875,1.6997263144796861e-10,0.046875,0.140625
role,Data2txt,2,14,0.0001,2304,1152,128,128,4,True,11,7.507791742090816,4.662553873826013,4.911549478412669,-0.24899560458665573,-10.157831770157856,-10.626710985655302,0.1376103140861662,0.7114442001292103,0.16666666666666666,0.03140334194751543,0.4648595978891033,0.1328125,0.019813663257872594,0.0390625,0.0859375
role,Data2txt,2,14,0.001,2304,1152,128,128,4,True,10,8.463616169438943,4.342181513807161,4.766660193994796,-0.42447868018763496,-9.157637566045276,-9.896899395252863,0.12696699085539626,0.6369332526956302,0.16666666666666666,0.031403341947515394,0.47088633556015486,0.1015625,0.1330414826108106,0.0546875,0.1015625
role,Data2txt,2,15,1e-06,2304,1152,128,128,4,True,9,5.004784292903608,3.6853404505263163,4.110921504810466,-0.4255810542841494,-13.68085086450138,-14.784105178796521,0.22314233499214625,0.6834015416836221,0.16666666666666666,0.06199341735067349,0.39024184484698315,0.390625,4.1923923769686e-18,0.1015625,0.2890625
role,Data2txt,2,15,0.0001,2304,1152,128,128,4,True,8,5.597268063903574,3.3067449419412993,3.9410202764163156,-0.6342753344750157,-10.753713201489116,-12.210590211785775,0.20637925272099744,0.6465310800999408,0.16666666666666666,0.06199341735067348,0.39018560632631205,0.3203125,3.4992283936701867e-12,0.109375,0.25
role,Data2txt,2,15,0.001,2304,1152,128,128,4,True,8,6.320253532441507,3.119425997210474,3.8830826516421064,-0.763656654431633,-9.319754841613722,-11.016718984576995,0.19525222647560544,0.6302500254015456,0.16666666666666666,0.06199341735067344,0.3897316535029562,0.28515625,1.0509063100940924e-09,0.1171875,0.2734375
role,Data2txt,2,16,1e-06,2304,1152,128,128,4,True,9,4.666835589004888,5.7290445959676095,6.27736591621621,-0.5483213202486011,-11.654910344168076,-12.645721411728392,0.1540432173300329,0.6910389902914217,0.16666666666666666,0.04541988713094482,0.391542968633695,0.2421875,4.289574463648891e-07,0.0078125,0.1171875
role,Data2txt,2,16,0.0001,2304,1152,128,128,4,True,8,5.302573465267663,4.725775184689512,5.414342287726193,-0.6885671030366805,-9.534708451500354,-10.793994609862542,0.11761706649036631,0.6063756091053331,0.16666666666666666,0.04541988713094477,0.3911027672525531,0.2109375,1.782257225451088e-05,0.0,0.109375
role,Data2txt,2,16,0.001,2304,1152,128,128,4,True,8,6.0652705180058915,4.229461177101346,4.9943229649890775,-0.764861787887732,-8.495462366732307,-9.902740731425427,0.09280047136443854,0.5594803244454343,0.16666666666666666,0.045419887130944775,0.3871766952048351,0.125,0.03345596830001085,0.0234375,0.09375
role,Data2txt,2,17,1e-06,2304,1152,128,128,4,True,9,6.339154153261794,5.999386944001778,6.370252701866647,-0.370865757864868,-12.320159349914174,-12.815994397998091,0.14067079542563365,0.6614918444109974,0.16666666666666666,0.04401446363537807,0.36574953429376533,0.19921875,6.28426475199267e-05,0.03125,0.1015625
role,Data2txt,2,17,0.0001,2304,1152,128,128,4,True,9,7.123342674569542,5.038549177188305,5.569811305553033,-0.5312621283647281,-10.20110969825242,-11.039435472820779,0.12009312966463229,0.5806382671884669,0.16666666666666666,0.04401446363537805,0.3655486996137594,0.19921875,6.28426475199267e-05,0.0234375,0.09375
role,Data2txt,2,17,0.001,2304,1152,128,128,4,True,8,8.037454469249608,4.582912188664368,5.209533855112354,-0.6266216664479859,-9.197634826787546,-10.26830798723558,0.10481547000572686,0.5338597737467399,0.16666666666666666,0.04401446363537808,0.3638428385759171,0.13671875,0.015066349402464208,0.0234375,0.078125
role,Data2txt,2,18,1e-06,2304,1152,128,128,4,True,10,8.321562122164043,9.915057365174006,10.633392862288527,-0.7183354971145212,-18.245963949895142,-19.62377523611074,0.05646119975295877,0.3065337735355782,0.16666666666666666,0.04308013778157267,0.7999286744615299,0.34765625,2.4982790013842228e-14,0.0546875,0.1015625
role,Data2txt,2,18,0.0001,2304,1152,128,128,4,True,10,9.31467505221898,7.6840243356520945,8.511295368978622,-0.8272710333265274,-14.34536234532474,-15.986774760561637,0.05127782878200155,0.32980003574420647,0.16666666666666666,0.04308013778157271,0.8028184579867983,0.25,1.553142566968138e-07,0.0234375,0.0859375
role,Data2txt,2,18,0.001,2304,1152,128,128,4,True,10,10.678807118110008,6.552885435052735,7.5177899122483645,-0.964904477195629,-12.386573166869837,-14.312326743982485,0.048998401680306294,0.3832832866067842,0.16666666666666666,0.043080137781572686,0.8279529254469271,0.2109375,1.782257225451088e-05,0.03125,0.0625
role,Data2txt,2,19,1e-06,2304,1152,128,128,4,True,10,10.82146684902795,9.95813340095769,10.827896721159838,-0.8697633202021491,-20.081902069694017,-21.808698174258613,0.07546489129945647,0.5834747856039304,0.5,0.1465628298899088,0.4989139116680657,0.26171875,3.1743788057539135e-08,0.1015625,0.1796875
role,Data2txt,2,19,0.0001,2304,1152,128,128,4,True,9,12.028626776481532,7.669648564816327,8.624473349042832,-0.9548247842265042,-15.542042553419368,-17.573922355968854,0.06393232895570894,0.5885492284538362,0.5,0.14656282988990865,0.4981597552409491,0.2890625,5.776341456120769e-10,0.1015625,0.1171875
role,Data2txt,2,19,0.001,2304,1152,128,128,4,True,10,13.710178810863617,6.546724650245525,7.609792450507029,-1.0630678002615024,-13.37122156178139,-15.64524846718859,0.054005045279325134,0.6052399956175255,0.5,0.14656282988990865,0.49158181459324746,0.31640625,6.83543823843095e-12,0.09375,0.125
role,Data2txt,2,20,1e-06,2304,1152,128,128,4,True,8,8.50238810341014,9.8854908721005,10.754018393576207,-0.868527521475708,-18.11741720699689,-19.2832098244733,0.10421973060600873,0.47498840256028374,0.5,0.10667740377838009,0.38682854661731075,0.40234375,3.196793611528768e-19,0.0625,0.1484375
role,Data2txt,2,20,0.0001,2304,1152,128,128,4,True,9,9.452642255887266,7.583619130903953,8.546821525335627,-0.9632023944316725,-14.10515586144319,-15.522911933594232,0.08995153528664473,0.4817998614600051,0.5,0.10667740377838003,0.3863277954148663,0.33984375,1.073542535028726e-13,0.0703125,0.1640625
role,Data2txt,2,20,0.001,2304,1152,128,128,4,True,10,10.725866544381528,6.438733293488573,7.47569292036175,-1.0369596268731778,-12.175372315852353,-13.754875112008643,0.07802582908632603,0.505588446666877,0.5,0.10667740377838007,0.3821605888832125,0.34375,5.202843089038079e-14,0.0703125,0.125
role,Data2txt,2,21,1e-06,2304,1152,128,128,4,True,9,5.912010341690392,9.983895487391143,10.831059580033834,-0.8471640926426901,-18.531251855676697,-20.252000176573922,0.09111700002280951,0.7027916920276154,0.16666666666666666,0.10593870476470786,0.61070815350099,0.3515625,1.1885095331896712e-14,0.0390625,0.1328125
role,Data2txt,2,21,0.0001,2304,1152,128,128,4,True,9,6.613619703010342,7.594634962828264,8.564554059778986,-0.9699190969507224,-14.14113015789606,-16.119634784626864,0.07318167025179198,0.6319891862832613,0.16666666666666666,0.10593870476470789,0.6098432359212936,0.28515625,1.0509063100940924e-09,0.1015625,0.1484375
role,Data2txt,2,21,0.001,2304,1152,128,128,4,True,8,7.637838115548514,6.299204407099145,7.370073969245137,-1.0708695621459914,-11.818013336216792,-13.962238789289655,0.05943307980827333,0.5842310510971486,0.16666666666666666,0.10593870476470782,0.6021230007766021,0.3359375,2.1947921596940167e-13,0.0390625,0.1015625
role,Data2txt,2,22,1e-06,2304,1152,128,128,4,True,9,8.757755229139587,8.970912996583195,9.607647730044514,-0.6367347334613187,-17.174050593845184,-18.272319895405428,0.08899179153972661,0.5549129844914115,0.3333333333333333,0.07609893666988293,0.47174917380663284,0.3125,1.3232765413914088e-11,0.0703125,0.140625
role,Data2txt,2,22,0.0001,2304,1152,128,128,4,True,9,9.812421506926754,7.093487438254474,7.843897845016416,-0.7504104067619425,-13.652183059284908,-15.077778355110517,0.0743104317071021,0.5182756548675932,0.3333333333333333,0.07609893666988293,0.4708482679742053,0.25,1.553142566968138e-07,0.03125,0.1015625
role,Data2txt,2,22,0.001,2304,1152,128,128,4,True,10,11.225909065109459,6.147849535216126,6.981901958051514,-0.8340524228353876,-11.934386861032507,-13.616690099457571,0.06243070382074346,0.5082869032105378,0.3333333333333333,0.07609893666988295,0.4629542819120582,0.2109375,1.782257225451088e-05,0.046875,0.09375
role,Data2txt,2,23,1e-06,2304,1152,128,128,4,True,11,16.498488139404113,11.819959447989373,12.436900116823164,-0.6169406688337895,-21.761215150234968,-22.77736982237288,0.028940162762645293,0.22314783187667375,0.16666666666666666,0.023792360659535244,0.5236124437569146,0.3828125,2.2198778215893527e-17,0.015625,0.0625
role,Data2txt,2,23,0.0001,2304,1152,128,128,4,True,9,18.599027860190937,9.164638636931876,9.907136430710981,-0.7424977937791053,-17.220788336152513,-18.580941610535064,0.025181523608810773,0.2911945223286053,0.16666666666666666,0.023792360659535258,0.5262484088751135,0.31640625,6.83543823843095e-12,0.0078125,0.0625
role,Data2txt,2,23,0.001,2304,1152,128,128,4,True,9,21.739314928539358,7.904291922708719,8.741088683125966,-0.8367967604172497,-15.066711675463758,-16.69693155108167,0.0316519094838878,0.38142587389049565,0.16666666666666666,0.023792360659535265,0.5492514148542951,0.25,1.553142566968138e-07,0.015625,0.046875
role,Data2txt,2,24,1e-06,2304,1152,128,128,4,True,10,12.490280123204844,11.800690011624113,12.505934758948108,-0.7052447473239973,-21.312893906552432,-22.74020470895277,0.05425985941814969,0.3473671369427648,0.16666666666666666,0.047879384943848274,0.41328765879879975,0.40234375,3.196793611528768e-19,0.0390625,0.078125
role,Data2txt,2,24,0.0001,2304,1152,128,128,4,True,10,14.051985013634512,9.11785519970346,9.911375320333333,-0.7935201206298732,-16.769873763354376,-18.487229426492732,0.04366440841277861,0.29416121800664113,0.16666666666666666,0.047879384943848274,0.41112057932069895,0.38671875,9.694174955308428e-18,0.0390625,0.078125
role,Data2txt,2,24,0.001,2304,1152,128,128,4,True,10,16.355635056801244,7.7966668300552975,8.693093534057809,-0.8964267040025112,-14.522128568304934,-16.48261223504018,0.042953601043855365,0.29644555918905313,0.16666666666666666,0.04787938494384827,0.39205320544759,0.33203125,4.446104931843403e-13,0.0390625,0.0703125
role,Data2txt,2,25,1e-06,2304,1152,128,128,4,True,10,12.805362984247003,11.770794423158684,12.481861394737969,-0.7110669715792858,-22.054965598476066,-23.133041623629815,0.03773610844863522,0.5215018397828854,0.16666666666666666,0.09679121184490709,0.3918626466571886,0.3984375,7.613526402484427e-19,0.046875,0.140625
role,Data2txt,2,25,0.0001,2304,1152,128,128,4,True,9,14.496261940387795,9.069411991017242,9.880333449756863,-0.8109214587396203,-17.296655270985607,-18.613381170122587,0.027393659035229806,0.504058178327927,0.16666666666666666,0.09679121184490712,0.3919603662556557,0.32421875,1.7752249813670875e-12,0.0546875,0.125
role,Data2txt,2,25,0.001,2304,1152,128,128,4,True,9,17.250192215454444,7.709703246085583,8.62548800956027,-0.9157847634746854,-14.917919191142614,-16.45109413286358,0.019136485111350146,0.5222909006220314,0.16666666666666666,0.09679121184490709,0.39328043361061155,0.28515625,1.0509063100940924e-09,0.0546875,0.1015625
role,Data2txt,2,26,1e-06,2304,1152,128,128,4,True,9,8.958133857108923,9.397877793081,10.320533514563069,-0.9226557214820698,-17.992647410263796,-19.405853707193167,0.07685527826376379,0.6834147791648204,0.5,0.14905593560725006,1.0291531525961988,0.3359375,2.1947921596940167e-13,0.109375,0.1875
role,Data2txt,2,26,0.0001,2304,1152,128,128,4,True,10,10.08056993517623,7.3653951312463715,8.462857776675058,-1.0974626454286867,-14.248168320564785,-16.022465503879317,0.06336093365206447,0.6800460038327331,0.5,0.14905593560725014,1.0284285252960903,0.27734375,3.3884305330612322e-09,0.109375,0.171875
role,Data2txt,2,26,0.001,2304,1152,128,128,4,True,9,11.677876571265205,6.317172342056544,7.551022348039071,-1.2338500059825266,-12.395390276256883,-14.485447383798022,0.053468016149164334,0.6878938279647511,0.5,0.14905593560725006,1.0219464204332154,0.27734375,3.3884305330612322e-09,0.109375,0.1640625
role,Data2txt,2,27,1e-06,2304,1152,128,128,4,True,9,15.44911692778429,10.010075024956471,10.706585129458448,-0.696510104501977,-21.82678461463195,-22.87237345098034,0.056020416528232246,0.6984404498460229,0.5,0.09061881183668273,0.5567620525327425,0.29296875,3.1472328013771007e-10,0.1171875,0.21875
role,Data2txt,2,27,0.0001,2304,1152,128,128,4,True,9,17.348464185833503,7.808462837150203,8.628603740911942,-0.8201409037617376,-16.995187547890243,-18.265463127535188,0.045892099830120534,0.70485206215949,0.5,0.09061881183668279,0.5558836012178147,0.29296875,3.1472328013771007e-10,0.1015625,0.1796875
role,Data2txt,2,27,0.001,2304,1152,128,128,4,True,9,20.263750549049043,6.750091841500067,7.668683879459731,-0.9185920379596638,-14.710313029783151,-16.151659426568962,0.036954505373118035,0.7208269003935779,0.5,0.09061881183668274,0.5481797426769562,0.234375,1.1452873919607316e-06,0.1328125,0.1796875
role,Data2txt,2,28,1e-06,2304,1152,128,128,4,True,9,4.496638764800288,5.7736234821131625,5.9415889936647215,-0.16796551155155878,-9.872510287933935,-10.505202874151433,0.13957290711882217,0.5038093135969152,0.3333333333333333,0.10649519694708955,0.3089243133485116,0.24609375,2.592123269824214e-07,0.0,0.03125
role,Data2txt,2,28,0.0001,2304,1152,128,128,4,True,9,5.017920298320764,4.804993863457138,5.138372871916236,-0.33337900845909596,-8.348510348671075,-9.337322138813915,0.12678799041982208,0.395713770837967,0.3333333333333333,0.10649519694708962,0.3087444460871695,0.203125,4.163077668109129e-05,0.0,0.03125
role,Data2txt,2,28,0.001,2304,1152,128,128,4,True,9,5.573421397671743,4.357055083585473,4.849262978908842,-0.4922078953233703,-7.624125393235657,-8.937152383180003,0.13261233050546445,0.333424147311523,0.3333333333333333,0.1064951969470896,0.3071631277170167,0.2265625,2.9565885080962975e-06,0.0,0.015625
role,Data2txt,2,29,1e-06,2304,1152,128,128,4,True,10,7.018696007527928,9.482994766846078,10.406276630277798,-0.9232818634317204,-18.611934020661757,-20.175468240178127,0.06529706101955504,0.5860015010619316,0.5,0.10815118711747174,0.72101864537576,0.36328125,1.209705534646815e-15,0.0546875,0.140625
role,Data2txt,2,29,0.0001,2304,1152,128,128,4,True,10,7.7949475629941425,7.244107277318077,8.267621368610104,-1.0235140912920278,-14.426290841011218,-16.15948490539182,0.0491858942610385,0.5957816969236518,0.5,0.10815118711747174,0.720158842784393,0.37109375,2.5154011173646954e-16,0.0546875,0.1171875
role,Data2txt,2,29,0.001,2304,1152,128,128,4,True,9,8.834344214480454,6.151043589738891,7.248519898934335,-1.0974763091954445,-12.382509784540062,-14.226247120823462,0.03605718093090441,0.6138708925158085,0.5,0.10815118711747174,0.712493666548551,0.29296875,3.1472328013771007e-10,0.0625,0.09375
role,Data2txt,2,30,1e-06,2304,1152,128,128,4,True,9,5.225034168080079,5.783911880072541,6.149190604247041,-0.36527872417450025,-13.224153488810845,-13.896784572826181,0.10034684770442663,0.6648811164551282,0.3333333333333333,0.08834150065657836,0.9489572089190644,0.23046875,1.847888979619762e-06,0.09375,0.15625
role,Data2txt,2,30,0.0001,2304,1152,128,128,4,True,8,5.824907566257193,4.661305548225799,5.190606633188565,-0.5293010849627662,-10.34882695663486,-11.342837098765427,0.08080774270773555,0.6506047485014725,0.3333333333333333,0.08834150065657845,0.9485819748652042,0.22265625,4.6910366522335245e-06,0.1015625,0.1640625
role,Data2txt,2,30,0.001,2304,1152,128,128,4,True,9,6.575416304354408,4.122742307706593,4.774816746403289,-0.6520744386966951,-8.992408987693732,-10.2057452754329,0.06207173022129904,0.6471084007142667,0.3333333333333333,0.08834150065657839,0.9452071400265762,0.1953125,9.40842686753401e-05,0.1015625,0.1796875
role,Data2txt,2,31,1e-06,2304,1152,128,128,4,True,9,2.2407513350824506,4.314309115580995,4.210948243184704,0.10336087239629074,-9.212936817408178,-9.384549651466324,0.3293097867032003,0.808174073657825,0.3333333333333333,0.04594056088333008,0.8483798472724272,0.20703125,2.7352006658291592e-05,0.0,0.0234375
role,Data2txt,2,31,0.0001,2304,1152,128,128,4,True,9,2.881554063702387,3.7412002270153826,4.07594575642053,-0.33474552940514773,-7.5827280912863095,-8.56682658537512,0.2484765421563862,0.6538778708595244,0.3333333333333333,0.045940560883330095,0.8482473097665681,0.09375,0.19772455806067113,0.0078125,0.0234375
role,Data2txt,2,31,0.001,2304,1152,128,128,4,True,8,3.488779814734298,3.481381501505806,4.098688951398297,-0.617307449892491,-6.86844675648902,-8.398508723464033,0.20026725835366754,0.5983495728244448,0.3333333333333333,0.04594056088333012,0.847060646498748,0.09765625,0.16284637793210843,0.0078125,0.03125
role,Data2txt,3,0,1e-06,4608,2304,128,128,4,True,9,2.219804374558155,4.92811731473117,4.932970146039285,-0.004852831308113932,-10.11863285323976,-10.203162372617118,0.1708744805919684,0.8310798608271541,0.16666666666666666,0.07101532634823746,0.3855258053275261,0.1328125,0.019813663257872594,0.0,0.0
role,Data2txt,3,0,0.0001,4608,2304,128,128,4,True,9,2.696977802166036,4.083922788437846,4.573561757873371,-0.4896389694355245,-8.13635564216252,-9.10256447136795,0.1281111606002283,0.685933211828454,0.16666666666666666,0.0710153263482376,0.38606148214349706,0.125,0.03345596830001085,0.0,0.0
role,Data2txt,3,0,0.001,4608,2304,128,128,4,True,8,3.152840958421719,3.5941433783571806,4.370217618005058,-0.7760742396478774,-7.037390910950076,-8.524957662651556,0.12049338557841785,0.6013217389348903,0.16666666666666666,0.07101532634823755,0.39102986786864896,0.1015625,0.1330414826108106,0.0078125,0.0625
role,Data2txt,3,1,1e-06,4608,2304,128,128,4,True,9,5.474752000329417,6.04970410780418,6.436086204658382,-0.3863820968542028,-13.440939291690082,-14.314466078465278,0.16304058187591247,0.7120426898119097,0.0,0.0,0.7611080855910958,0.16015625,0.0024610192473685233,0.0078125,0.09375
role,Data2txt,3,1,0.0001,4608,2304,128,128,4,True,9,6.278504333871734,5.231101533396069,5.746614106471145,-0.515512573075076,-11.397719090324918,-12.49615827266865,0.13228449161407757,0.6421654737883872,0.0,0.0,0.7626947321522366,0.12109375,0.04295704754590679,0.0234375,0.078125
role,Data2txt,3,1,0.001,4608,2304,128,128,4,True,9,7.233272995897639,4.8377173564365,5.467474473388895,-0.6297571169523952,-10.37248832267852,-11.717383591730702,0.10882857628474843,0.6117699188739597,0.0,0.0,0.7767430353100769,0.10546875,0.1078240411546818,0.0078125,0.0625
role,Data2txt,3,2,1e-06,4608,2304,128,128,4,True,10,13.512682077180907,12.178753463913482,12.515247469218636,-0.3364940053051544,-22.678001131418405,-23.73286923247302,0.06492575724803082,0.39336188123310917,0.5,0.048763236668668795,1.265494404304518,0.3359375,2.1947921596940167e-13,0.0390625,0.1015625
role,Data2txt,3,2,0.0001,4608,2304,128,128,4,True,11,15.778981404011505,9.729428658351228,10.50227469109112,-0.7728460327398913,-18.2980472955445,-19.884103405210936,0.055072217320576065,0.47278176335980704,0.5,0.04876323666866879,1.2707367796245415,0.23828125,7.038776424263986e-07,0.03125,0.0703125
role,Data2txt,3,2,0.001,4608,2304,128,128,4,True,10,19.047649905910227,8.405751020453467,9.495971572585068,-1.0902205521316015,-15.956793618031625,-18.089213328664155,0.04701796431511152,0.5550641087122758,0.5,0.048763236668668795,1.3121443127948267,0.2421875,4.289574463648891e-07,0.03125,0.046875
role,Data2txt,3,3,1e-06,4608,2304,128,128,4,True,9,9.3013882969818,8.219256138016785,8.61058709765712,-0.39133095964033676,-15.08007683936377,-15.581016918307098,0.06990249178864094,0.30189063358867196,0.3333333333333333,0.02869290400527601,0.8894011346027891,0.21875,7.381061347748238e-06,0.0234375,0.078125
role,Data2txt,3,3,0.0001,4608,2304,128,128,4,True,10,10.742868744557327,6.964232571488068,7.467885100292628,-0.5036525288045601,-13.180794665196848,-13.974817634236281,0.05307578788123621,0.2683672774891914,0.3333333333333333,0.02869290400527603,0.8921514034792302,0.16796875,0.001261290693128525,0.0,0.0625
role,Data2txt,3,3,0.001,4608,2304,128,128,4,True,9,12.52429483019669,6.339052784218524,6.97422293968653,-0.6351701554680067,-12.171872189560105,-13.276700320594568,0.04112469888794766,0.31179486600808765,0.3333333333333333,0.028692904005276024,0.915971315517454,0.09765625,0.16284637793210843,0.0,0.03125
role,Data2txt,3,4,1e-06,4608,2304,128,128,4,True,11,9.006018958962743,7.096990719620484,7.462958982063297,-0.3659682624428128,-14.989900590162273,-15.261594012707576,0.08730126985100886,0.3869955646263627,0.3333333333333333,0.012142427937697787,0.5302092628128403,0.31640625,6.83543823843095e-12,0.03125,0.15625
role,Data2txt,3,4,0.0001,4608,2304,128,128,4,True,10,10.343198243908637,5.973421775973326,6.445190734184022,-0.47176895821069625,-12.649680397475775,-13.156620072274968,0.076202501499786,0.4360025262058596,0.3333333333333333,0.012142427937697792,0.5317590491001856,0.2265625,2.9565885080962975e-06,0.0,0.1171875
role,Data2txt,3,4,0.001,4608,2304,128,128,4,True,10,12.072172542337979,5.405045315412133,5.974668768314026,-0.5696234529018926,-11.518950337203187,-12.229251973169344,0.07006760867099132,0.4975170141307919,0.3333333333333333,0.012142427937697788,0.5454850317377343,0.1796875,0.0004354569877453,0.03125,0.0546875
role,Data2txt,3,5,1e-06,4608,2304,128,128,4,True,9,7.037925478954505,6.52388481543786,6.778202852351653,-0.2543180369137923,-13.787481291171762,-14.40018946438309,0.0999921931518887,0.2620133681379814,0.3333333333333333,0.04168865562878825,0.3534618673824035,0.23828125,7.038776424263986e-07,0.015625,0.0859375
role,Data2txt,3,5,0.0001,4608,2304,128,128,4,True,9,8.060116036285125,5.581353043033098,5.971024688719277,-0.38967164568617896,-11.700796480508206,-12.58713878171639,0.08740412069129616,0.32029963136306666,0.3333333333333333,0.041688655628788276,0.35525723449370844,0.12109375,0.04295704754590679,0.015625,0.046875
role,Data2txt,3,5,0.001,4608,2304,128,128,4,True,9,9.287803714690856,5.129042325543551,5.654584358927116,-0.5255420333835651,-10.680371668532661,-11.83164764543317,0.07881246795465682,0.39215050786059275,0.3333333333333333,0.041688655628788256,0.3712140075280538,0.10546875,0.1078240411546818,0.0234375,0.046875
role,Data2txt,3,6,1e-06,4608,2304,128,128,4,True,10,6.428758772919425,4.637678564542311,4.629220824734852,0.00845773980745878,-10.344357042663361,-10.636045692141774,0.13630745258499988,0.45149185750750276,0.16666666666666666,0.029288683152800237,0.48079217512523476,0.26171875,3.1743788057539135e-08,0.03125,0.1015625
role,Data2txt,3,6,0.0001,4608,2304,128,128,4,True,9,7.52570617272773,4.29028812197615,4.429146621818539,-0.13885849984238907,-9.295107304186079,-9.82343156111636,0.10265725508136957,0.3584064195564684,0.16666666666666666,0.029288683152800237,0.48177831064369314,0.17578125,0.0006257967777605344,0.03125,0.1015625
role,Data2txt,3,6,0.001,4608,2304,128,128,4,True,9,8.726394709184603,4.142544043199004,4.400815979227627,-0.2582719360286223,-8.839300568778429,-9.580563946421616,0.07848464361681218,0.34180193754178534,0.16666666666666666,0.02928868315280024,0.49059445341682806,0.09375,0.19772455806067113,0.015625,0.0546875
role,Data2txt,3,7,1e-06,4608,2304,128,128,4,True,10,5.92615576758544,4.527166348536107,4.781151637929088,-0.2539852893929819,-8.278883995731405,-8.57656360056094,0.13159707232201875,0.5255349811192006,0.3333333333333333,0.020104263335243257,0.6527574103005751,0.1484375,0.006313488560237168,0.0,0.015625
role,Data2txt,3,7,0.0001,4608,2304,128,128,4,True,11,6.8356835268818585,4.116093112659141,4.552239957198079,-0.43614684453893765,-7.744537260885867,-8.386564722668457,0.11126829362975933,0.44102356891558575,0.3333333333333333,0.020104263335243247,0.6541890017094318,0.09765625,0.16284637793210843,0.0,0.0234375
role,Data2txt,3,7,0.001,4608,2304,128,128,4,True,10,7.7047319261172085,3.940923757992695,4.501526101958412,-0.5606023439657167,-7.518455894841005,-8.394286310027127,0.09819056853004265,0.4123641944924901,0.3333333333333333,0.02010426333524325,0.6669566624296668,0.125,0.03345596830001085,0.0,0.015625
role,Data2txt,3,8,1e-06,4608,2304,128,128,4,True,9,6.324316757758407,5.413754614160058,5.480952782283688,-0.06719816812363016,-9.83885813747937,-9.844760066581703,0.08363518183231977,0.42300710348491183,0.16666666666666666,0.02236451806225017,0.15473871200078243,0.2734375,6.005467433544062e-09,0.0,0.0625
role,Data2txt,3,8,0.0001,4608,2304,128,128,4,True,10,7.2238705785347195,4.5148704402121655,4.6624636989892,-0.1475932587770345,-8.675893132760336,-8.993352946727729,0.05241385258212913,0.29187955401153604,0.16666666666666666,0.022364518062250167,0.15422034827372888,0.19140625,0.00013970433630997956,0.0,0.09375
role,Data2txt,3,8,0.001,4608,2304,128,128,4,True,10,8.169388152347093,4.109538202339036,4.323652717783435,-0.21411451544439997,-8.152693375967537,-8.699147243885804,0.030192562669108143,0.2222585523072656,0.16666666666666666,0.022364518062250163,0.14957296803799214,0.12109375,0.04295704754590679,0.0,0.0703125
role,Data2txt,3,9,1e-06,4608,2304,128,128,4,True,10,5.74739218718919,5.66821621907656,5.858901269266159,-0.19068505018959941,-10.609167353271786,-10.468088998417485,0.11045443104520669,0.5693315582052793,0.16666666666666666,0.020263946501931574,0.7235200762015755,0.1953125,9.40842686753401e-05,0.015625,0.0703125
role,Data2txt,3,9,0.0001,4608,2304,128,128,4,True,10,6.490865194515819,4.84184725287881,5.189548465913733,-0.34770121303492285,-9.296934799216395,-9.500686788016429,0.0888601572901012,0.4701654493613165,0.16666666666666666,0.020263946501931564,0.7255263302096876,0.13671875,0.015066349402464208,0.015625,0.0859375
role,Data2txt,3,9,0.001,4608,2304,128,128,4,True,9,7.306558669434622,4.432075295806113,4.926823077551218,-0.49474778174510303,-8.586735374212198,-9.136087045152165,0.07520532334590702,0.4186845649411265,0.16666666666666666,0.020263946501931574,0.7433006270762328,0.1484375,0.006313488560237168,0.015625,0.0625
role,Data2txt,3,10,1e-06,4608,2304,128,128,4,True,11,5.338536727591762,6.128427576814384,6.4292129176121335,-0.30078534079774844,-12.239774360071769,-12.964328002328463,0.13867159717632854,0.6401075190850544,0.16666666666666666,0.03900454944683132,0.33215724685881537,0.2578125,5.435300936256329e-08,0.03125,0.1484375
role,Data2txt,3,10,0.0001,4608,2304,128,128,4,True,10,6.024170746822572,4.986496282658745,5.42904430537412,-0.4425480227153752,-9.866907690994388,-10.856667668273037,0.11470770481098004,0.5255485472223536,0.16666666666666666,0.03900454944683133,0.33242177884738744,0.1953125,9.40842686753401e-05,0.0,0.1328125
role,Data2txt,3,10,0.001,4608,2304,128,128,4,True,9,6.8412431751825045,4.468740675844484,5.000002721778497,-0.5312620459340116,-8.75096283798485,-9.927459265308865,0.09616370160215568,0.45216159075764983,0.16666666666666666,0.0390045494468313,0.33494052974882765,0.1484375,0.006313488560237168,0.0234375,0.0859375
role,Data2txt,3,11,1e-06,4608,2304,128,128,4,True,10,5.7437175221592955,4.398769947732011,4.59500998769526,-0.19624003996325007,-8.110871817962177,-8.39979546952776,0.16102936583755303,0.3712282196812345,0.3333333333333333,0.022815358466632123,0.8161734897742219,0.13671875,0.015066349402464208,0.0,0.015625
role,Data2txt,3,11,0.0001,4608,2304,128,128,4,True,10,6.4780234521638675,4.016173947862233,4.383641852627878,-0.36746790476564506,-7.6726229151463174,-8.33967801340281,0.14270150806204981,0.3419562331897201,0.3333333333333333,0.02281535846663213,0.8178696568840158,0.07421875,0.45922957502265127,0.0,0.0234375
role,Data2txt,3,11,0.001,4608,2304,128,128,4,True,9,7.14598602608643,3.820889344112911,4.338376425217136,-0.5174870811042258,-7.430308284519889,-8.387168448274707,0.13162817827253484,0.34702035999010533,0.3333333333333333,0.02281535846663213,0.8329076568031132,0.0859375,0.2843716565254909,0.0078125,0.03125
role,Data2txt,3,12,1e-06,4608,2304,128,128,4,True,9,5.410800803322187,2.7428100910759303,2.692796164095719,0.05001392698021147,-5.352186981975082,-5.183498166759412,0.08470243505040684,0.4797902728375535,0.0,0.0,0.41304343061358856,0.171875,0.0008920470081351661,0.0234375,0.046875
role,Data2txt,3,12,0.0001,4608,2304,128,128,4,True,8,5.931229619407889,2.6995331895649253,2.8278612843916164,-0.12832809482669105,-5.3523893409582435,-5.573494812221399,0.05631612634816599,0.456417121268646,0.0,0.0,0.4128088516690073,0.140625,0.011365189018294308,0.046875,0.0546875
role,Data2txt,3,12,0.001,4608,2304,128,128,4,True,8,6.338951896965245,2.6886978120172613,2.9374679128516687,-0.24877010083440695,-5.358263746308127,-5.806879196030266,0.043462751910383526,0.44784865276480407,0.0,0.0,0.41069198931819406,0.15234375,0.004649248065287104,0.046875,0.046875
role,Data2txt,3,13,1e-06,4608,2304,128,128,4,True,11,7.655357998202632,6.124269979248934,6.430804494208103,-0.3065345149591687,-12.157288049787205,-12.590532863330388,0.10082346087838864,0.6760296146527937,0.16666666666666666,0.04641156258597145,0.41573183274101827,0.23046875,1.847888979619762e-06,0.078125,0.140625
role,Data2txt,3,13,0.0001,4608,2304,128,128,4,True,9,8.699041040550263,5.108397663682052,5.594750073670911,-0.4863524099888582,-10.464303386529043,-11.290718893741053,0.07661932192416131,0.5905655304350281,0.16666666666666666,0.04641156258597143,0.41490694068208916,0.16796875,0.001261290693128525,0.0703125,0.1015625
role,Data2txt,3,13,0.001,4608,2304,128,128,4,True,8,9.875055301996031,4.639013306181221,5.26241020490216,-0.6233968987209384,-9.644867560212028,-10.739817958610224,0.0584893358205173,0.5420329110931396,0.16666666666666666,0.04641156258597145,0.40759592714242593,0.0859375,0.2843716565254909,0.0625,0.1171875
role,Data2txt,3,14,1e-06,4608,2304,128,128,4,True,11,5.151344889106346,6.084028115932101,6.389027351308849,-0.3049992353767487,-10.66942439902559,-11.034461034127805,0.09780503087968684,0.8080510885345417,0.16666666666666666,0.015178023297241503,0.46350083374775525,0.27734375,3.3884305330612322e-09,0.0625,0.109375
role,Data2txt,3,14,0.0001,4608,2304,128,128,4,True,9,5.7744550132428145,4.88506830505242,5.357815007119424,-0.47274670206700314,-8.927521590619797,-9.616692094086456,0.07671302680992459,0.7019204271261192,0.16666666666666666,0.015178023297241501,0.4639367118656727,0.16796875,0.001261290693128525,0.0390625,0.109375
role,Data2txt,3,14,0.001,4608,2304,128,128,4,True,9,6.451732810196408,4.336524088430411,4.910352462786303,-0.5738283743558916,-8.11414589465625,-9.044005711396078,0.06341136773493361,0.633232169135069,0.16666666666666666,0.015178023297241492,0.4679317525033431,0.1484375,0.006313488560237168,0.0234375,0.09375
role,Data2txt,3,15,1e-06,4608,2304,128,128,4,True,9,3.840258278341839,5.422077743875537,6.016552509465951,-0.594474765590413,-10.308439331409145,-11.332757418033808,0.2101604180566541,0.6857013514527611,0.16666666666666666,0.06722254525880866,0.563254928241174,0.25,1.553142566968138e-07,0.0859375,0.21875
role,Data2txt,3,15,0.0001,4608,2304,128,128,4,True,8,4.3022709825466805,4.3468895903377405,5.072360163300146,-0.7254705729624051,-8.582241177943057,-9.920285685394461,0.18111052071733252,0.642508743569635,0.16666666666666666,0.06722254525880866,0.5629801104673579,0.19921875,6.28426475199267e-05,0.0546875,0.1640625
role,Data2txt,3,15,0.001,4608,2304,128,128,4,True,9,4.808397405493327,3.7944591440692665,4.621384980937176,-0.8269258368679094,-7.695860530250969,-9.292914991983114,0.1609903408677703,0.6229656968943685,0.16666666666666666,0.06722254525880864,0.5605311429932007,0.1875,0.00020575038655746867,0.0703125,0.1484375
role,Data2txt,3,16,1e-06,4608,2304,128,128,4,True,8,4.519911959735433,5.049678758152125,5.672073649141099,-0.6223948909889738,-13.771663306385431,-14.908737601360404,0.2259755921188381,0.7869752581174343,0.0,0.0,0.8221151803526012,0.328125,8.924716016110725e-13,0.109375,0.2109375
role,Data2txt,3,16,0.0001,4608,2304,128,128,4,True,9,5.075597663969425,4.141120833738748,4.939354792488409,-0.7982339587496611,-10.803629554083024,-12.313139979653414,0.19427704453000566,0.7419087050866264,0.0,0.0,0.8217811601786127,0.20703125,2.7352006658291592e-05,0.1015625,0.1953125
role,Data2txt,3,16,0.001,4608,2304,128,128,4,True,9,5.757594868582967,3.7027404526784875,4.593181967618124,-0.8904415149396359,-9.293585039043354,-11.029552031240204,0.16893774526204802,0.7151737943291617,0.0,0.0,0.8187803349758854,0.234375,1.1452873919607316e-06,0.1328125,0.2265625
role,Data2txt,3,17,1e-06,4608,2304,128,128,4,True,11,5.551193802151518,6.482358609885843,6.95139648534127,-0.4690378754554276,-11.556706786395246,-12.414103527203322,0.09936403483178613,0.6939684699001938,0.3333333333333333,0.03817331454736475,0.5680311549812429,0.2734375,6.005467433544062e-09,0.0390625,0.1484375
role,Data2txt,3,17,0.0001,4608,2304,128,128,4,True,9,6.3005906595370815,5.242342944785557,5.839625864996902,-0.5972829202113468,-9.829074554754454,-10.992414732548475,0.07511977947898722,0.6017181551567325,0.3333333333333333,0.03817331454736474,0.5675395989503407,0.23828125,7.038776424263986e-07,0.015625,0.078125
role,Data2txt,3,17,0.001,4608,2304,128,128,4,True,8,7.156782803688947,4.662670805105439,5.355953480618391,-0.6932826755129524,-8.960670015559586,-10.350813246569233,0.05797065859658626,0.5496273041205494,0.3333333333333333,0.038173314547364764,0.5631620290293464,0.15234375,0.004649248065287104,0.015625,0.078125
role,Data2txt,3,18,1e-06,4608,2304,128,128,4,True,9,6.92463302725902,8.526662529432018,9.102225320666104,-0.5755627912340866,-18.242856711877238,-19.980696685969676,0.07737700201304692,0.6061360034748556,0.16666666666666666,0.053811126530743096,0.4466915687688661,0.20703125,2.7352006658291592e-05,0.0625,0.140625
role,Data2txt,3,18,0.0001,4608,2304,128,128,4,True,9,7.723697841078823,6.703146432101811,7.379008709468819,-0.6758622773670089,-14.191240531355799,-16.18279281917582,0.05719718446554464,0.5715693265888904,0.16666666666666666,0.05381112653074308,0.4462527079673559,0.1796875,0.0004354569877453,0.0859375,0.1328125
role,Data2txt,3,18,0.001,4608,2304,128,128,4,True,10,8.8096067391745,5.786918724797674,6.547576410374815,-0.7606576855771405,-12.123067980443825,-14.355848373549122,0.04444233458649439,0.5603629558898411,0.16666666666666666,0.05381112653074311,0.44260081646302407,0.1328125,0.019813663257872594,0.0703125,0.125
role,Data2txt,3,19,1e-06,4608,2304,128,128,4,True,9,8.745067670501964,9.250554047624364,10.103007719063825,-0.8524536714394597,-20.38208505209561,-22.431385137422673,0.06781886851784086,0.5932532056523686,0.5,0.1417648988361327,0.46937116659985695,0.2734375,6.005467433544062e-09,0.1015625,0.171875
role,Data2txt,3,19,0.0001,4608,2304,128,128,4,True,10,9.692910354976483,7.227599224669338,8.189928447723185,-0.9623292230538472,-15.594864793946348,-17.902955055894825,0.05474115929248369,0.5998659533198052,0.5,0.14176489883613275,0.46920732107977703,0.22265625,4.6910366522335245e-06,0.046875,0.1640625
role,Data2txt,3,19,0.001,4608,2304,128,128,4,True,10,11.013638711336679,6.20634042297641,7.2954960106277005,-1.0891555876512906,-13.241517210648272,-15.752387616758028,0.04357291772733631,0.6177284835034209,0.5,0.14176489883613272,0.46802150625897687,0.19921875,6.28426475199267e-05,0.09375,0.1640625
role,Data2txt,3,20,1e-06,4608,2304,128,128,4,True,9,10.0575686877083,9.349486018776691,10.42320221497726,-1.073716196200568,-20.90262796725603,-22.56736544712533,0.08711071791875254,0.73156706021405,0.3333333333333333,0.038648577675694164,0.6194494756205955,0.30078125,9.098922052950389e-11,0.109375,0.2265625
role,Data2txt,3,20,0.0001,4608,2304,128,128,4,True,9,11.2224668706071,7.132383845045595,8.295033530569455,-1.1626496855238584,-15.990981926859241,-17.90824547761784,0.07308558177305532,0.7341190990462049,0.3333333333333333,0.03864857767569415,0.6184202420678664,0.20703125,2.7352006658291592e-05,0.078125,0.171875
role,Data2txt,3,20,0.001,4608,2304,128,128,4,True,9,12.948503238133567,6.009759467636945,7.221165635873289,-1.2114061682363442,-13.562855828105771,-15.756061749114645,0.06070041800657896,0.7451641394858761,0.3333333333333333,0.03864857767569417,0.6093210446576848,0.22265625,4.6910366522335245e-06,0.125,0.15625
role,Data2txt,3,21,1e-06,4608,2304,128,128,4,True,10,5.392092469792143,8.189797745920284,8.688187592191213,-0.4983898462709293,-16.782569668155105,-18.42915327337046,0.11711724853306368,0.7652855469211225,0.16666666666666666,0.0933877273174941,0.3975708233992644,0.2578125,5.435300936256329e-08,0.03125,0.15625
role,Data2txt,3,21,0.0001,4608,2304,128,128,4,True,9,6.016986957982037,6.377425993256041,7.005821086261886,-0.6283950930058441,-12.777270574422538,-14.703526467716161,0.09699738758420193,0.6457201263042593,0.16666666666666666,0.09338772731749406,0.39705257921093423,0.21875,7.381061347748238e-06,0.0703125,0.1640625
role,Data2txt,3,21,0.001,4608,2304,128,128,4,True,8,6.87456120263565,5.466786595029136,6.175575179690391,-0.7087885846612556,-10.772527078709519,-12.882501399080834,0.08102900438545502,0.5482731481340433,0.16666666666666666,0.0933877273174941,0.39241770483787675,0.19140625,0.00013970433630997956,0.046875,0.0859375
role,Data2txt,3,22,1e-06,4608,2304,128,128,4,True,9,10.596879762826255,9.832367143533745,10.556762105751694,-0.7243949622179494,-18.595529074864316,-19.686911805862078,0.05643541559491687,0.5221070631357968,0.3333333333333333,0.06781233465870518,0.5247702710266763,0.39453125,1.795398555331546e-18,0.0234375,0.1484375
role,Data2txt,3,22,0.0001,4608,2304,128,128,4,True,9,11.967379883223384,7.706267305886186,8.55485092247638,-0.8485836165901944,-14.884129961442017,-16.270981367956068,0.04346127722693627,0.4872796234357374,0.3333333333333333,0.06781233465870515,0.526178925775562,0.26953125,1.0551926983948056e-08,0.0546875,0.1015625
role,Data2txt,3,22,0.001,4608,2304,128,128,4,True,9,13.88712211893787,6.656985115004278,7.5946905492949135,-0.9377054342906365,-13.040989478742663,-14.677416246049116,0.03298415830637358,0.4864041947784868,0.3333333333333333,0.06781233465870519,0.5390385396107436,0.19921875,6.28426475199267e-05,0.0546875,0.1015625
role,Data2txt,3,23,1e-06,4608,2304,128,128,4,True,11,7.684829633526635,10.38890279682893,11.158403691680713,-0.7695008948517805,-18.843629631952734,-20.861957316231504,0.1358864775500403,0.8882261846946492,0.16666666666666666,0.033398067951506044,0.8519247084563948,0.37890625,5.0342822933606634e-17,0.0390625,0.09375
role,Data2txt,3,23,0.0001,4608,2304,128,128,4,True,10,8.564398952545952,8.099992686834431,8.937262885071585,-0.8372701982371538,-14.738239129620935,-17.12021944217647,0.1206103279914948,0.7784064254726634,0.16666666666666666,0.03339806795150602,0.8504911466551351,0.31640625,6.83543823843095e-12,0.03125,0.078125
role,Data2txt,3,23,0.001,4608,2304,128,128,4,True,10,9.736501340055709,6.952509205729699,7.885452025249259,-0.9329428195195597,-12.697384798615932,-15.368077719112103,0.10768432594165896,0.6912736449181413,0.16666666666666666,0.03339806795150603,0.8377577917352791,0.28125,1.895287375668482e-09,0.015625,0.046875
role,Data2txt,3,24,1e-06,4608,2304,128,128,4,True,8,10.85329701960516,10.914371809133561,11.699063790410156,-0.7846919812765978,-21.2287225522439,-22.42831701277335,0.09368239711376909,0.763721441404724,0.16666666666666666,0.04279728971399487,0.6166187272383392,0.30859375,2.538865745522775e-11,0.0859375,0.1328125
role,Data2txt,3,24,0.0001,4608,2304,128,128,4,True,10,12.206464334943185,8.507021933173945,9.404335822005569,-0.897313888831623,-16.690668627660127,-18.176510245850753,0.08231926480745197,0.7363252471030935,0.16666666666666666,0.04279728971399488,0.6166964502686071,0.29296875,3.1472328013771007e-10,0.0390625,0.09375
role,Data2txt,3,24,0.001,4608,2304,128,128,4,True,10,14.241810622836397,7.272328303554216,8.30942517947155,-1.037096875917332,-14.33721159401361,-16.12568800294303,0.07314856771089148,0.7265704896854305,0.16666666666666666,0.04279728971399487,0.618013014193885,0.2890625,5.776341456120769e-10,0.0625,0.0859375
role,Data2txt,3,25,1e-06,4608,2304,128,128,4,True,12,8.419734270576331,11.721332247384867,12.646232574024726,-0.9249003266398592,-19.622031853548407,-20.89100384193666,0.1190501036321537,0.894326171964658,0.16666666666666666,0.08200934698728607,0.6286368648351155,0.48828125,1.1888686409832877e-28,0.046875,0.09375
role,Data2txt,3,25,0.0001,4608,2304,128,128,4,True,10,9.583337472375527,9.019130617338437,10.059074545946523,-1.039943928608083,-15.607900565082538,-17.19731661227417,0.10424692022860944,0.7748454581105431,0.16666666666666666,0.08200934698728615,0.6291660640552508,0.38671875,9.694174955308428e-18,0.0390625,0.09375
role,Data2txt,3,25,0.001,4608,2304,128,128,4,True,10,11.291746300948278,7.628941799120871,8.792946678253406,-1.1640048791325364,-13.491375538128308,-15.424677037038174,0.09252108460633462,0.6909097188385406,0.16666666666666666,0.08200934698728612,0.6346298545677683,0.375,1.130724758563229e-16,0.0625,0.0859375
role,Data2txt,3,26,1e-06,4608,2304,128,128,4,True,10,7.562659905373533,9.538454282658847,10.156054109429924,-0.6175998267710769,-18.27914011153987,-20.215055378588033,0.08043571327286614,0.6831164474558455,0.3333333333333333,0.10391451009917413,0.7647492000645413,0.31640625,6.83543823843095e-12,0.0625,0.1875
role,Data2txt,3,26,0.0001,4608,2304,128,128,4,True,9,8.472937923911136,7.4047254000585525,8.10334151531273,-0.6986161152541767,-14.288716980908344,-16.617541928639863,0.07026188858052256,0.648831830146133,0.3333333333333333,0.10391451009917413,0.7639491344912637,0.22265625,4.6910366522335245e-06,0.0234375,0.125
role,Data2txt,3,26,0.001,4608,2304,128,128,4,True,10,9.784174861634767,6.321751636442643,7.026735004144692,-0.7049833677020481,-12.229723129937307,-14.857852225509166,0.06713794276579668,0.626487822583364,0.3333333333333333,0.1039145100991741,0.7568248698811662,0.25390625,9.227219252368915e-08,0.1015625,0.125
role,Data2txt,3,27,1e-06,4608,2304,128,128,4,True,10,7.893511262712201,8.668955603435482,9.200497902539514,-0.5315422991040325,-18.32726288003922,-19.9294566909181,0.1276235082609149,0.768025893297201,0.5,0.06986552822804455,0.7312099053273021,0.234375,1.1452873919607316e-06,0.0625,0.15625
role,Data2txt,3,27,0.0001,4608,2304,128,128,4,True,9,8.858188175010183,6.980412497174079,7.652075917577142,-0.671663420403065,-14.237421883576655,-16.13541831848325,0.11197551123867186,0.7080424920098443,0.5,0.06986552822804452,0.7304498306965016,0.22265625,4.6910366522335245e-06,0.03125,0.1015625
role,Data2txt,3,27,0.001,4608,2304,128,128,4,True,9,10.235369066992831,6.166314376764982,6.927749047309918,-0.7614346705449364,-12.217246709900657,-14.339859556228085,0.09898710183187959,0.6709651050428974,0.5,0.06986552822804455,0.723738596063991,0.1484375,0.006313488560237168,0.0703125,0.1171875
role,Data2txt,3,28,1e-06,4608,2304,128,128,4,True,8,5.327351777756721,4.754881522451918,4.9420489630117075,-0.18716744055979018,-10.03466180310603,-10.35737909768531,0.10980771214861915,0.5999970478217831,0.3333333333333333,0.08124130260070528,0.5856429939219994,0.21484375,1.1517275704865574e-05,0.046875,0.15625
role,Data2txt,3,28,0.0001,4608,2304,128,128,4,True,9,6.007818885867735,4.171267125653604,4.539923868339368,-0.36865674268576465,-8.677636457658572,-9.35304029549433,0.08486902893077417,0.5509073112771029,0.3333333333333333,0.08124130260070528,0.5853623800640751,0.18359375,0.00030054999002206975,0.09375,0.15625
role,Data2txt,3,28,0.001,4608,2304,128,128,4,True,9,6.74116661777922,3.9031341978389293,4.406009146812262,-0.5028749489733322,-8.03801175989835,-9.044862655409462,0.06809235273338146,0.5324877033658751,0.3333333333333333,0.08124130260070532,0.58284920074812,0.13671875,0.015066349402464208,0.0546875,0.1484375
role,Data2txt,3,29,1e-06,4608,2304,128,128,4,True,8,6.268843810865282,8.949962517476223,9.876497773911915,-0.9265352564356895,-17.902750711227846,-19.590430372929717,0.08340744228855099,0.6649324107199462,0.3333333333333333,0.06864199970969123,1.0062762742988483,0.35546875,5.601551930573579e-15,0.1015625,0.171875
role,Data2txt,3,29,0.0001,4608,2304,128,128,4,True,9,6.951714631004387,6.864837188411554,7.877819203641683,-1.0129820152301283,-13.83336779547695,-15.778192737885947,0.07077669402140152,0.6573648985131336,0.3333333333333333,0.06864199970969122,1.0057359362508076,0.2578125,5.435300936256329e-08,0.1015625,0.171875
role,Data2txt,3,29,0.001,4608,2304,128,128,4,True,9,7.862883264457344,5.81878073163458,6.885545929351355,-1.0667651977167734,-11.823316073398278,-13.97399913100153,0.0599517012607933,0.6598374891345272,0.3333333333333333,0.06864199970969127,1.0009007713560172,0.25390625,9.227219252368915e-08,0.0546875,0.1796875
role,Data2txt,3,30,1e-06,4608,2304,128,128,4,True,9,4.771207233539966,4.856553258872278,5.326074709078079,-0.4695214502057998,-9.556952756917365,-10.239219276136026,0.17380678157552942,0.7010058531105479,0.3333333333333333,0.06085892350112407,0.9323115290326857,0.203125,4.163077668109129e-05,0.078125,0.15625
role,Data2txt,3,30,0.0001,4608,2304,128,128,4,True,8,5.3732974024210876,4.100362348654497,4.726767224903999,-0.6264048762495011,-8.01566138437796,-9.037460037744506,0.14667607937379307,0.6493313378639638,0.3333333333333333,0.06085892350112411,0.9320333716634337,0.1875,0.00020575038655746867,0.078125,0.1640625
role,Data2txt,3,30,0.001,4608,2304,128,128,4,True,9,6.052434374551894,3.7174260851624363,4.4595016918525765,-0.7420756066901403,-7.295879408645009,-8.533880909621661,0.1281101124483818,0.6228577487097515,0.3333333333333333,0.06085892350112406,0.9295310789027271,0.17578125,0.0006257967777605344,0.0859375,0.140625
role,Data2txt,3,31,1e-06,4608,2304,128,128,4,True,8,2.3076739910607795,4.989247733147295,4.9935805541692195,-0.004332821021924633,-10.313466599321885,-10.429930643909934,0.2722240140541531,0.8030865091899717,0.3333333333333333,0.03395709976648511,0.9542990629060316,0.2265625,2.9565885080962975e-06,0.0,0.015625
role,Data2txt,3,31,0.0001,4608,2304,128,128,4,True,8,2.950051031932211,4.061056826952439,4.533556049272498,-0.47249922232005825,-8.260466440136764,-9.202920364752849,0.18034578683207353,0.643560013709342,0.3333333333333333,0.03395709976648516,0.9541659550311938,0.1484375,0.006313488560237168,0.0078125,0.015625
role,Data2txt,3,31,0.001,4608,2304,128,128,4,True,8,3.5811879158534166,3.6203589317592177,4.374967731970385,-0.7546088002111673,-7.306303447422784,-8.792099486307189,0.14225101424149467,0.581715756190555,0.3333333333333333,0.03395709976648513,0.9529724627759353,0.09765625,0.16284637793210843,0.0234375,0.046875
role,Data2txt,4,0,1e-06,9216,4608,128,128,4,True,10,2.0904570758843573,5.145442036605422,5.408702857702492,-0.2632608210970701,-10.07338369839433,-10.422806283439844,0.1664543214496999,0.4438872308695281,0.16666666666666666,0.05570894996805615,0.8637991312308199,0.15234375,0.004649248065287104,0.0,0.0625
role,Data2txt,4,0,0.0001,9216,4608,128,128,4,True,9,2.5946216638155843,4.238137350884405,4.894482319987867,-0.6563449691034631,-8.122114074854245,-9.508710468004509,0.1449786353729956,0.36284106090284374,0.16666666666666666,0.05570894996805614,0.8653589643066422,0.09765625,0.16284637793210843,0.0,0.015625
role,Data2txt,4,0,0.001,9216,4608,128,128,4,True,10,3.0725073716811613,3.693185650571995,4.520390197716861,-0.8272045471448664,-7.0665830385563275,-8.907736448903723,0.13741349108879503,0.34938361832386383,0.16666666666666666,0.05570894996805617,0.8791732628945643,0.13671875,0.015066349402464208,0.0,0.0078125
role,Data2txt,4,1,1e-06,9216,4608,128,128,4,True,9,4.985341146029397,5.540848329877361,5.830736327277866,-0.2898879974005041,-12.118540237946682,-12.81231831791218,0.15725812481751367,0.6384822931064748,0.0,0.0,1.1054973033687483,0.1953125,9.40842686753401e-05,0.0078125,0.0703125
role,Data2txt,4,1,0.0001,9216,4608,128,128,4,True,9,5.728375225049726,4.97164495258808,5.396327495328961,-0.424682542740881,-10.51714993588907,-11.446122676436374,0.12673655443797904,0.5503582188897937,0.0,0.0,1.1071788107372307,0.109375,0.0866920605943059,0.015625,0.0625
role,Data2txt,4,1,0.001,9216,4608,128,128,4,True,9,6.584099302731733,4.664957565154772,5.232452142292159,-0.5674945771373867,-9.664120551738936,-10.849990405577541,0.10771575044020469,0.5143284276056616,0.0,0.0,1.1219041579383333,0.08203125,0.3367011529688867,0.015625,0.046875
role,Data2txt,4,2,1e-06,9216,4608,128,128,4,True,11,11.776464959469353,11.636437882008309,12.055827257385557,-0.4193893753772475,-22.21614794548363,-23.422657487557636,0.07083427221368241,0.5300490815043613,0.5,0.07837808768456948,1.2823139969382533,0.234375,1.1452873919607316e-06,0.0234375,0.0703125
role,Data2txt,4,2,0.0001,9216,4608,128,128,4,True,10,13.78699629643086,9.41965280006295,10.235413610235268,-0.815760810172317,-18.19665737340148,-19.98449915709787,0.0599257846503957,0.5357406426555029,0.5,0.07837808768456943,1.2880177249547926,0.1796875,0.0004354569877453,0.0234375,0.0546875
role,Data2txt,4,2,0.001,9216,4608,128,128,4,True,10,16.71867308595792,8.164755405761987,9.299085377800589,-1.1343299720386026,-15.889052833170634,-18.343966898746324,0.05168206244100504,0.5743741944502421,0.5,0.07837808768456948,1.3328380742252994,0.171875,0.0008920470081351661,0.0390625,0.078125
role,Data2txt,4,3,1e-06,9216,4608,128,128,4,True,9,10.464579052723787,7.581298952942204,7.714463467300055,-0.1331645143578516,-16.776601574684094,-17.56665438530588,0.0813091085861076,0.4567128500077544,0.5,0.07574541134470664,0.45991013529007946,0.203125,4.163077668109129e-05,0.015625,0.09375
role,Data2txt,4,3,0.0001,9216,4608,128,128,4,True,10,12.002398226806934,6.766823681002845,7.03734543688164,-0.270521755878795,-14.239520205421735,-15.303264490086733,0.0665081147507914,0.39112768372915235,0.5,0.0757454113447066,0.4621375454151336,0.125,0.03345596830001085,0.03125,0.0703125
role,Data2txt,4,3,0.001,9216,4608,128,128,4,True,10,13.969907684752117,6.362266627584484,6.795504158210923,-0.4332375306264386,-12.981925791087676,-14.33687737260555,0.05502841232628668,0.38612172693117564,0.5,0.07574541134470666,0.48181121200413907,0.08203125,0.3367011529688867,0.03125,0.1015625
role,Data2txt,4,4,1e-06,9216,4608,128,128,4,True,9,7.039286321476462,7.1304499673540125,7.448938554578799,-0.3184885872247859,-12.473271336484931,-13.022658940628684,0.10820508072825383,0.5669618449058267,0.3333333333333333,0.03909286153065901,0.2808264049303717,0.2265625,2.9565885080962975e-06,0.0,0.0625
role,Data2txt,4,4,0.0001,9216,4608,128,128,4,True,9,8.166351595240101,6.09480596125659,6.503311623232253,-0.40850566197566374,-10.923442329717158,-11.724034044709835,0.08555080010833163,0.3902476342992736,0.3333333333333333,0.03909286153065898,0.2810097447211952,0.1796875,0.0004354569877453,0.0,0.0859375
role,Data2txt,4,4,0.001,9216,4608,128,128,4,True,9,9.482371471224237,5.584303863026355,6.055943106177951,-0.4716392431515959,-10.164087498523255,-11.192852991234485,0.06924077821536573,0.28671003004232537,0.3333333333333333,0.039092861530658995,0.2828589881748311,0.12109375,0.04295704754590679,0.0,0.0703125
role,Data2txt,4,5,1e-06,9216,4608,128,128,4,True,9,6.187020967581924,6.783681798802219,7.256084010732926,-0.4724022119307073,-12.826106652121444,-13.45714363184742,0.10919777241123418,0.3986474902407078,0.3333333333333333,0.015719090206637483,1.0573451528299647,0.2421875,4.289574463648891e-07,0.015625,0.09375
role,Data2txt,4,5,0.0001,9216,4608,128,128,4,True,10,7.127455515731615,5.615688561655801,6.2001933048213225,-0.5845047431655197,-10.947540738167266,-11.82857988871037,0.08076155388096178,0.3552608099648482,0.3333333333333333,0.015719090206637507,1.0596020222658686,0.171875,0.0008920470081351661,0.015625,0.0703125
role,Data2txt,4,5,0.001,9216,4608,128,128,4,True,9,8.245454224013148,5.057634390137222,5.753806095686912,-0.696171705549689,-10.008556569489002,-11.163402919442149,0.06288725679284629,0.36932219553015727,0.3333333333333333,0.01571909020663749,1.0792465393130473,0.1171875,0.05471894473064931,0.0234375,0.0625
role,Data2txt,4,6,1e-06,9216,4608,128,128,4,True,11,5.9109476544498705,4.7271821810405745,4.827446480121747,-0.10026429908117299,-9.422948749318433,-9.873099016790006,0.10912524534022972,0.47783954429127534,0.16666666666666666,0.0262253390241724,0.4016940093293894,0.1171875,0.05471894473064931,0.015625,0.0390625
role,Data2txt,4,6,0.0001,9216,4608,128,128,4,True,10,6.910857399915301,4.391396786009672,4.612672133637057,-0.2212753476273848,-8.671240712426581,-9.368578977259721,0.07372408422578236,0.39249071039990197,0.16666666666666666,0.0262253390241724,0.40263369260306764,0.06640625,0.6011607778074717,0.015625,0.0546875
role,Data2txt,4,6,0.001,9216,4608,128,128,4,True,9,7.950182772681477,4.219007099511094,4.546332749024165,-0.3273256495130724,-8.329776341415368,-9.239728723405037,0.06123849723102293,0.3741748029725783,0.16666666666666666,0.0262253390241724,0.4111020825124537,0.09765625,0.16284637793210843,0.0390625,0.0625
role,Data2txt,4,7,1e-06,9216,4608,128,128,4,True,10,5.583143703777722,3.979308302333012,4.150361620429886,-0.17105331809687357,-7.72076245152818,-7.815708787056534,0.13544830622686954,0.526430331621267,0.16666666666666666,0.014175346106831249,0.6880116262017971,0.1640625,0.00176897694134448,0.0,0.0390625
role,Data2txt,4,7,0.0001,9216,4608,128,128,4,True,10,6.500078910256457,3.7681096114792574,4.112066143750372,-0.34395653227111483,-7.378607367478683,-7.817547183009538,0.09557360573319512,0.439847788766931,0.16666666666666666,0.01417534610683124,0.6893666438937691,0.14453125,0.00850482833415378,0.015625,0.0390625
role,Data2txt,4,7,0.001,9216,4608,128,128,4,True,9,7.366155264214998,3.6723395972834307,4.146432043018636,-0.47409244573520526,-7.227675835843947,-7.955405832162832,0.078640362018416,0.4133843302951787,0.16666666666666666,0.014175346106831247,0.7014447806797621,0.140625,0.011365189018294308,0.0078125,0.0390625
role,Data2txt,4,8,1e-06,9216,4608,128,128,4,True,11,5.802693008949712,5.00053115635351,5.036521292009287,-0.03599013565577798,-9.477609435038925,-9.252193855536902,0.11599261407675211,0.48518996140777715,0.16666666666666666,0.03699542068462107,0.28213727263608196,0.1484375,0.006313488560237168,0.03125,0.078125
role,Data2txt,4,8,0.0001,9216,4608,128,128,4,True,10,6.6366384315936156,4.397782834332578,4.597160166327859,-0.19937733199527963,-8.357039515491797,-8.469039720652832,0.09153879718080363,0.3789489380130871,0.16666666666666666,0.03699542068462104,0.2831197018670994,0.12109375,0.04295704754590679,0.0078125,0.0546875
role,Data2txt,4,8,0.001,9216,4608,128,128,4,True,9,7.5340590553339,4.092031177324802,4.447762952072566,-0.35573177474776474,-7.819704280760753,-8.268418096529409,0.07529682269614488,0.33235429076099876,0.16666666666666666,0.03699542068462106,0.29205203772083593,0.17578125,0.0006257967777605344,0.0078125,0.0546875
role,Data2txt,4,9,1e-06,9216,4608,128,128,4,True,10,5.190193600453737,4.991233724542454,4.997461950401202,-0.006228225858747875,-9.659377896981269,-9.76275590279175,0.10974497478526413,0.6233648975489012,0.16666666666666666,0.023653551800336566,0.5315835934257122,0.1484375,0.006313488560237168,0.0,0.046875
role,Data2txt,4,9,0.0001,9216,4608,128,128,4,True,9,5.9192487946023205,4.462001130305838,4.609698994469602,-0.14769786416376274,-8.67633617685929,-9.151435074295513,0.08594556430998443,0.4579436730815941,0.16666666666666666,0.023653551800336566,0.5336394220330011,0.0859375,0.2843716565254909,0.0078125,0.0390625
role,Data2txt,4,9,0.001,9216,4608,128,128,4,True,10,6.686095579081817,4.1753377096374145,4.478952818706715,-0.3036151090693009,-8.099589668098002,-8.9414158176709,0.07359582987652928,0.34815069564996537,0.16666666666666666,0.023653551800336573,0.5519226320252881,0.08984375,0.23811562865354285,0.0078125,0.0390625
role,Data2txt,4,10,1e-06,9216,4608,128,128,4,True,10,4.801332235256941,4.927428173463628,5.2761981548413015,-0.34876998137767434,-9.847850925537756,-10.476297075265057,0.18689826446287447,0.5631126735219217,0.0,0.0,0.32502628514583826,0.1796875,0.0004354569877453,0.0078125,0.0703125
role,Data2txt,4,10,0.0001,9216,4608,128,128,4,True,10,5.440152151863103,4.189235257760256,4.62041420716098,-0.4311789494007239,-8.389729047941366,-9.282382724634227,0.15961415418613725,0.5175237292233131,0.0,0.0,0.32528092418382265,0.1171875,0.05471894473064931,0.0078125,0.0703125
role,Data2txt,4,10,0.001,9216,4608,128,128,4,True,9,6.12770104061246,3.8305301273780934,4.3469299140064805,-0.5163997866283865,-7.692546567238429,-8.769598235001494,0.1401531735369114,0.5044531121883409,0.0,0.0,0.32780316678951105,0.13671875,0.015066349402464208,0.015625,0.0703125
role,Data2txt,4,11,1e-06,9216,4608,128,128,4,True,11,5.235835455676441,3.8092035511676814,4.038683330362556,-0.22947977919487517,-7.643101617132455,-8.058970270110672,0.17720420264246184,0.468810071315002,0.3333333333333333,0.015535306518670187,0.7788771209865641,0.09375,0.19772455806067113,0.015625,0.0859375
role,Data2txt,4,11,0.0001,9216,4608,128,128,4,True,10,6.010836347758501,3.5875254696596315,3.953466236107075,-0.36594076644744333,-7.30801910547289,-8.07513493793029,0.13819489658338222,0.43246294933262497,0.3333333333333333,0.015535306518670185,0.7808150086363657,0.109375,0.0866920605943059,0.015625,0.0234375
role,Data2txt,4,11,0.001,9216,4608,128,128,4,True,11,6.724170566840186,3.4343509548518396,3.9538645067186398,-0.5195135518668004,-7.096734722915727,-8.19152006654905,0.11742118093010222,0.4322179639494833,0.3333333333333333,0.015535306518670189,0.7979790610087735,0.09765625,0.16284637793210843,0.015625,0.046875
role,Data2txt,4,12,1e-06,9216,4608,128,128,4,True,9,5.427197438199802,2.6152251514580405,2.567074215669484,0.048150935788556504,-5.171709985055718,-4.889350494051497,0.1026705642046521,0.4249182053972895,0.0,0.0,0.37411891480697357,0.18359375,0.00030054999002206975,0.0078125,0.0234375
role,Data2txt,4,12,0.0001,9216,4608,128,128,4,True,9,6.022610890238527,2.6580373357674074,2.7861555588774403,-0.12811822311003213,-5.251889029302797,-5.294619730845198,0.07046786002468831,0.36922189388659543,0.0,0.0,0.3738088029889376,0.15625,0.0033962516565197998,0.03125,0.046875
role,Data2txt,4,12,0.001,9216,4608,128,128,4,True,8,6.502298505598214,2.6844563962988133,2.922911474406258,-0.23845507810744443,-5.286950077591285,-5.540256224304107,0.059214309089384534,0.34658546993832845,0.0,0.0,0.3710139440379393,0.13671875,0.015066349402464208,0.03125,0.046875
role,Data2txt,4,13,1e-06,9216,4608,128,128,4,True,11,5.837127852589393,5.584484063362611,5.906504248286286,-0.3220201849236751,-11.912882101112594,-12.41566013840627,0.14340936771495924,0.6979312458085903,0.16666666666666666,0.035339869635493106,0.34170876751032186,0.203125,4.163077668109129e-05,0.046875,0.1015625
role,Data2txt,4,13,0.0001,9216,4608,128,128,4,True,11,6.595896967448186,4.736724863111566,5.2241128737163685,-0.48738801060480214,-9.7604699292914,-10.581335979062587,0.11298871676197624,0.5839050217538704,0.16666666666666666,0.035339869635493085,0.3408502253016457,0.15234375,0.004649248065287104,0.046875,0.1015625
role,Data2txt,4,13,0.001,9216,4608,128,128,4,True,10,7.469020122246594,4.329062425161705,4.9272484171836926,-0.5981859920219867,-8.764072975564932,-9.79020144115917,0.08878785207375424,0.5078687262894644,0.16666666666666666,0.035339869635493126,0.3333143349498434,0.1328125,0.019813663257872594,0.0625,0.0859375
role,Data2txt,4,14,1e-06,9216,4608,128,128,4,True,10,5.207691146747716,5.160396821471025,5.27077607021227,-0.1103792487412451,-8.699923928141565,-8.910557831195804,0.15109005694214722,0.5321483334325519,0.16666666666666666,0.01190152388925631,0.5018333065748558,0.18359375,0.00030054999002206975,0.03125,0.0859375
role,Data2txt,4,14,0.0001,9216,4608,128,128,4,True,8,5.878827988067714,4.348097969056491,4.574554512916474,-0.2264565438599815,-7.735643092009816,-8.286175452069898,0.12622112188197568,0.46155300734270627,0.16666666666666666,0.011901523889256315,0.5028327260003901,0.12890625,0.025849477725005232,0.046875,0.0859375
role,Data2txt,4,14,0.001,9216,4608,128,128,4,True,8,6.5440051316404775,3.9513039279122615,4.316585131596703,-0.3652812036844426,-7.284431562602686,-8.074072335663704,0.1097217947816534,0.43261521906865946,0.16666666666666666,0.01190152388925631,0.5118231494859267,0.1875,0.00020575038655746867,0.03125,0.0859375
role,Data2txt,4,15,1e-06,9216,4608,128,128,4,True,10,3.566355834010482,4.679774476126964,5.182924600341153,-0.5031501242141887,-8.549994543369419,-9.2160817873116,0.18816004353651616,0.6482646464007151,0.16666666666666666,0.06802598931863121,0.46406872100479407,0.19140625,0.00013970433630997956,0.09375,0.140625
role,Data2txt,4,15,0.0001,9216,4608,128,128,4,True,9,4.021434329683284,3.934628944874488,4.582626733554428,-0.6479977886799404,-7.292156533987698,-8.229620722353008,0.155452498330685,0.5949089834194838,0.16666666666666666,0.0680259893186312,0.4638879721922861,0.140625,0.011365189018294308,0.09375,0.1328125
role,Data2txt,4,15,0.001,9216,4608,128,128,4,True,8,4.502092325042916,3.5389881023240974,4.291133546375304,-0.752145444051207,-6.643683355232797,-7.808225198475618,0.13403453754096997,0.5725045152152718,0.16666666666666666,0.06802598931863128,0.4623286740397699,0.1328125,0.019813663257872594,0.078125,0.15625
role,Data2txt,4,16,1e-06,9216,4608,128,128,4,True,8,3.6644027227806455,5.203290938967346,5.743585163903504,-0.5402942249361573,-9.412445286823251,-10.088776294703994,0.2011524529803935,0.7273665900898464,0.0,0.0,0.9092030417997748,0.24609375,2.592123269824214e-07,0.0078125,0.0859375
role,Data2txt,4,16,0.0001,9216,4608,128,128,4,True,8,4.137609848313483,4.2741706607976715,4.92457724155101,-0.6504065807533379,-7.9524156446250025,-8.91092561185196,0.16957089837458367,0.6664198722118837,0.0,0.0,0.9088556248140052,0.1796875,0.0004354569877453,0.015625,0.0859375
role,Data2txt,4,16,0.001,9216,4608,128,128,4,True,8,4.652555290935901,3.7775384288323526,4.505402792158465,-0.727864363326111,-7.181067698618725,-8.357750517937376,0.14850065441289853,0.6333186004897818,0.0,0.0,0.9057303082855378,0.15234375,0.004649248065287104,0.0234375,0.0859375
role,Data2txt,4,17,1e-06,9216,4608,128,128,4,True,11,5.823469434697739,7.024574382756491,7.694779812785248,-0.6702054300287572,-12.27467722865648,-13.213949286380792,0.1295381955625174,0.6890380046822677,0.16666666666666666,0.022519954407259297,0.5530713278363459,0.3203125,3.4992283936701867e-12,0.078125,0.15625
role,Data2txt,4,17,0.0001,9216,4608,128,128,4,True,9,6.568558647689236,5.685320550732431,6.52209123201206,-0.8367706812796278,-10.449622542073403,-11.726966908442503,0.1078240901620884,0.6485597079769934,0.16666666666666666,0.022519954407259294,0.5523742710271876,0.21484375,1.1517275704865574e-05,0.0625,0.1484375
role,Data2txt,4,17,0.001,9216,4608,128,128,4,True,9,7.4192263036791655,4.9550626337373505,5.931767565661131,-0.976704931923781,-9.487224957675213,-11.023325457466473,0.09256990879144011,0.6322163953427589,0.16666666666666666,0.022519954407259287,0.546239681292134,0.265625,1.838083532653948e-08,0.0703125,0.140625
role,Data2txt,4,18,1e-06,9216,4608,128,128,4,True,9,6.658053336732136,8.796074486392016,9.619537025538104,-0.8234625391460902,-16.159103392882024,-17.50651504936296,0.10033927418148984,0.5161591370847586,0.16666666666666666,0.04583767904810927,0.7692675473736753,0.2578125,5.435300936256329e-08,0.0546875,0.125
role,Data2txt,4,18,0.0001,9216,4608,128,128,4,True,10,7.518877727233033,6.968645972939123,7.920561982107335,-0.9519160091682137,-13.134593939571706,-14.76092366629974,0.08175742543921902,0.48155415441367255,0.16666666666666666,0.04583767904810926,0.7725892247784045,0.27734375,3.3884305330612322e-09,0.0546875,0.125
role,Data2txt,4,18,0.001,9216,4608,128,128,4,True,11,8.637677666955849,6.000998266570821,7.094141859054927,-1.0931435924841053,-11.509692675088559,-13.405994418861265,0.06757107324840186,0.48148689625623736,0.16666666666666666,0.04583767904810928,0.801562384998006,0.1875,0.00020575038655746867,0.046875,0.0625
role,Data2txt,4,19,1e-06,9216,4608,128,128,4,True,9,7.417966368928947,9.516230845157153,10.382684769488183,-0.8664539243310293,-16.84071202768995,-18.125766599524113,0.13073268033020863,0.6490346871421736,0.5,0.07689892012843826,0.5997269338828202,0.33203125,4.446104931843403e-13,0.0625,0.1171875
role,Data2txt,4,19,0.0001,9216,4608,128,128,4,True,9,8.339317266702821,7.478884409931805,8.470845357351553,-0.9919609474197474,-13.552416527421407,-15.136727598023882,0.11392700857662735,0.5978235555919366,0.5,0.07689892012843833,0.6007980276076367,0.37109375,2.5154011173646954e-16,0.0625,0.1328125
role,Data2txt,4,19,0.001,9216,4608,128,128,4,True,10,9.562192212725522,6.460580997271733,7.538086247892311,-1.0775052506205771,-11.862270274660935,-13.678808584283011,0.100782499767436,0.576231016475196,0.5,0.0768989201284383,0.6107543816384825,0.33984375,1.073542535028726e-13,0.046875,0.09375
role,Data2txt,4,20,1e-06,9216,4608,128,128,4,True,10,7.685445987330896,8.172965365753624,9.209157074006534,-1.0361917082529097,-18.53680844307633,-19.899632190473472,0.13732150411372668,0.7105849544847909,0.3333333333333333,0.028983963052379484,0.4885733628773502,0.2421875,4.289574463648891e-07,0.0859375,0.2734375
role,Data2txt,4,20,0.0001,9216,4608,128,128,4,True,10,8.590462740722085,6.269848677153909,7.406489417677205,-1.1366407405232972,-14.351165517115424,-16.003697934599543,0.11882741194564689,0.7134848678618883,0.3333333333333333,0.028983963052379488,0.48813296926564864,0.23828125,7.038776424263986e-07,0.1171875,0.21875
role,Data2txt,4,20,0.001,9216,4608,128,128,4,True,10,9.83083997502229,5.260750318749486,6.482626945851628,-1.2218766271021408,-12.266855016054464,-14.149523847254573,0.10287897765625338,0.7251980262041153,0.3333333333333333,0.028983963052379495,0.4844155582657031,0.2421875,4.289574463648891e-07,0.1328125,0.2265625
role,Data2txt,4,21,1e-06,9216,4608,128,128,4,True,9,5.730516049631785,8.851621108718383,9.531707015636181,-0.6800859069178002,-16.45372303901252,-17.41291832400309,0.12465267737377603,0.755474962479988,0.3333333333333333,0.06931417311904499,0.5782455364635045,0.33203125,4.446104931843403e-13,0.0625,0.21875
role,Data2txt,4,21,0.0001,9216,4608,128,128,4,True,8,6.473220672579865,6.806139482362905,7.630439790702584,-0.8243003083396792,-12.868540981971305,-14.085277297743582,0.10517338501316979,0.7021552768858309,0.3333333333333333,0.06931417311904496,0.5780339414270894,0.2265625,2.9565885080962975e-06,0.0546875,0.1484375
role,Data2txt,4,21,0.001,9216,4608,128,128,4,True,9,7.541729288028628,5.694773286346113,6.637145006378166,-0.9423717200320522,-10.934710528085319,-12.371131168438062,0.09123714308603179,0.6755475714825875,0.3333333333333333,0.06931417311904495,0.5762576927595996,0.18359375,0.00030054999002206975,0.0546875,0.1171875
role,Data2txt,4,22,1e-06,9216,4608,128,128,4,True,9,8.027307364703747,8.446401083214944,9.115210985888517,-0.6688099026735732,-18.023674236940117,-19.12828537149263,0.08668224466596258,0.5595909079595467,0.5,0.06170882616424846,0.4271061422624387,0.25390625,9.227219252368915e-08,0.0703125,0.1796875
role,Data2txt,4,22,0.0001,9216,4608,128,128,4,True,10,9.074376819853374,6.7806136732109765,7.6122593206105895,-0.8316456473996128,-14.42293921091933,-15.868945323198936,0.06803494133438726,0.5337501399141346,0.5,0.06170882616424848,0.42750411177973097,0.2421875,4.289574463648891e-07,0.0859375,0.140625
role,Data2txt,4,22,0.001,9216,4608,128,128,4,True,10,10.558436717972555,5.928400489493712,6.90666726307064,-0.9782667735769274,-12.459705319854084,-14.272316448553056,0.053077152378830844,0.5381574610045682,0.5,0.061708826164248505,0.43165963470994917,0.140625,0.011365189018294308,0.0859375,0.1640625
role,Data2txt,4,23,1e-06,9216,4608,128,128,4,True,12,12.817155490494407,9.579761062058235,10.204662609288764,-0.6249015472305275,-20.38157835006801,-21.144382434056357,0.07830790723466277,0.8226377476590131,0.16666666666666666,0.04320623018885866,0.8007867510794338,0.2890625,5.776341456120769e-10,0.078125,0.1796875
role,Data2txt,4,23,0.0001,9216,4608,128,128,4,True,10,14.541929330862043,7.701147659089763,8.508410992482112,-0.8072633333923505,-16.294066504829928,-17.460378289267425,0.06616109260029657,0.8038115942064153,0.16666666666666666,0.043206230188858705,0.8032675792355126,0.19140625,0.00013970433630997956,0.0546875,0.1171875
role,Data2txt,4,23,0.001,9216,4608,128,128,4,True,10,17.04066112011015,6.727080892265917,7.721916128228715,-0.9948352359627974,-14.25064094232746,-15.822962278780752,0.055911805167808325,0.7978060736851076,0.16666666666666666,0.043206230188858705,0.8252830096255763,0.17578125,0.0006257967777605344,0.0625,0.1328125
role,Data2txt,4,24,1e-06,9216,4608,128,128,4,True,10,9.54801291659274,9.934484758267956,10.701699362493525,-0.7672146042255669,-21.683457928435054,-23.145481186603455,0.07833082942076867,0.7809393739059075,0.16666666666666666,0.05832518683367217,0.67300333437248,0.2890625,5.776341456120769e-10,0.109375,0.1953125
role,Data2txt,4,24,0.0001,9216,4608,128,128,4,True,9,10.799350715953075,7.7173637060988165,8.607993350541722,-0.8906296444429049,-16.96287201653906,-18.696857841450907,0.06886275709756792,0.7696965403662837,0.16666666666666666,0.0583251868336722,0.6735595532162428,0.16015625,0.0024610192473685233,0.109375,0.15625
role,Data2txt,4,24,0.001,9216,4608,128,128,4,True,10,12.695159486106059,6.556200341881569,7.6130538527268765,-1.056853510845308,-14.433849021586202,-16.49971129058423,0.06626980194300955,0.7720976772781026,0.16666666666666666,0.058325186833672195,0.6789434618414175,0.18359375,0.00030054999002206975,0.0625,0.1328125
role,Data2txt,4,25,1e-06,9216,4608,128,128,4,True,10,6.067662526110287,10.17790147355215,10.898749543543705,-0.7208480699915538,-19.934139281471104,-21.682793089180848,0.1390720128746723,0.8048472683155921,0.16666666666666666,0.04845747287055672,0.8035565149086406,0.30078125,9.098922052950389e-11,0.046875,0.109375
role,Data2txt,4,25,0.0001,9216,4608,128,128,4,True,9,6.824454931218851,7.955191297791368,8.776879149576,-0.8216878517846342,-15.463093386696979,-17.534201002597435,0.1221785071645179,0.7087419736390166,0.16666666666666666,0.04845747287055674,0.802548275961799,0.29296875,3.1472328013771007e-10,0.03125,0.0625
role,Data2txt,4,25,0.001,9216,4608,128,128,4,True,9,7.930780699353025,6.771053675676169,7.709245953735915,-0.9381922780597464,-12.977468001733097,-15.402034794708978,0.1094292009316877,0.638937009531871,0.16666666666666666,0.048457472870556684,0.7935872820532022,0.23046875,1.847888979619762e-06,0.03125,0.0625
role,Data2txt,4,26,1e-06,9216,4608,128,128,4,True,8,5.100005909298741,8.283788744102598,9.087854258743047,-0.8040655146404492,-14.29329283609448,-15.757201887559432,0.1609926461821219,0.7376510911997745,0.5,0.10754492905766626,1.0464428973290811,0.34375,5.202843089038079e-14,0.0859375,0.1328125
role,Data2txt,4,26,0.0001,9216,4608,128,128,4,True,9,5.73496162417776,6.573270473649424,7.548009780735871,-0.974739307086447,-11.558956823623843,-13.399142623597697,0.1385587851273669,0.6591682112827562,0.5,0.10754492905766634,1.045891276291649,0.296875,1.6997263144796861e-10,0.0546875,0.0859375
role,Data2txt,4,26,0.001,9216,4608,128,128,4,True,9,6.559278088949011,5.647039936989047,6.7509283914356075,-1.1038884544465613,-10.080306067695384,-12.164839663615872,0.12271809654284278,0.6089468064017602,0.5,0.10754492905766633,1.0409483005655984,0.2421875,4.289574463648891e-07,0.0703125,0.1328125
role,Data2txt,4,27,1e-06,9216,4608,128,128,4,True,11,6.500807514137421,8.862854277074545,9.924795068326418,-1.0619407912518726,-17.590836023517028,-19.199246060551694,0.14153704607462486,0.8169505394341279,0.3333333333333333,0.05987150987032447,0.8830451484133875,0.30078125,9.098922052950389e-11,0.078125,0.1796875
role,Data2txt,4,27,0.0001,9216,4608,128,128,4,True,9,7.269883338932569,6.878109871982824,8.104895889528288,-1.2267860175454648,-13.747178164318191,-15.659294284125654,0.12365276828370639,0.7921488768719583,0.3333333333333333,0.05987150987032451,0.8821895308050887,0.2734375,6.005467433544062e-09,0.0703125,0.1171875
role,Data2txt,4,27,0.001,9216,4608,128,128,4,True,10,8.30454271173493,5.841489018913119,7.21838965825818,-1.3769006393450596,-11.813140478029586,-14.023334848163117,0.1090168015901887,0.780097108024308,0.3333333333333333,0.059871509870324476,0.8746089713740771,0.2265625,2.9565885080962975e-06,0.1015625,0.1484375
role,Data2txt,4,28,1e-06,9216,4608,128,128,4,True,9,5.503294304765939,4.989172342568923,5.304542039291933,-0.31536969672300963,-11.180859484561726,-11.574564985648852,0.11820174717925357,0.5982572485549565,0.5,0.07091367767554864,0.6066946341669326,0.2421875,4.289574463648891e-07,0.1015625,0.21875
role,Data2txt,4,28,0.0001,9216,4608,128,128,4,True,9,6.197330212613007,4.221507552990763,4.709540351349032,-0.4880327983582685,-9.44338121862632,-10.138909879561016,0.08794891874114613,0.5902275587786133,0.5,0.07091367767554865,0.6063912892954476,0.15625,0.0033962516565197998,0.078125,0.1640625
role,Data2txt,4,28,0.001,9216,4608,128,128,4,True,9,6.963864186797998,3.8498763922754744,4.483477318925965,-0.6336009266504912,-8.633590930679446,-9.607466528248985,0.06576812253797094,0.5970108194388501,0.5,0.07091367767554864,0.6036743339550716,0.21875,7.381061347748238e-06,0.0546875,0.2109375
role,Data2txt,4,29,1e-06,9216,4608,128,128,4,True,9,5.9094153467468375,8.522884248233675,9.220409527239664,-0.6975252790059898,-18.46702402803055,-20.30555554879431,0.07041103499066144,0.5465877861212757,0.5,0.13972465571436155,0.6416331716461705,0.2734375,6.005467433544062e-09,0.09375,0.2265625
role,Data2txt,4,29,0.0001,9216,4608,128,128,4,True,9,6.560813010159619,6.692895547722143,7.474419705635931,-0.7815241579137874,-14.257756810854872,-16.366105170167874,0.04870047441451351,0.5387109031165915,0.5,0.1397246557143615,0.6409333742145374,0.25390625,9.227219252368915e-08,0.078125,0.1640625
role,Data2txt,4,29,0.001,9216,4608,128,128,4,True,10,7.4237876907346845,5.7593991487412195,6.626863097019581,-0.8674639482783625,-12.156314099682508,-14.485682252192255,0.03281855520083012,0.5471646140858014,0.5,0.1397246557143616,0.6346863876181607,0.21875,7.381061347748238e-06,0.0859375,0.1640625
role,Data2txt,4,30,1e-06,9216,4608,128,128,4,True,8,4.097325726904084,4.820495594709596,5.191030994420215,-0.3705353997106197,-8.543957703474156,-9.210913287604088,0.15593190372011728,0.5997825989390287,0.16666666666666666,0.024113350912377898,0.8800766001183808,0.23828125,7.038776424263986e-07,0.0703125,0.1640625
role,Data2txt,4,30,0.0001,9216,4608,128,128,4,True,9,4.625907295004319,3.965825606201527,4.439570153331603,-0.4737445471300761,-7.313637861606537,-8.310848158597846,0.12499421410175883,0.5715885568248362,0.16666666666666666,0.02411335091237789,0.879796184265285,0.19921875,6.28426475199267e-05,0.078125,0.1015625
role,Data2txt,4,30,0.001,9216,4608,128,128,4,True,9,5.189838406676347,3.545294551467586,4.128384522087197,-0.5830899706196103,-6.724696803008463,-7.966810271605318,0.10452055129331055,0.5629062738350463,0.16666666666666666,0.024113350912377894,0.8772730991402433,0.1796875,0.0004354569877453,0.0703125,0.109375
role,Data2txt,4,31,1e-06,9216,4608,128,128,4,True,8,1.9215415945130148,5.484659348594152,5.850225069372474,-0.3655657207783228,-9.279422265688266,-9.685074212562885,0.31981884726214344,0.6590860775207389,0.16666666666666666,0.05680397573442442,1.2627895256992652,0.2890625,5.776341456120769e-10,0.0,0.109375
role,Data2txt,4,31,0.0001,9216,4608,128,128,4,True,7,2.4272226344806347,4.102515968711909,4.856550991581413,-0.7540350228695032,-7.348071217342675,-8.655131329144961,0.24618331819921374,0.6268384682446481,0.16666666666666666,0.0568039757344244,1.2626687997860073,0.12890625,0.025849477725005232,0.0078125,0.046875
role,Data2txt,4,31,0.001,9216,4608,128,128,4,True,8,2.9213092648635546,3.448413121453358,4.488993909514791,-1.0405807880614337,-6.444490963695529,-8.356330391667552,0.22734680123934384,0.6270014399919566,0.16666666666666666,0.05680397573442441,1.2615866246008864,0.140625,0.011365189018294308,0.0078125,0.0546875
role,Data2txt,5,0,1e-06,18432,9216,128,128,4,True,9,1.9243167376841988,4.168235078501598,4.179862211010294,-0.011627132508694793,-9.1524134635569,-9.982666221935862,0.26553609400208855,0.5067932854040711,0.16666666666666666,0.0577379010219221,0.8259640153032,0.140625,0.011365189018294308,0.0,0.03125
role,Data2txt,5,0,0.0001,18432,9216,128,128,4,True,9,2.327208961525646,3.5482768975092607,4.078953955372857,-0.530677057863596,-7.496834614443937,-9.191663256169203,0.2503526915798736,0.41445718756327266,0.16666666666666666,0.05773790102192207,0.8271695553615313,0.11328125,0.0691489899768779,0.0,0.0
role,Data2txt,5,0,0.001,18432,9216,128,128,4,True,9,2.700528230648681,3.2012369749403495,3.978576839380292,-0.7773398644399427,-6.565271456180526,-8.567351510959698,0.2375602512121528,0.3812401618182615,0.16666666666666666,0.057737901021922125,0.8378990519946694,0.203125,4.163077668109129e-05,0.0,0.0
role,Data2txt,5,1,1e-06,18432,9216,128,128,4,True,9,4.62989271167317,6.273991663368106,6.539109169052383,-0.26511750568427717,-12.1584418746742,-12.923661763777002,0.13613717713007994,0.4630049984641639,0.16666666666666666,0.009776424474636105,0.9659791428906321,0.17578125,0.0006257967777605344,0.03125,0.078125
role,Data2txt,5,1,0.0001,18432,9216,128,128,4,True,10,5.273261951038312,5.425146863770664,5.844899881009516,-0.4197530172388516,-10.403757819998631,-11.422572443620263,0.10874007368971055,0.3700511475117507,0.16666666666666666,0.009776424474636107,0.9680018363407835,0.13671875,0.015066349402464208,0.0078125,0.0390625
role,Data2txt,5,1,0.001,18432,9216,128,128,4,True,10,6.010410108666724,4.972808144229331,5.541592338039523,-0.5687841938101925,-9.47136800438522,-10.725564872741746,0.08967254532534287,0.3405083723376658,0.16666666666666666,0.009776424474636098,0.9857170357325841,0.23828125,7.038776424263986e-07,0.0078125,0.0390625
role,Data2txt,5,2,1e-06,18432,9216,128,128,4,True,11,11.4901144631252,11.21053691113563,11.532832015331238,-0.3222951041956077,-22.203121006021586,-23.392968793533417,0.05636779353300994,0.4077283845787163,0.5,0.07374622081808827,0.9548901077488231,0.203125,4.163077668109129e-05,0.0390625,0.1171875
role,Data2txt,5,2,0.0001,18432,9216,128,128,4,True,11,13.537299279336594,9.039641583173022,9.660460812368118,-0.6208192291950958,-18.12350888669215,-19.922310770800333,0.045118422780043244,0.4258790797539024,0.5,0.07374622081808827,0.9623927043928183,0.1640625,0.00176897694134448,0.015625,0.1015625
role,Data2txt,5,2,0.001,18432,9216,128,128,4,True,9,16.443678982399568,7.865162570081347,8.805689723721926,-0.9405271536405779,-15.757628958216175,-18.167902750962494,0.036416457478589806,0.4860631264033009,0.5,0.07374622081808822,1.0231478976684316,0.15234375,0.004649248065287104,0.0234375,0.09375
role,Data2txt,5,3,1e-06,18432,9216,128,128,4,True,9,10.124777479202903,7.03667880607033,7.296561810927239,-0.2598830048569085,-15.669249755884037,-16.041348858863003,0.09528451631223563,0.5491993381090836,0.16666666666666666,0.06951924654756864,0.5092505805642282,0.26171875,3.1743788057539135e-08,0.0234375,0.125
role,Data2txt,5,3,0.0001,18432,9216,128,128,4,True,10,11.674133175086158,6.245596719396202,6.6378840785277715,-0.39228735913157026,-13.5858859430466,-14.251292274381607,0.07732135728498872,0.5286973566922432,0.16666666666666666,0.06951924654756861,0.5117540611654064,0.1484375,0.006313488560237168,0.0546875,0.125
role,Data2txt,5,3,0.001,18432,9216,128,128,4,True,10,13.63155008016796,5.845572627733366,6.3677547765871365,-0.52218214885377,-12.503997809543506,-13.494161309897567,0.06389101727434925,0.5420647026248963,0.16666666666666666,0.06951924654756865,0.533903639579345,0.1484375,0.006313488560237168,0.0546875,0.0859375
role,Data2txt,5,4,1e-06,18432,9216,128,128,4,True,10,7.192026538289168,6.039255151440379,6.104686574816803,-0.06543142337642356,-12.404026523211094,-12.895036861358449,0.09937145466028957,0.5765772450925114,0.0,0.0,0.4158131502109512,0.25,1.553142566968138e-07,0.015625,0.0703125
role,Data2txt,5,4,0.0001,18432,9216,128,128,4,True,9,8.360326002605603,5.404151588667636,5.572075886635458,-0.1679242979678232,-10.993170765411747,-11.728277239871687,0.0729291517507916,0.4264644033844599,0.0,0.0,0.4173159538916168,0.22265625,4.6910366522335245e-06,0.0078125,0.0390625
role,Data2txt,5,4,0.001,18432,9216,128,128,4,True,9,9.721859530791933,5.084434623042081,5.354084900980003,-0.2696502779379218,-10.273445505520478,-11.223031874822812,0.05706124775119839,0.35305970365503486,0.0,0.0,0.43072014201882464,0.09375,0.19772455806067113,0.0078125,0.046875
role,Data2txt,5,5,1e-06,18432,9216,128,128,4,True,10,5.562371182003737,5.541618671041578,5.946103128533427,-0.40448445749185,-10.842063794512665,-11.362204952577304,0.13680404165386423,0.445985996544419,0.3333333333333333,0.007173521219184148,0.8006071402847715,0.17578125,0.0006257967777605344,0.0078125,0.0390625
role,Data2txt,5,5,0.0001,18432,9216,128,128,4,True,10,6.385916367441089,4.929014943218262,5.4584432183286555,-0.5294282751103929,-9.808681003362276,-10.65605036090409,0.11138009621553932,0.4348025943505811,0.3333333333333333,0.007173521219184157,0.8031979951401985,0.0859375,0.2843716565254909,0.0078125,0.0390625
role,Data2txt,5,5,0.001,18432,9216,128,128,4,True,11,7.257323875492732,4.569461370529329,5.2543910946524095,-0.6849297241230801,-9.20281825090336,-10.395165740045329,0.0947087245771052,0.45420105862107896,0.3333333333333333,0.0071735212191841495,0.8258904897280632,0.0859375,0.2843716565254909,0.015625,0.0859375
role,Data2txt,5,6,1e-06,18432,9216,128,128,4,True,11,5.257013827496998,4.074977132879132,4.205998885562456,-0.1310217526833246,-9.074733923095696,-9.536881930466752,0.19383336081757352,0.5583969328214925,0.16666666666666666,0.0032101375734418453,0.6842027901971477,0.125,0.03345596830001085,0.046875,0.0859375
role,Data2txt,5,6,0.0001,18432,9216,128,128,4,True,10,6.188129904811225,3.956064434594915,4.265547384476531,-0.3094829498816158,-8.335595756398865,-9.008594627821576,0.15142606694682667,0.5220825150851743,0.16666666666666666,0.003210137573441843,0.6858144185481976,0.08203125,0.3367011529688867,0.0546875,0.09375
role,Data2txt,5,6,0.001,18432,9216,128,128,4,True,10,7.1638858341697915,3.8423670041980547,4.339007321729346,-0.4966403175312917,-7.992477144983036,-8.857741494189984,0.1220033250351413,0.5252520289958883,0.16666666666666666,0.003210137573441844,0.7001403270810588,0.09765625,0.16284637793210843,0.015625,0.09375
role,Data2txt,5,7,1e-06,18432,9216,128,128,4,True,10,7.215651151002047,3.454413922164025,3.208709205448418,0.24570471671560706,-6.997272605912723,-7.222143548226401,0.12958436829761544,0.3060049091723578,0.16666666666666666,0.03001865371962602,0.5619703462610547,0.1328125,0.019813663257872594,0.0,0.0
role,Data2txt,5,7,0.0001,18432,9216,128,128,4,True,10,7.635421889448326,3.499462637107792,3.60227990360521,-0.10281726649741786,-7.0206169742286555,-7.640006105708801,0.12103066421905896,0.29733216948851365,0.16666666666666666,0.030018653719626007,0.5634978671572631,0.1484375,0.006313488560237168,0.0,0.0
role,Data2txt,5,7,0.001,18432,9216,128,128,4,True,9,8.034540666531107,3.4970079670064287,3.8657927230884397,-0.3687847560820113,-6.92637502226586,-7.846388408849518,0.11768543662203415,0.30121594071270885,0.16666666666666666,0.030018653719626018,0.5771262491983905,0.12890625,0.025849477725005232,0.0,0.0
role,Data2txt,5,8,1e-06,18432,9216,128,128,4,True,11,5.16234303686729,4.2730918488406955,4.289896275942009,-0.01680442710131344,-9.887097109236965,-9.938993013137797,0.16071613276943392,0.5912124894409123,0.0,0.0,0.19180398313744995,0.25,1.553142566968138e-07,0.0078125,0.0859375
role,Data2txt,5,8,0.0001,18432,9216,128,128,4,True,10,5.894681505505362,3.880656390471704,4.042576702496903,-0.1619203120251984,-8.618443747785776,-8.966107272193842,0.12447201219087836,0.44732019665932504,0.0,0.0,0.1922969674079147,0.15234375,0.004649248065287104,0.015625,0.0390625
role,Data2txt,5,8,0.001,18432,9216,128,128,4,True,10,6.698569809610735,3.691474987196378,3.9695921262517055,-0.27811713905532776,-7.95361061301643,-8.584924957552008,0.10219077852015315,0.35820888965880415,0.0,0.0,0.1969165997183466,0.0625,0.6756687537446433,0.0,0.0234375
role,Data2txt,5,9,1e-06,18432,9216,128,128,4,True,9,4.80436675550021,4.050808437294595,4.069830318270268,-0.01902188097567363,-8.37520528895949,-8.327461021747197,0.17225931965149763,0.5251789516849917,0.16666666666666666,0.03770240459447845,0.5086345595428385,0.22265625,4.6910366522335245e-06,0.03125,0.0859375
role,Data2txt,5,9,0.0001,18432,9216,128,128,4,True,8,5.48836569074554,3.7429577442533963,3.9210485774873076,-0.1780908332339124,-7.710216052919517,-7.974942046217018,0.1454095756231397,0.41380773080501615,0.16666666666666666,0.03770240459447847,0.5101965026585911,0.1171875,0.05471894473064931,0.0234375,0.0546875
role,Data2txt,5,9,0.001,18432,9216,128,128,4,True,10,6.166531338502275,3.5640535829200664,3.8905559343615392,-0.32650235144147327,-7.312223089980451,-7.896270498922457,0.12914335966148502,0.3604967227606262,0.16666666666666666,0.03770240459447845,0.5241440118913564,0.1875,0.00020575038655746867,0.0234375,0.0625
role,Data2txt,5,10,1e-06,18432,9216,128,128,4,True,8,4.075411776981893,3.552253237951816,3.6863215453340166,-0.13406830738220032,-9.854137916560727,-10.43009961596914,0.23297128016473034,0.6945040514268042,0.16666666666666666,0.01876568050508876,0.3214308764632564,0.27734375,3.3884305330612322e-09,0.0,0.0625
role,Data2txt,5,10,0.0001,18432,9216,128,128,4,True,9,4.613670368505668,3.30140335093849,3.5986724680883784,-0.2972691171498883,-8.237103731385059,-9.102478565674813,0.190936244191751,0.5777951067588157,0.16666666666666666,0.01876568050508878,0.32129412889607323,0.1640625,0.00176897694134448,0.0,0.0703125
role,Data2txt,5,10,0.001,18432,9216,128,128,4,True,8,5.205404234105897,3.1986974464076567,3.6055799358700558,-0.40688248946239913,-7.438666534365807,-8.568978263828381,0.15977317256286924,0.5061881395490617,0.16666666666666666,0.018765680505088762,0.3201507892883241,0.24609375,2.592123269824214e-07,0.0234375,0.1171875
role,Data2txt,5,11,1e-06,18432,9216,128,128,4,True,11,4.381079185387913,3.7023632441623784,3.950595252165301,-0.248232008002922,-6.734871688347747,-7.1876104336881115,0.16836253314276842,0.461415873631928,0.3333333333333333,0.018804023414594424,0.8213439197900045,0.08203125,0.3367011529688867,0.0,0.0234375
role,Data2txt,5,11,0.0001,18432,9216,128,128,4,True,10,5.023311577644801,3.471251468269087,3.817535908067456,-0.346284439798369,-6.550639868217392,-7.26613601342717,0.1381849995888565,0.3776344561346021,0.3333333333333333,0.01880402341459442,0.823281307243146,0.1796875,0.0004354569877453,0.0,0.0234375
role,Data2txt,5,11,0.001,18432,9216,128,128,4,True,9,5.600040605276334,3.326870292771753,3.79825788561062,-0.4713875928388671,-6.382685929301864,-7.36420734201284,0.12110725062027715,0.3495640613687955,0.3333333333333333,0.01880402341459442,0.8404248443833953,0.234375,1.1452873919607316e-06,0.0,0.0234375
role,Data2txt,5,12,1e-06,18432,9216,128,128,4,True,8,5.5376831468016885,2.313873297484849,2.139363236332885,0.17451006115196346,-5.046034182225787,-4.8703431966194515,0.05332041456402735,0.4004010766277576,0.0,0.0,0.4747730936215044,0.14453125,0.00850482833415378,0.0859375,0.0859375
role,Data2txt,5,12,0.0001,18432,9216,128,128,4,True,8,5.9235959176404105,2.3729133723377966,2.4103684587799545,-0.037455086442158184,-5.124770587800436,-5.294548675614368,0.035178838060723486,0.41052529882940303,0.0,0.0,0.47459836339973094,0.18359375,0.00030054999002206975,0.0859375,0.0859375
role,Data2txt,5,12,0.001,18432,9216,128,128,4,True,8,6.2320065189503575,2.4068760816550325,2.586678471799277,-0.17980239014424454,-5.14700562097232,-5.500839888812953,0.026526615154756947,0.4177410463783464,0.0,0.0,0.4730238041805133,0.15625,0.0033962516565197998,0.078125,0.0859375
role,Data2txt,5,13,1e-06,18432,9216,128,128,4,True,11,6.050716527451904,4.505927913847203,4.72374056794314,-0.2178126540959364,-10.751892307325708,-11.011563957051296,0.17227190413537635,0.5341647061281823,0.16666666666666666,0.00651340828062361,0.232872214871324,0.203125,4.163077668109129e-05,0.015625,0.1171875
role,Data2txt,5,13,0.0001,18432,9216,128,128,4,True,10,6.843473096756643,4.003706014916351,4.405774650328918,-0.4020686354125666,-9.397938872692176,-10.013511348046464,0.14309839890459855,0.46993707408003027,0.16666666666666666,0.006513408280623605,0.2326698947775535,0.15234375,0.004649248065287104,0.0078125,0.0703125
role,Data2txt,5,13,0.001,18432,9216,128,128,4,True,9,7.695076415140569,3.7657355855540806,4.309270881046741,-0.5435352954926604,-8.683219795222016,-9.593918154795114,0.12235604264291224,0.44421955165526034,0.16666666666666666,0.0065134082806236095,0.23116964844095292,0.11328125,0.0691489899768779,0.0546875,0.1328125
role,Data2txt,5,14,1e-06,18432,9216,128,128,4,True,10,4.554938240676081,3.995243587872836,4.224271452477593,-0.22902786460475572,-7.0602818471168405,-7.123330367053189,0.18840097446608836,0.5778760934323741,0.16666666666666666,0.019490466045540743,0.5934340094084658,0.1640625,0.00176897694134448,0.0078125,0.125
role,Data2txt,5,14,0.0001,18432,9216,128,128,4,True,10,5.17221516302499,3.470720513786209,3.8080663229116856,-0.3373458091254763,-6.51610675472047,-6.906188292062617,0.1636548230123459,0.525740074682368,0.16666666666666666,0.01949046604554074,0.5943457890724959,0.1015625,0.1330414826108106,0.0078125,0.0390625
role,Data2txt,5,14,0.001,18432,9216,128,128,4,True,10,5.745272285277418,3.2205097365949795,3.6672185650445996,-0.4467088284496199,-6.264085883808745,-6.898011411686916,0.1482379909545385,0.5087468763410535,0.16666666666666666,0.019490466045540757,0.602538289348408,0.08984375,0.23811562865354285,0.0,0.0625
role,Data2txt,5,15,1e-06,18432,9216,128,128,4,True,10,2.8315837393550245,4.461963255917238,5.006895083941776,-0.5449318280245384,-8.122786904227208,-9.107227910329623,0.2567028069038997,0.5972575010174386,0.3333333333333333,0.0654220355629817,0.5265564067583215,0.1953125,9.40842686753401e-05,0.03125,0.140625
role,Data2txt,5,15,0.0001,18432,9216,128,128,4,True,9,3.1803357284849656,3.713843150533938,4.406315093602322,-0.6924719430683834,-6.775885603266355,-8.067595541447702,0.21921890793661364,0.559345242596648,0.3333333333333333,0.06542203556298175,0.5269341759293513,0.16796875,0.001261290693128525,0.03125,0.1171875
role,Data2txt,5,15,0.001,18432,9216,128,128,4,True,8,3.5535586801976726,3.291792107889634,4.1038077121572485,-0.8120156042676139,-6.057273247179583,-7.5572902565413465,0.19507093308080764,0.5492732264856443,0.3333333333333333,0.06542203556298175,0.5303857302623536,0.13671875,0.015066349402464208,0.0703125,0.109375
role,Data2txt,5,16,1e-06,18432,9216,128,128,4,True,8,3.235331122714377,4.653426107764904,5.020454653047725,-0.36702854528282247,-9.929225844897529,-10.934861399633576,0.1992152166502225,0.7244088207303906,0.16666666666666666,0.02686185265760847,0.43262659491770694,0.28125,1.895287375668482e-09,0.0,0.140625
role,Data2txt,5,16,0.0001,18432,9216,128,128,4,True,9,3.690416388147597,3.9345544348267123,4.45297712834626,-0.5184226935195478,-8.218270521253938,-9.519857427820817,0.14879081711632283,0.5956085944883602,0.16666666666666666,0.02686185265760847,0.43218206035953755,0.13671875,0.015066349402464208,0.0390625,0.0859375
role,Data2txt,5,16,0.001,18432,9216,128,128,4,True,8,4.206467323679178,3.5429378270559146,4.160480875876768,-0.6175430488208535,-7.254929968208915,-8.780498957948872,0.11227129310593806,0.5134934769219536,0.16666666666666666,0.026861852657608473,0.428201768084262,0.1328125,0.019813663257872594,0.0078125,0.0625
role,Data2txt,5,17,1e-06,18432,9216,128,128,4,True,11,3.6360117600435693,6.04820587945086,6.601155901244999,-0.5529500217941382,-10.40925227016912,-11.725190363689757,0.19248769766257035,0.6987014057970332,0.16666666666666666,0.049567480252493606,0.4877473732027195,0.2109375,1.782257225451088e-05,0.015625,0.1171875
role,Data2txt,5,17,0.0001,18432,9216,128,128,4,True,9,4.088806717493593,4.982189322506218,5.678569394893262,-0.6963800723870437,-8.78930563107388,-10.473612261418939,0.16260019788568075,0.5925041958515865,0.16666666666666666,0.049567480252493634,0.48734979494990954,0.1640625,0.00176897694134448,0.0,0.03125
role,Data2txt,5,17,0.001,18432,9216,128,128,4,True,9,4.5872387720174235,4.38240678458931,5.203000930211211,-0.8205941456219003,-7.871424189937221,-9.838773331870403,0.14259283264046774,0.5272843644471613,0.16666666666666666,0.049567480252493676,0.4838687282212211,0.19140625,0.00013970433630997956,0.0078125,0.0703125
role,Data2txt,5,18,1e-06,18432,9216,128,128,4,True,10,4.489889820868825,7.416416321494216,8.2187448372307,-0.8023285157364826,-15.013137641319336,-16.67021064091772,0.14684842090471767,0.6144993602444286,0.16666666666666666,0.04992562806187358,0.7276559671025115,0.22265625,4.6910366522335245e-06,0.0546875,0.1796875
role,Data2txt,5,18,0.0001,18432,9216,128,128,4,True,10,5.062545862008065,5.9368921003987865,6.880967277651411,-0.944075177252625,-12.080281556090354,-14.03048925881143,0.12314549633824648,0.5675579590459292,0.16666666666666666,0.04992562806187359,0.7297184790758582,0.12890625,0.025849477725005232,0.0546875,0.125
role,Data2txt,5,18,0.001,18432,9216,128,128,4,True,10,5.792140851698859,5.117571477303362,6.215674040727054,-1.098102563423692,-10.379593913837851,-12.609238424545824,0.1061488341368588,0.5522819155554541,0.16666666666666666,0.04992562806187363,0.7480167544728704,0.15234375,0.004649248065287104,0.046875,0.15625
role,Data2txt,5,19,1e-06,18432,9216,128,128,4,True,9,7.400693110169453,7.733048402725014,8.635604655969548,-0.9025562532445353,-17.48922367838241,-19.14062316949613,0.13416279392585592,0.7733017148929012,0.5,0.07929744660105906,0.6719052413627427,0.25,1.553142566968138e-07,0.09375,0.2109375
role,Data2txt,5,19,0.0001,18432,9216,128,128,4,True,9,8.353120106260322,6.187452064849801,7.250341359851918,-1.062889295002117,-14.233946089409551,-16.23934235771813,0.11408879226662902,0.7600247675250962,0.5,0.07929744660105904,0.6714789659212429,0.15625,0.0033962516565197998,0.1328125,0.203125
role,Data2txt,5,19,0.001,18432,9216,128,128,4,True,10,9.610459551527587,5.363084041431896,6.532965410522702,-1.169881369090806,-12.447172758525422,-14.812678504367,0.09801746675581147,0.7591878847464179,0.5,0.07929744660105907,0.6678984635608045,0.18359375,0.00030054999002206975,0.125,0.2109375
role,Data2txt,5,20,1e-06,18432,9216,128,128,4,True,10,6.77379608836381,7.019984888049057,7.852149722605736,-0.83216483455668,-15.683559879408042,-16.73837752060254,0.14091869625534847,0.6586489288651081,0.5,0.10636713020370143,0.4776550112474636,0.24609375,2.592123269824214e-07,0.09375,0.2109375
role,Data2txt,5,20,0.0001,18432,9216,128,128,4,True,10,7.632866677432695,5.573377513059889,6.510789961344786,-0.9374124482848968,-12.600155252041342,-13.939358857717261,0.11805683262255273,0.6646148115877806,0.5,0.1063671302037015,0.47740762109351365,0.21875,7.381061347748238e-06,0.09375,0.1796875
role,Data2txt,5,20,0.001,18432,9216,128,128,4,True,9,8.767125446040431,4.799525914945306,5.827300945450881,-1.027775030505575,-11.020066023367946,-12.642101395492489,0.09957693307910648,0.6813992989931713,0.5,0.10636713020370145,0.4753431937236678,0.1796875,0.0004354569877453,0.1484375,0.2109375
role,Data2txt,5,21,1e-06,18432,9216,128,128,4,True,10,4.524766403763267,6.9161324046084225,7.449764208929016,-0.5336318043205944,-14.776556301903934,-16.04472286639666,0.12607052932651425,0.5920951833931933,0.16666666666666666,0.07664303883658447,0.4318071608038296,0.25390625,9.227219252368915e-08,0.078125,0.234375
role,Data2txt,5,21,0.0001,18432,9216,128,128,4,True,9,5.133133770073533,5.544370233133462,6.233759444047964,-0.6893892109145019,-11.702166199887195,-13.407052302034737,0.09630424931664419,0.5423241250865378,0.16666666666666666,0.07664303883658447,0.43203447973846776,0.1796875,0.0004354569877453,0.078125,0.1328125
role,Data2txt,5,21,0.001,18432,9216,128,128,4,True,8,5.935891286735829,4.766755843527083,5.571786360627099,-0.8050305171000163,-10.003545576674405,-12.103911459534142,0.08386815456086172,0.5295948401890593,0.16666666666666666,0.07664303883658448,0.4341446473949641,0.203125,4.163077668109129e-05,0.078125,0.125
role,Data2txt,5,22,1e-06,18432,9216,128,128,4,True,11,5.693875199789293,8.154704672379147,8.97428825299087,-0.8195835806117235,-15.52295685750588,-16.9260648980444,0.1372778552251649,0.7278113156002831,0.3333333333333333,0.04630733569973937,0.6810076337523777,0.2890625,5.776341456120769e-10,0.046875,0.0625
role,Data2txt,5,22,0.0001,18432,9216,128,128,4,True,9,6.462726256164167,6.528753355912974,7.485463146875468,-0.956709790962494,-12.532153166946575,-14.241436498585385,0.1159468494209454,0.653541051973853,0.3333333333333333,0.046307335699739445,0.6824139354029098,0.2578125,5.435300936256329e-08,0.046875,0.0859375
role,Data2txt,5,22,0.001,18432,9216,128,128,4,True,10,7.490554873534723,5.645279481062486,6.706102101573446,-1.0608226205109585,-10.855727067621356,-12.831119242524483,0.1000067240741608,0.6135496728729396,0.3333333333333333,0.04630733569973941,0.6951215344942813,0.23046875,1.847888979619762e-06,0.046875,0.0859375
role,Data2txt,5,23,1e-06,18432,9216,128,128,4,True,10,9.809132748763272,8.79986747124611,9.373813885338636,-0.5739464140925289,-16.914556746703127,-17.624851487131842,0.08407395159254441,0.6742916959236623,0.16666666666666666,0.055995380642241896,0.8091701030242046,0.30859375,2.538865745522775e-11,0.0546875,0.125
role,Data2txt,5,23,0.0001,18432,9216,128,128,4,True,10,11.23260756486907,7.168017944511686,7.90095876818348,-0.7329408236717931,-14.006768871489855,-15.121591036954555,0.06919672523497206,0.6398104226245219,0.16666666666666666,0.05599538064224194,0.8118111857441251,0.24609375,2.592123269824214e-07,0.078125,0.1484375
role,Data2txt,5,23,0.001,18432,9216,128,128,4,True,10,13.159255481680761,6.325311867354063,7.219964622083607,-0.8946527547295438,-12.511847037783198,-14.000780718664984,0.05759135073160539,0.6334667385072184,0.16666666666666666,0.05599538064224189,0.8350036731099997,0.25,1.553142566968138e-07,0.0546875,0.078125
role,Data2txt,5,24,1e-06,18432,9216,128,128,4,True,9,6.988269055752333,9.672017271412908,10.296787198494062,-0.624769927081154,-21.847356971415152,-23.868857931447877,0.0666495148935039,0.5963991663769211,0.3333333333333333,0.047613109874885824,0.4937917158314872,0.22265625,4.6910366522335245e-06,0.0390625,0.125
role,Data2txt,5,24,0.0001,18432,9216,128,128,4,True,10,7.807016014214481,7.659772174603947,8.423054268973857,-0.7632820943699082,-16.65427070945116,-18.97410722560935,0.05201992525872867,0.5346168901041195,0.3333333333333333,0.047613109874885796,0.49506633917280063,0.21484375,1.1517275704865574e-05,0.03125,0.078125
role,Data2txt,5,24,0.001,18432,9216,128,128,4,True,10,9.025309249821875,6.583207034457091,7.484998395870951,-0.9017913614138591,-13.846509482809932,-16.462768075454015,0.04540085622276359,0.5080950693785345,0.3333333333333333,0.04761310987488582,0.5069901843866275,0.18359375,0.00030054999002206975,0.0390625,0.0625
role,Data2txt,5,25,1e-06,18432,9216,128,128,4,True,8,8.687354610869159,10.414694486178771,10.910629620034229,-0.49593513385546023,-21.970936845636484,-23.38496597613965,0.03466208018861436,0.36449069088889446,0.5,0.13262059869092846,0.2708164983842609,0.27734375,3.3884305330612322e-09,0.078125,0.140625
role,Data2txt,5,25,0.0001,18432,9216,128,128,4,True,9,9.827460325995565,8.248075499231794,8.89998890617862,-0.651913406946828,-17.205556039399113,-19.028002941522963,0.02266390481347697,0.38735324888554973,0.5,0.13262059869092852,0.2716437087203968,0.203125,4.163077668109129e-05,0.0546875,0.125
role,Data2txt,5,25,0.001,18432,9216,128,128,4,True,8,11.535256969959757,7.02490782071289,7.842298212344195,-0.8173903916313061,-14.569341872924356,-16.792376935901647,0.022189028370318324,0.4424383326547367,0.5,0.1326205986909285,0.2793730377621041,0.18359375,0.00030054999002206975,0.046875,0.078125
role,Data2txt,5,26,1e-06,18432,9216,128,128,4,True,8,5.2253280275333776,7.213698914650317,8.076150442530189,-0.8624515278798703,-15.294543880834173,-17.05548314592005,0.11693578818456468,0.6672460641975895,0.3333333333333333,0.11618140494744648,0.9962245003467248,0.2734375,6.005467433544062e-09,0.03125,0.2421875
role,Data2txt,5,26,0.0001,18432,9216,128,128,4,True,9,5.896513925263099,5.748248051423459,6.791106445245399,-1.0428583938219402,-12.287961859736999,-14.438546830618563,0.096902794034329,0.6555436670285505,0.3333333333333333,0.1161814049474465,0.9958110116740932,0.2109375,1.782257225451088e-05,0.125,0.234375
role,Data2txt,5,26,0.001,18432,9216,128,128,4,True,10,6.792210620062481,4.920887727654341,6.078208141287941,-1.1573204136335997,-10.632412606127318,-13.045809485746062,0.07677989719665436,0.6582210691249644,0.3333333333333333,0.1161814049474465,0.9920985502533805,0.22265625,4.6910366522335245e-06,0.0859375,0.21875
role,Data2txt,5,27,1e-06,18432,9216,128,128,4,True,9,6.358405905909469,9.014847251609993,9.948464070062329,-0.9336168184523351,-18.270836732867192,-19.86814728534781,0.1322108465723245,0.7045077697453993,0.5,0.1634836653029447,0.7697011834955603,0.296875,1.6997263144796861e-10,0.125,0.25
role,Data2txt,5,27,0.0001,18432,9216,128,128,4,True,9,7.111163678862953,6.962358391137945,8.026893636291025,-1.0645352451530785,-14.250456131200341,-16.11601389759978,0.11474670262573225,0.6880576854468198,0.5,0.16348366530294475,0.7690882498603431,0.23828125,7.038776424263986e-07,0.1015625,0.1875
role,Data2txt,5,27,0.001,18432,9216,128,128,4,True,10,8.159918055268061,5.873930065449895,7.055933996394266,-1.182003930944372,-12.124130870803334,-14.209781870440324,0.10099322801447384,0.6864603850864337,0.5,0.16348366530294478,0.7636463834868444,0.2265625,2.9565885080962975e-06,0.1015625,0.171875
role,Data2txt,5,28,1e-06,18432,9216,128,128,4,True,8,4.768297437235481,4.466195432388837,4.888407596164749,-0.42221216377591136,-11.322194112635731,-12.058096972613507,0.1870676237547563,0.621934559943666,0.5,0.12661353654474009,0.5533227996141684,0.27734375,3.3884305330612322e-09,0.09375,0.203125
role,Data2txt,5,28,0.0001,18432,9216,128,128,4,True,9,5.335735539535947,3.7786763462987905,4.34277266177624,-0.5640963154774499,-9.354381124019032,-10.404907753526231,0.1546920109902672,0.6109919197216983,0.5,0.1266135365447401,0.5531652965790028,0.265625,1.838083532653948e-08,0.078125,0.15625
role,Data2txt,5,28,0.001,18432,9216,128,128,4,True,8,5.986241737141548,3.453337477327919,4.143019281341514,-0.689681804013595,-8.398390178786814,-9.716242276867785,0.13077648727514346,0.6151862512397265,0.5,0.12661353654474006,0.5517649941900803,0.22265625,4.6910366522335245e-06,0.125,0.1796875
role,Data2txt,5,29,1e-06,18432,9216,128,128,4,True,9,5.634328776690208,8.107343729257964,8.72004235973243,-0.6126986304744665,-18.442284877779205,-20.428578021633257,0.0941024797120471,0.5745134121813897,0.5,0.07921070564048326,0.5987974213025208,0.23046875,1.847888979619762e-06,0.1328125,0.1875
role,Data2txt,5,29,0.0001,18432,9216,128,128,4,True,9,6.297586505701672,6.385390759709177,7.039196675843183,-0.6538059161340053,-14.540270630874792,-16.758448037008044,0.07123448926781699,0.5791567714457484,0.5,0.0792107056404833,0.5981464262786065,0.16796875,0.001261290693128525,0.0546875,0.125
role,Data2txt,5,29,0.001,18432,9216,128,128,4,True,9,7.190571228021402,5.469080209834673,6.210073492496441,-0.7409932826617684,-12.435562977253099,-14.852824391303074,0.0529307958376676,0.596307162128495,0.5,0.07921070564048326,0.5923342866286138,0.12890625,0.025849477725005232,0.078125,0.1640625
role,Data2txt,5,30,1e-06,18432,9216,128,128,4,True,9,3.3326877000314123,4.931425334690713,5.345158887853961,-0.41373355316324717,-10.091272954533075,-11.294391024779054,0.1527052755014961,0.6477839930972157,0.5,0.041747145335499725,0.8780179638048426,0.28125,1.895287375668482e-09,0.0546875,0.21875
role,Data2txt,5,30,0.0001,18432,9216,128,128,4,True,9,3.7729825140395663,4.010326138424879,4.523114217181079,-0.5127880787561998,-8.238179520089673,-9.75140485317841,0.11870851139802732,0.5685521365473278,0.5,0.04174714533549973,0.877731857132732,0.18359375,0.00030054999002206975,0.046875,0.125
role,Data2txt,5,30,0.001,18432,9216,128,128,4,True,9,4.285579044582663,3.541569957268604,4.12599843728343,-0.5844284800148253,-7.25075693388078,-8.988780656741996,0.09554301420169062,0.5237507358808731,0.5,0.04174714533549973,0.875156598340749,0.17578125,0.0006257967777605344,0.03125,0.0859375
role,Data2txt,5,31,1e-06,18432,9216,128,128,4,True,8,4.546382073011484,4.431967032546249,3.653964389221452,0.7780026433247953,-8.335054682861239,-8.58823730030981,0.10889304363893029,0.6393368253395432,0.16666666666666666,0.01751639985976767,0.8117759653918296,0.19140625,0.00013970433630997956,0.0625,0.09375
role,Data2txt,5,31,0.0001,18432,9216,128,128,4,True,9,5.081942542415411,3.6840231242009573,3.719312266444768,-0.03528914224381012,-7.323264807858295,-7.994471512573391,0.08699657467192828,0.6540607663181555,0.16666666666666666,0.017516399859767648,0.8115865788895575,0.1640625,0.00176897694134448,0.0546875,0.0859375
role,Data2txt,5,31,0.001,18432,9216,128,128,4,True,8,5.638367672325005,3.30408219806753,3.796053842322607,-0.4919716442550769,-6.844905693387901,-7.793627752475686,0.07954062275047918,0.6671093948455918,0.16666666666666666,0.017516399859767665,0.8098866300399529,0.18359375,0.00030054999002206975,0.0625,0.1015625
role,Data2txt,6,0,1e-06,35936,18432,128,128,4,True,9,2.0872657365563634,5.297037736606403,5.737722138038014,-0.4406844014316105,-9.149113109887342,-9.292005223264276,0.2465747329434561,0.46686771143450984,0.16666666666666666,0.04260526617870798,0.9277826908782232,0.1484375,0.006313488560237168,0.0,0.0
role,Data2txt,6,0,0.0001,35936,18432,128,128,4,True,8,2.5427811613731888,4.125927301024623,4.956041672487871,-0.8301143714632465,-7.826612898775533,-8.857542010368974,0.18884684592399664,0.4597374122151335,0.16666666666666666,0.04260526617870796,0.929435483635168,0.2578125,5.435300936256329e-08,0.0,0.0
role,Data2txt,6,0,0.001,35936,18432,128,128,4,True,9,2.960802018827793,3.506953919670692,4.4735141995606185,-0.9665602798899267,-6.939721819004866,-8.42943141567164,0.15906351254116574,0.47879772100899315,0.16666666666666666,0.04260526617870796,0.9440364611546875,0.28515625,1.0509063100940924e-09,0.0,0.0
role,Data2txt,6,1,1e-06,35936,18432,128,128,4,True,9,5.154124903889003,6.021255356423511,6.466209284574017,-0.44495392815050633,-12.218209963770393,-12.947979568944712,0.15469779141900472,0.4955152795806934,0.3333333333333333,0.0023013960613162054,1.0725651544060657,0.1796875,0.0004354569877453,0.0390625,0.0625
role,Data2txt,6,1,0.0001,35936,18432,128,128,4,True,9,5.886610118996005,5.127064152861001,5.674822763308708,-0.5477586104477072,-10.484934275518365,-11.514561201142822,0.12194037950255837,0.4759445629482979,0.3333333333333333,0.002301396061316201,1.0743720519559863,0.09375,0.19772455806067113,0.0234375,0.0546875
role,Data2txt,6,1,0.001,35936,18432,128,128,4,True,9,6.72720820554952,4.643605739623002,5.3013644612166155,-0.657758721593613,-9.594682307507975,-10.908952317447055,0.10008944336110208,0.4888167643277106,0.3333333333333333,0.0023013960613162093,1.090192116666155,0.078125,0.39509469943082365,0.046875,0.0625
role,Data2txt,6,2,1e-06,35936,18432,128,128,4,True,11,9.118666765259366,9.083201836159414,9.060906226409411,0.022295609750003678,-19.507678725255072,-20.0131223601573,0.05627048219553575,0.45885418702616887,0.5,0.06621230438061786,1.0733958436495867,0.24609375,2.592123269824214e-07,0.0234375,0.1328125
role,Data2txt,6,2,0.0001,35936,18432,128,128,4,True,12,10.729238922119164,7.648574433543544,8.148857331602084,-0.5002828980585405,-16.157597683168223,-17.407022919721125,0.043570861891043706,0.5291218915060772,0.5,0.06621230438061791,1.0789235462351034,0.109375,0.0866920605943059,0.03125,0.09375
role,Data2txt,6,2,0.001,35936,18432,128,128,4,True,10,12.807517749059517,6.782596546455604,7.692364594896798,-0.9097680484411927,-14.184689401792228,-16.202206795350058,0.0416184355616652,0.5962580886792084,0.5,0.06621230438061784,1.124406629812641,0.11328125,0.0691489899768779,0.0390625,0.140625
role,Data2txt,6,3,1e-06,35936,18432,128,128,4,True,10,7.828633251009181,6.476095057307267,6.655499403557851,-0.17940434625058382,-14.465179262433594,-15.020164492875942,0.10097537067697365,0.5600531352641135,0.3333333333333333,0.07985234247239562,0.6744809978072294,0.21484375,1.1517275704865574e-05,0.0703125,0.125
role,Data2txt,6,3,0.0001,35936,18432,128,128,4,True,11,8.971723946981626,5.738327591956168,6.097194815085471,-0.3588672231293033,-12.545037797111991,-13.410706335051358,0.07895018493382912,0.5719536189793324,0.3333333333333333,0.0798523424723956,0.6766101325994774,0.13671875,0.015066349402464208,0.0703125,0.1484375
role,Data2txt,6,3,0.001,35936,18432,128,128,4,True,11,10.342468018923185,5.298476281506505,5.885936114452617,-0.5874598329461111,-11.526902242472648,-12.78305125288367,0.0721067872436666,0.5983966093309024,0.3333333333333333,0.0798523424723956,0.6953957603013807,0.13671875,0.015066349402464208,0.0625,0.125
role,Data2txt,6,4,1e-06,35936,18432,128,128,4,True,11,7.032124811512469,5.662635990064491,6.077494267377762,-0.4148582773132714,-11.949682407086927,-12.28851095922196,0.15159382038340755,0.5934912323935314,0.16666666666666666,0.009538339341225102,0.7180827082463158,0.234375,1.1452873919607316e-06,0.046875,0.1015625
role,Data2txt,6,4,0.0001,35936,18432,128,128,4,True,11,8.234477371183345,4.9876519014532406,5.538616078784475,-0.5509641773312334,-10.728105633260222,-11.312533439508549,0.12265043404090992,0.574342631033269,0.16666666666666666,0.009538339341225105,0.7197570929492708,0.1328125,0.019813663257872594,0.0703125,0.125
role,Data2txt,6,4,0.001,35936,18432,128,128,4,True,9,9.6474635103405,4.615931211086144,5.299215135953678,-0.6832839248675338,-10.059739865282644,-10.900686857643448,0.10229322760485932,0.5870720915986358,0.16666666666666666,0.009538339341225109,0.7345951292494043,0.125,0.03345596830001085,0.0546875,0.1171875
role,Data2txt,6,5,1e-06,35936,18432,128,128,4,True,10,4.848342994090844,5.638060411637181,5.793235457188004,-0.1551750455508234,-10.632011232178648,-10.94860375719323,0.1857816301258049,0.4936385523769335,0.16666666666666666,0.015269280894401977,0.6342388355734998,0.16796875,0.001261290693128525,0.0,0.015625
role,Data2txt,6,5,0.0001,35936,18432,128,128,4,True,9,5.519003983499816,5.005228174638582,5.316799886060932,-0.3115717114223497,-9.556465979822875,-10.216510231202813,0.1596027334193365,0.3583809067521918,0.16666666666666666,0.015269280894401983,0.6364873961576741,0.12109375,0.04295704754590679,0.0,0.015625
role,Data2txt,6,5,0.001,35936,18432,128,128,4,True,10,6.231460244866838,4.667889649442832,5.157151682803308,-0.48926203336047636,-8.867971826242897,-9.880438561155804,0.14309571181233752,0.28598287605906575,0.16666666666666666,0.015269280894401977,0.65633152144125,0.2109375,1.782257225451088e-05,0.0,0.015625
role,Data2txt,6,6,1e-06,35936,18432,128,128,4,True,10,5.165075808831879,3.9667742380891986,4.046894163174866,-0.08011992508566765,-7.804453721581288,-7.807287255403465,0.1401334812584949,0.4191310468015016,0.16666666666666666,0.0001725122319055721,0.5113065679235352,0.078125,0.39509469943082365,0.0078125,0.03125
role,Data2txt,6,6,0.0001,35936,18432,128,128,4,True,9,5.918717677637771,3.7592029373825295,3.99139786894483,-0.23219493156230014,-7.49828006184905,-7.819267329962537,0.10297357403799515,0.4116450350192252,0.16666666666666666,0.00017251223190556576,0.5126072744130463,0.11328125,0.0691489899768779,0.0078125,0.03125
role,Data2txt,6,6,0.001,35936,18432,128,128,4,True,9,6.628020428236365,3.6301616261435394,4.0179443692728585,-0.3877827431293191,-7.28894794073245,-7.891065650622121,0.08472922132401299,0.4298345903643035,0.16666666666666666,0.00017251223190557728,0.5242247929317306,0.0859375,0.2843716565254909,0.0078125,0.03125
role,Data2txt,6,7,1e-06,35936,18432,128,128,4,True,9,5.441189365813456,3.2898446228051923,3.307533744624548,-0.017689121819355634,-6.701315446005221,-6.878588031233331,0.10145467789946644,0.3130511464301375,0.16666666666666666,0.034792832268504624,0.6102169206583745,0.15234375,0.004649248065287104,0.0,0.0078125
role,Data2txt,6,7,0.0001,35936,18432,128,128,4,True,10,6.20676550845506,3.2915655308248355,3.498935687143022,-0.20737015631818584,-6.680681437495085,-7.231033716618833,0.06558913891136112,0.2598283065652375,0.16666666666666666,0.03479283226850465,0.6114241522871497,0.16796875,0.001261290693128525,0.0,0.0
role,Data2txt,6,7,0.001,35936,18432,128,128,4,True,10,6.860183770978658,3.278061279285064,3.6192604626722913,-0.3411991833872273,-6.630293101879159,-7.488971901302582,0.059725351954282635,0.25912619633554845,0.16666666666666666,0.03479283226850463,0.6222133397779765,0.171875,0.0008920470081351661,0.0,0.0078125
role,Data2txt,6,8,1e-06,35936,18432,128,128,4,True,11,5.492168402734777,3.89687951227552,3.9973649748000755,-0.10048546252455562,-8.209947615743985,-8.305058150801909,0.20311319770941622,0.4115654901025049,0.0,0.0,0.1817269649533427,0.1875,0.00020575038655746867,0.0390625,0.109375
role,Data2txt,6,8,0.0001,35936,18432,128,128,4,True,10,6.294172837515005,3.524552059673722,3.7269711489284605,-0.20241908925473812,-7.641996983350044,-8.026157539646146,0.16643891629497326,0.38016564159982735,0.0,0.0,0.1825666645573215,0.1640625,0.00176897694134448,0.03125,0.1328125
role,Data2txt,6,8,0.001,35936,18432,128,128,4,True,8,7.076754652420087,3.3010707787906606,3.6261105190843828,-0.3250397402937225,-7.329611763783772,-7.9086562980265125,0.14241078858935582,0.38716213607439653,0.0,0.0,0.19019354642198702,0.16796875,0.001261290693128525,0.015625,0.140625
role,Data2txt,6,9,1e-06,35936,18432,128,128,4,True,10,4.3213587824613295,3.6623617418089793,3.810560004278244,-0.14819826246926487,-7.64731633779812,-7.793551322488324,0.19206046857125258,0.482482958809104,0.16666666666666666,0.025180387066769963,0.3704603185965525,0.18359375,0.00030054999002206975,0.0078125,0.0859375
role,Data2txt,6,9,0.0001,35936,18432,128,128,4,True,8,4.947583846436494,3.403566767003017,3.692671304510408,-0.28910453750739123,-7.112518465899482,-7.528241199022261,0.15573927999789605,0.39852862534677924,0.16666666666666666,0.025180387066769967,0.3718786421749521,0.0625,0.6756687537446433,0.015625,0.09375
role,Data2txt,6,9,0.001,35936,18432,128,128,4,True,9,5.5570754445116215,3.2380561607653777,3.6467782128240165,-0.408722052058639,-6.7747943181087225,-7.441279832390733,0.13924347959746045,0.3693298781109827,0.16666666666666666,0.025180387066769963,0.38460193972264645,0.125,0.03345596830001085,0.0078125,0.0859375
role,Data2txt,6,10,1e-06,35936,18432,128,128,4,True,10,4.372810699520765,3.8954195909911586,4.091846143958963,-0.1964265529678046,-8.634133818523848,-9.065385483388269,0.22363103002819465,0.6643271859836565,0.0,0.0,0.3872416319693883,0.23828125,7.038776424263986e-07,0.0234375,0.0546875
role,Data2txt,6,10,0.0001,35936,18432,128,128,4,True,10,5.0021011071104295,3.5844619488368634,3.9350229193440445,-0.35056097050718105,-7.573944214145119,-8.26178551008763,0.17964734301333013,0.5940904555698766,0.0,0.0,0.38734862914210977,0.13671875,0.015066349402464208,0.0078125,0.0625
role,Data2txt,6,10,0.001,35936,18432,128,128,4,True,10,5.654113945076702,3.39062226127672,3.8908846794297722,-0.5002624181530524,-7.067243023333919,-7.994462228678348,0.1483904253743353,0.5629827466683835,0.0,0.0,0.388431661347872,0.15234375,0.004649248065287104,0.0078125,0.0625
role,Data2txt,6,11,1e-06,35936,18432,128,128,4,True,10,4.802631623669722,3.2883488193126,3.365835507410181,-0.07748668809758132,-6.99677094511613,-7.509004756712386,0.17651237358020763,0.5140192886217949,0.3333333333333333,0.031148086080650866,0.555397911768381,0.16796875,0.001261290693128525,0.0234375,0.0625
role,Data2txt,6,11,0.0001,35936,18432,128,128,4,True,11,5.401324882505922,3.2572646044228906,3.4891412890305133,-0.23187668460762245,-6.91800609519691,-7.762945140162815,0.1399838440069137,0.43952246594877814,0.3333333333333333,0.031148086080650863,0.5571177965160468,0.140625,0.011365189018294308,0.0234375,0.0390625
role,Data2txt,6,11,0.001,35936,18432,128,128,4,True,11,5.9189129772409155,3.1841404375054996,3.5663609478286933,-0.3822205103231933,-6.750090822253867,-7.908054736946262,0.11909871918460767,0.408514938725946,0.3333333333333333,0.03114808608065084,0.5724569841816192,0.1796875,0.0004354569877453,0.0078125,0.0703125
role,Data2txt,6,12,1e-06,35936,18432,128,128,4,True,8,5.610169184376854,2.563355942577933,2.387392942641184,0.17596299993675008,-5.033000496434467,-5.257975952977384,0.06997694822684061,0.19282771337555255,0.0,0.0,0.09510333067132598,0.2109375,1.782257225451088e-05,0.0234375,0.03125
role,Data2txt,6,12,0.0001,35936,18432,128,128,4,True,8,5.853529022513026,2.6221564301668474,2.6804851376798022,-0.058328707512954825,-5.09057033748741,-5.557195659848321,0.06524853496523952,0.19941975400570539,0.0,0.0,0.09475922137680352,0.23046875,1.847888979619762e-06,0.03125,0.03125
role,Data2txt,6,12,0.001,35936,18432,128,128,4,True,8,6.070017887581077,2.643833819919839,2.82109965566879,-0.17726583574895072,-5.093230404732832,-5.68103635163536,0.06426276314030084,0.20835522181084506,0.0,0.0,0.09174379249326696,0.1875,0.00020575038655746867,0.03125,0.046875
role,Data2txt,6,13,1e-06,35936,18432,128,128,4,True,10,4.792645276637787,4.961479702564889,5.198435060010552,-0.23695535744566432,-11.59335536004673,-12.329429472316633,0.14856369145707102,0.5354922676510198,0.16666666666666666,0.013708899165108944,0.31364936145839034,0.23828125,7.038776424263986e-07,0.0546875,0.15625
role,Data2txt,6,13,0.0001,35936,18432,128,128,4,True,9,5.369471403842924,4.328551917101361,4.75395704705092,-0.4254051299495597,-9.627600780914669,-10.71481999888168,0.1264521014842036,0.43891054026539356,0.16666666666666666,0.013708899165108927,0.3128350211008175,0.1171875,0.05471894473064931,0.0234375,0.1328125
role,Data2txt,6,13,0.001,35936,18432,128,128,4,True,10,6.012063065561362,4.004085321845575,4.574696194634782,-0.570610872789207,-8.607061321876031,-9.98150845212522,0.11087888296725933,0.38122324490264403,0.16666666666666666,0.013708899165108923,0.30560608906614556,0.08984375,0.23811562865354285,0.0078125,0.125
role,Data2txt,6,14,1e-06,35936,18432,128,128,4,True,10,4.395530090923525,3.7246216084725567,3.954641757333965,-0.23002014886140848,-6.884202133872398,-6.999915653306807,0.17651848793756045,0.5582975913120758,0.16666666666666666,0.02719027984762525,0.7984013545401955,0.1171875,0.05471894473064931,0.015625,0.1328125
role,Data2txt,6,14,0.0001,35936,18432,128,128,4,True,10,5.018073653508975,3.323544877324571,3.6631887758486332,-0.3396438985240625,-6.426610127432756,-6.832747394715864,0.14571343972223755,0.5232735677881695,0.16666666666666666,0.027190279847625266,0.7994077789123081,0.0703125,0.5283541924717865,0.0,0.0546875
role,Data2txt,6,14,0.001,35936,18432,128,128,4,True,9,5.601404883877807,3.110790468688304,3.5653468570372544,-0.4545563883489501,-6.198878577048546,-6.819436776202206,0.12686737265266657,0.5180156318047223,0.16666666666666666,0.027190279847625266,0.8084062444529484,0.1171875,0.05471894473064931,0.0,0.0546875
role,Data2txt,6,15,1e-06,35936,18432,128,128,4,True,10,2.978207019492381,4.492316046592407,4.854221697939934,-0.36190565134752684,-8.002579040878402,-8.267705882775163,0.18909354216697274,0.5989580959922544,0.3333333333333333,0.03587024837733579,0.5252578549861342,0.1640625,0.00176897694134448,0.0078125,0.125
role,Data2txt,6,15,0.0001,35936,18432,128,128,4,True,10,3.477848324140473,3.7436486483653946,4.290908219287346,-0.5472595709219505,-6.965502070004404,-7.834320036959713,0.14314886028883161,0.5557007445462141,0.3333333333333333,0.0358702483773358,0.525017613886321,0.14453125,0.00850482833415378,0.03125,0.1171875
role,Data2txt,6,15,0.001,35936,18432,128,128,4,True,9,3.9550387019166733,3.3333711229481917,4.000081745505815,-0.6667106225576234,-6.38379622197383,-7.654534891111715,0.11625644308947758,0.5457431910290033,0.3333333333333333,0.03587024837733582,0.5229242292016164,0.13671875,0.015066349402464208,0.0703125,0.140625
role,Data2txt,6,16,1e-06,35936,18432,128,128,4,True,8,3.539341368796422,5.527966448296205,6.140725113006098,-0.6127586647098926,-8.8764495383836,-9.534555100226367,0.16100363109932722,0.5103053839157431,0.16666666666666666,0.007703690497230781,0.5171740839611697,0.26953125,1.0551926983948056e-08,0.0078125,0.046875
role,Data2txt,6,16,0.0001,35936,18432,128,128,4,True,8,3.9810914979059433,4.513511592954485,5.248634983114382,-0.7351233901598971,-7.544647003042907,-8.483681733550767,0.1289149946269338,0.4632405572182549,0.16666666666666666,0.007703690497230787,0.5166334258334553,0.203125,4.163077668109129e-05,0.0234375,0.0859375
role,Data2txt,6,16,0.001,35936,18432,128,128,4,True,8,4.451255084863688,3.9425296388950724,4.752751566132187,-0.810221927237115,-6.841758477510491,-7.975925954279443,0.10799684842952309,0.4481747003530239,0.16666666666666666,0.007703690497230776,0.5117800578497539,0.203125,4.163077668109129e-05,0.0078125,0.0859375
role,Data2txt,6,17,1e-06,35936,18432,128,128,4,True,10,4.953171501065633,4.732111280970518,5.299318279838892,-0.5672069988683743,-12.167392258070684,-13.05970748900685,0.2479566543992149,0.7435619933640821,0.16666666666666666,0.05335675434062344,0.5075173431431715,0.36328125,1.209705534646815e-15,0.078125,0.21875
role,Data2txt,6,17,0.0001,35936,18432,128,128,4,True,8,5.589578710767658,3.9468646812423724,4.680093803897458,-0.7332291226550863,-10.024004626178055,-11.282027409665067,0.21462301697483213,0.6974339184624577,0.16666666666666666,0.05335675434062345,0.5080096767868617,0.265625,1.838083532653948e-08,0.078125,0.1875
role,Data2txt,6,17,0.001,35936,18432,128,128,4,True,9,6.340817271482765,3.5319998061714752,4.37778120662162,-0.845781400450144,-8.90563907287262,-10.426547905471,0.1888347956583229,0.6748489113830166,0.16666666666666666,0.0533567543406235,0.5124929594229718,0.23046875,1.847888979619762e-06,0.078125,0.21875
role,Data2txt,6,18,1e-06,35936,18432,128,128,4,True,11,4.29235200002624,6.6632220507639985,7.269628136893257,-0.6064060861292588,-12.46246346456423,-13.59760655058285,0.18948185632123407,0.5203329698225597,0.3333333333333333,0.07492697657063237,0.4393062395903566,0.21484375,1.1517275704865574e-05,0.0234375,0.0546875
role,Data2txt,6,18,0.0001,35936,18432,128,128,4,True,10,4.839676168359386,5.616166099683985,6.397311767953779,-0.7811456682697946,-10.545448003585463,-11.998080342475953,0.16406325778744457,0.46163046984640355,0.3333333333333333,0.07492697657063238,0.4409155145120254,0.1796875,0.0004354569877453,0.0078125,0.046875
role,Data2txt,6,18,0.001,35936,18432,128,128,4,True,11,5.481166446210537,4.959674945225604,5.920630508568418,-0.9609555633428133,-9.349043734116034,-11.123733692731534,0.14735992834260278,0.4433368215813252,0.3333333333333333,0.07492697657063238,0.45568011537649467,0.15625,0.0033962516565197998,0.015625,0.046875
role,Data2txt,6,19,1e-06,35936,18432,128,128,4,True,9,6.691224867210311,8.949626285456723,9.765729220826614,-0.8161029353698912,-14.395170390495156,-15.27549669928112,0.13847829263055866,0.5342438999144119,0.5,0.11971481753932349,0.47337935421978977,0.3828125,2.2198778215893527e-17,0.0625,0.125
role,Data2txt,6,19,0.0001,35936,18432,128,128,4,True,8,7.579392159963142,7.113480943208261,8.064411427361359,-0.9509304841530986,-12.10738383648145,-13.324635007230013,0.11907460379443714,0.5203029513480407,0.5,0.11971481753932348,0.47356884181077,0.2734375,6.005467433544062e-09,0.078125,0.125
role,Data2txt,6,19,0.001,35936,18432,128,128,4,True,8,8.674980520369779,6.121469863753715,7.233400032108818,-1.1119301683551028,-10.863559685247168,-12.376702367870806,0.10508776929577991,0.5314802682764387,0.5,0.11971481753932355,0.47574077621885724,0.3125,1.3232765413914088e-11,0.0390625,0.1171875
role,Data2txt,6,20,1e-06,35936,18432,128,128,4,True,9,5.796096923112425,7.104382193132535,7.710690632848227,-0.6063084397156924,-14.176625862685592,-15.028897897735838,0.12795420407402547,0.5624915174573107,0.3333333333333333,0.05352529921562957,0.40630132322585377,0.26953125,1.0551926983948056e-08,0.0703125,0.1484375
role,Data2txt,6,20,0.0001,35936,18432,128,128,4,True,9,6.528081358808983,5.682447945405011,6.422756311338136,-0.7403083659331264,-11.55662741831895,-12.682058389814621,0.10700436696036933,0.545058146881179,0.3333333333333333,0.05352529921562962,0.40650816590834776,0.19140625,0.00013970433630997956,0.0234375,0.1484375
role,Data2txt,6,20,0.001,35936,18432,128,128,4,True,9,7.43836929320109,4.9487926335233094,5.813348077431378,-0.8645554439080694,-10.188908830291458,-11.56360733946758,0.09142889228401099,0.5507846379956766,0.3333333333333333,0.05352529921562963,0.4086167619605039,0.171875,0.0008920470081351661,0.0234375,0.1171875
role,Data2txt,6,21,1e-06,35936,18432,128,128,4,True,10,3.6154372114012716,5.181762592325973,5.375951548551281,-0.19418895622530863,-12.549592274396911,-13.463015249316417,0.13527107035823854,0.5095257141717557,0.16666666666666666,0.06912982594321708,0.2729226195714264,0.2734375,6.005467433544062e-09,0.0546875,0.203125
role,Data2txt,6,21,0.0001,35936,18432,128,128,4,True,9,4.070105241073743,4.4344205327717265,4.823166308560378,-0.3887457757886519,-10.323252068236142,-11.607445339397852,0.09815083999236862,0.42375979938343755,0.16666666666666666,0.06912982594321707,0.2729385218574259,0.20703125,2.7352006658291592e-05,0.03125,0.15625
role,Data2txt,6,21,0.001,35936,18432,128,128,4,True,8,4.631475241453366,3.9989680897859596,4.560044327210452,-0.5610762374244934,-8.91732001785178,-10.575989236300487,0.07502234654991308,0.383840114235022,0.16666666666666666,0.0691298259432171,0.2731633676757274,0.12109375,0.04295704754590679,0.015625,0.1171875
role,Data2txt,6,22,1e-06,35936,18432,128,128,4,True,9,4.973334438962749,7.097162478710566,7.576382809721554,-0.4792203310109874,-14.004258318262785,-15.227881886193238,0.11196431390079502,0.5775011871464938,0.3333333333333333,0.04443333810743249,0.6464325566664476,0.28125,1.895287375668482e-09,0.078125,0.1796875
role,Data2txt,6,22,0.0001,35936,18432,128,128,4,True,9,5.615291420022746,5.661743411353179,6.302325816862716,-0.6405824055095378,-11.501420311289547,-13.081370861228313,0.09710627401102354,0.5287189888904008,0.3333333333333333,0.04443333810743248,0.6479365213045064,0.140625,0.011365189018294308,0.0859375,0.15625
role,Data2txt,6,22,0.001,35936,18432,128,128,4,True,9,6.420949121343629,4.898493363356135,5.731095797400225,-0.8326024340440901,-10.045950229186474,-11.945338219299764,0.08905209242268254,0.5150542043584362,0.3333333333333333,0.04443333810743252,0.6614236901008264,0.15234375,0.004649248065287104,0.078125,0.1171875
role,Data2txt,6,23,1e-06,35936,18432,128,128,4,True,10,7.262388565949182,8.23280817872331,8.711049224718142,-0.47824104599483197,-17.0628414447861,-18.30647639202587,0.08405212757214225,0.7387966821960062,0.16666666666666666,0.06641134961629756,0.5602536995506112,0.2734375,6.005467433544062e-09,0.0703125,0.125
role,Data2txt,6,23,0.0001,35936,18432,128,128,4,True,10,8.172189473115338,6.689500518368641,7.3537672601606,-0.664266741791959,-13.825205060159247,-15.401875011976411,0.0637286507864388,0.6805825597948775,0.16666666666666666,0.06641134961629756,0.5596338324905478,0.1875,0.00020575038655746867,0.0703125,0.1328125
role,Data2txt,6,23,0.001,35936,18432,128,128,4,True,9,9.37299445934548,5.8940281642074215,6.736606212322203,-0.8425780481147823,-12.11591519396423,-14.006475987197248,0.04767369032357204,0.6490408631351088,0.16666666666666666,0.06641134961629758,0.5544510267686427,0.1796875,0.0004354569877453,0.078125,0.1328125
role,Data2txt,6,24,1e-06,35936,18432,128,128,4,True,9,5.650154259410775,10.012492911281221,10.666279220038165,-0.6537863087569433,-19.429081794193394,-20.873588020104705,0.09336245634755752,0.6072272810119188,0.16666666666666666,0.029309924902577823,0.6239278044566395,0.28515625,1.0509063100940924e-09,0.0390625,0.0546875
role,Data2txt,6,24,0.0001,35936,18432,128,128,4,True,9,6.316777020123308,7.754234067961836,8.550846840986601,-0.7966127730247656,-15.113869929768565,-16.86707707324296,0.07565643487843798,0.5412399644998286,0.16666666666666666,0.029309924902577823,0.6259815419702327,0.2265625,2.9565885080962975e-06,0.0234375,0.0546875
role,Data2txt,6,24,0.001,35936,18432,128,128,4,True,9,7.259709666746035,6.521347395288824,7.4914776250057695,-0.9701302297169454,-12.712334384925354,-14.817794885020678,0.06244176559683702,0.5127578875442356,0.16666666666666666,0.029309924902577826,0.6443435063031815,0.19140625,0.00013970433630997956,0.0234375,0.046875
role,Data2txt,6,25,1e-06,35936,18432,128,128,4,True,9,5.159058159946557,10.219960302615974,10.89169540683633,-0.6717351042203569,-20.67363943840411,-22.302552553689267,0.1538347792709066,0.7353991941384471,0.5,0.0632257713359891,0.6295379188583168,0.30859375,2.538865745522775e-11,0.0546875,0.1171875
role,Data2txt,6,25,0.0001,35936,18432,128,128,4,True,10,5.7888971515289835,8.015672414453823,8.881467938209948,-0.865795523756125,-15.96663288789744,-17.92536320537947,0.1360488082446778,0.6551672426929159,0.5,0.06322577133598913,0.6301608917362709,0.26953125,1.0551926983948056e-08,0.03125,0.078125
role,Data2txt,6,25,0.001,35936,18432,128,128,4,True,9,6.694512623337126,6.756294445754062,7.828381939696767,-1.0720874939427048,-13.255336448947753,-15.633558890680435,0.1228107826589395,0.6079528655346486,0.5,0.06322577133598908,0.6359615422461067,0.2265625,2.9565885080962975e-06,0.0546875,0.1015625
role,Data2txt,6,26,1e-06,35936,18432,128,128,4,True,9,4.463342690312085,8.355080294247127,9.145472184230846,-0.7903918899837201,-16.099523948125395,-18.225626184314955,0.12183403202645218,0.6622527340027552,0.5,0.12588811062444574,0.8763006664053359,0.26171875,3.1743788057539135e-08,0.0859375,0.1484375
role,Data2txt,6,26,0.0001,35936,18432,128,128,4,True,9,4.985355042138802,6.589496981522662,7.519073976333942,-0.9295769948112813,-12.53492735847954,-15.034181426547214,0.09999514731182767,0.5974988320742194,0.5,0.12588811062444577,0.8757229989905468,0.25390625,9.227219252368915e-08,0.0390625,0.1015625
role,Data2txt,6,26,0.001,35936,18432,128,128,4,True,9,5.718974387865618,5.551047175373013,6.570590186294555,-1.0195430109215415,-10.506702407917544,-13.20283061581951,0.08534489580699085,0.5549448258825875,0.5,0.12588811062444577,0.8705408980179492,0.26953125,1.0551926983948056e-08,0.0703125,0.1171875
role,Data2txt,6,27,1e-06,35936,18432,128,128,4,True,9,6.287881812452573,9.705736282118089,10.460229393157938,-0.7544931110398506,-18.53311587263788,-20.21263898257397,0.09879818922899469,0.6198424188344879,0.5,0.14909982641044411,0.5732351211022755,0.29296875,3.1472328013771007e-10,0.140625,0.21875
role,Data2txt,6,27,0.0001,35936,18432,128,128,4,True,9,7.052091049092582,7.5963683461337475,8.498507548471933,-0.9021392023381858,-14.605281617352825,-16.634148341642792,0.0814943943810996,0.5784007692870322,0.5,0.14909982641044406,0.5726137371490669,0.24609375,2.592123269824214e-07,0.0390625,0.109375
role,Data2txt,6,27,0.001,35936,18432,128,128,4,True,8,8.112474517544706,6.408997526302591,7.479785581298557,-1.0707880549959656,-12.440884449360574,-14.789753391177303,0.06827932879400386,0.5647744195173056,0.5,0.14909982641044411,0.5673848674800629,0.26171875,3.1743788057539135e-08,0.0390625,0.140625
role,Data2txt,6,28,1e-06,35936,18432,128,128,4,True,9,3.6785026798767237,5.571692687190585,6.072226981591437,-0.5005342944008526,-9.861182605408796,-10.582362004702327,0.24611140140645546,0.5738889400904987,0.5,0.1489300270691158,0.5330777501520603,0.21875,7.381061347748238e-06,0.0625,0.15625
role,Data2txt,6,28,0.0001,35936,18432,128,128,4,True,9,4.113786571285876,4.5751935636379955,5.232506947568131,-0.6573133839301372,-8.144440505583553,-9.165663834372378,0.21559934104144096,0.5291115678086941,0.5,0.14893002706911573,0.5330997673790153,0.19140625,0.00013970433630997956,0.0625,0.109375
role,Data2txt,6,28,0.001,35936,18432,128,128,4,True,8,4.5876719156759584,4.069140275312791,4.870613259787518,-0.801472984474727,-7.305757934494808,-8.570428379946954,0.19428265567169228,0.5132989036734655,0.5,0.14893002706911576,0.5333321193379504,0.19140625,0.00013970433630997956,0.03125,0.0859375
role,Data2txt,6,29,1e-06,35936,18432,128,128,4,True,9,6.347070564825467,9.684863934379232,10.535085303200537,-0.8502213688213037,-18.804814498074304,-20.081095503619757,0.08850363074845256,0.6244569668412979,0.5,0.13608375195896968,0.7263491681049947,0.33203125,4.446104931843403e-13,0.109375,0.171875
role,Data2txt,6,29,0.0001,35936,18432,128,128,4,True,9,7.083519091354911,7.456685023065953,8.41819729844697,-0.961512275381017,-14.705779544620114,-16.240211473118784,0.07147247138839521,0.6202379720850728,0.5,0.13608375195896977,0.7254470871644407,0.29296875,3.1472328013771007e-10,0.0859375,0.140625
role,Data2txt,6,29,0.001,35936,18432,128,128,4,True,10,8.107689512287056,6.282199216859134,7.364186303456316,-1.0819870865971821,-12.539828070923644,-14.335884261642049,0.05837105490668932,0.6304134119521656,0.5,0.1360837519589697,0.7174257757282726,0.30078125,9.098922052950389e-11,0.109375,0.1171875
role,Data2txt,6,30,1e-06,35936,18432,128,128,4,True,9,3.074583569071649,4.9612660800873485,5.194466461325918,-0.2332003812385696,-8.267438831903258,-8.349773794684491,0.2990287513739464,0.8464448754786834,0.5,0.09733975571507486,0.5890308144387751,0.20703125,2.7352006658291592e-05,0.015625,0.046875
role,Data2txt,6,30,0.0001,35936,18432,128,128,4,True,8,3.6026254274764815,4.216618601915469,4.698693410218471,-0.4820748083030032,-7.061218496009133,-7.7498444822250585,0.2523864381719569,0.6839781437041893,0.5,0.09733975571507489,0.5886192575935915,0.16796875,0.001261290693128525,0.0078125,0.046875
role,Data2txt,6,30,0.001,35936,18432,128,128,4,True,9,4.12450173167974,3.8016765329748057,4.4311220014317305,-0.6294454684569248,-6.398664014980323,-7.464971254756582,0.2484493559649595,0.5847838390807074,0.5,0.0973397557150749,0.5849248344631296,0.15234375,0.004649248065287104,0.0,0.046875
role,Data2txt,6,31,1e-06,35936,18432,128,128,4,True,8,3.132020131624429,3.9298067061494852,3.5943236085633217,0.33548309758616285,-9.942960547960572,-10.043600016098216,0.13749149062733043,0.6366331554348379,0.16666666666666666,0.024585916310035878,0.7536724740679104,0.24609375,2.592123269824214e-07,0.015625,0.0859375
role,Data2txt,6,31,0.0001,35936,18432,128,128,4,True,8,3.6685329180875437,3.412429579637592,3.650441194073321,-0.23801161443572943,-8.009021398471898,-8.765633666234642,0.11045492415654717,0.6230287252297804,0.16666666666666666,0.024585916310035878,0.7534593511339733,0.18359375,0.00030054999002206975,0.046875,0.1015625
role,Data2txt,6,31,0.001,35936,18432,128,128,4,True,8,4.220235355842029,3.1517083127005687,3.756906001916364,-0.6051976892157948,-7.049415293656386,-8.172890841010224,0.09360622664672406,0.6215142566406072,0.16666666666666666,0.024585916310035875,0.7515452689553641,0.09765625,0.16284637793210843,0.0546875,0.1015625
role,Data2txt,7,0,1e-06,25440,10880,128,128,4,True,9,1.9675041956462418,5.258340066943298,5.454994237841102,-0.19665417089780401,-9.717843094091574,-10.10389266107103,0.1509443111233621,0.3929940686388548,0.16666666666666666,0.06445303887973484,0.7045107315072408,0.140625,0.011365189018294308,0.0,0.0
role,Data2txt,7,0,0.0001,25440,10880,128,128,4,True,8,2.401416303281223,4.272819104360698,4.909600637974728,-0.636781533614031,-8.082021461345573,-9.338944252703634,0.14139417140834204,0.37128644117561566,0.16666666666666666,0.06445303887973486,0.7057061089055421,0.28125,1.895287375668482e-09,0.0,0.0
role,Data2txt,7,0,0.001,25440,10880,128,128,4,True,9,2.7961825479451474,3.6867951502161382,4.545124129564738,-0.8583289793486001,-7.073274312391192,-8.69357993097827,0.14458301987023908,0.38720403191079716,0.16666666666666666,0.06445303887973484,0.7163572463509955,0.234375,1.1452873919607316e-06,0.0,0.0
role,Data2txt,7,1,1e-06,25440,10880,128,128,4,True,9,5.299397806501184,6.144351712672026,6.381058865238947,-0.2367071525669211,-12.142150635332879,-12.65546693915175,0.13431614134721692,0.5032984170745434,0.16666666666666666,0.003717341704628014,1.09142098784088,0.15234375,0.004649248065287104,0.0234375,0.0625
role,Data2txt,7,1,0.0001,25440,10880,128,128,4,True,10,6.005767962687271,5.374007514145904,5.725194338029042,-0.35118682388313877,-10.55820651290154,-11.41390021523554,0.1105044834576765,0.45547085352919087,0.16666666666666666,0.003717341704628016,1.0931727740351664,0.12109375,0.04295704754590679,0.015625,0.046875
role,Data2txt,7,1,0.001,25440,10880,128,128,4,True,10,6.791985978159619,4.917764068596545,5.447712166869556,-0.5299480982730096,-9.712124928559895,-10.914039885347458,0.0943858987097297,0.4494178490028569,0.16666666666666666,0.003717341704628014,1.108500410410135,0.10546875,0.1078240411546818,0.0234375,0.1015625
role,Data2txt,7,2,1e-06,25440,10880,128,128,4,True,9,8.843509595224651,10.508280068754523,10.737956018474739,-0.2296759497202145,-19.4075829174073,-19.360744062239494,0.055252515959407555,0.4493305727593879,0.5,0.05059286224354431,1.4166185230252208,0.265625,1.838083532653948e-08,0.0234375,0.0546875
role,Data2txt,7,2,0.0001,25440,10880,128,128,4,True,11,10.927552933391325,8.476741991577734,9.14995965271394,-0.6732176611362071,-16.133025405096888,-16.9634750881929,0.04798993270556482,0.5326134979108147,0.5,0.050592862243544354,1.4208404931647933,0.2109375,1.782257225451088e-05,0.0234375,0.0703125
role,Data2txt,7,2,0.001,25440,10880,128,128,4,True,10,13.553033108959548,7.315667754219776,8.35950175664105,-1.0438340024212744,-14.23780820355345,-15.811277573128464,0.044553781975760584,0.6101102954148317,0.5,0.050592862243544354,1.4539556971428282,0.2109375,1.782257225451088e-05,0.0234375,0.0859375
role,Data2txt,7,3,1e-06,25440,10880,128,128,4,True,9,8.420519175647868,6.905136983840075,7.03098053541432,-0.12584355157424537,-12.661908424048745,-12.604144527288934,0.06906556713520544,0.3822761245132894,0.3333333333333333,0.07297369451117602,0.7060900316032798,0.19140625,0.00013970433630997956,0.0078125,0.0625
role,Data2txt,7,3,0.0001,25440,10880,128,128,4,True,9,9.691929629153414,6.0452842539802525,6.306922067627309,-0.261637813647057,-11.540617502218048,-11.882799269075836,0.05920634937858149,0.43209531769289805,0.3333333333333333,0.07297369451117601,0.7084583862451533,0.13671875,0.015066349402464208,0.0,0.0625
role,Data2txt,7,3,0.001,25440,10880,128,128,4,True,9,11.129297944079767,5.575032057975467,6.025603210032806,-0.4505711520573379,-10.891972355827606,-11.6373629901977,0.05441675857682224,0.4869877761835033,0.3333333333333333,0.07297369451117598,0.7292181798004862,0.1328125,0.019813663257872594,0.0390625,0.0625
role,Data2txt,7,4,1e-06,25440,10880,128,128,4,True,9,5.429882210115505,6.135024221363931,6.3208566563163,-0.1858324349523685,-12.731935130455813,-13.311274068417646,0.1060168209526931,0.49068667474904165,0.16666666666666666,0.005265220599637733,0.663937945408265,0.23046875,1.847888979619762e-06,0.015625,0.0625
role,Data2txt,7,4,0.0001,25440,10880,128,128,4,True,9,6.216649955656283,5.352694745011651,5.69672954419273,-0.3440347991810795,-10.908071878313944,-11.776057230828581,0.08141698197998365,0.3921522824536171,0.16666666666666666,0.005265220599637728,0.6654062555354632,0.16015625,0.0024610192473685233,0.015625,0.078125
role,Data2txt,7,4,0.001,25440,10880,128,128,4,True,9,7.161453976651402,4.91200350771374,5.407113496720174,-0.4951099890064353,-9.89219315048572,-11.062352481604126,0.06458848898538222,0.36035038015504606,0.16666666666666666,0.005265220599637731,0.6784400468411655,0.109375,0.0866920605943059,0.015625,0.046875
role,Data2txt,7,5,1e-06,25440,10880,128,128,4,True,9,5.036052953957142,5.244990823957772,5.540342660302204,-0.29535183634443163,-10.980476125238397,-11.570597441960217,0.17798079809265518,0.3898389064732039,0.16666666666666666,0.014018744248449448,0.8089999464260547,0.2578125,5.435300936256329e-08,0.03125,0.0703125
role,Data2txt,7,5,0.0001,25440,10880,128,128,4,True,10,5.7871473349909115,4.572694462528709,5.029749430590985,-0.4570549680622753,-9.762799974741064,-10.609722858268551,0.1420492044359261,0.40824754751774406,0.16666666666666666,0.01401874424844945,0.8115021459757117,0.19921875,6.28426475199267e-05,0.0,0.0703125
role,Data2txt,7,5,0.001,25440,10880,128,128,4,True,10,6.605377414831752,4.179750515846811,4.802871053849488,-0.6231205380026775,-9.052719145861435,-10.183438851525228,0.12281465029032826,0.44717053392561495,0.16666666666666666,0.014018744248449452,0.8334548754245115,0.0859375,0.2843716565254909,0.0234375,0.0625
role,Data2txt,7,6,1e-06,25440,10880,128,128,4,True,9,4.5439828229894745,3.9372885526684627,3.9730912274782115,-0.03580267480974913,-7.437185866693719,-7.576972863440863,0.10798707346190335,0.3689989548251826,0.16666666666666666,0.006162043955173926,0.6458907018037147,0.109375,0.0866920605943059,0.0,0.015625
role,Data2txt,7,6,0.0001,25440,10880,128,128,4,True,9,5.1857805992770665,3.649907756239151,3.808837520691524,-0.15892976445237386,-7.16293473713622,-7.661295878801883,0.08181543918532763,0.3668722482297296,0.16666666666666666,0.006162043955173921,0.6472864937475842,0.05859375,0.749163576838006,0.0,0.078125
role,Data2txt,7,6,0.001,25440,10880,128,128,4,True,9,5.776000610701811,3.4762676134334054,3.7956368370659703,-0.31936922363256437,-6.944522370990539,-7.775344299859325,0.07719609206562045,0.38842621702505997,0.16666666666666666,0.006162043955173927,0.6597289185417025,0.125,0.03345596830001085,0.0078125,0.0625
role,Data2txt,7,7,1e-06,25440,10880,128,128,4,True,9,6.4452133131997655,3.3566462364482117,3.550629594222838,-0.1939833577746261,-6.583693904699698,-6.789843630929397,0.0654110348664263,0.3127808923707856,0.16666666666666666,0.04209129932569454,0.7863427925273607,0.16015625,0.0024610192473685233,0.0,0.0234375
role,Data2txt,7,7,0.0001,25440,10880,128,128,4,True,10,6.858901724498015,3.3551444863320317,3.746908464665957,-0.3917639783339254,-6.625452370390642,-7.1905822159769635,0.07499494639106308,0.3368495490053055,0.16666666666666666,0.042091299325694546,0.7876270349916413,0.18359375,0.00030054999002206975,0.0,0.0234375
role,Data2txt,7,7,0.001,25440,10880,128,128,4,True,10,7.22404999956453,3.293030909229886,3.823910656021145,-0.5308797467912589,-6.556995436244055,-7.369518598062241,0.08169814389175538,0.3575117663201546,0.16666666666666666,0.04209129932569453,0.7990674953445053,0.16015625,0.0024610192473685233,0.0078125,0.015625
role,Data2txt,7,8,1e-06,25440,10880,128,128,4,True,9,4.6273211907269545,3.684609940531385,3.543022586150485,0.14158735438089995,-7.318108299081272,-7.233969657526249,0.10529944200148397,0.3942381679238651,0.0,0.0,0.03651119645639432,0.12890625,0.025849477725005232,0.0,0.0078125
role,Data2txt,7,8,0.0001,25440,10880,128,128,4,True,9,5.273289174760793,3.5613979523771215,3.5903172298018537,-0.028919277424732284,-6.894406488333212,-7.114888314035117,0.07758964364887946,0.25407503382596275,0.0,0.0,0.03720219292255576,0.09765625,0.16284637793210843,0.0,0.0078125
role,Data2txt,7,8,0.001,25440,10880,128,128,4,True,9,5.883823750996591,3.458128958829064,3.626111386233962,-0.16798242740489772,-6.622645650002957,-7.101195835496691,0.06345894442537375,0.1752873727250893,0.0,0.0,0.04374194964196215,0.1015625,0.1330414826108106,0.0,0.0078125
role,Data2txt,7,9,1e-06,25440,10880,128,128,4,True,9,3.6908796832003126,3.779330645316831,3.8511811071971973,-0.07185046188036633,-7.61989762488494,-8.040598319587556,0.15079419104082087,0.47521098847267745,0.16666666666666666,0.016743194642939527,0.5128136593903568,0.20703125,2.7352006658291592e-05,0.015625,0.1015625
role,Data2txt,7,9,0.0001,25440,10880,128,128,4,True,9,4.158887448811046,3.4472907448398944,3.6584794878887634,-0.21118874304886875,-7.080497099083162,-7.840157228196175,0.1210089218778809,0.39065396028271837,0.16666666666666666,0.016743194642939538,0.5140843512105162,0.140625,0.011365189018294308,0.015625,0.046875
role,Data2txt,7,9,0.001,25440,10880,128,128,4,True,9,4.597191591378428,3.2338565438005613,3.5775345225318347,-0.34367797873127315,-6.711758706256128,-7.764908137454107,0.10363325943750878,0.3547713603152733,0.16666666666666666,0.01674319464293954,0.5254580499314128,0.140625,0.011365189018294308,0.015625,0.0625
role,Data2txt,7,10,1e-06,25440,10880,128,128,4,True,8,4.782265703096099,3.648703729341557,3.906331011631869,-0.25762728229031223,-6.67825733487573,-6.711903506792634,0.20294008915693865,0.5141706903752887,0.16666666666666666,0.013435345396119907,0.3668373681517505,0.1015625,0.1330414826108106,0.0,0.0234375
role,Data2txt,7,10,0.0001,25440,10880,128,128,4,True,8,5.467639305516135,3.342242502435111,3.7241241469501216,-0.38188164451501033,-6.448538632631488,-6.791913345937413,0.17383419389696758,0.49057870255047875,0.16666666666666666,0.013435345396119914,0.3670229004988576,0.0703125,0.5283541924717865,0.0078125,0.0390625
role,Data2txt,7,10,0.001,25440,10880,128,128,4,True,10,6.082130980262262,3.1772682145894615,3.672999123778754,-0.49573090918929236,-6.306060537315759,-6.922714272005765,0.1566834092510692,0.49233428124152584,0.16666666666666666,0.01343534539611991,0.3688038127464811,0.09375,0.19772455806067113,0.0,0.0234375
role,Data2txt,7,11,1e-06,25440,10880,128,128,4,True,10,5.097535574632621,3.2238993541341023,3.2936641656086145,-0.06976481147451209,-6.7833503539142015,-6.906074005271298,0.1557718382564009,0.4799074314572432,0.3333333333333333,0.02935513784502039,0.7249235513516333,0.18359375,0.00030054999002206975,0.0,0.03125
role,Data2txt,7,11,0.0001,25440,10880,128,128,4,True,10,5.710461198680633,3.227376525216611,3.44624860711263,-0.21887208189601848,-6.787503656926827,-7.247117429357848,0.12208822720634047,0.41044435264603873,0.3333333333333333,0.029355137845020418,0.7268851067027016,0.18359375,0.00030054999002206975,0.0,0.0546875
role,Data2txt,7,11,0.001,25440,10880,128,128,4,True,10,6.241373457769215,3.187504493844337,3.5638468801137155,-0.37634238626937877,-6.6292002694142615,-7.417904805254265,0.10379856795005717,0.38300113274094744,0.3333333333333333,0.02935513784502042,0.7442854000300972,0.19140625,0.00013970433630997956,0.0,0.0546875
role,Data2txt,7,12,1e-06,25440,10880,128,128,4,True,9,6.878543021379384,2.520459099368365,2.5692133477485735,-0.04875424838020833,-5.13226014905365,-4.951236150480074,0.06301198394107206,0.28271289125367466,0.0,0.0,0.26326576283836667,0.1640625,0.00176897694134448,0.0546875,0.0546875
role,Data2txt,7,12,0.0001,25440,10880,128,128,4,True,9,7.202228121653184,2.541050186699755,2.7282427402631635,-0.18719255356340836,-5.206353502465772,-5.345329786366988,0.05489177335636178,0.30512311745729676,0.0,0.0,0.262873826516974,0.16796875,0.001261290693128525,0.046875,0.0546875
role,Data2txt,7,12,0.001,25440,10880,128,128,4,True,9,7.47309875115031,2.536992278230996,2.8045733062984133,-0.26758102806741707,-5.234239332871882,-5.544884216573742,0.05134203473902921,0.31964401363071093,0.0,0.0,0.2593402623834499,0.12109375,0.04295704754590679,0.0546875,0.0859375
role,Data2txt,7,13,1e-06,25440,10880,128,128,4,True,10,4.986916888715761,4.609213949601749,4.92755763113351,-0.3183436815317608,-8.79773786967402,-9.204455042591938,0.1461645182362357,0.43559124368034546,0.0,0.0,0.3313535696818603,0.1328125,0.019813663257872594,0.0234375,0.0625
role,Data2txt,7,13,0.0001,25440,10880,128,128,4,True,8,5.708216632291723,4.0453013340105635,4.488210744842082,-0.44290941083151864,-8.03087316287816,-8.764753944178,0.10728405988535133,0.39070506047259457,0.0,0.0,0.330580268033762,0.06640625,0.6011607778074717,0.0234375,0.1015625
role,Data2txt,7,13,0.001,25440,10880,128,128,4,True,9,6.429581511177126,3.7242318468229008,4.291929446248574,-0.5676975994256728,-7.582533922333017,-8.568822847039732,0.08139762337043904,0.3869819175121508,0.0,0.0,0.3237120488387344,0.1015625,0.1330414826108106,0.046875,0.0859375
role,Data2txt,7,14,1e-06,25440,10880,128,128,4,True,10,3.4108393427768666,3.221352453533598,3.3562956184113233,-0.1349431648777249,-6.896852560812835,-7.332950554604895,0.21265760343301449,0.6756289636548778,0.16666666666666666,0.03237157560040617,0.4948046136078781,0.1484375,0.006313488560237168,0.0,0.03125
role,Data2txt,7,14,0.0001,25440,10880,128,128,4,True,9,3.9002332561536552,3.075056916881094,3.3915935135178517,-0.31653659663675704,-6.139231971423964,-6.81475029243141,0.1734569356047181,0.5557049499827307,0.16666666666666666,0.032371575600406176,0.49586081408249266,0.078125,0.39509469943082365,0.0,0.0390625
role,Data2txt,7,14,0.001,25440,10880,128,128,4,True,9,4.383510551285547,2.9885805231936247,3.4420432121777313,-0.45346268898410624,-5.7747481238205,-6.628840702872798,0.1499720579424825,0.4905517852918046,0.16666666666666666,0.03237157560040617,0.5053648738034611,0.15625,0.0033962516565197998,0.0,0.0234375
role,Data2txt,7,15,1e-06,25440,10880,128,128,4,True,9,2.7068350922419837,3.63932251296184,3.8605792882443,-0.22125677528245918,-8.470329949137483,-9.549792085241446,0.24075192595027292,0.6591160751326538,0.16666666666666666,0.03702270626702861,0.5106059693446943,0.14453125,0.00850482833415378,0.0390625,0.1015625
role,Data2txt,7,15,0.0001,25440,10880,128,128,4,True,9,3.026355216397854,3.254305008433655,3.7037712854797897,-0.4494662770461341,-7.2127985283455995,-8.634273385786166,0.19185199842720968,0.5837844663244416,0.16666666666666666,0.03702270626702862,0.5110153109202227,0.1640625,0.00176897694134448,0.0234375,0.1015625
role,Data2txt,7,15,0.001,25440,10880,128,128,4,True,9,3.360200121795677,2.988414323324999,3.6041377283761005,-0.6157234050511011,-6.466836802357889,-8.151168700774534,0.17189171493619987,0.5459077473952945,0.16666666666666666,0.03702270626702861,0.5147558045997547,0.1015625,0.1330414826108106,0.015625,0.046875
role,Data2txt,7,16,1e-06,25440,10880,128,128,4,True,8,2.9427666845187743,4.055290206280686,4.250763259718814,-0.195473053438127,-8.404565918718834,-9.102036406416206,0.19582886324168963,0.6124807615508753,0.16666666666666666,0.01570899103399745,0.35440598710111926,0.2421875,4.289574463648891e-07,0.0,0.03125
role,Data2txt,7,16,0.0001,25440,10880,128,128,4,True,9,3.3075989331875406,3.568005369214298,3.9306732323555487,-0.36266786314125077,-7.307506526574629,-8.374266159611597,0.16190571455847763,0.5056302729895865,0.16666666666666666,0.015708991033997435,0.3540514819732132,0.08984375,0.23811562865354285,0.0,0.03125
role,Data2txt,7,16,0.001,25440,10880,128,128,4,True,9,3.68620003618707,3.289085603223781,3.7866927508385184,-0.4976071476147375,-6.601231610878885,-7.989552583005942,0.14186908576924487,0.4439602212985454,0.16666666666666666,0.01570899103399745,0.3509120012602736,0.08984375,0.23811562865354285,0.0,0.03125
role,Data2txt,7,17,1e-06,25440,10880,128,128,4,True,10,4.462598334518459,4.274027039316827,4.574712661942269,-0.3006856226254409,-11.228106185192523,-11.941656026418567,0.22563235969332132,0.7511155443669,0.16666666666666666,0.038085211028148054,0.4831884156071641,0.265625,1.838083532653948e-08,0.0078125,0.2734375
role,Data2txt,7,17,0.0001,25440,10880,128,128,4,True,9,5.037008221791691,3.8046827137695534,4.292696276537969,-0.48801356276841584,-9.618654544318076,-10.707345491316563,0.1894292042999617,0.6909862378489166,0.16666666666666666,0.03808521102814808,0.4835357248381175,0.21875,7.381061347748238e-06,0.0390625,0.1328125
role,Data2txt,7,17,0.001,25440,10880,128,128,4,True,9,5.686439916634523,3.5279550254278265,4.17735159412028,-0.6493965686924542,-8.627973859530226,-10.082458476942517,0.16370031108931893,0.6596494798223489,0.16666666666666666,0.03808521102814806,0.4867851413345819,0.19921875,6.28426475199267e-05,0.0625,0.1875
role,Data2txt,7,18,1e-06,25440,10880,128,128,4,True,9,4.0352743520963985,7.453769252771973,8.28316708840968,-0.8293978356377083,-14.446532076847811,-15.828288342683265,0.13526851843391224,0.46635014026848237,0.3333333333333333,0.09500539516143505,0.3568909671362515,0.265625,1.838083532653948e-08,0.046875,0.1484375
role,Data2txt,7,18,0.0001,25440,10880,128,128,4,True,9,4.531281815601418,5.860476823479804,6.81261222295022,-0.9521353994704158,-11.582172853594706,-13.193338568585567,0.11011643587219157,0.46693405081768763,0.3333333333333333,0.09500539516143504,0.3578605650944364,0.24609375,2.592123269824214e-07,0.078125,0.140625
role,Data2txt,7,18,0.001,25440,10880,128,128,4,True,9,5.165458728997219,4.936200244473484,6.006905186333811,-1.070704941860328,-9.885504805719497,-11.723077183067632,0.09285595296156418,0.49089636331141595,0.3333333333333333,0.09500539516143505,0.3667358201228192,0.19140625,0.00013970433630997956,0.09375,0.1484375
role,Data2txt,7,19,1e-06,25440,10880,128,128,4,True,9,5.353147242208586,9.275409790430547,10.120974375454312,-0.845564585023764,-16.818617449905407,-18.268291610725264,0.13856137462781332,0.48808106793124323,0.5,0.11675187234256733,1.0280361932657993,0.359375,2.615412053009669e-15,0.03125,0.0546875
role,Data2txt,7,19,0.0001,25440,10880,128,128,4,True,9,5.988106645729803,7.245117263308453,8.219875923949783,-0.9747586606413304,-13.381450125092261,-15.146606535049525,0.11865437995561368,0.4647323575447731,0.5,0.11675187234256741,1.031386689278422,0.3125,1.3232765413914088e-11,0.03125,0.0703125
role,Data2txt,7,19,0.001,25440,10880,128,128,4,True,10,6.820837757876941,6.149878775724927,7.305276532127442,-1.1553977564025155,-11.471587082407842,-13.577955543717046,0.1036734977999209,0.47240259544868507,0.5,0.11675187234256744,1.0601295157108466,0.3125,1.3232765413914088e-11,0.03125,0.0703125
role,Data2txt,7,20,1e-06,25440,10880,128,128,4,True,9,4.7620515230652085,6.396952619436868,6.952467068361605,-0.5555144489247368,-15.5075711246013,-16.92819536361449,0.1243773888739842,0.49356700038855233,0.5,0.09686111306406503,0.713159208843509,0.1953125,9.40842686753401e-05,0.015625,0.140625
role,Data2txt,7,20,0.0001,25440,10880,128,128,4,True,10,5.321618168575282,5.353117920569856,6.086178303185421,-0.733060382615565,-12.27591502868521,-13.999522958898185,0.09648741641171958,0.47459122085554206,0.5,0.09686111306406518,0.7150665996047448,0.16796875,0.001261290693128525,0.0546875,0.15625
role,Data2txt,7,20,0.001,25440,10880,128,128,4,True,10,6.04128392021988,4.786194159096684,5.681896549820264,-0.8957023907235789,-10.505229269302674,-12.542268868552974,0.08031474146382309,0.4833799301094701,0.5,0.09686111306406517,0.7319713478152505,0.1015625,0.1330414826108106,0.0546875,0.1328125
role,Data2txt,7,21,1e-06,25440,10880,128,128,4,True,10,4.105558174079646,5.990509429316832,6.480536822480482,-0.49002739316364985,-11.343808253340844,-11.694431500252215,0.19790279522585638,0.6483344587328693,0.16666666666666666,0.06641307225892219,0.4536310736134038,0.26171875,3.1743788057539135e-08,0.0703125,0.203125
role,Data2txt,7,21,0.0001,25440,10880,128,128,4,True,8,4.6424935288212295,4.9080315341028395,5.574368027253924,-0.666336493151084,-9.511192283342147,-10.278902770168887,0.1719994540673136,0.6047088466373634,0.16666666666666666,0.0664130722589222,0.4536571407604905,0.1875,0.00020575038655746867,0.078125,0.1875
role,Data2txt,7,21,0.001,25440,10880,128,128,4,True,8,5.282164078995984,4.262037828043741,5.090785311818756,-0.828747483775014,-8.413049055002393,-9.56397646460234,0.1561423440995438,0.5906949769364391,0.16666666666666666,0.0664130722589222,0.4539457339955728,0.1875,0.00020575038655746867,0.046875,0.1484375
role,Data2txt,7,22,1e-06,25440,10880,128,128,4,True,10,5.273735093389649,7.943339582942263,8.972023146809576,-1.0286835638673115,-16.741432436258986,-18.22370261501879,0.16120612854522315,0.6816447965026763,0.3333333333333333,0.06952443388046868,0.5634190206189678,0.29296875,3.1472328013771007e-10,0.0703125,0.15625
role,Data2txt,7,22,0.0001,25440,10880,128,128,4,True,10,5.884975772807898,6.107896317887253,7.231795538677565,-1.1238992207903125,-13.110987430258952,-14.818305563015318,0.14140826105100057,0.6598834754215527,0.3333333333333333,0.06952443388046864,0.5638842923863827,0.26171875,3.1743788057539135e-08,0.1015625,0.1796875
role,Data2txt,7,22,0.001,25440,10880,128,128,4,True,10,6.700325263420738,5.092119558093755,6.303435337062562,-1.2113157789688067,-11.128789392533552,-13.053583391800949,0.12632233458616998,0.6554615191341125,0.3333333333333333,0.06952443388046867,0.5682843191457828,0.234375,1.1452873919607316e-06,0.1015625,0.140625
role,Data2txt,7,23,1e-06,25440,10880,128,128,4,True,9,7.416377988610176,8.759918406418754,9.173827513725776,-0.4139091073070232,-17.71820998512429,-18.61331085463732,0.1084491328902872,0.48344746509636394,0.3333333333333333,0.11009180084978455,0.4585693546623962,0.23046875,1.847888979619762e-06,0.0546875,0.109375
role,Data2txt,7,23,0.0001,25440,10880,128,128,4,True,9,8.331865687229683,7.13593516918435,7.703145171918001,-0.5672100027336516,-14.248046446028553,-15.462418018760905,0.09257941750306745,0.4327834616023868,0.3333333333333333,0.1100918008497846,0.46042393169653073,0.24609375,2.592123269824214e-07,0.0390625,0.0546875
role,Data2txt,7,23,0.001,25440,10880,128,128,4,True,9,9.575519070227548,6.250298182426439,6.991839064679546,-0.7415408822531073,-12.366289153550778,-13.954799530127254,0.08062560978563489,0.4227873209596148,0.3333333333333333,0.11009180084978458,0.4772011886934842,0.203125,4.163077668109129e-05,0.0390625,0.0703125
role,Data2txt,7,24,1e-06,25440,10880,128,128,4,True,9,5.76040297816552,10.493694923917875,11.041170233212286,-0.5474753092944113,-20.11574301170753,-21.324911774017817,0.10136783353448232,0.5411988644898754,0.16666666666666666,0.07223042206173061,0.34278157004368776,0.31640625,6.83543823843095e-12,0.0390625,0.09375
role,Data2txt,7,24,0.0001,25440,10880,128,128,4,True,9,6.440156228350548,8.176969785835354,8.903089460051849,-0.7261196742164944,-15.546795523945846,-17.045410039735152,0.08454121464109822,0.4174705812689615,0.16666666666666666,0.0722304220617306,0.34147302523477785,0.26171875,3.1743788057539135e-08,0.046875,0.078125
role,Data2txt,7,24,0.001,25440,10880,128,128,4,True,10,7.41483061405876,6.889642536394055,7.822795211789541,-0.9331526753954869,-12.97892891537521,-14.820949448513847,0.08044901619796038,0.3324666255399715,0.16666666666666666,0.07223042206173062,0.33048314317893207,0.24609375,2.592123269824214e-07,0.0234375,0.0546875
role,Data2txt,7,25,1e-06,25440,10880,128,128,4,True,9,7.643080907052872,10.670109704331175,11.579559294077011,-0.909449589745836,-21.073719432277503,-22.057531336723216,0.08680717101795056,0.7809074275868653,0.5,0.06879057414961169,0.674934177397098,0.3828125,2.2198778215893527e-17,0.0546875,0.1875
role,Data2txt,7,25,0.0001,25440,10880,128,128,4,True,9,8.666318090536901,8.136433921496511,9.19698898014455,-1.0605550586480361,-16.524166047241778,-17.809237255388897,0.07016017726176557,0.7738370591694889,0.5,0.06879057414961165,0.6746547154451384,0.2890625,5.776341456120769e-10,0.0546875,0.1640625
role,Data2txt,7,25,0.001,25440,10880,128,128,4,True,9,10.211737531224266,6.699989788099312,7.927436955191315,-1.2274471670920022,-14.012396257859077,-15.682246795459239,0.057148858366253046,0.7805683804491643,0.5,0.0687905741496117,0.6725380551541403,0.30078125,9.098922052950389e-11,0.0546875,0.1328125
role,Data2txt,7,26,1e-06,25440,10880,128,128,4,True,8,4.9190567291261305,7.747081680355417,8.530355937206167,-0.7832742568507495,-15.123679065371181,-16.4559695155282,0.13193471118989752,0.6334386532360807,0.5,0.1362507951620946,0.8458580610754428,0.2578125,5.435300936256329e-08,0.09375,0.15625
role,Data2txt,7,26,0.0001,25440,10880,128,128,4,True,9,5.530660341946362,6.258040974285398,7.24632806308565,-0.9882870888002508,-12.176075921788513,-13.875925827472912,0.11048529771026726,0.5977270924280287,0.5,0.1362507951620946,0.8451665092082964,0.203125,4.163077668109129e-05,0.109375,0.1328125
role,Data2txt,7,26,0.001,25440,10880,128,128,4,True,10,6.339248033514312,5.400304813734184,6.545943232814162,-1.1456384190799778,-10.474651866922063,-12.449012885973294,0.09594866016772234,0.5860242560525117,0.5,0.13625079516209457,0.8389752515413161,0.25,1.553142566968138e-07,0.046875,0.1171875
role,Data2txt,7,27,1e-06,25440,10880,128,128,4,True,10,6.316686968875059,9.439859416299146,10.223932859505673,-0.7840734432065268,-19.648293999262158,-21.462876898262497,0.10717782214733046,0.662751683438189,0.5,0.15303287852790465,0.6433280339507457,0.23046875,1.847888979619762e-06,0.1171875,0.1484375
role,Data2txt,7,27,0.0001,25440,10880,128,128,4,True,9,7.065283868169041,7.383489796313869,8.290714182934325,-0.907224386620456,-15.280112246340467,-17.396452291941095,0.0907001521983821,0.6287625524123542,0.5,0.15303287852790473,0.6425693595598987,0.171875,0.0008920470081351661,0.09375,0.1328125
role,Data2txt,7,27,0.001,25440,10880,128,128,4,True,9,8.126636519641295,6.253901834128391,7.28109242153751,-1.0271905874091187,-12.837553073569243,-15.24979186094331,0.07796373516543266,0.6168673016929496,0.5,0.15303287852790476,0.6360565326652314,0.24609375,2.592123269824214e-07,0.0703125,0.1484375
role,Data2txt,7,28,1e-06,25440,10880,128,128,4,True,9,4.683481165366186,5.261859971369081,5.608200914769327,-0.34634094340024735,-11.3338107571801,-11.449056180607666,0.1569138597137337,0.6097890334345435,0.5,0.13585204530049277,0.5089490739952701,0.171875,0.0008920470081351661,0.0859375,0.1875
role,Data2txt,7,28,0.0001,25440,10880,128,128,4,True,9,5.234951418933487,4.358319440612177,4.858875399865264,-0.500555959253087,-9.361406987779263,-9.767261230036286,0.13180179302257738,0.6033627555283388,0.5,0.1358520453004928,0.5088247901852322,0.16015625,0.0024610192473685233,0.125,0.1953125
role,Data2txt,7,28,0.001,25440,10880,128,128,4,True,8,5.8680660278709915,3.9089106349560385,4.560258443562647,-0.6513478086066076,-8.400250479412357,-9.105737661820797,0.11432899523850465,0.6109216967541337,0.5,0.13585204530049277,0.5077398376624744,0.16015625,0.0024610192473685233,0.0859375,0.1953125
role,Data2txt,7,29,1e-06,25440,10880,128,128,4,True,9,4.875215589378406,9.484518167838743,10.348977732464984,-0.864459564626239,-17.522452181753597,-18.74574467160297,0.1393853739223619,0.551228256794271,0.5,0.09786597970293724,0.6423210975529278,0.328125,8.924716016110725e-13,0.09375,0.125
role,Data2txt,7,29,0.0001,25440,10880,128,128,4,True,9,5.427896653090055,7.230822966980952,8.19754407454327,-0.9667211075623181,-13.57619711744644,-15.06106652363776,0.11919612973574631,0.5380840244064362,0.5,0.09786597970293723,0.6414376329994776,0.28125,1.895287375668482e-09,0.09375,0.1171875
role,Data2txt,7,29,0.001,25440,10880,128,128,4,True,9,6.174031029977032,6.021475091644511,7.085587353901644,-1.0641122622571333,-11.45243578799031,-13.193264316567404,0.10401922105226584,0.5443655113471226,0.5,0.09786597970293728,0.633569101591712,0.3046875,4.827787419674662e-11,0.09375,0.125
role,Data2txt,7,30,1e-06,25440,10880,128,128,4,True,8,3.3447986085841817,4.148105725629301,4.114231698824243,0.03387402680505876,-10.105135085446104,-10.77227699141565,0.16168898762025602,0.510841064521332,0.5,0.05838610077365266,0.38733894110734546,0.22265625,4.6910366522335245e-06,0.03125,0.078125
role,Data2txt,7,30,0.0001,25440,10880,128,128,4,True,8,3.7508538784512497,3.617811416781201,3.7398474903200567,-0.1220360735388555,-8.27597453112531,-9.250993319906609,0.13077227159049098,0.4357582111523686,0.5,0.05838610077365269,0.38703950120951697,0.1796875,0.0004354569877453,0.0390625,0.1015625
role,Data2txt,7,30,0.001,25440,10880,128,128,4,True,9,4.225532110871216,3.337731410933602,3.616336933139304,-0.2786055222057018,-7.244397535899454,-8.478296189127214,0.11116223391554322,0.39725203907728507,0.5,0.058386100773652694,0.38435697154259774,0.13671875,0.015066349402464208,0.0625,0.140625
role,Data2txt,7,31,1e-06,25440,10880,128,128,4,True,8,1.8619737398162592,4.462371255794115,4.388995798381119,0.07337545741299673,-8.230921930216937,-8.00249199915563,0.3695305570013723,0.8112058257781022,0.16666666666666666,0.0035122366060868085,0.7203221688712163,0.1796875,0.0004354569877453,0.0,0.015625
role,Data2txt,7,31,0.0001,25440,10880,128,128,4,True,7,2.3407912427555964,3.660788336260154,4.002447012532415,-0.34165867627226076,-6.637153336280488,-7.30783692563519,0.3009475311561091,0.640446165027226,0.16666666666666666,0.0035122366060868046,0.7201054697634763,0.1171875,0.05471894473064931,0.0,0.0546875
role,Data2txt,7,31,0.001,25440,10880,128,128,4,True,8,2.7959468516594796,3.2578939071169097,3.8641366320536292,-0.6062427249367199,-5.880907546595521,-7.103142317690959,0.26055195673469,0.5524524132405445,0.16666666666666666,0.0035122366060868055,0.7181577380649173,0.08203125,0.3367011529688867,0.0,0.03125
role,Data2txt,8,0,1e-06,2112,32,128,32,4,True,8,2.3261149472796117,5.909618550662801,5.00652828313189,0.9030902675309113,-9.444039587939331,-9.204193952315503,0.14124378094573384,0.26236401882365046,0.16666666666666666,0.07107399992846898,0.43157455636602987,0.16015625,0.34701831657021576,0.0,0.0
role,Data2txt,8,0,0.0001,2112,32,128,32,4,True,9,2.8393664459922263,4.6086610826656855,4.263088325792982,0.34557275687270306,-8.076474672016573,-8.919190552731553,0.15589534484102807,0.30805505617763085,0.16666666666666666,0.071073999928469,0.4312232985635295,0.2578125,0.023049503107393954,0.0,0.0
role,Data2txt,8,0,0.001,2112,32,128,32,4,True,9,3.3022914364669473,3.955341385352245,4.017241031296967,-0.061899645944721665,-7.230372184954844,-8.5966000242705,0.1754089859617049,0.35678760726920744,0.16666666666666666,0.07107399992846901,0.42812098567215146,0.265625,0.01753025986900625,0.0,0.03125
role,Data2txt,8,1,1e-06,2112,32,128,32,4,True,10,4.603524869859756,6.681544979148889,7.029375024965404,-0.3478300458165141,-11.06764856197309,-11.886701786077161,0.1481299291444414,0.5088415182959573,0.3333333333333333,0.03207262553093425,1.4206050870159097,0.32421875,0.0017054146413849613,0.03125,0.0625
role,Data2txt,8,1,0.0001,2112,32,128,32,4,True,10,5.296513693815029,5.345896743673699,5.839440710811498,-0.49354396713779886,-9.78652789338155,-10.839017820537887,0.1277049332684026,0.5473022876229919,0.3333333333333333,0.03207262553093425,1.421864309757455,0.2265625,0.06329008499721356,0.03125,0.09375
role,Data2txt,8,1,0.001,2112,32,128,32,4,True,10,6.047808961299552,4.664829272932852,5.348552634403155,-0.6837233614703029,-9.107258369340535,-10.425920389210724,0.13156308442709053,0.5862151066136383,0.3333333333333333,0.03207262553093424,1.4327336569244484,0.24609375,0.03420078819718686,0.03125,0.09375
role,Data2txt,8,2,1e-06,2112,32,128,32,4,True,9,9.479980794366213,8.506864406760608,8.636317857840247,-0.12945345107964024,-19.93916785380912,-20.28978102296214,0.1356230538319457,0.622470035247194,0.3333333333333333,0.08420603380245514,1.4536994660794993,0.234375,0.04979095556364055,0.03125,0.1875
role,Data2txt,8,2,0.0001,2112,32,128,32,4,True,11,11.390550758759758,7.218804182409329,7.697759379618185,-0.4789551972088556,-16.613486275693564,-17.710391273960383,0.13201913477111293,0.6830613551167696,0.3333333333333333,0.08420603380245521,1.4581893175777396,0.140625,0.5069412948281494,0.0625,0.1875
role,Data2txt,8,2,0.001,2112,32,128,32,4,True,11,13.881854876550772,6.342412116991607,7.281537510989983,-0.9391253939983761,-14.543263480031941,-16.409834785901285,0.13039770425729424,0.7355578062950597,0.3333333333333333,0.08420603380245514,1.492691565327446,0.140625,0.5069412948281494,0.125,0.1875
role,Data2txt,8,3,1e-06,2112,32,128,32,4,True,9,6.437832197774325,7.0442919952357475,7.583194140787893,-0.5389021455521463,-15.398073048624717,-15.97733153585785,0.15793848319670467,0.6597862262642141,0.5,0.11784635706699409,1.0916829069877676,0.26953125,0.015239002020182801,0.15625,0.28125
role,Data2txt,8,3,0.0001,2112,32,128,32,4,True,10,7.325052318149059,5.79194304208821,6.500812207099016,-0.708869165010805,-12.697816614552371,-13.540404277640883,0.14645965201258065,0.6757302235895392,0.5,0.1178463570669941,1.0942001693502417,0.2421875,0.03884383212662035,0.03125,0.1875
role,Data2txt,8,3,0.001,2112,32,128,32,4,True,10,8.46704314341343,5.066744491666232,5.999472081869147,-0.9327275902029153,-11.267125035551432,-12.432222714096099,0.13934948726041788,0.7001235439786231,0.5,0.11784635706699413,1.11597730042699,0.26171875,0.020122832277307934,0.1875,0.28125
role,Data2txt,8,4,1e-06,2112,32,128,32,4,True,10,5.37928231114671,4.84444779319529,4.944685870687319,-0.10023807749202937,-12.365009062289204,-12.862809386027525,0.15440212418112742,0.5514881597315487,0.3333333333333333,0.006002624986753765,0.6344266209851449,0.34375,0.0007015482298410314,0.0625,0.0625
role,Data2txt,8,4,0.0001,2112,32,128,32,4,True,9,6.150890173095296,4.50018712340527,4.7584814520242915,-0.2582943286190215,-10.70576080743837,-11.47111957137726,0.12774138089412368,0.45253462910233616,0.3333333333333333,0.006002624986753768,0.636748637980881,0.265625,0.01753025986900625,0.03125,0.0625
role,Data2txt,8,4,0.001,2112,32,128,32,4,True,10,7.064876794511523,4.332028631905845,4.742231618142752,-0.4102029862369071,-9.71397784618175,-10.75668787890029,0.1190226541719644,0.41251047147265524,0.3333333333333333,0.006002624986753767,0.6572816498379178,0.16796875,0.2932810622401305,0.03125,0.0625
role,Data2txt,8,5,1e-06,2112,32,128,32,4,True,10,4.9015062735615045,2.529635984440477,2.7952209016657332,-0.26558491722525623,-11.268316549869024,-12.021920849707493,0.41251164068055657,0.5441613976157186,0.0,0.0,0.7489708420677614,0.4921875,1.1216721367937644e-07,0.0625,0.25
role,Data2txt,8,5,0.0001,2112,32,128,32,4,True,9,5.6783720851067265,2.631812034289462,3.0691640353985177,-0.43735200110905625,-10.04465981821204,-11.126286720320268,0.39312049311559516,0.5169733481660048,0.0,0.0,0.7509517761229624,0.40625,2.7578766382172126e-05,0.0625,0.25
role,Data2txt,8,5,0.001,2112,32,128,32,4,True,11,6.543274818711214,2.6557637962079856,3.27269036758619,-0.6169265713782036,-9.292855876698134,-10.746348825939961,0.3805448665047154,0.5246379611966999,0.0,0.0,0.7685126055719275,0.37890625,0.00012252525795373903,0.0625,0.25
role,Data2txt,8,6,1e-06,2112,32,128,32,4,True,9,5.610886728825025,3.088962323926351,2.942211728722252,0.14675059520409925,-7.450699050744792,-7.107290740512019,0.26843527674222345,0.3131276771148145,0.3333333333333333,0.020104716769210152,0.506924649369487,0.20703125,0.11116273619941319,0.0,0.125
role,Data2txt,8,6,0.0001,2112,32,128,32,4,True,9,6.365872494332205,3.232837438328982,3.298582824781853,-0.06574538645287129,-7.292668131126243,-7.326634489209884,0.24989511728697006,0.30410447813016417,0.3333333333333333,0.020104716769210138,0.5086762303440214,0.1875,0.18536826364299064,0.0,0.125
role,Data2txt,8,6,0.001,2112,32,128,32,4,True,10,7.050489639615284,3.2603852682454693,3.4749771863314614,-0.21459191808599215,-7.1460746314091335,-7.518759230963754,0.2401452109972844,0.32590551976074433,0.3333333333333333,0.020104716769210135,0.5242937255979714,0.15234375,0.4068336922893183,0.0,0.125
role,Data2txt,8,7,1e-06,2112,32,128,32,4,True,9,6.971206249027974,3.1858676378707256,2.2920103401871357,0.8938572976835896,-6.91467395578846,-7.596171989052255,0.06076451450520846,0.3433503346947977,0.16666666666666666,0.03395453965656747,0.5618042353417224,0.17578125,0.24568342144282507,0.0625,0.0625
role,Data2txt,8,7,0.0001,2112,32,128,32,4,True,9,7.237262118753758,3.321402285388268,3.058766438693266,0.26263584669500245,-6.939088104445576,-7.933138425346698,0.06266916300582673,0.34736045234897134,0.16666666666666666,0.03395453965656746,0.5633086849418697,0.18359375,0.20404862260492773,0.0,0.0625
role,Data2txt,8,7,0.001,2112,32,128,32,4,True,9,7.5191676603242525,3.3649124103408714,3.445541172760504,-0.08062876241963242,-6.841452607298633,-8.084638880116565,0.06683207233031957,0.35520024714634274,0.16666666666666666,0.03395453965656748,0.5767599131953572,0.2109375,0.09973299868320518,0.0,0.03125
role,Data2txt,8,8,1e-06,2112,32,128,32,4,True,9,5.538024864569163,2.9519886342123285,2.9660947909894837,-0.014106156777155168,-6.651842940604283,-6.683948452913513,0.19631392175528975,0.6891235665784933,0.16666666666666666,0.003859871763489079,0.48013286544084355,0.22265625,0.07113236225668551,0.0,0.09375
role,Data2txt,8,8,0.0001,2112,32,128,32,4,True,10,5.851939820514948,2.9687054715941787,3.1726938082092584,-0.2039883366150802,-6.612848033421275,-7.015018178131301,0.18121387110576853,0.6604969540229022,0.16666666666666666,0.003859871763489068,0.47974087462911114,0.18359375,0.20404862260492773,0.0,0.125
role,Data2txt,8,8,0.001,2112,32,128,32,4,True,10,6.156063370232195,2.9625511457969855,3.2752486912818783,-0.31269754548489215,-6.459481168810634,-7.093308459054791,0.17326636661122863,0.6437290384035435,0.16666666666666666,0.0038598717634890723,0.4762527478880807,0.19921875,0.13724520936229156,0.0,0.125
role,Data2txt,8,9,1e-06,2112,32,128,32,4,True,9,4.275199082935146,3.015537754035566,2.83028647489439,0.18525127914117592,-6.282059435199404,-6.166258686258995,0.0970642699324192,0.8058436075490851,0.16666666666666666,0.04834889984683197,0.4187382957408974,0.171875,0.26872141181837983,0.0,0.0
role,Data2txt,8,9,0.0001,2112,32,128,32,4,True,9,4.812669184844061,3.078581951299629,3.0937358273207565,-0.015153876021127076,-6.200190187597933,-6.427129054348505,0.08002381944759188,0.6765844419766467,0.16666666666666666,0.04834889984683198,0.41933351066344526,0.2421875,0.03884383212662035,0.0,0.0
role,Data2txt,8,9,0.001,2112,32,128,32,4,True,10,5.285391994484913,3.10572408197852,3.263013748261802,-0.15728966628328217,-6.0463921256643784,-6.553315729464893,0.07673133276312707,0.5994923659625798,0.16666666666666666,0.048348899846831966,0.42481828151063183,0.25390625,0.026345621729621516,0.0,0.0
role,Data2txt,8,10,1e-06,2112,32,128,32,4,True,10,4.057688369288283,3.2349904905036992,3.3456777952752805,-0.11068730477158162,-6.652014016223967,-6.91697230751647,0.13633084282603433,0.721962247629392,0.16666666666666666,0.05469332072213698,0.5434028150017582,0.1328125,0.5791540867138963,0.0,0.0625
role,Data2txt,8,10,0.0001,2112,32,128,32,4,True,10,4.719849245707417,3.2109778020836526,3.515453366574417,-0.30447556449076435,-6.33991225081528,-6.869593986091084,0.10004213707109975,0.6054902881057167,0.16666666666666666,0.05469332072213696,0.5430162893140199,0.1640625,0.3193792708609511,0.0,0.0625
role,Data2txt,8,10,0.001,2112,32,128,32,4,True,9,5.353918097263827,3.1875218100204727,3.629434855353013,-0.44191304533254067,-6.131498542571723,-6.918668079461318,0.07866084367247547,0.5459194242116828,0.16666666666666666,0.05469332072213697,0.5396245229549338,0.19921875,0.13724520936229156,0.0,0.03125
role,Data2txt,8,11,1e-06,2112,32,128,32,4,True,10,4.735143700513971,3.0280816160266957,3.0839512158704285,-0.055869599843732826,-6.292147860699667,-6.550384359294226,0.1591577697190233,0.631802686341485,0.16666666666666666,0.07064377790750705,0.742818418680089,0.3046875,0.003918128422278677,0.0,0.0
role,Data2txt,8,11,0.0001,2112,32,128,32,4,True,11,5.39546842168411,3.0584593589107087,3.297350312271781,-0.23889095336107166,-6.354562269305092,-6.923968934114457,0.1902955706576709,0.47817657829224286,0.16666666666666666,0.07064377790750706,0.7443673534822798,0.28125,0.009882018841305573,0.0,0.0
role,Data2txt,8,11,0.001,2112,32,128,32,4,True,10,5.946670596397331,3.0715009702983744,3.447036581156958,-0.37553561085858334,-6.291194687759919,-7.141000604436553,0.20854708016312862,0.3869741940329927,0.16666666666666666,0.07064377790750707,0.7581540754335848,0.2734375,0.013218761580640614,0.0,0.0
role,Data2txt,8,12,1e-06,2112,32,128,32,4,True,9,4.569858687005099,2.0586023526744737,1.7634149905390104,0.29518736213546326,-4.764363604279463,-4.53078567929614,0.2973176250064018,0.5650409944858665,0.0,0.0,0.37997023206598923,0.2890625,0.007323671946787291,0.0,0.03125
role,Data2txt,8,12,0.0001,2112,32,128,32,4,True,8,5.066706472012531,2.1498557750865817,2.0336917728238713,0.11616400226271054,-4.839338065683221,-4.948807106850612,0.2731059329865865,0.47864653828923504,0.0,0.0,0.37976867637229755,0.2734375,0.013218761580640614,0.03125,0.03125
role,Data2txt,8,12,0.001,2112,32,128,32,4,True,8,5.458251731114009,2.19584673424165,2.1851563766889877,0.010690357552662441,-4.872091816593745,-5.19954864951653,0.25962844197426327,0.43204020931847564,0.0,0.0,0.3779505834380167,0.375,0.00015015335773116095,0.03125,0.03125
role,Data2txt,8,13,1e-06,2112,32,128,32,4,True,9,4.187422752077123,3.439807718482616,3.713647738694306,-0.27384002021169024,-6.698900647077586,-6.88201501064087,0.09539529740205734,0.4432294732512845,0.16666666666666666,0.03369578865332241,0.2695469203171761,0.2734375,0.013218761580640614,0.0,0.0
role,Data2txt,8,13,0.0001,2112,32,128,32,4,True,10,4.842192346501518,3.379350895130587,3.8515275876651693,-0.4721766925345826,-6.566523236524843,-7.050794754031173,0.08237343843068039,0.3803139170262302,0.16666666666666666,0.03369578865332242,0.2694127170195953,0.21484375,0.08929299187673445,0.0,0.03125
role,Data2txt,8,13,0.001,2112,32,128,32,4,True,10,5.431431519816298,3.3129589931149317,3.930286032526795,-0.6173270394118641,-6.382653141410153,-7.1727115874852725,0.0940032676680694,0.36596775336494525,0.16666666666666666,0.03369578865332243,0.2686006848648804,0.28125,0.009882018841305573,0.0,0.0
role,Data2txt,8,14,1e-06,2112,32,128,32,4,True,10,6.017226566937542,3.0289504921380836,3.1465305035028894,-0.11758001136480567,-5.728060240794365,-5.773814477002494,0.21259877082177003,0.36167176988780486,0.3333333333333333,0.06066410443607766,0.42559544664756477,0.2734375,0.013218761580640614,0.0,0.0
role,Data2txt,8,14,0.0001,2112,32,128,32,4,True,10,6.266147441367664,3.016339694310378,3.2287218199090333,-0.21238212559865546,-5.760290550239246,-6.065362958551073,0.21648937163987664,0.35439786846982907,0.3333333333333333,0.06066410443607768,0.42672329251396096,0.24609375,0.03420078819718686,0.0,0.03125
role,Data2txt,8,14,0.001,2112,32,128,32,4,True,10,6.529489451988892,2.9816922785386515,3.281821684151895,-0.30012940561324364,-5.6936426321153,-6.224678401124894,0.21815544206056753,0.3510786430043968,0.3333333333333333,0.060664104436077684,0.436845940125651,0.23046875,0.05619496616337649,0.0,0.03125
role,Data2txt,8,15,1e-06,2112,32,128,32,4,True,8,3.784256486785106,3.2330139715404425,3.086106164006927,0.14690780753351507,-5.580424898010726,-5.487907772605596,0.22634288923903884,0.5158899469296572,0.3333333333333333,0.12571378038620584,0.3365465849363176,0.2734375,0.013218761580640614,0.0,0.03125
role,Data2txt,8,15,0.0001,2112,32,128,32,4,True,8,4.162316294486587,2.9978801986247663,3.0885752472246075,-0.09069504859984125,-5.493773597977737,-5.776823812663251,0.25414153926116445,0.5212727013920904,0.3333333333333333,0.1257137803862059,0.3368505081141843,0.234375,0.04979095556364055,0.0,0.0
role,Data2txt,8,15,0.001,2112,32,128,32,4,True,9,4.4919593766498656,2.8754143131630707,3.215040391720959,-0.33962607855788796,-5.353359484706376,-5.895953052336727,0.27160930565197217,0.5298615579696905,0.3333333333333333,0.1257137803862059,0.339680041603751,0.32421875,0.0017054146413849613,0.0,0.0
role,Data2txt,8,16,1e-06,2112,32,128,32,4,True,8,4.056250393938436,3.733960685677131,4.1874906200087665,-0.4535299343316358,-6.218069130481004,-6.378690833930542,0.17954420922255085,0.45570471060493634,0.3333333333333333,0.012428845191945044,0.4484596535435929,0.16015625,0.34701831657021576,0.0,0.03125
role,Data2txt,8,16,0.0001,2112,32,128,32,4,True,9,4.580470423788568,3.296190998221708,3.832072318683073,-0.5358813204613647,-6.0444440015100485,-6.530361640511517,0.15270549798364183,0.4646602760393767,0.3333333333333333,0.012428845191945034,0.4479669003319564,0.13671875,0.5426194675104128,0.0,0.0625
role,Data2txt,8,16,0.001,2112,32,128,32,4,True,9,5.050526482590461,3.023441080108678,3.6189127753848442,-0.5954716952761664,-5.882379841109321,-6.599663256053091,0.13838333205994238,0.4827015563399019,0.3333333333333333,0.012428845191945046,0.4435885673526857,0.16015625,0.34701831657021576,0.0,0.0625
role,Data2txt,8,17,1e-06,2112,32,128,32,4,True,9,3.9897750900318334,5.044645871664256,5.1912471854073985,-0.14660131374314234,-8.547111456790873,-8.76621163743687,0.07414059270250106,0.25451595575125546,0.3333333333333333,0.051260397146327366,0.1940970958397059,0.17578125,0.24568342144282507,0.0,0.03125
role,Data2txt,8,17,0.0001,2112,32,128,32,4,True,9,4.495472222037641,4.3691626036794755,4.715386333344833,-0.3462237296653591,-7.751431263558673,-8.338986924394653,0.09628609246227651,0.23557472193746679,0.3333333333333333,0.05126039714632739,0.1945026466899981,0.15625,0.37618238772459234,0.0,0.0
role,Data2txt,8,17,0.001,2112,32,128,32,4,True,10,5.012612796127832,3.9644012397448667,4.483054149868547,-0.5186529101236805,-7.180788103570788,-8.094171195384115,0.11955273958598478,0.2572611291306901,0.3333333333333333,0.05126039714632738,0.19830954948139004,0.16796875,0.2932810622401305,0.0,0.0
role,Data2txt,8,18,1e-06,2112,32,128,32,4,True,11,3.24665481243086,8.037212996545017,8.421282170831764,-0.38406917428674797,-11.514562759003475,-13.10779472168035,0.14114665154353284,0.3499988455349115,0.3333333333333333,0.06263452838086242,0.953472049045769,0.35546875,0.0004005116106088656,0.0,0.0
role,Data2txt,8,18,0.0001,2112,32,128,32,4,True,11,3.6516109106870114,6.139202840339431,6.57282560170392,-0.4336227613644886,-9.62867843019923,-11.600020718828574,0.1751125882410562,0.40467005445349513,0.3333333333333333,0.06263452838086243,0.9553807590090934,0.26171875,0.020122832277307934,0.0,0.0
role,Data2txt,8,18,0.001,2112,32,128,32,4,True,10,4.111140591109289,5.0780872024478505,5.75554681271292,-0.6774596102650696,-8.447842613467408,-10.817758390163675,0.2031913404060387,0.45834919877336466,0.3333333333333333,0.0626345283808624,0.9720888825591477,0.24609375,0.03420078819718686,0.0,0.0
role,Data2txt,8,19,1e-06,2112,32,128,32,4,True,10,4.441527164202943,7.344837543956773,7.976366881337588,-0.6315293373808142,-14.866588375086266,-16.242232816994928,0.08906995807968299,0.28871973586099625,0.3333333333333333,0.0989634310984941,0.37391198387530616,0.28125,0.009882018841305573,0.0,0.1875
role,Data2txt,8,19,0.0001,2112,32,128,32,4,True,9,4.968330385285325,5.884516327516877,6.680005558353768,-0.7954892308368914,-12.019577007356514,-13.758940729890991,0.07360932245182679,0.33831560114764925,0.3333333333333333,0.0989634310984941,0.37428279843084455,0.2109375,0.09973299868320518,0.0,0.03125
role,Data2txt,8,19,0.001,2112,32,128,32,4,True,10,5.613715332504561,5.121457196987784,6.043254618161422,-0.9217974211736373,-10.42489557448064,-12.533574349938807,0.07881348299550794,0.3974413917781475,0.3333333333333333,0.09896343109849415,0.3777694442875954,0.21484375,0.08929299187673445,0.0,0.125
role,Data2txt,8,20,1e-06,2112,32,128,32,4,True,9,3.48816188707933,7.8674953859066115,8.356629775136723,-0.48913438923011077,-11.388131668196667,-12.687551469954442,0.20158040198801064,0.4709075734949233,0.3333333333333333,0.11954225389632284,0.23632846788604414,0.2890625,0.007323671946787291,0.0,0.0
role,Data2txt,8,20,0.0001,2112,32,128,32,4,True,9,3.9456656347961117,6.122316121936953,6.651603649253591,-0.5292875273166388,-9.524512645845373,-11.078935965620108,0.21480261073137466,0.39082115112342003,0.3333333333333333,0.1195422538963228,0.23681133113300107,0.25390625,0.026345621729621516,0.0,0.0
role,Data2txt,8,20,0.001,2112,32,128,32,4,True,10,4.4674872789643425,5.209817425002189,5.807646206900514,-0.597828781898325,-8.425765388018897,-10.241883248380002,0.2251510588642259,0.357208819575048,0.3333333333333333,0.11954225389632278,0.2414863156352777,0.2734375,0.013218761580640614,0.0,0.0
role,Data2txt,8,21,1e-06,2112,32,128,32,4,True,9,4.170405748275497,7.25811317073679,7.102126874454017,0.15598629628277158,-10.914223388097897,-10.75502009888669,0.10434692644944955,0.3406586119379051,0.3333333333333333,0.1053909835324608,0.34320387800139046,0.34375,0.0007015482298410314,0.03125,0.0625
role,Data2txt,8,21,0.0001,2112,32,128,32,4,True,9,4.779016228194377,5.686085361658332,5.621907680231836,0.06417768142649607,-9.395462099595537,-9.705236012329257,0.13398635680402762,0.2910860572241565,0.3333333333333333,0.10539098353246086,0.34369859936474045,0.30078125,0.0045964920876675475,0.0,0.0625
role,Data2txt,8,21,0.001,2112,32,128,32,4,True,8,5.502452896947714,4.895760269631367,4.980476585804189,-0.08471631617282187,-8.366191545671281,-9.145441502590888,0.15893535452755653,0.2867564815935282,0.3333333333333333,0.10539098353246079,0.3482740137708182,0.31640625,0.0023946702967428957,0.0,0.125
role,Data2txt,8,22,1e-06,2112,32,128,32,4,True,10,4.630276549796554,7.108357379420391,7.2999600920653815,-0.1916027126449904,-13.867484150977997,-15.389353389508717,0.15013531711373806,0.43540479800098525,0.3333333333333333,0.032918856405455256,0.5219206458657654,0.2265625,0.06329008499721356,0.0,0.0625
role,Data2txt,8,22,0.0001,2112,32,128,32,4,True,9,5.2734119492750215,5.770978277545149,5.937215674513942,-0.1662373969687922,-11.379822244061135,-13.220338143557692,0.13723793748886257,0.3050715566774852,0.3333333333333333,0.03291885640545527,0.5230335135087175,0.1640625,0.3193792708609511,0.0625,0.0625
role,Data2txt,8,22,0.001,2112,32,128,32,4,True,10,6.092622037848027,5.052780483928313,5.20281484438718,-0.15003436045886792,-9.911217849381263,-12.049878613501523,0.15267293945232407,0.24281556742501245,0.3333333333333333,0.03291885640545528,0.5331099935512736,0.125,0.6537577002022478,0.03125,0.0625
role,Data2txt,8,23,1e-06,2112,32,128,32,4,True,11,7.088567156271777,8.247985041576253,8.371499937935623,-0.12351489635936927,-15.83738051254244,-16.723977072484075,0.04601235068426711,0.23720219533201276,0.16666666666666666,0.03915491721622661,0.9523312058074442,0.234375,0.04979095556364055,0.03125,0.03125
role,Data2txt,8,23,0.0001,2112,32,128,32,4,True,11,8.05345609543738,6.925458402212685,7.223521691416963,-0.29806328920427794,-13.20914079542601,-14.467723802409893,0.062032838100554905,0.2528878749295858,0.16666666666666666,0.03915491721622662,0.9537517902994093,0.171875,0.26872141181837983,0.03125,0.03125
role,Data2txt,8,23,0.001,2112,32,128,32,4,True,10,9.292889546236765,6.211333921624606,6.633171361579592,-0.4218374399549868,-11.738051767828896,-13.417663366482037,0.07651169540405249,0.30551049556512744,0.16666666666666666,0.039154917216226603,0.9662892846063138,0.21484375,0.08929299187673445,0.03125,0.03125
role,Data2txt,8,24,1e-06,2112,32,128,32,4,True,10,6.158742358492163,8.195862587725571,8.534853473699496,-0.33899088597392657,-19.54232129811792,-20.705453057448217,0.14570511110353923,0.5900287695774296,0.3333333333333333,0.09898864796438926,0.5148819312251729,0.23828125,0.044024328741878005,0.09375,0.125
role,Data2txt,8,24,0.0001,2112,32,128,32,4,True,8,7.036866781879781,6.558533253515876,7.034464641978461,-0.4759313884625855,-15.762074200173668,-17.31367330278266,0.13806773347823711,0.599690357029372,0.3333333333333333,0.09898864796438923,0.514129900736206,0.18359375,0.20404862260492773,0.09375,0.125
role,Data2txt,8,24,0.001,2112,32,128,32,4,True,9,8.276684563037767,5.6346790442036125,6.266154344470173,-0.6314753002665602,-13.35138389260812,-15.322391866247129,0.13516965955598936,0.6273114559468037,0.3333333333333333,0.09898864796438919,0.5076336795045685,0.19140625,0.16804572639730764,0.09375,0.125
role,Data2txt,8,25,1e-06,2112,32,128,32,4,True,9,6.327302479710408,8.96125790189016,9.102004672016584,-0.140746770126425,-17.6381729763323,-18.21023894936222,0.06937017814429752,0.5836813171494089,0.5,0.11773103238085574,0.6461218099645086,0.25,0.030049166344191525,0.0625,0.15625
role,Data2txt,8,25,0.0001,2112,32,128,32,4,True,8,7.268409658374962,6.945516660807225,7.177285430501916,-0.23176876969469115,-14.520378760166862,-15.452047197369307,0.060782116686513815,0.5754767731337969,0.5,0.1177310323808557,0.6455217161728282,0.21484375,0.08929299187673445,0.0625,0.09375
role,Data2txt,8,25,0.001,2112,32,128,32,4,True,8,8.583108469435608,5.9115951644348,6.295293044244417,-0.3836978798096162,-12.58218747279096,-13.916431694855401,0.05921109512027183,0.5949849470469676,0.5,0.11773103238085574,0.6402716403418656,0.203125,0.12364561741406277,0.0625,0.0625
role,Data2txt,8,26,1e-06,2112,32,128,32,4,True,9,4.371895940081928,6.064130645420493,6.156316513376441,-0.09218586795594953,-12.980427357106496,-13.638774182544417,0.10189588862933124,0.40248099891412903,0.5,0.13390532773627978,0.4881865922559567,0.1875,0.18536826364299064,0.09375,0.1875
role,Data2txt,8,26,0.0001,2112,32,128,32,4,True,8,4.96807210423914,4.970484712258125,5.206211076374897,-0.23572636411677164,-10.822467173245592,-11.857942747330386,0.12598017169619055,0.416488880851147,0.5,0.1339053277362798,0.48789764766917415,0.1796875,0.22413848669948855,0.0625,0.1875
role,Data2txt,8,26,0.001,2112,32,128,32,4,True,8,5.733268090991022,4.388001584625801,4.7434497803814235,-0.35544819575562303,-9.384257688900368,-10.731602252168502,0.13915149951398453,0.4460329971365958,0.5,0.13390532773627978,0.48536863535323926,0.15625,0.37618238772459234,0.09375,0.1875
role,Data2txt,8,27,1e-06,2112,32,128,32,4,True,9,5.104027252081671,10.139800336189904,11.114934889195784,-0.9751345530058805,-15.343410593979872,-16.300699319294413,0.1174484564121594,0.5270930700708084,0.5,0.15547148153351165,0.5378035740732071,0.44921875,2.065437618612603e-06,0.125,0.1875
role,Data2txt,8,27,0.0001,2112,32,128,32,4,True,8,5.761559769099943,7.566319352448993,8.627124129807695,-1.060804777358703,-12.323188009805342,-13.562480061714416,0.0952257937736335,0.5035367390886281,0.5,0.15547148153351165,0.5371801286034802,0.4375,4.3194095286281354e-06,0.0625,0.1875
role,Data2txt,8,27,0.001,2112,32,128,32,4,True,9,6.63904485244554,6.1928919307481785,7.316324822630525,-1.1234328918823469,-10.610123139537782,-12.165724482658682,0.0908285746441749,0.5091145783000547,0.5,0.15547148153351165,0.5317773262196385,0.3984375,4.275002732433483e-05,0.09375,0.125
role,Data2txt,8,28,1e-06,2112,32,128,32,4,True,10,4.368129457317734,5.338940601456484,5.367396676310859,-0.028456074854374756,-11.325151024933739,-11.872221428176479,0.14499541212837525,0.5103747509938868,0.5,0.11564609332279456,0.47447939998164806,0.26171875,0.020122832277307934,0.09375,0.28125
role,Data2txt,8,28,0.0001,2112,32,128,32,4,True,8,4.875715507513337,4.231441604381601,4.342458121629344,-0.11101651724774331,-9.38537364328846,-10.354777830650804,0.14543279080200608,0.5471772723716525,0.5,0.11564609332279456,0.47434589583907266,0.24609375,0.03420078819718686,0.09375,0.28125
role,Data2txt,8,28,0.001,2112,32,128,32,4,True,9,5.448153932433628,3.6671558566378866,3.8486557315453758,-0.1814998749074893,-8.416363609165792,-9.829373346202255,0.1617507839798244,0.5801048467575263,0.5,0.11564609332279459,0.473182438965804,0.2578125,0.023049503107393954,0.09375,0.28125
role,Data2txt,8,29,1e-06,2112,32,128,32,4,True,8,5.75660930060873,8.785053853723053,9.66340656139713,-0.8783527076740759,-18.82031028685924,-20.197922673776187,0.03478749705287168,0.5587461390636446,0.5,0.16334791039469504,0.5327873927213514,0.30859375,0.003332485508264038,0.125,0.1875
role,Data2txt,8,29,0.0001,2112,32,128,32,4,True,9,6.431149524219127,6.74855110311115,7.774834526795854,-1.026283423684704,-14.602411928110495,-16.21189412134664,0.028651421355242443,0.6017294630389232,0.5,0.16334791039469504,0.533450449521656,0.296875,0.005380408679093063,0.125,0.1875
role,Data2txt,8,29,0.001,2112,32,128,32,4,True,9,7.388747339451065,5.675800930170345,6.862974939025714,-1.187174008855369,-12.308234304712197,-14.20532234199713,0.04093457456410779,0.6472538574762803,0.5,0.163347910394695,0.5393457520781327,0.25390625,0.026345621729621516,0.09375,0.125
role,Data2txt,8,30,1e-06,2112,32,128,32,4,True,9,3.9181476300987312,5.359208094685904,5.310267519384057,0.04894057530184759,-9.140663511549237,-9.117513035261709,0.1363196078872485,0.37756163089611744,0.5,0.10595840263016122,0.4514855000120894,0.30078125,0.0045964920876675475,0.0625,0.125
role,Data2txt,8,30,0.0001,2112,32,128,32,4,True,8,4.396868016606506,4.166556292123748,4.11367978489864,0.05287650722510864,-8.053029161600907,-8.462347531609918,0.16331495440639507,0.3997017818821045,0.5,0.10595840263016124,0.45115342238232164,0.19921875,0.13724520936229156,0.03125,0.1875
role,Data2txt,8,30,0.001,2112,32,128,32,4,True,8,4.929143419049472,3.5727110556652972,3.5445910219374155,0.028120033727881577,-7.324373931567804,-8.16731437367888,0.1774762728681667,0.4282716199278305,0.5,0.10595840263016124,0.4481886329693594,0.18359375,0.20404862260492773,0.0625,0.15625
role,Data2txt,8,31,1e-06,2112,32,128,32,4,True,9,3.0190296680562163,5.227716809153231,5.605551864598815,-0.3778350554455841,-8.123198819853368,-7.655414556788325,0.24857545593996577,0.7196403474484379,0.16666666666666666,0.030827751824169403,0.8031579182707247,0.2265625,0.06329008499721356,0.0,0.03125
role,Data2txt,8,31,0.0001,2112,32,128,32,4,True,7,3.4699844413539425,3.9942656477786653,4.53977879814231,-0.5455131503636433,-7.0436303084668435,-7.350481039143743,0.25715171835397316,0.7333655196339876,0.16666666666666666,0.030827751824169396,0.8041018959076742,0.1796875,0.22413848669948855,0.03125,0.0625
role,Data2txt,8,31,0.001,2112,32,128,32,4,True,7,3.9071867357965746,3.4192703952213472,4.018181247345172,-0.5989108521238246,-6.426063209486431,-7.243231531117194,0.2585692441792884,0.7394470232705311,0.16666666666666666,0.030827751824169386,0.8125563797824485,0.17578125,0.24568342144282507,0.0625,0.09375
role,Summary,0,0,1e-06,64,32,64,32,4,True,13,4.528548183765059,13.320500098182896,16.40704372275485,-3.086543624571955,-26.45582872356418,-32.418663798762054,0.1457404230714423,0.27444805139800293,0.16666666666666666,0.020587866600718728,1.731927119187239,0.4921875,1.1216721367937644e-07,0.0,0.0
role,Summary,0,0,0.0001,64,32,64,32,4,True,13,4.958022422259232,9.004229240134007,11.914939422544888,-2.9107101824108805,-17.78652092642836,-23.394897205009514,0.15540890524821085,0.3282645849278158,0.16666666666666666,0.020587866600718714,1.7320495626941896,0.44921875,2.065437618612603e-06,0.0,0.0
role,Summary,0,0,0.001,64,32,64,32,4,True,12,5.516892376023547,6.869228343421501,9.678932822217684,-2.809704478796184,-13.460267568105682,-18.86269068208611,0.16454817604159466,0.38588311918581236,0.16666666666666666,0.020587866600718718,1.7320506758357395,0.36328125,0.00027243152982450486,0.0,0.0
role,Summary,0,1,1e-06,64,32,64,32,4,True,13,9.398332984283854,13.219409724266383,16.83697813893603,-3.6175684146696456,-26.858299412922975,-34.114301430985506,0.0663208363475576,0.5932246109397769,0.0,2.6068336823580314e-37,1.7319279172405766,0.4453125,2.6482481675628015e-06,0.0,0.0
role,Summary,0,1,0.0001,64,32,64,32,4,True,12,10.110289404264075,9.138969105773416,12.240952758126522,-3.1019836523531046,-18.69407615653344,-24.918917661426107,0.07165350883978588,0.6218679552346758,0.0,9.22726275342923e-36,1.7320495743729474,0.40625,2.7578766382172126e-05,0.0,0.0
role,Summary,0,1,0.001,64,32,64,32,4,True,13,11.18058547197626,7.2322064368329535,10.002244756769908,-2.770038319936954,-14.844841705728047,-20.41319244111417,0.07680908817116924,0.6548142332433465,0.0,1.225010294092454e-33,1.7320506803902567,0.26171875,0.020122832277307934,0.0,0.0
role,Summary,0,2,1e-06,64,32,64,32,4,True,12,17.934594693244154,15.418850635507493,18.686599315370657,-3.267748679863164,-30.907372930057615,-37.576054810769534,0.04040914963173945,0.46085950175805107,0.16666666666666666,0.0009466351310974188,1.7318195025099843,0.44140625,3.3865729132296004e-06,0.0,0.0
role,Summary,0,2,0.0001,64,32,64,32,4,True,13,20.383194812364902,11.270927960863581,14.24794967962007,-2.977021718756488,-22.4142494638537,-28.61329313222186,0.04119489019531497,0.5299479491951677,0.16666666666666666,0.0009466351310974147,1.7320484739789608,0.36328125,0.00027243152982450486,0.0,0.0
role,Summary,0,2,0.001,64,32,64,32,4,True,12,24.196219426613734,9.223178065846739,12.11993818034931,-2.8967601145025723,-18.11269954671224,-24.248458989641836,0.04185923001363674,0.603308362446921,0.16666666666666666,0.0009466351310974141,1.7320505556449235,0.36328125,0.00027243152982450486,0.0,0.0625
role,Summary,0,3,1e-06,64,32,64,32,4,True,11,17.617054370306636,14.761909874378507,18.448869336219516,-3.6869594618410106,-28.88672959218657,-36.1389303463056,0.0474598874943001,0.23630434192578756,0.16666666666666666,0.03481983630963733,1.7319407267477103,0.45703125,1.2463941378877895e-06,0.0,0.0
role,Summary,0,3,0.0001,64,32,64,32,4,True,12,19.20441526112656,10.737456855446043,13.861085371407267,-3.123628515961223,-20.789642806856868,-26.97160265638041,0.04804405976624043,0.2983635514777104,0.16666666666666666,0.034819836309637336,1.7320497018935659,0.40234375,3.4378979835934295e-05,0.0,0.0
role,Summary,0,3,0.001,64,32,64,32,4,True,11,21.848482651532574,8.864995059165935,11.617131297617789,-2.752136238451854,-16.962562233098218,-22.509507622284175,0.04856498821084011,0.3771426788565223,0.16666666666666666,0.0348198363096373,1.7320506925944819,0.3203125,0.002023141962701258,0.0,0.0
role,Summary,0,4,1e-06,64,32,64,32,4,True,13,15.000920660445747,13.83807771601855,17.42971807552236,-3.59164035950381,-27.033770732752423,-34.42903494876504,0.054932635592310965,0.10709707924086499,0.0,0.0,1.731948129673442,0.578125,1.1318117210285957e-10,0.0,0.0
role,Summary,0,4,0.0001,64,32,64,32,4,True,13,16.150639469126563,9.802748587848507,12.830016267409263,-3.0272676795607567,-18.938481485166783,-25.22846250683063,0.055857459240787756,0.13369114715014507,0.0,1.2760434651392388e-33,1.7320497779626147,0.48828125,1.4822338989626411e-07,0.0,0.0
role,Summary,0,4,0.001,64,32,64,32,4,True,12,17.863073506968036,7.951940177330897,10.568510896467895,-2.6165707191369987,-15.208929566646233,-20.699898949618273,0.056689934610633964,0.19718341450877747,0.0,5.294215925778121e-33,1.7320507020630502,0.28515625,0.008516483134002772,0.0,0.0
role,Summary,0,5,1e-06,64,32,64,32,4,True,13,16.336381685630055,14.355103264566743,18.02987495589654,-3.674771691329793,-27.80111715005865,-35.37020587457019,0.11342311349555961,0.9108021423824822,0.16666666666666666,0.08346093751605047,1.731897692624358,0.51953125,1.4695611473045727e-08,0.0,0.0
role,Summary,0,5,0.0001,64,32,64,32,4,True,12,17.659967740055606,10.337598941259971,13.433010938963148,-3.0954119977031773,-19.711461300939337,-26.17131718677672,0.11415868975819708,0.7891572039240072,0.16666666666666666,0.08346093751605047,1.7320492719155403,0.4453125,2.6482481675628015e-06,0.0,0.0
role,Summary,0,5,0.001,64,32,64,32,4,True,12,19.682495915463964,8.501514017806503,11.184431792186281,-2.682917774379779,-15.951101150802181,-21.639851880956606,0.11459400045597018,0.6565989525209257,0.16666666666666666,0.08346093751605048,1.732050649976877,0.40234375,3.4378979835934295e-05,0.0,0.0
role,Summary,0,6,1e-06,64,32,64,32,4,True,13,17.747600852186988,13.74008501615351,17.402004913043037,-3.6619198968895263,-26.74954467681036,-33.81355631307275,0.06319409874583863,0.29620714936974996,0.16666666666666666,0.07490649611169778,1.7319220641110642,0.45703125,1.2463941378877895e-06,0.0,0.0
role,Summary,0,6,0.0001,64,32,64,32,4,True,13,19.154212655503557,9.728433336755756,12.81993855709672,-3.091505220340964,-18.684805608880467,-24.665097991337692,0.06394866426085569,0.27866224711995446,0.16666666666666666,0.07490649611169777,1.732049517136774,0.453125,1.6066209987438353e-06,0.0,0.0
role,Summary,0,6,0.001,64,32,64,32,4,True,11,21.385313163877175,7.929601945478986,10.606673287675376,-2.6770713421963905,-15.033502574992228,-20.28924296080983,0.06541247023282835,0.2849387222361655,0.16666666666666666,0.07490649611169775,1.7320506758496341,0.3828125,9.974097950883212e-05,0.0,0.0
role,Summary,0,7,1e-06,64,32,64,32,4,True,13,14.828397443272982,13.640193877973179,17.35114848561235,-3.7109546076391706,-26.40386583458541,-33.707890948779735,0.11333221460649742,0.38604952427426786,0.0,1.1510755038983989e-35,1.731954902483771,0.609375,6.175356749764696e-12,0.0,0.0
role,Summary,0,7,0.0001,64,32,64,32,4,True,13,15.910142487410159,9.602680412997497,12.748584411288132,-3.1459039982906334,-18.3108328084682,-24.504002234286006,0.11425584277365367,0.31439519082615197,0.0,3.0240987355103887e-34,1.732049846126646,0.44921875,2.065437618612603e-06,0.0,0.0
role,Summary,0,7,0.001,64,32,64,32,4,True,12,17.458689793119234,7.7606341689252245,10.46831983286705,-2.7076856639418247,-14.609946281546389,-19.954077609079036,0.11486781422741808,0.25382191171190494,0.0,1.7337482371353967e-32,1.7320507092738493,0.37109375,0.0001835721928313966,0.0,0.0
role,Summary,0,8,1e-06,64,32,64,32,4,True,12,17.90856106485201,13.868212540518318,17.602136491857966,-3.7339239513396514,-26.94922012041593,-34.29517515184952,0.09470364327620887,0.4664286073999552,0.0,2.224728551199175e-35,1.7319161295902037,0.50390625,4.777735966656153e-08,0.0,0.0
role,Summary,0,8,0.0001,64,32,64,32,4,True,12,19.276114564780414,9.854340256762082,13.00062871938837,-3.1462884626262877,-18.8819396963714,-25.092624313852895,0.09548379429302961,0.37407845952925156,0.0,0.0,1.7320494574702012,0.45703125,1.2463941378877895e-06,0.0,0.0
role,Summary,0,8,0.001,64,32,64,32,4,True,11,21.281860085592157,8.042655354728563,10.727851469989181,-2.6851961152606183,-15.204795294832836,-20.548197059005517,0.09602937019882747,0.2801859235171768,0.0,2.6168565065632438e-33,1.7320506695948785,0.42578125,8.823843192351946e-06,0.0,0.0
role,Summary,0,9,1e-06,64,32,64,32,4,True,13,17.374513067244013,13.812902081508494,17.388453442106098,-3.5755513605976033,-26.566925645142476,-33.62254123220514,0.09468234287134689,1.5779460810268655,0.0,5.8880333924748996e-36,1.7318066014506235,0.515625,1.9821584182061652e-08,0.0,0.0
role,Summary,0,9,0.0001,64,32,64,32,4,True,13,18.691344920752616,9.811788842583741,12.794628444995498,-2.9828396024117563,-18.497777498643188,-24.443102912494833,0.09551414251450899,1.395857021260469,0.0,0.0,1.7320483596977274,0.44140625,3.3865729132296004e-06,0.0,0.0
role,Summary,0,9,0.001,64,32,64,32,4,True,12,20.700025187949016,8.026268581680817,10.556061887518553,-2.5297933058377344,-14.836898262319767,-20.00576906198976,0.0961578719811806,1.189716722191557,0.0,3.387530813166094e-33,1.7320505577025496,0.37890625,0.00012252525795373903,0.0,0.0
role,Summary,0,10,1e-06,64,32,64,32,4,True,12,18.309250420742536,13.936191104103358,17.648504044980093,-3.7123129408767346,-26.9038025982152,-34.14493553174421,0.10296869030053166,1.14217981972095,0.16666666666666666,0.00612067416515103,1.7318053108749676,0.578125,1.1318117210285957e-10,0.0,0.0
role,Summary,0,10,0.0001,64,32,64,32,4,True,12,19.72472029967101,9.92923676961826,13.05057967189332,-3.121342902275063,-18.84035527001635,-24.948599625035644,0.10522647480533616,1.0415388674974841,0.16666666666666666,0.0061206741651510235,1.7320483470636552,0.4453125,2.6482481675628015e-06,0.0,0.0
role,Summary,0,10,0.001,64,32,64,32,4,True,11,21.939902762374043,8.131524075515703,10.801833901189593,-2.6703098256738897,-15.17498921909693,-20.446180160144774,0.10735302601377536,0.9263310188266202,0.16666666666666666,0.0061206741651510235,1.7320505567071056,0.421875,1.1138794213006194e-05,0.0,0.0
role,Summary,0,11,1e-06,64,32,64,32,4,True,13,14.23235261896528,14.087977449778945,17.76460799566189,-3.676630545882948,-26.55889371983124,-33.83767373606738,0.1711513689419254,2.233904672231748,0.0,8.55311591234901e-36,1.7318052473581051,0.58984375,3.907407161202246e-11,0.0,0.0
role,Summary,0,11,0.0001,64,32,64,32,4,True,12,15.292761487259336,10.062963796313635,13.164411506333927,-3.1014477100202913,-18.457378101944855,-24.638071244867575,0.17220370086716819,2.0102104963862177,0.0,2.6106611670942884e-33,1.7320483440628458,0.546875,1.6601699343554519e-09,0.0,0.0
role,Summary,0,11,0.001,64,32,64,32,4,True,11,16.859985152250786,8.221132532811785,10.895482001870231,-2.674349469058447,-14.728932085343644,-20.110280089084974,0.17282665041239248,1.7632019268439363,0.0,4.219436593775276e-32,1.732050554222948,0.41796875,1.4025356802009893e-05,0.0,0.0
role,Summary,0,12,1e-06,64,32,64,32,4,True,13,10.403387185884,13.120962433511917,17.024793756104454,-3.9038313225925343,-24.96564382314363,-32.22935070111153,0.18523795540450733,0.7171409476893065,0.0,1.3740174601918398e-35,1.7319555542225877,0.609375,6.175356749764696e-12,0.0,0.0
role,Summary,0,12,0.0001,64,32,64,32,4,True,13,11.085899945236656,9.06581077930409,12.421193054378104,-3.3553822750740143,-16.826450852221214,-23.023654139996253,0.1868293325915947,0.7040488568278161,0.0,2.414820105015173e-35,1.7320498532059068,0.5703125,2.2600827536254186e-10,0.03125,0.03125
role,Summary,0,12,0.001,64,32,64,32,4,True,13,12.007316897016223,7.205131849373107,10.132643292707705,-2.9275114433345983,-13.082178939331047,-18.459885096561017,0.18782068586210335,0.6945444792681075,0.0,5.621156386830076e-34,1.7320507104996048,0.5546875,8.653654568441033e-10,0.03125,0.03125
role,Summary,0,13,1e-06,64,32,64,32,4,True,14,15.508656991473263,14.00910414163984,18.025177841267563,-4.0160736996277215,-27.061396444200362,-34.85315095740356,0.1633311507393695,0.7212778968103322,0.16666666666666666,0.07132399538399536,1.7319357333461987,0.54296875,2.2883894261223224e-09,0.0,0.0
role,Summary,0,13,0.0001,64,32,64,32,4,True,12,16.70417470586059,9.975433510761771,13.423012048673678,-3.447578537911906,-18.967874202839873,-25.64754233026961,0.16437264447035296,0.6605492592729783,0.16666666666666666,0.0713239953839954,1.7320496541940902,0.52734375,8.004572600022892e-09,0.0,0.0
role,Summary,0,13,0.001,64,32,64,32,4,True,12,18.45443478046813,8.113510234607938,11.140430673438807,-3.026920438830868,-15.220800146054671,-21.073837458784737,0.16498891848942193,0.599351227937763,0.16666666666666666,0.07132399538399539,1.7320506898790173,0.453125,1.6066209987438353e-06,0.03125,0.03125
role,Summary,0,14,1e-06,64,32,64,32,4,True,13,13.222962847128606,13.810634388092922,17.429805843563766,-3.6191714554708474,-26.400700771505555,-33.4111551897944,0.13792536975663133,0.9856562319687988,0.16666666666666666,0.024568164190029773,1.7319153404253897,0.546875,1.6601699343554519e-09,0.0,0.0
role,Summary,0,14,0.0001,64,32,64,32,4,True,13,14.19435969757652,9.785439710413154,12.829571145574237,-3.0441314351610833,-18.29064351988665,-24.209281185970404,0.13894336194472617,0.853758306828877,0.16666666666666666,0.024568164190029725,1.7320494493543268,0.4453125,2.6482481675628015e-06,0.0,0.0
role,Summary,0,14,0.001,64,32,64,32,4,True,12,15.650806845322723,7.961289210318269,10.566802282548492,-2.605513072230222,-14.562285713259616,-19.672948550452453,0.1396341597831935,0.7105603034224873,0.16666666666666666,0.024568164190029725,1.7320506685787271,0.4609375,9.643405979524566e-07,0.0,0.0
role,Summary,0,15,1e-06,64,32,64,32,4,True,12,9.983727592210954,13.53939470885978,17.157021423425995,-3.6176267145662155,-26.118535069424574,-33.237443518462435,0.17833294417557255,1.180195016404654,0.0,1.5073816623450866e-35,1.7319099789914474,0.46875,5.725969015892803e-07,0.0,0.0
role,Summary,0,15,0.0001,64,32,64,32,4,True,12,10.734125484115186,9.488911149195092,12.572202391900746,-3.0832912427056547,-17.957595904836076,-24.05429467968697,0.18000074755003068,1.099438938802997,0.0,1.3159585286167895e-33,1.7320493963199748,0.4921875,1.1216721367937644e-07,0.0,0.0
role,Summary,0,15,0.001,64,32,64,32,4,True,13,11.940539722653211,7.625737323790118,10.359257234881238,-2.7335199110911206,-14.117829405797973,-19.561356316922407,0.1814577803523085,1.000792564874741,0.0,2.404934187284043e-33,1.732050663821196,0.51953125,1.4695611473045727e-08,0.0,0.03125
role,Summary,0,16,1e-06,64,32,64,32,4,True,13,11.051282698336513,13.76629486520543,17.1161331486724,-3.3498382834669718,-26.857638775341805,-33.427165272182684,0.09898746979470222,0.9137066755851148,0.0,1.232721642328792e-35,1.7319554651902722,0.4765625,3.3628360559232897e-07,0.0,0.0
role,Summary,0,16,0.0001,64,32,64,32,4,True,14,12.020315621458739,9.711112873730073,12.55832291141511,-2.847210037685037,-18.674765083375767,-24.281439074068743,0.10275964216660396,0.835441707742881,0.0,5.531305978983142e-35,1.7320498520629892,0.44140625,3.3865729132296004e-06,0.0,0.03125
role,Summary,0,16,0.001,64,32,64,32,4,True,12,13.72616344076378,7.822362793546102,10.378477193768383,-2.556114400222281,-14.765833670440218,-19.80450066302791,0.10302207445569837,0.7365947856573838,0.0,1.817736335723129e-33,1.7320507101516793,0.40625,2.7578766382172126e-05,0.03125,0.03125
role,Summary,0,17,1e-06,64,32,64,32,4,True,13,15.412633882514482,14.064665107387361,17.744452858600106,-3.6797877512127424,-27.203834353454546,-34.55492328853673,0.08035535864767093,1.1252695162165154,0.16666666666666666,0.026956092616641805,1.731872304410698,0.50390625,4.777735966656153e-08,0.0,0.0
role,Summary,0,17,0.0001,64,32,64,32,4,True,13,16.652721662998527,10.056824717092859,13.155428068068286,-3.098603350975426,-19.104217427359554,-25.364467300509073,0.08133178615114062,0.9874140849736343,0.16666666666666666,0.026956092616641787,1.732049018446486,0.47265625,4.3941678569641396e-07,0.0,0.0
role,Summary,0,17,0.001,64,32,64,32,4,True,12,18.675043128617027,8.249781602230424,10.935149937888376,-2.6853683356579516,-15.338547290124886,-20.84758016637334,0.08225335229651298,0.8192867394455332,0.16666666666666666,0.026956092616641822,1.7320506250441305,0.45703125,1.2463941378877895e-06,0.0,0.0
role,Summary,0,18,1e-06,64,32,64,32,4,True,13,18.780318567769818,14.785787974845888,18.58808704106844,-3.802299066222555,-28.36497331148455,-35.85291123060608,0.07655782068615528,0.17627780067242,0.16666666666666666,0.009826736072129078,1.7318167045147868,0.5859375,5.589677469457796e-11,0.0,0.0
role,Summary,0,18,0.0001,64,32,64,32,4,True,13,20.386830831250062,10.771440176116794,13.988020429402502,-3.216580253285708,-20.28707379418165,-26.651696617615308,0.07726267878204698,0.16901869738056294,0.16666666666666666,0.00982673607212909,1.7320484522927508,0.49609375,8.463944829316085e-08,0.0,0.0
role,Summary,0,18,0.001,64,32,64,32,4,True,11,22.987457360800608,8.900419425981086,11.716040677411078,-2.8156212514299925,-16.498872893407487,-22.09879532618585,0.0778441129246452,0.21761853085851637,0.16666666666666666,0.009826736072129087,1.7320505592279143,0.42578125,8.823843192351946e-06,0.0,0.0
role,Summary,0,19,1e-06,64,32,64,32,4,True,13,17.746926982946807,14.490558498841153,18.427298487986274,-3.936739989145123,-28.322694152936883,-36.285393078782775,0.044704172307807356,0.5635772248068597,0.16666666666666666,0.06596292999648953,1.7319334056383389,0.51953125,1.4695611473045727e-08,0.0,0.0
role,Summary,0,19,0.0001,64,32,64,32,4,True,13,19.244825816652245,10.47927950541693,13.830669690768406,-3.3513901853514785,-20.24202571228033,-27.087086184619544,0.045296898228467615,0.5683710295303191,0.16666666666666666,0.06596292999648952,1.7320496304634463,0.4296875,6.972144257737036e-06,0.0,0.03125
role,Summary,0,19,0.001,64,32,64,32,4,True,11,21.616308134906454,8.650976458416562,11.575343900961673,-2.924367442545111,-16.479479088971328,-22.54215613233896,0.0466083288573803,0.5776011403680611,0.16666666666666666,0.0659629299964895,1.7320506870936865,0.3828125,9.974097950883212e-05,0.03125,0.03125
role,Summary,0,20,1e-06,64,32,64,32,4,True,12,15.91312075627243,14.497181049543599,18.41873331052297,-3.9215522609793703,-27.691073576412304,-35.487265677191346,0.09121576061294864,0.870607632205545,0.16666666666666666,0.12518230842380676,1.7318764169629308,0.53515625,4.306753200063626e-09,0.0,0.0
role,Summary,0,20,0.0001,64,32,64,32,4,True,11,17.187422337959646,10.489922688588832,13.817145376465504,-3.3272226878766724,-19.60009824360239,-26.280492351638006,0.09192247591365017,0.765006722292169,0.16666666666666666,0.12518230842380682,1.7320490587893205,0.48828125,1.4822338989626411e-07,0.0,0.0
role,Summary,0,20,0.001,64,32,64,32,4,True,12,19.136772899962562,8.667469356274074,11.54108941380984,-2.8736200575357653,-15.849960419272852,-21.700731957123352,0.09238304651320056,0.6535332234560686,0.16666666666666666,0.1251823084238068,1.7320506283574169,0.4921875,1.1216721367937644e-07,0.0,0.0
role,Summary,0,21,1e-06,64,32,64,32,4,True,12,10.739845175169798,14.256605133709913,17.672202644329975,-3.415597510620061,-27.611915220636796,-34.294040259480155,0.10582593376763784,1.6317813413597395,0.0,2.1466695285676497e-36,1.7318882974256447,0.48046875,2.566420351772277e-07,0.0,0.0
role,Summary,0,21,0.0001,64,32,64,32,4,True,12,11.703313857539326,10.22238959722559,13.113788369739261,-2.8913987725136714,-19.417442702933116,-25.127746019330885,0.10706547659683983,1.4496530172507398,0.0,5.406609841831449e-34,1.7320491780151346,0.4140625,1.761534789259186e-05,0.0,0.0
role,Summary,0,21,0.001,64,32,64,32,4,True,12,13.373417661260962,8.361030170113233,10.913361609556729,-2.5523314394434946,-15.458425414968598,-20.59298275996094,0.10826964455204066,1.2220535318102694,0.0,5.633370911921018e-34,1.7320506406498235,0.33203125,0.0012036243832190818,0.0,0.0
role,Summary,0,22,1e-06,64,32,64,32,4,True,13,22.72539120974019,14.719403190469322,18.52165646827242,-3.802253277803094,-28.507779542449292,-36.16476706852846,0.03983153231283189,0.9954736844886003,0.0,3.5858486202213546e-35,1.7318113545211442,0.484375,1.9531445416439743e-07,0.0,0.0
role,Summary,0,22,0.0001,64,32,64,32,4,True,13,24.681176141112548,10.734957837793244,13.921358500585095,-3.1864006627918493,-20.466182815411887,-26.960088321951673,0.04036060373900744,0.8536973484949848,0.0,4.8993906280221596e-33,1.7320484065785007,0.453125,1.6066209987438353e-06,0.0,0.0
role,Summary,0,22,0.001,64,32,64,32,4,True,12,27.817920142562915,8.939963957303085,11.651273664833385,-2.7113097075302983,-16.761371439063545,-22.390323749817927,0.04083932528520688,0.688686215223084,0.0,0.0,1.732050561791707,0.375,0.00015015335773116095,0.0,0.0
role,Summary,0,23,1e-06,64,32,64,32,4,True,13,30.270029708586886,14.98696765951706,18.465805932791742,-3.478838273274682,-29.000133682604066,-35.765160495841286,0.03250405332215216,0.7245587438210638,0.0,9.601565582009285e-36,1.7317535230156411,0.515625,1.9821584182061652e-08,0.0,0.0
role,Summary,0,23,0.0001,64,32,64,32,4,True,12,33.07385110641799,11.012351963048513,13.870527797432208,-2.8581758343836956,-21.00700773226604,-26.58370921941532,0.03288239946487105,0.5896513805848235,0.0,4.634810750973195e-33,1.7320478246921622,0.4609375,9.643405979524566e-07,0.0,0.0
role,Summary,0,23,0.001,64,32,64,32,4,True,13,38.134337050234414,9.228870393104305,11.632636372986024,-2.403765979881719,-17.395196305109927,-22.16410181490508,0.03326241221784891,0.4283034889866167,0.0,4.7146219508028425e-33,1.73205050045238,0.359375,0.0003307086162872392,0.0,0.0
role,Summary,0,24,1e-06,64,32,64,32,4,True,12,25.554935589543657,15.198553213178254,18.657083793415826,-3.458530580237574,-29.990290796248736,-36.78190547549083,0.0344230162154196,0.7212539470481991,0.0,1.9231955559125835e-36,1.731852237803599,0.41015625,2.206867216799958e-05,0.0,0.0
role,Summary,0,24,0.0001,64,32,64,32,4,True,13,28.19142053839635,11.182319889913977,14.079234955433327,-2.8969150655193507,-21.931589476450696,-27.63402651091363,0.03623734169086502,0.6614567306369171,0.0,0.0,1.7320488153409914,0.3828125,9.974097950883212e-05,0.0,0.0
role,Summary,0,24,0.001,64,32,64,32,4,True,11,32.977436212531295,9.306911466435231,11.83162281658931,-2.5247113501540768,-18.133805518095027,-23.148645577948486,0.0364260145075289,0.5994509531775899,0.0,4.730175173755549e-34,1.7320506025327471,0.35546875,0.0004005116106088656,0.03125,0.0625
role,Summary,0,25,1e-06,64,32,64,32,4,True,13,24.908527376120023,14.98587135909367,18.113493113383655,-3.1276217542899847,-30.48712028955258,-36.74660148191795,0.026137425307139445,0.6574708771234838,0.0,1.0869643910464604e-35,1.7318382862082646,0.43359375,5.494870215248272e-06,0.0,0.0
role,Summary,0,25,0.0001,64,32,64,32,4,True,13,27.601798342864445,10.960358678253098,13.522092077790573,-2.561733399537472,-22.407655991251843,-27.55042566116985,0.03066834316656136,0.6326497731182994,0.0,1.5323949392007903e-33,1.7320486757407485,0.2578125,0.023049503107393954,0.0,0.03125
role,Summary,0,25,0.001,64,32,64,32,4,True,11,33.155706424774365,9.075691673308818,11.286602823431352,-2.2109111501225343,-18.525482845547188,-23.00008015465724,0.033885400759443754,0.6101615374028521,0.0,0.0,1.7320505885205084,0.2265625,0.06329008499721356,0.03125,0.0625
role,Summary,0,26,1e-06,64,32,64,32,4,True,14,10.385416559382877,13.485719902034294,17.35833281834389,-3.8726129163095955,-26.71170686183291,-34.38205183568182,0.07244322342178884,0.7962902023765519,0.16666666666666666,0.02118953325263702,1.7318314765782497,0.453125,1.6066209987438353e-06,0.0,0.0
role,Summary,0,26,0.0001,64,32,64,32,4,True,13,11.222757356583514,9.424724074627239,12.772672137147062,-3.3479480625198246,-18.548684744270155,-25.20110174815543,0.07694898143418492,0.772648934818217,0.16666666666666666,0.021189533252637,1.7320486097914611,0.39453125,5.302866591970586e-05,0.0,0.0
role,Summary,0,26,0.001,64,32,64,32,4,True,12,12.676624223078218,7.537935148975712,10.554849356617371,-3.0169142076416593,-14.685811315401198,-20.706906639912393,0.07800124536476409,0.7419931109678104,0.16666666666666666,0.021189533252637015,1.7320505839283509,0.32421875,0.0017054146413849613,0.0,0.0
role,Summary,0,27,1e-06,64,32,64,32,4,True,12,21.36188497876291,14.229707167828305,17.79032559071087,-3.560618422882563,-28.786989000848624,-35.71455819986676,0.03604682212314214,0.7044077626470445,0.16666666666666666,0.08413414672712366,1.7319165232623064,0.44140625,3.3865729132296004e-06,0.0,0.03125
role,Summary,0,27,0.0001,64,32,64,32,4,True,12,23.37054474861632,10.194004336574565,13.205612513565487,-3.0116081769909213,-20.721641626175533,-26.54674587034437,0.037847932037503904,0.7199198967577938,0.16666666666666666,0.08413414672712366,1.7320494615050652,0.390625,6.56177627655692e-05,0.03125,0.03125
role,Summary,0,27,0.001,64,32,64,32,4,True,12,27.097139756269318,8.32731793559083,11.003403137996617,-2.6760852024057864,-16.96623266383841,-22.120753801719218,0.03759899295520725,0.7389664485420357,0.16666666666666666,0.08413414672712367,1.73205067009481,0.31640625,0.0023946702967428957,0.0625,0.0625
role,Summary,0,28,1e-06,64,32,64,32,4,True,12,14.664011366760356,13.472931584048103,17.125760843963963,-3.6528292599158596,-26.357024004472486,-33.42718383796768,0.0737732384518419,0.5931224583649211,0.16666666666666666,0.04168841569398999,1.7319267747250087,0.50390625,4.777735966656153e-08,0.0,0.0
role,Summary,0,28,0.0001,64,32,64,32,4,True,12,15.7495660528772,9.43389272087881,12.528295390629106,-3.094402669750295,-18.2630935810973,-24.23359165622752,0.07786580544242128,0.5954914192353882,0.16666666666666666,0.04168841569398998,1.732049564641205,0.4140625,1.761534789259186e-05,0.0,0.0
role,Summary,0,28,0.001,64,32,64,32,4,True,11,17.432594435149547,7.5950088071463036,10.281854210413677,-2.6868454032673736,-14.568530368402888,-19.74693942449163,0.08090692759318685,0.6022300035940761,0.16666666666666666,0.04168841569399,1.7320506809646403,0.34375,0.0007015482298410314,0.0,0.0625
role,Summary,0,29,1e-06,64,32,64,32,4,True,12,9.928025442359033,13.509789194551956,17.149414185455374,-3.6396249909034157,-27.13742330308943,-34.74660922283235,0.057201840175999726,0.6721319240057433,0.0,2.511484930394197e-36,1.7319631764626027,0.41796875,1.4025356802009893e-05,0.0,0.0
role,Summary,0,29,0.0001,64,32,64,32,4,True,12,10.703069702438539,9.44644499941659,12.549540309336333,-3.103095309919743,-18.97841376543777,-25.539332077801134,0.06227021400384247,0.6814749924225807,0.0,1.3271144897158298e-33,1.7320499292622709,0.34375,0.0007015482298410314,0.0,0.0
role,Summary,0,29,0.001,64,32,64,32,4,True,11,11.912222312643815,7.561908236907673,10.286065150125,-2.7241569132173273,-15.124361079886079,-20.9526030717646,0.06536525406880123,0.6912431758191325,0.0,8.182120666206796e-33,1.7320507179463183,0.2734375,0.013218761580640614,0.0,0.0625
role,Summary,0,30,1e-06,64,32,64,32,4,True,13,10.017554935878806,13.592877555296731,17.15249829770545,-3.559620742408719,-26.2004348586457,-33.11734433528087,0.12016961651498384,0.7592036771769479,0.0,1.1436628587972715e-37,1.7319348391731073,0.59765625,1.8888568555689185e-11,0.0,0.0
role,Summary,0,30,0.0001,64,32,64,32,4,True,12,10.818679274434858,9.515927057378788,12.559872322076453,-3.043945264697665,-18.034682225339772,-23.94505717909971,0.1248028126599197,0.7381899072141967,0.0,4.313752691312434e-35,1.7320496454229064,0.4296875,6.972144257737036e-06,0.0,0.03125
role,Summary,0,30,0.001,64,32,64,32,4,True,12,12.258792561105498,7.585011731536957,10.311006494585142,-2.725994763048184,-14.189998959742795,-19.49591171297744,0.12544965938655278,0.7104371080178558,0.0,0.0,1.7320506891622791,0.46875,5.725969015892803e-07,0.03125,0.03125
role,Summary,0,31,1e-06,64,32,64,32,4,True,13,2.402952444999672,12.353606773847357,15.322299475028004,-2.9686927011806468,-24.050217025404322,-29.636324594833134,0.44584187703753836,1.1704914483307813,0.16666666666666666,0.0293929414115297,1.7319372900110375,0.578125,1.1318117210285957e-10,0.0,0.0
role,Summary,0,31,0.0001,64,32,64,32,4,True,12,3.2232018740219717,8.319941188304954,11.0160154167394,-2.696074228434446,-15.938056168446433,-21.012676484536563,0.3541191940413007,0.8468168040019053,0.16666666666666666,0.02939294141152969,1.7320496695581389,0.515625,1.9821584182061652e-08,0.03125,0.03125
role,Summary,0,31,0.001,64,32,64,32,4,True,12,4.109186916714499,6.435994138757728,8.976364332543472,-2.5403701937857437,-12.15101974385158,-16.911546562379453,0.3004513628656981,0.7036995813266084,0.16666666666666666,0.0293929414115297,1.7320506912357636,0.52734375,8.004572600022892e-09,0.03125,0.03125
role,Summary,1,0,1e-06,128,64,128,64,4,True,8,2.7836127473804435,6.0262985093810215,6.166260095320691,-0.13996158593966868,-15.075983673405743,-15.480681366700225,0.2375877780229544,0.6616292886961846,0.16666666666666666,0.06235247256460605,0.8112795740725319,0.26953125,0.00013479820036590921,0.078125,0.203125
role,Summary,1,0,0.0001,128,64,128,64,4,True,8,3.293623033694819,4.5179387336463455,5.148763212330207,-0.6308244786838624,-11.211282095067364,-12.686604769453787,0.20365499242467489,0.5581417339752696,0.16666666666666666,0.062352472564606055,0.8119000046639117,0.203125,0.008601806417249835,0.0625,0.09375
role,Summary,1,0,0.001,128,64,128,64,4,True,9,3.798620141462408,3.7796190233589337,4.692951365008488,-0.9133323416495551,-9.199287200072982,-11.313222654646669,0.1841809912666271,0.5038591345281838,0.16666666666666666,0.062352472564606055,0.8174665154295604,0.125,0.24852218149091998,0.0625,0.09375
role,Summary,1,1,1e-06,128,64,128,64,4,True,9,7.186792010033103,6.502544541274417,6.775442152210021,-0.2728976109356045,-13.344848609352027,-13.751501630309507,0.11868866100405644,0.4679055042132586,0.3333333333333333,0.006264036154067295,1.3492782995822914,0.2109375,0.005617222299566849,0.015625,0.03125
role,Summary,1,1,0.0001,128,64,128,64,4,True,10,8.16506200255365,5.988069642153181,6.469657984143152,-0.4815883419899709,-11.726855088712597,-12.51403263974515,0.09944630716440157,0.40946627297053606,0.3333333333333333,0.006264036154067296,1.3510397312595819,0.14453125,0.12482248727739864,0.0,0.046875
role,Summary,1,1,0.001,128,64,128,64,4,True,10,9.277286246633427,5.685131843795023,6.374019699315847,-0.6888878555208232,-10.899214164282283,-12.043897093341707,0.08633843095687425,0.4030136058632224,0.3333333333333333,0.006264036154067294,1.3661157106445048,0.21484375,0.004511200379084146,0.015625,0.03125
role,Summary,1,2,1e-06,128,64,128,64,4,True,10,11.562104729570256,11.144053015283466,11.49344250386044,-0.34938948857697455,-22.98101575273236,-23.590290348646786,0.07499720315910824,0.31143213213257553,0.3333333333333333,0.010174404357475436,1.0635921663594228,0.1796875,0.027986795978923062,0.0,0.03125
role,Summary,1,2,0.0001,128,64,128,64,4,True,11,13.806870776514092,9.181491509591396,9.867630865634654,-0.6861393560432558,-18.134040217533606,-19.542124442132533,0.06625071089272473,0.22846690138959302,0.3333333333333333,0.010174404357475436,1.0685611111671136,0.140625,0.14443117024685648,0.0,0.03125
role,Summary,1,2,0.001,128,64,128,64,4,True,10,16.73064108165211,8.148882328161914,9.105324297833715,-0.956441969671801,-15.57267782063793,-17.59948247891001,0.06174093780462837,0.28262063571232204,0.3333333333333333,0.010174404357475434,1.1092691003259303,0.16796875,0.04777692689196056,0.0,0.046875
role,Summary,1,3,1e-06,128,64,128,64,4,True,9,12.27630981213393,9.52654980739947,9.916206837081992,-0.38965702968252247,-17.996544916031333,-18.665820427415483,0.09446968200519569,0.4968669804606702,0.3333333333333333,0.03878120323289274,0.36391691648255636,0.24609375,0.0006717127977299286,0.0,0.0625
role,Summary,1,3,0.0001,128,64,128,64,4,True,8,13.938499727976067,8.064082180673047,8.635838810299157,-0.5717566296261096,-14.917375686270507,-15.923613151811672,0.08228582342541589,0.3568494945481566,0.3333333333333333,0.03878120323289275,0.3662113707361658,0.234375,0.0014158486742306131,0.0,0.0
role,Summary,1,3,0.001,128,64,128,64,4,True,9,16.16689867138681,7.346090269817441,8.110027833118615,-0.7639375633011749,-13.445642043082081,-14.7864071059759,0.08141515007027765,0.2830109368085551,0.3333333333333333,0.03878120323289274,0.3861755993839651,0.1640625,0.05663933837583668,0.0,0.0
role,Summary,1,4,1e-06,128,64,128,64,4,True,10,9.736080202915637,9.191066640921926,9.574594050431156,-0.3835274095092303,-16.619813927110258,-17.21145812800811,0.09965121023578623,0.529446206032021,0.16666666666666666,0.015581258115491622,0.3017259705128024,0.25390625,0.00040003832561633833,0.015625,0.0625
role,Summary,1,4,0.0001,128,64,128,64,4,True,8,10.963737181082795,7.518694922875886,8.058516758112972,-0.5398218352370865,-13.580957787617816,-14.50254348232074,0.08541696850162911,0.3735226195010844,0.16666666666666666,0.015581258115491629,0.3028265904027122,0.2109375,0.005617222299566849,0.0,0.015625
role,Summary,1,4,0.001,128,64,128,64,4,True,9,12.56771656213627,6.727548403344024,7.391752673708049,-0.6642042703640259,-12.138425510469341,-13.362916871456312,0.0822664714175777,0.26437012691200035,0.16666666666666666,0.015581258115491636,0.3128002175726435,0.20703125,0.00696550713342714,0.0,0.015625
role,Summary,1,5,1e-06,128,64,128,64,4,True,10,7.176948634814605,10.036971472626444,10.569222260878721,-0.5322507882522767,-17.13524638162449,-17.917768268590486,0.21465845503639258,1.4973432335095256,0.16666666666666666,0.042320792513843485,0.5009220917438078,0.375,1.3658180196507252e-08,0.0,0.03125
role,Summary,1,5,0.0001,128,64,128,64,4,True,9,7.98659081533824,8.00641709188896,8.73450859192946,-0.7280915000405003,-13.606726834019986,-14.761146295180385,0.2178858599785375,1.2480715101598678,0.16666666666666666,0.04232079251384346,0.503236383773626,0.30859375,6.556227414924601e-06,0.0,0.0
role,Summary,1,5,0.001,128,64,128,64,4,True,10,9.027530310432786,7.030863417207636,7.947170985074276,-0.9163075678666408,-11.844514688894314,-13.40704647470685,0.22014407021662016,1.0270843141162684,0.16666666666666666,0.04232079251384346,0.5233593252237156,0.3125,4.729399155976882e-06,0.0,0.015625
role,Summary,1,6,1e-06,128,64,128,64,4,True,9,7.427127808695481,5.4132122197674555,5.306378296456174,0.10683392331128119,-11.316128811414963,-11.392922479383866,0.12888720389532837,0.7081656965534997,0.16666666666666666,0.10137459349474057,0.21141992516751174,0.23828125,0.0011089305334915922,0.015625,0.0625
role,Summary,1,6,0.0001,128,64,128,64,4,True,8,8.532507470815753,5.128636204418225,5.318507510453739,-0.18987130603551478,-10.007158404314787,-10.527110391305223,0.10785603154555796,0.5022153290704215,0.16666666666666666,0.10137459349474053,0.2122402920857929,0.1328125,0.19102668306876025,0.015625,0.046875
role,Summary,1,6,0.001,128,64,128,64,4,True,9,9.753847959161986,5.013645917551125,5.441154928579001,-0.4275090110278752,-9.409673411195378,-10.334584746578132,0.09461662314463438,0.3572766865608067,0.16666666666666666,0.10137459349474055,0.21956791903096148,0.16015625,0.06687465009718918,0.03125,0.0625
role,Summary,1,7,1e-06,128,64,128,64,4,True,9,7.355836056104189,6.788779828009712,7.028157597933326,-0.2393777699236135,-12.295244193243615,-12.635011828441776,0.17399922048247207,1.005771465433263,0.16666666666666666,0.0517416770409879,0.6581288240581523,0.2109375,0.005617222299566849,0.0,0.046875
role,Summary,1,7,0.0001,128,64,128,64,4,True,10,8.269886070039856,5.907069512094428,6.429587550771664,-0.5225180386772363,-10.44531421768441,-11.250585686569956,0.15583882962073378,0.8032781717038149,0.16666666666666666,0.05174167704098788,0.6596487622025546,0.1875,0.019198840092638503,0.015625,0.046875
role,Summary,1,7,0.001,128,64,128,64,4,True,9,9.280395052553109,5.501171097563828,6.226162293515945,-0.7249911959521174,-9.5931497065921,-10.728137838047704,0.1590010128351778,0.6495600389757494,0.16666666666666666,0.0517416770409879,0.6731294707309056,0.234375,0.0014158486742306131,0.0,0.015625
role,Summary,1,8,1e-06,128,64,128,64,4,True,10,7.34295268463411,6.878799657615669,6.891600129123259,-0.012800471507589353,-13.389387311386521,-13.681647336340689,0.18801440592554997,1.8566999058764455,0.16666666666666666,0.08400317596189395,0.156042996437201,0.2109375,0.005617222299566849,0.0,0.078125
role,Summary,1,8,0.0001,128,64,128,64,4,True,10,8.174443738468423,5.944227059310005,6.215370114265906,-0.2711430549559008,-11.104670106564164,-11.863391967515264,0.17115660730547122,1.5729501353101958,0.16666666666666666,0.0840031759618939,0.1556483134428644,0.1875,0.019198840092638503,0.0,0.046875
role,Summary,1,8,0.001,128,64,128,64,4,True,9,9.143136118649917,5.520859260546165,6.013232895129395,-0.49237363458322964,-10.010681085115783,-11.179609440661821,0.17264743103942704,1.3320147243496077,0.16666666666666666,0.08400317596189394,0.15246746757754184,0.19921875,0.010578800812826694,0.0,0.046875
role,Summary,1,9,1e-06,128,64,128,64,4,True,11,6.868089283332608,6.57900335466553,6.730154892107919,-0.15115153744238824,-12.588930846114554,-12.760956435376556,0.19664562100617708,1.5776597923228115,0.16666666666666666,0.08301047174209616,0.4549974140407721,0.19921875,0.010578800812826694,0.03125,0.0625
role,Summary,1,9,0.0001,128,64,128,64,4,True,9,7.754536493758325,5.832307606239528,6.2901658527121205,-0.4578582464725911,-10.691198692371174,-11.365268581694409,0.17780338149589267,1.3133238335021373,0.16666666666666666,0.08301047174209619,0.4562242757697786,0.1640625,0.05663933837583668,0.03125,0.046875
role,Summary,1,9,0.001,128,64,128,64,4,True,9,8.745571397368545,5.4789433330716175,6.170029479773798,-0.6910861467021803,-9.768692719016638,-10.882923594931848,0.16674034462547618,1.1059328514324631,0.16666666666666666,0.0830104717420962,0.4673293748685013,0.30078125,1.2432095028578863e-05,0.015625,0.03125
role,Summary,1,10,1e-06,128,64,128,64,4,True,9,8.501450144357687,8.226868864710298,8.46640296270641,-0.23953409799611208,-15.182058877159932,-15.469882819277752,0.21133904301609902,2.640458692431376,0.3333333333333333,0.12709199950712124,0.5149567359495469,0.23046875,0.0018001303191352847,0.0,0.03125
role,Summary,1,10,0.0001,128,64,128,64,4,True,9,9.541303591748882,6.9086108924563465,7.336064419869251,-0.42745352741290404,-12.28737710308546,-12.862446923944878,0.19521763006685444,2.263118805642735,0.3333333333333333,0.1270919995071212,0.5138715040289461,0.2265625,0.00227913696307247,0.015625,0.0625
role,Summary,1,10,0.001,128,64,128,64,4,True,9,10.86514503039737,6.304610271290047,6.864029237661503,-0.5594189663714557,-10.942526493655519,-11.73346882605516,0.19235001025730425,1.922201935796089,0.3333333333333333,0.1270919995071213,0.5042494476925147,0.2578125,0.0003067517614871289,0.0,0.03125
role,Summary,1,11,1e-06,128,64,128,64,4,True,9,7.75261032958366,6.427915373262359,6.505572639471571,-0.07765726620921075,-10.932848059327194,-10.787070507286344,0.20686677622395858,1.6789635950324173,0.16666666666666666,0.07602777005015939,0.6046697084319078,0.19921875,0.010578800812826694,0.015625,0.046875
role,Summary,1,11,0.0001,128,64,128,64,4,True,10,8.74844917165336,5.75529565298236,6.0533784463456675,-0.29808279336330745,-9.841130320153843,-10.114553909748581,0.1901103937424691,1.4119949298182077,0.16666666666666666,0.0760277700501594,0.6061533388150108,0.21875,0.003607945823685288,0.015625,0.046875
role,Summary,1,11,0.001,128,64,128,64,4,True,10,9.764778792076399,5.444501504293562,5.923507194432282,-0.4790056901387203,-9.314077244775287,-9.94520037883883,0.19286797758609828,1.2190497604548387,0.16666666666666666,0.07602777005015937,0.6194012709435541,0.33984375,4.236375616234695e-07,0.03125,0.046875
role,Summary,1,12,1e-06,128,64,128,64,4,True,9,9.129479586002272,4.286035545827962,4.220357498355654,0.06567804747230721,-7.2065192195286345,-6.7055666212645,0.201840982346063,0.8038713787275809,0.16666666666666666,0.0015040489559509213,0.721470808622784,0.3828125,6.043306993887829e-09,0.03125,0.03125
role,Summary,1,12,0.0001,128,64,128,64,4,True,8,9.842838389647829,4.254096304774508,4.4951975651203595,-0.24110126034585036,-7.1662410032420105,-7.2360858718547,0.2046812376386769,0.7818486953393541,0.16666666666666666,0.001504048955950912,0.7212108236413184,0.5,2.5483098363448337e-15,0.03125,0.03125
role,Summary,1,12,0.001,128,64,128,64,4,True,8,10.41116768546689,4.23803111093257,4.684330916225642,-0.44629980529307156,-7.151584041580573,-7.590771305293218,0.20559247791447666,0.7692613842410229,0.16666666666666666,0.001504048955950915,0.7188819490266869,0.5,2.5483098363448337e-15,0.03125,0.03125
role,Summary,1,13,1e-06,128,64,128,64,4,True,9,11.831151944641206,8.161500919170829,8.422984853719075,-0.2614839345482458,-17.686734820926596,-18.672592266589543,0.12547510553326818,0.9220067199742686,0.3333333333333333,0.09423219195555405,0.7784994443774393,0.23046875,0.0018001303191352847,0.046875,0.109375
role,Summary,1,13,0.0001,128,64,128,64,4,True,9,13.27149037436836,6.987000609098193,7.482489252862086,-0.4954886437638923,-14.213617802894333,-15.609441049097871,0.11359519130310217,0.7962747736374686,0.3333333333333333,0.094232191955554,0.7773280416530876,0.1875,0.019198840092638503,0.03125,0.046875
role,Summary,1,13,0.001,128,64,128,64,4,True,10,15.123981511616071,6.452146154773841,7.112889576958527,-0.6607434221846873,-12.60343623203545,-14.233541928088917,0.10333330638872971,0.6919956496686189,0.3333333333333333,0.09423219195555403,0.7668634866221181,0.09765625,0.5423258152669314,0.046875,0.0625
role,Summary,1,14,1e-06,128,64,128,64,4,True,10,6.61011064547289,7.017113751034849,7.470561954484923,-0.45344820345007425,-13.181095081385221,-13.784708041469449,0.1946984291219372,0.9164477055898258,0.16666666666666666,0.020621588328289225,0.6747235223025365,0.1875,0.019198840092638503,0.046875,0.078125
role,Summary,1,14,0.0001,128,64,128,64,4,True,9,7.383738378938062,5.914166269362906,6.574969618317354,-0.6608033489544489,-10.909416879373332,-11.894318781872583,0.17536797128814996,0.8458161754397955,0.16666666666666666,0.020621588328289194,0.6741963788358335,0.1953125,0.012956778323651608,0.046875,0.078125
role,Summary,1,14,0.001,128,64,128,64,4,True,9,8.267806240054831,5.387508017149205,6.205962159039874,-0.8184541418906692,-9.850920937702469,-11.133751735380887,0.1606155448394867,0.7998274555892225,0.16666666666666666,0.020621588328289208,0.6696153808878539,0.2734375,0.0001016040876090975,0.046875,0.078125
role,Summary,1,15,1e-06,128,64,128,64,4,True,9,6.481003549036382,6.46080721405463,6.902180631498003,-0.4413734174433728,-12.762619324889181,-13.54909374443009,0.16253130885092137,0.8060133569781895,0.16666666666666666,0.09363511555197707,0.9447342437870966,0.21875,0.003607945823685288,0.0625,0.140625
role,Summary,1,15,0.0001,128,64,128,64,4,True,9,7.247072002690677,5.495663087310566,6.2156409361353635,-0.7199778488247962,-10.549625376688962,-11.77931523895414,0.14303480099810462,0.744853467517104,0.16666666666666666,0.09363511555197705,0.9441930802982171,0.1796875,0.027986795978923062,0.046875,0.0625
role,Summary,1,15,0.001,128,64,128,64,4,True,10,8.151228077073252,5.043666214756064,5.97269984825976,-0.9290336335036964,-9.491243287480227,-11.049650970167363,0.12881862214550782,0.7025640591517234,0.16666666666666666,0.09363511555197704,0.9393372765695018,0.18359375,0.023227356034390412,0.046875,0.0625
role,Summary,1,16,1e-06,128,64,128,64,4,True,9,6.115710170679641,7.309138073683124,7.734098455922492,-0.42496038223936894,-14.301082589922903,-15.260476794059361,0.13430395448414734,0.8671929020950665,0.16666666666666666,0.036030223426177524,0.5215342245687988,0.29296875,2.3160071467459306e-05,0.046875,0.078125
role,Summary,1,16,0.0001,128,64,128,64,4,True,8,6.885947666432717,6.089295185904051,6.717600470652542,-0.6283052847484909,-11.483797911283386,-12.806170516805253,0.11401515307918497,0.7139351718368271,0.16666666666666666,0.03603022342617752,0.5207803874433393,0.17578125,0.03358447800131659,0.015625,0.078125
role,Summary,1,16,0.001,128,64,128,64,4,True,9,7.879797367903066,5.486833768714397,6.241605041414438,-0.7547712727000422,-10.089833142170544,-11.660963345251819,0.09884514976668039,0.5875661077567946,0.16666666666666666,0.036030223426177524,0.5140276549960071,0.1875,0.019198840092638503,0.015625,0.0625
role,Summary,1,17,1e-06,128,64,128,64,4,True,9,8.839636374594255,8.024099811197523,8.389721833239005,-0.36562202204148153,-16.090748247355876,-17.27276701717314,0.08241177740792693,0.8262245075760444,0.3333333333333333,0.09124565556972972,0.4795277525977155,0.25390625,0.00040003832561633833,0.03125,0.0625
role,Summary,1,17,0.0001,128,64,128,64,4,True,9,9.94401191677067,6.697539272213259,7.262252748965601,-0.5647134767523425,-12.932626910435859,-14.50145072058967,0.06685178747465005,0.6601774443619889,0.3333333333333333,0.09124565556972974,0.4785195928377908,0.23828125,0.0011089305334915922,0.03125,0.078125
role,Summary,1,17,0.001,128,64,128,64,4,True,9,11.399933693351809,6.077213832407821,6.764786183830042,-0.6875723514222214,-11.444637029880383,-13.240121019585471,0.05439451370961235,0.5202805818489613,0.3333333333333333,0.09124565556972972,0.46953884171052623,0.1796875,0.027986795978923062,0.03125,0.078125
role,Summary,1,18,1e-06,128,64,128,64,4,True,9,12.610042067012618,10.37436596544867,11.04539656067374,-0.6710305952250695,-19.717312033030804,-20.799425508911742,0.0565660457428498,0.2800547410469547,0.3333333333333333,0.025457242516044042,0.7480465688258949,0.328125,1.2243111912391923e-06,0.015625,0.03125
role,Summary,1,18,0.0001,128,64,128,64,4,True,9,14.162598361482534,8.28119232321172,9.130821750173816,-0.8496294269620965,-15.622595420542783,-16.991894617892484,0.04570502743703732,0.3479913693336706,0.3333333333333333,0.025457242516044035,0.7516847153169808,0.19921875,0.010578800812826694,0.0,0.0625
role,Summary,1,18,0.001,128,64,128,64,4,True,10,16.352480715023987,7.246268378527727,8.289898782310102,-1.0436304037823758,-13.656413898428841,-15.293241820525626,0.04278942532462749,0.4263612146781122,0.3333333333333333,0.025457242516044032,0.7828520248556541,0.16796875,0.04777692689196056,0.03125,0.0625
role,Summary,1,19,1e-06,128,64,128,64,4,True,9,12.487621868718122,8.652811850608106,9.143787848364964,-0.49097599775685713,-18.49933353011384,-19.693976696777383,0.03366739935307328,0.6018992309105776,0.5,0.1359651022031966,0.654486006705394,0.21484375,0.004511200379084146,0.0625,0.109375
role,Summary,1,19,0.0001,128,64,128,64,4,True,10,14.128458583753032,7.314178787474743,8.035174131073209,-0.7209953435984664,-15.193664977939259,-16.808255165641015,0.022211977022068227,0.6191586037659782,0.5,0.13596510220319663,0.6534590098464471,0.15234375,0.09210539114109273,0.078125,0.09375
role,Summary,1,19,0.001,128,64,128,64,4,True,11,16.408486300349598,6.65956675950844,7.578350013325782,-0.9187832538173419,-13.55903051249908,-15.53460707047737,0.013427657129718197,0.6429138768938201,0.5,0.13596510220319658,0.6444357387295271,0.1796875,0.027986795978923062,0.0625,0.09375
role,Summary,1,20,1e-06,128,64,128,64,4,True,9,10.209789414215733,7.999225033704425,8.336244142644937,-0.3370191089405108,-17.451346042076608,-18.43320792144371,0.09397114294565914,0.6556754425348438,0.5,0.14659369946274506,0.5920140942867808,0.234375,0.0014158486742306131,0.125,0.1875
role,Summary,1,20,0.0001,128,64,128,64,4,True,8,11.533101896161002,6.7511163253619095,7.327318683415788,-0.5762023580538789,-14.001097365669324,-15.44455294329848,0.08059828694052704,0.5797104491980827,0.5,0.14659369946274506,0.5911958651425896,0.1796875,0.027986795978923062,0.078125,0.140625
role,Summary,1,20,0.001,128,64,128,64,4,True,10,13.309478161499046,6.1806256484740505,6.929819608290523,-0.7491939598164721,-12.361093301456457,-14.099597162588424,0.069684518867173,0.5352647838699731,0.5,0.14659369946274511,0.583943612219783,0.15625,0.07864119650365797,0.125,0.1875
role,Summary,1,21,1e-06,128,64,128,64,4,True,9,6.543468058246785,7.569982567740995,8.127545875345643,-0.5575633076046477,-16.809286919982174,-17.97083892782595,0.12268971011260942,0.9088721132969152,0.3333333333333333,0.15297190957582557,0.890169605793618,0.25390625,0.00040003832561633833,0.03125,0.15625
role,Summary,1,21,0.0001,128,64,128,64,4,True,8,7.423835546358635,6.22226701542178,7.090848528033138,-0.868581512611359,-13.186870620127618,-14.862294193302732,0.10579200805776565,0.8193714809109515,0.3333333333333333,0.15297190957582557,0.8896013087614254,0.1953125,0.012956778323651608,0.0625,0.125
role,Summary,1,21,0.001,128,64,128,64,4,True,10,8.635177677404576,5.5793930462835855,6.672477001951716,-1.0930839556681309,-11.321087064371728,-13.417738578423002,0.09332105850058572,0.754176535582051,0.3333333333333333,0.15297190957582565,0.8845177989669476,0.19921875,0.010578800812826694,0.015625,0.125
role,Summary,1,22,1e-06,128,64,128,64,4,True,9,14.420204327755332,9.274272565494122,9.332652013383438,-0.05837944788931537,-19.610565042683447,-20.435719978467613,0.06140147491696496,0.6613761874941507,0.5,0.14415444784400427,0.35148344000668347,0.234375,0.0014158486742306131,0.046875,0.09375
role,Summary,1,22,0.0001,128,64,128,64,4,True,8,16.369858666100676,7.78098448673437,8.013611175199607,-0.2326266884652367,-15.736330893074129,-16.898550440809167,0.05114414685260897,0.5113442923945251,0.5,0.14415444784400439,0.3500841938463938,0.17578125,0.03358447800131659,0.03125,0.0625
role,Summary,1,22,0.001,128,64,128,64,4,True,10,19.362153526895103,7.101807231310355,7.461422658798105,-0.3596154274877503,-13.870475091790755,-15.30205060221823,0.042874621036109895,0.38743965218756854,0.5,0.14415444784400433,0.33783889124301864,0.1484375,0.10744010259456793,0.03125,0.0625
role,Summary,1,23,1e-06,128,64,128,64,4,True,10,14.304574318059775,8.853097111715604,9.463765539356807,-0.610668427641203,-17.768479104638022,-18.31316616692822,0.07493602311906619,0.8055570201008954,0.3333333333333333,0.06130516493513621,1.0073007426719474,0.30859375,6.556227414924601e-06,0.078125,0.09375
role,Summary,1,23,0.0001,128,64,128,64,4,True,9,16.36348510584446,7.331451590831252,8.14510771637027,-0.8136561255390174,-14.861304913544075,-15.821537427547165,0.06360790289233262,0.7782672218744779,0.3333333333333333,0.06130516493513618,1.009510272601449,0.234375,0.0014158486742306131,0.078125,0.078125
role,Summary,1,23,0.001,128,64,128,64,4,True,9,19.178749044988358,6.622129655427237,7.593941098246042,-0.9718114428188047,-13.492328951498502,-14.798359918805321,0.05459841087891709,0.7684011522250543,0.3333333333333333,0.061305164935136186,1.0287721572026418,0.17578125,0.03358447800131659,0.078125,0.09375
role,Summary,1,24,1e-06,128,64,128,64,4,True,10,18.36957178493368,10.034671561904863,10.196858442996238,-0.1621868810913733,-22.200171218658742,-22.835240759157735,0.045439038119196015,0.6201389212567558,0.16666666666666666,0.08485099993625399,0.18842617914791718,0.2265625,0.00227913696307247,0.03125,0.140625
role,Summary,1,24,0.0001,128,64,128,64,4,True,9,20.993016457482376,8.339777114876473,8.6481520115209,-0.3083748966444282,-17.76081941588134,-18.70416242077345,0.037352260862917916,0.46003195113906914,0.16666666666666666,0.084850999936254,0.18691979891790408,0.1640625,0.05663933837583668,0.03125,0.09375
role,Summary,1,24,0.001,128,64,128,64,4,True,8,25.308218334999268,7.5596047584106465,8.0215663035971,-0.46196154518645516,-15.576854072350116,-16.860969290158884,0.03085496954754036,0.3344527212578442,0.16666666666666666,0.08485099993625399,0.17403103580474638,0.109375,0.399427328397012,0.03125,0.109375
role,Summary,1,25,1e-06,128,64,128,64,4,True,9,11.841643367615905,9.685493627255052,10.311548849531281,-0.6260552222762295,-21.53920968689316,-22.724357943318537,0.07013675357369291,0.843496482816446,0.16666666666666666,0.016621132420560746,0.695271687176232,0.22265625,0.002873564350914015,0.015625,0.171875
role,Summary,1,25,0.0001,128,64,128,64,4,True,8,13.564936721113307,8.001581866456235,8.836410268990246,-0.8348284025340126,-17.15600262783863,-18.71925282869941,0.057917106400182716,0.8010830406135284,0.16666666666666666,0.01662113242056075,0.6938525381407924,0.19140625,0.015804300999892495,0.03125,0.140625
role,Summary,1,25,0.001,128,64,128,64,4,True,9,16.234326968485274,7.146646528127524,8.168490639493987,-1.0218441113664627,-14.857505470452438,-16.797778952808684,0.04809957221500525,0.7809102383985251,0.16666666666666666,0.01662113242056076,0.6816518678954627,0.18359375,0.023227356034390412,0.125,0.15625
role,Summary,1,26,1e-06,128,64,128,64,4,True,9,8.427921158149614,6.842168889652909,7.1896755919986415,-0.3475067023457333,-16.713836105194556,-17.920279545928025,0.09520793473982395,0.7767228910561328,0.5,0.141512581060564,1.1840769429878024,0.234375,0.0014158486742306131,0.109375,0.140625
role,Summary,1,26,0.0001,128,64,128,64,4,True,9,9.506777263016353,6.044842126076029,6.678836852833994,-0.6339947267579662,-13.543983938686262,-15.206321117196211,0.08011996064463982,0.714780746734937,0.5,0.14151258106056402,1.1836739056784336,0.16015625,0.06687465009718918,0.078125,0.140625
role,Summary,1,26,0.001,128,64,128,64,4,True,10,11.027903997156024,5.64804638380936,6.492104378043781,-0.8440579942344208,-11.917645404868523,-13.931962332804115,0.06927771062269032,0.6730686157372838,0.5,0.14151258106056402,1.1800643095264782,0.15234375,0.09210539114109273,0.109375,0.1875
role,Summary,1,27,1e-06,128,64,128,64,4,True,9,14.358752690194788,7.0950936334404044,7.24310767068487,-0.1480140372444642,-18.59061107106576,-19.112075400907386,0.07248218023071473,0.7247890571260965,0.16666666666666666,0.15792137856586774,0.7131829654883886,0.328125,1.2243111912391923e-06,0.078125,0.21875
role,Summary,1,27,0.0001,128,64,128,64,4,True,9,16.426155643068924,6.20303083338183,6.579878381812797,-0.37684754843096757,-15.250277142314657,-16.170019801414703,0.06413632246576051,0.7102917827929953,0.16666666666666666,0.15792137856586774,0.7124210293598565,0.16796875,0.04777692689196056,0.125,0.140625
role,Summary,1,27,0.001,128,64,128,64,4,True,8,19.516509752708963,5.823726703393044,6.3882917540452775,-0.5645650506522338,-13.645494057162777,-14.91866326281293,0.05517818001952915,0.7110363745902543,0.16666666666666666,0.15792137856586774,0.7056184161456597,0.13671875,0.16644263975671725,0.078125,0.125
role,Summary,1,28,1e-06,128,64,128,64,4,True,8,7.5102391502900545,4.041851068142572,4.156205901104435,-0.11435483296186469,-10.226612158556563,-10.110597510924357,0.1313388605862202,0.6496217399501458,0.3333333333333333,0.11645728140684551,0.80770567872499,0.2421875,0.0008648914279818509,0.09375,0.1875
role,Summary,1,28,0.0001,128,64,128,64,4,True,8,8.432217300816559,3.841955280507494,4.198628843514653,-0.3566735630071589,-9.128602634514571,-9.42836316642553,0.11673093162171265,0.6341441414287061,0.3333333333333333,0.11645728140684547,0.8075988222203826,0.21484375,0.004511200379084146,0.0625,0.1875
role,Summary,1,28,0.001,128,64,128,64,4,True,9,9.402878900627243,3.764491362077058,4.290933478378001,-0.5264421163009431,-8.64073404026028,-9.277146591862266,0.10517464913327312,0.6331779890001391,0.3333333333333333,0.11645728140684554,0.8066412731331734,0.16796875,0.04777692689196056,0.0625,0.171875
role,Summary,1,29,1e-06,128,64,128,64,4,True,10,7.15618039447211,5.727660069834051,5.877736782255853,-0.15007671242180173,-16.746276669640245,-17.857833306178506,0.08717185845722185,0.6193478773182644,0.3333333333333333,0.07015726188428531,0.6661689076284949,0.2890625,3.140284539993621e-05,0.09375,0.15625
role,Summary,1,29,0.0001,128,64,128,64,4,True,10,8.004025683096526,5.184907385450476,5.5238958072109625,-0.33898842176048716,-13.38820612810327,-14.755126355993088,0.07406010418311348,0.6014516961322753,0.3333333333333333,0.07015726188428528,0.665767520432293,0.16796875,0.04777692689196056,0.09375,0.109375
role,Summary,1,29,0.001,128,64,128,64,4,True,9,9.111985438703845,4.930252287842724,5.423842305598759,-0.49359001775603495,-11.748502259388475,-13.32987425938604,0.06150860097059328,0.5993079502733645,0.3333333333333333,0.07015726188428528,0.6621764852068894,0.12890625,0.218340635909257,0.078125,0.109375
role,Summary,1,30,1e-06,128,64,128,64,4,True,9,5.3788616826028655,5.228893338367299,5.751010880863117,-0.5221175424958184,-11.925856865803913,-12.730459121200376,0.1370706791770216,0.7348370135515184,0.3333333333333333,0.051255461674256445,0.9683838264225546,0.26953125,0.00013479820036590921,0.09375,0.125
role,Summary,1,30,0.0001,128,64,128,64,4,True,8,6.010398961183563,4.328589911528035,5.032076630259361,-0.7034867187313245,-9.696859490639216,-10.823724993449279,0.11765120102169219,0.6994530678354275,0.3333333333333333,0.05125546167425641,0.968166564455012,0.22265625,0.002873564350914015,0.109375,0.125
role,Summary,1,30,0.001,128,64,128,64,4,True,8,6.8049751816978254,3.9161529406162066,4.72831006141007,-0.8121571207938636,-8.61474790090682,-9.936554338234794,0.09884726333136132,0.6779844443891259,0.3333333333333333,0.051255461674256445,0.9662137050948079,0.1953125,0.012956778323651608,0.09375,0.109375
role,Summary,1,31,1e-06,128,64,128,64,4,True,8,2.368238539495715,4.581880611553295,4.630500402425762,-0.0486197908724659,-10.746652657368141,-11.361205779285255,0.27117327453040974,0.7622497289827649,0.3333333333333333,0.05722125848639947,0.8358988926679355,0.2578125,0.0003067517614871289,0.015625,0.0625
role,Summary,1,31,0.0001,128,64,128,64,4,True,9,3.058192261257293,3.814704886339937,4.270480848804755,-0.45577596246481844,-8.62144927532734,-10.102454759790932,0.2110533398909501,0.6556220270549385,0.3333333333333333,0.05722125848639948,0.8358110749792774,0.2578125,0.0003067517614871289,0.015625,0.09375
role,Summary,1,31,0.001,128,64,128,64,4,True,8,3.754862987303456,3.501608443539209,4.253769486978192,-0.7521610434389833,-7.630287445641137,-9.700951477210644,0.18908288469720524,0.6255204554572986,0.3333333333333333,0.057221258486399446,0.8350287823566469,0.12109375,0.2816804055198501,0.03125,0.046875
role,Summary,2,0,1e-06,256,128,128,128,4,True,9,2.2381005233697686,5.450998025388298,5.666836995842398,-0.21583897045410083,-11.37891125845372,-11.472273040117276,0.26452236271343876,0.644757923865494,0.16666666666666666,0.06810255809776834,0.7103956753577189,0.203125,4.163077668109129e-05,0.03125,0.0859375
role,Summary,2,0,0.0001,256,128,128,128,4,True,8,2.6994404181166107,4.207003864382546,4.880637907017867,-0.6736340426353216,-8.738907088687437,-9.735699809833534,0.2166712373123112,0.538859349813254,0.16666666666666666,0.06810255809776834,0.7114373554000698,0.12890625,0.025849477725005232,0.046875,0.0703125
role,Summary,2,0,0.001,256,128,128,128,4,True,9,3.1362340319371245,3.5716567700023543,4.4563288226334965,-0.8846720526311419,-7.346505406980823,-8.815457759449991,0.1890744399773227,0.48864794431149355,0.16666666666666666,0.06810255809776841,0.7207513354625591,0.109375,0.0866920605943059,0.0546875,0.078125
role,Summary,2,1,1e-06,256,128,128,128,4,True,9,6.584018511285834,5.963509248165708,6.358541963623954,-0.39503271545824603,-12.069881026045817,-12.853311104401879,0.1312113318350333,0.5419956009616214,0.16666666666666666,0.017553021300004704,0.918070787126206,0.1484375,0.006313488560237168,0.0078125,0.0546875
role,Summary,2,1,0.0001,256,128,128,128,4,True,10,7.685453881437538,5.3507553174255555,5.8578097242908225,-0.5070544068652669,-10.84930115022876,-11.910824986741883,0.10147686737613454,0.4465857791699193,0.16666666666666666,0.017553021300004714,0.9203252234889455,0.05859375,0.749163576838006,0.0078125,0.0546875
role,Summary,2,1,0.001,256,128,128,128,4,True,9,8.927532876022855,5.037041775834425,5.660542298986135,-0.6235005231517096,-10.21935141609392,-11.563506895426263,0.0803649172772479,0.42011137759203615,0.16666666666666666,0.01755302130000471,0.9400448303581447,0.1328125,0.019813663257872594,0.015625,0.03125
role,Summary,2,2,1e-06,256,128,128,128,4,True,10,12.202159755878672,11.20893495015415,11.907082076694786,-0.6981471265406373,-23.15791085558173,-24.621704087907396,0.042296242642494195,0.3960692973513548,0.3333333333333333,0.013516405960511286,1.2187542562625289,0.21875,7.381061347748238e-06,0.015625,0.0546875
role,Summary,2,2,0.0001,256,128,128,128,4,True,11,14.316629860934768,9.09069248275983,10.015024817223185,-0.9243323344633569,-18.533546808451916,-20.568063029599724,0.0316272721279076,0.46451476654638424,0.3333333333333333,0.013516405960511279,1.224743192953014,0.18359375,0.00030054999002206975,0.015625,0.0546875
role,Summary,2,2,0.001,256,128,128,128,4,True,10,17.400624740643952,7.924111778409717,9.086961956318314,-1.1628501779085982,-15.959933976860782,-18.55830904242851,0.029735128747438982,0.5453036292805042,0.3333333333333333,0.013516405960511284,1.2722738163973883,0.14453125,0.00850482833415378,0.015625,0.046875
role,Summary,2,3,1e-06,256,128,128,128,4,True,11,11.946289251513399,7.6616321112415555,7.795172201140961,-0.13354008989940538,-16.083901502934104,-16.500043778420444,0.058618745588130974,0.25977139813311523,0.3333333333333333,0.05307532141196025,0.39322909099154435,0.21875,7.381061347748238e-06,0.0,0.1015625
role,Summary,2,3,0.0001,256,128,128,128,4,True,10,13.954702513972164,6.629176796104874,6.888835078213801,-0.25965828210892716,-14.151932886804355,-14.896644772820284,0.051438502291551946,0.3465350532589315,0.3333333333333333,0.053075321411960225,0.3951652462205956,0.1640625,0.00176897694134448,0.0,0.0859375
role,Summary,2,3,0.001,256,128,128,128,4,True,9,16.54808989118655,6.1259567106103106,6.539143079868772,-0.4131863692584614,-13.124809927155665,-14.254823920235717,0.047255031121208185,0.437169804265258,0.3333333333333333,0.05307532141196026,0.4122267160320797,0.1484375,0.006313488560237168,0.015625,0.125
role,Summary,2,4,1e-06,256,128,128,128,4,True,9,7.437092728092939,7.587351255559768,7.7924672690259005,-0.20511601346613112,-13.120053562371448,-13.435174578868889,0.12071566284858366,0.602771903413364,0.3333333333333333,0.017117529016745597,0.2633088041136424,0.28515625,1.0509063100940924e-09,0.0,0.015625
role,Summary,2,4,0.0001,256,128,128,128,4,True,9,8.474304389826811,6.292871254100037,6.597967815320116,-0.30509656122007944,-11.283380681727486,-11.895757618773887,0.10101033199518385,0.42804588992141324,0.3333333333333333,0.01711752901674559,0.26440841156231226,0.1640625,0.00176897694134448,0.0,0.0078125
role,Summary,2,4,0.001,256,128,128,128,4,True,10,9.693487163256062,5.690193148847139,6.115997374631715,-0.42580422578457544,-10.38538573671298,-11.298592843397053,0.08676101461281287,0.30960408471713174,0.3333333333333333,0.017117529016745587,0.27429125397118015,0.16015625,0.0024610192473685233,0.0,0.015625
role,Summary,2,5,1e-06,256,128,128,128,4,True,9,7.641532856603992,8.33069001203031,8.821339816006086,-0.4906498039757762,-17.35042169097118,-18.458375265771124,0.11761296003783239,0.5071370658863171,0.3333333333333333,0.0395946147674461,0.7377625878260187,0.23828125,7.038776424263986e-07,0.046875,0.078125
role,Summary,2,5,0.0001,256,128,128,128,4,True,10,8.613355605035377,6.7583077532311755,7.398831478367661,-0.6405237251364859,-13.94410350380913,-15.364826507070884,0.10093048685367158,0.42836153133955535,0.3333333333333333,0.0395946147674461,0.7402730659725525,0.125,0.03345596830001085,0.015625,0.0546875
role,Summary,2,5,0.001,256,128,128,128,4,True,10,9.894981731716927,6.011793556247092,6.796975464184056,-0.7851819079369646,-12.215408686298256,-13.950787609577738,0.08746979631211131,0.39692592969931995,0.3333333333333333,0.03959461476744612,0.7622494404964005,0.10546875,0.1078240411546818,0.015625,0.0703125
role,Summary,2,6,1e-06,256,128,128,128,4,True,11,5.459892145294992,5.467100721036294,5.658660495819067,-0.19155977478277209,-11.387358797450108,-11.852377933127002,0.1907452614145881,1.021132451451852,0.16666666666666666,0.03315119939242272,0.27821161093103325,0.2578125,5.435300936256329e-08,0.0,0.0859375
role,Summary,2,6,0.0001,256,128,128,128,4,True,9,6.266360584591427,4.738053085839864,5.0863081925597875,-0.3482551067199238,-9.561399242850612,-10.330741821710824,0.16444249190385984,0.807101158255406,0.16666666666666666,0.03315119939242269,0.27888666671567236,0.1953125,9.40842686753401e-05,0.0078125,0.078125
role,Summary,2,6,0.001,256,128,128,128,4,True,8,7.218193147025893,4.416228985276955,4.885605584065504,-0.46937659878855,-8.692957326960657,-9.726442056519337,0.14486477019065985,0.6452716098506931,0.16666666666666666,0.03315119939242268,0.2850286300082667,0.11328125,0.0691489899768779,0.0,0.03125
role,Summary,2,7,1e-06,256,128,128,128,4,True,9,6.3487759116533224,5.894717836011008,6.069212544622143,-0.17449470861113542,-10.191301117572971,-10.187447137067906,0.20808902829585543,1.0472024911095346,0.16666666666666666,0.02447803558825903,0.49156697597216087,0.2578125,5.435300936256329e-08,0.0,0.09375
role,Summary,2,7,0.0001,256,128,128,128,4,True,9,7.177863671032629,4.907761456279971,5.235144533431006,-0.32738307715103643,-8.867741243796484,-9.26612888547067,0.1861407301981739,0.8575386086197575,0.16666666666666666,0.02447803558825903,0.4923109127178021,0.171875,0.0008920470081351661,0.015625,0.0625
role,Summary,2,7,0.001,256,128,128,128,4,True,9,8.061842602319734,4.487424171744596,4.922007105099299,-0.43458293335470255,-8.262319712416266,-8.964174960957076,0.1706666809712494,0.7205602408516442,0.16666666666666666,0.024478035588259037,0.4990186456761223,0.12109375,0.04295704754590679,0.0078125,0.0625
role,Summary,2,8,1e-06,256,128,128,128,4,True,10,6.676032275104635,6.551774931695868,6.457367774129601,0.0944071575662669,-13.125057727158083,-13.438207872946645,0.11362055455319948,1.0216079216091056,0.16666666666666666,0.05271241030924135,0.27911736770032974,0.19921875,6.28426475199267e-05,0.0078125,0.140625
role,Summary,2,8,0.0001,256,128,128,128,4,True,10,7.493695223668655,5.414036257406878,5.481869849581988,-0.06783359217510918,-10.68738839342244,-11.342489144264096,0.0941460269540196,0.8249485763431653,0.16666666666666666,0.05271241030924135,0.27863932678810927,0.18359375,0.00030054999002206975,0.0078125,0.09375
role,Summary,2,8,0.001,256,128,128,128,4,True,9,8.47297758875903,4.91020677560263,5.113772154265817,-0.2035653786631867,-9.550494564848924,-10.451179367450841,0.07927243267200103,0.6599076129234438,0.16666666666666666,0.05271241030924135,0.2744227202563048,0.14453125,0.00850482833415378,0.0078125,0.1015625
role,Summary,2,9,1e-06,256,128,128,128,4,True,10,6.539585020890335,6.345715999297719,6.5501858935817,-0.20446989428398113,-12.560408397016266,-12.949540594500604,0.15669058907321534,0.952792451378305,0.16666666666666666,0.0645535649074319,0.44027373813134985,0.1875,0.00020575038655746867,0.015625,0.0625
role,Summary,2,9,0.0001,256,128,128,128,4,True,9,7.367563443305723,5.399399546547809,5.801370511124187,-0.4019709645763784,-10.631294546975454,-11.385519782460545,0.13668590145959472,0.7937626131634979,0.16666666666666666,0.06455356490743187,0.44100838607110565,0.17578125,0.0006257967777605344,0.0,0.0546875
role,Summary,2,9,0.001,256,128,128,128,4,True,9,8.305465982783003,4.965812149743142,5.5038749855998885,-0.5380628358567467,-9.68867453324304,-10.735208028792353,0.12206989957862958,0.6769583634675127,0.16666666666666666,0.06455356490743186,0.4477032807238372,0.12890625,0.025849477725005232,0.03125,0.0703125
role,Summary,2,10,1e-06,256,128,128,128,4,True,9,8.731122353900682,7.392658858345423,7.656801544167726,-0.2641426858223026,-15.501871312429815,-16.17293891290001,0.1408772951183401,0.8940261393539723,0.16666666666666666,0.0634102011771732,0.49952144091015943,0.26171875,3.1743788057539135e-08,0.046875,0.109375
role,Summary,2,10,0.0001,256,128,128,128,4,True,9,9.820588858194604,6.002416198597414,6.4091047077641985,-0.4066885091667854,-12.368607257696482,-13.335714647196967,0.12484061823902412,0.770495512920357,0.16666666666666666,0.06341020117717319,0.49892260606897954,0.1875,0.00020575038655746867,0.0859375,0.1171875
role,Summary,2,10,0.001,256,128,128,128,4,True,9,11.22057064343205,5.391152483153725,5.877339414108224,-0.486186930954499,-10.944258273144866,-12.082246913888898,0.11132780145122764,0.673449187786367,0.16666666666666666,0.06341020117717319,0.4935831379124137,0.14453125,0.00850482833415378,0.09375,0.1171875
role,Summary,2,11,1e-06,256,128,128,128,4,True,10,7.151049213012867,5.129589937173047,5.286051919708926,-0.15646198253588028,-10.287656855307983,-10.626384622807318,0.1565176437240926,0.9592161858038329,0.16666666666666666,0.021536675056195158,0.6958560263546764,0.19921875,6.28426475199267e-05,0.046875,0.0625
role,Summary,2,11,0.0001,256,128,128,128,4,True,10,8.186058083652384,4.626470404947899,4.986456397243831,-0.359985992295932,-9.364122183125627,-10.138573693408496,0.1354001583973793,0.8106133145506431,0.16666666666666666,0.02153667505619518,0.6973011401536745,0.0859375,0.2843716565254909,0.0390625,0.0625
role,Summary,2,11,0.001,256,128,128,128,4,True,10,9.236575672957581,4.4226368072630295,4.929463295772145,-0.5068264885091147,-8.918094567545435,-10.049783503537853,0.12113718180985181,0.7171516583039343,0.16666666666666666,0.021536675056195165,0.7101878850331328,0.12109375,0.04295704754590679,0.03125,0.0625
role,Summary,2,12,1e-06,256,128,128,128,4,True,10,6.476611835392043,3.3320488873499765,3.355773593990003,-0.02372470664002648,-6.706723787766743,-6.454022998669119,0.08957204616288147,0.6552317838117528,0.0,0.0,0.43401008304809374,0.12109375,0.04295704754590679,0.0390625,0.0625
role,Summary,2,12,0.0001,256,128,128,128,4,True,9,7.394975431378278,3.188745754921648,3.4206535173795984,-0.23190776245795097,-6.509324245352365,-6.66651127860835,0.06475598242222812,0.5879226055783211,0.0,0.0,0.43375317468284547,0.12890625,0.025849477725005232,0.0390625,0.046875
role,Summary,2,12,0.001,256,128,128,128,4,True,9,8.195055449743602,3.144665065603801,3.514647392478044,-0.36998232687424315,-6.463636433517863,-6.928851614355078,0.050022301744075015,0.5584015581277204,0.0,0.0,0.4314352396906848,0.1171875,0.05471894473064931,0.0390625,0.0703125
role,Summary,2,13,1e-06,256,128,128,128,4,True,10,8.42326377919681,8.40545899841414,8.92969088353249,-0.5242318851183495,-15.77244512533581,-16.615939651130326,0.14936832918335002,0.8904673523715702,0.16666666666666666,0.059335307908767995,0.6243301881797179,0.3046875,4.827787419674662e-11,0.078125,0.125
role,Summary,2,13,0.0001,256,128,128,128,4,True,9,9.345765845332847,6.589603500162853,7.3193079425873275,-0.7297044424244755,-12.32841927737898,-13.54001008553246,0.1348286363810134,0.7715264332856526,0.16666666666666666,0.05933530790876799,0.6233873736649006,0.34765625,2.4982790013842228e-14,0.0546875,0.0859375
role,Summary,2,13,0.001,256,128,128,128,4,True,9,10.48133023706469,5.7595821692851645,6.613465120445049,-0.8538829511598847,-10.753917141157231,-12.192119475521736,0.12241815765721724,0.6727317306958641,0.16666666666666666,0.05933530790876801,0.6149394451613036,0.2890625,5.776341456120769e-10,0.0078125,0.078125
role,Summary,2,14,1e-06,256,128,128,128,4,True,11,5.2045861583853625,5.258839539770348,5.552178278197919,-0.2933387384275728,-12.315968703338292,-13.314872357810959,0.17887674562669292,1.0180898836086867,0.3333333333333333,0.023294692462638936,0.5713173353813473,0.1953125,9.40842686753401e-05,0.078125,0.078125
role,Summary,2,14,0.0001,256,128,128,128,4,True,10,5.789937704405968,4.468911010204806,4.978957731346594,-0.5100467211417881,-9.780887992645312,-11.150334787296194,0.15609106141910656,0.9269177480868958,0.3333333333333333,0.02329469246263891,0.5714950596596943,0.09375,0.19772455806067113,0.0546875,0.09375
role,Summary,2,14,0.001,256,128,128,128,4,True,10,6.462379895119382,4.125121807200717,4.769555789970633,-0.6444339827699164,-8.624983150745523,-10.236797831798654,0.1382314687425102,0.8611003885579342,0.3333333333333333,0.023294692462638957,0.5731519323357418,0.09375,0.19772455806067113,0.078125,0.1015625
role,Summary,2,15,1e-06,256,128,128,128,4,True,9,4.553125839570463,5.705655255122728,6.299666735417731,-0.5940114802950016,-12.411096644585252,-13.421327001187764,0.1801062537753896,0.8077027278039571,0.16666666666666666,0.07122100466710898,0.7570942214741098,0.20703125,2.7352006658291592e-05,0.0703125,0.171875
role,Summary,2,15,0.0001,256,128,128,128,4,True,8,5.0757022879772276,4.621075548231078,5.397667814414623,-0.7765922661835435,-9.911278152514438,-11.242304591950305,0.1553936318429246,0.7471237346139514,0.16666666666666666,0.07122100466710901,0.7566485017339829,0.16015625,0.0024610192473685233,0.0703125,0.15625
role,Summary,2,15,0.001,256,128,128,128,4,True,9,5.681611512927929,4.110104024066729,5.006663958350442,-0.8965599342837136,-8.705191160902968,-10.260227653105554,0.13656297678305526,0.7085033762174459,0.16666666666666666,0.07122100466710898,0.7526494066875186,0.1640625,0.00176897694134448,0.0546875,0.140625
role,Summary,2,16,1e-06,256,128,128,128,4,True,9,3.7098334422720454,6.097603498692003,6.819275447281581,-0.7216719485895783,-12.888389142021573,-14.269265113579959,0.18910942978180964,0.882367017184503,0.16666666666666666,0.03840676258738406,0.8162164194820445,0.25,1.553142566968138e-07,0.0,0.0625
role,Summary,2,16,0.0001,256,128,128,128,4,True,9,4.172054465815806,4.894596701740028,5.769375419496353,-0.8747787177563258,-10.287392691287419,-11.922444624954352,0.16010006106660715,0.7791974095958475,0.16666666666666666,0.038406762587384076,0.8158363598258681,0.1953125,9.40842686753401e-05,0.0390625,0.1171875
role,Summary,2,16,0.001,256,128,128,128,4,True,9,4.737610704521012,4.316047794363557,5.273360842598068,-0.9573130482345114,-8.910512412493459,-10.747634488920273,0.13879031346250942,0.7054412241343028,0.16666666666666666,0.038406762587384055,0.812424459474368,0.13671875,0.015066349402464208,0.015625,0.0625
role,Summary,2,17,1e-06,256,128,128,128,4,True,9,4.507963556783681,7.585552807529977,8.419134135590003,-0.8335813280600273,-15.762136436906756,-17.595391066647217,0.16219083850511332,0.8764578603976394,0.3333333333333333,0.035358668475980605,0.6312046848393756,0.23828125,7.038776424263986e-07,0.0546875,0.2421875
role,Summary,2,17,0.0001,256,128,128,128,4,True,8,5.02215172741338,5.9369834688228655,6.9348498912989305,-0.9978664224760645,-12.118185197171973,-14.345111901266533,0.13981616351793139,0.770957736286931,0.3333333333333333,0.03535866847598058,0.6306144157240475,0.22265625,4.6910366522335245e-06,0.015625,0.09375
role,Summary,2,17,0.001,256,128,128,128,4,True,9,5.682311408861793,5.114650505875751,6.1964093840371275,-1.081758878161377,-10.239660486355923,-12.736499660172555,0.12232587654759541,0.6900972107171255,0.3333333333333333,0.0353586684759806,0.6253442318701155,0.2109375,1.782257225451088e-05,0.0078125,0.078125
role,Summary,2,18,1e-06,256,128,128,128,4,True,10,9.690800300051253,8.5972671743854,9.263002588733734,-0.6657354143483318,-19.72997826041305,-21.26731399856161,0.09708438981106854,0.4440537948509464,0.16666666666666666,0.04734644572285335,0.7287311956875047,0.19921875,6.28426475199267e-05,0.0703125,0.1484375
role,Summary,2,18,0.0001,256,128,128,128,4,True,8,10.908957068928254,6.858720408856138,7.65410371101304,-0.7953833021569001,-15.442193635404305,-17.208217226767445,0.0901452004446939,0.4693975924456683,0.16666666666666666,0.047346445722853334,0.7309250941394582,0.1171875,0.05471894473064931,0.03125,0.1171875
role,Summary,2,18,0.001,256,128,128,128,4,True,10,12.68396257535272,5.975913038225428,6.90369265634798,-0.9277796181225522,-13.270415949026233,-15.215615056818109,0.08569324132455261,0.5153616694767863,0.16666666666666666,0.047346445722853354,0.7502221632055678,0.1328125,0.019813663257872594,0.0390625,0.1015625
role,Summary,2,19,1e-06,256,128,128,128,4,True,10,12.926855273547572,8.988342584763949,9.809470241184693,-0.8211276564207457,-22.118178369078283,-23.89403673442238,0.06513011225382853,0.7069540378076706,0.3333333333333333,0.054540968117749715,0.6773579768031405,0.1953125,9.40842686753401e-05,0.0625,0.203125
role,Summary,2,19,0.0001,256,128,128,128,4,True,10,14.549733555945672,7.150926087113918,8.116748810848563,-0.965822723734644,-17.328188718910333,-19.445989005439476,0.05387088288251804,0.7179716733278719,0.3333333333333333,0.05454096811774973,0.6760745787849539,0.15625,0.0033962516565197998,0.125,0.1875
role,Summary,2,19,0.001,256,128,128,128,4,True,10,17.031016977826248,6.246663176388188,7.35051499910983,-1.1038518227216416,-14.854720967924493,-17.25141202771975,0.04504431209167687,0.7372511911541711,0.3333333333333333,0.05454096811774971,0.6646764079358212,0.13671875,0.015066349402464208,0.109375,0.1640625
role,Summary,2,20,1e-06,256,128,128,128,4,True,9,5.773389097576654,8.405947801525102,9.290609379358076,-0.8846615778329727,-16.072372310647904,-17.79815433758575,0.1461447827680382,0.8017342755982669,0.16666666666666666,0.03795883898398925,0.7061542515767562,0.30859375,2.538865745522775e-11,0.078125,0.1484375
role,Summary,2,20,0.0001,256,128,128,128,4,True,9,6.453700231979223,6.497924071320915,7.492368548164136,-0.994444476843221,-12.75749811719453,-14.758644835513877,0.12637713119886834,0.7407202246513013,0.16666666666666666,0.03795883898398927,0.7054050871942754,0.2421875,4.289574463648891e-07,0.046875,0.1484375
role,Summary,2,20,0.001,256,128,128,128,4,True,9,7.326736304657243,5.578374847452061,6.63901449783542,-1.060639650383361,-11.057677168084997,-13.255403264433088,0.1108715459541684,0.7021718647917499,0.16666666666666666,0.037958838983989295,0.6987657988292337,0.23046875,1.847888979619762e-06,0.0546875,0.1171875
role,Summary,2,21,1e-06,256,128,128,128,4,True,12,4.021506759102572,7.170011913516012,7.997001116587597,-0.8269892030715852,-15.454256289586315,-17.348303016710197,0.18565993292359703,0.9510570033101928,0.3333333333333333,0.0625945423345462,0.8708213743891287,0.2421875,4.289574463648891e-07,0.0234375,0.1328125
role,Summary,2,21,0.0001,256,128,128,128,4,True,10,4.512852080516781,5.725374261181259,6.748593246502121,-1.0232189853208613,-12.044348812135002,-14.24328162413546,0.16091751640571325,0.8433675163828133,0.3333333333333333,0.0625945423345462,0.8702507431095078,0.2109375,1.782257225451088e-05,0.0078125,0.078125
role,Summary,2,21,0.001,256,128,128,128,4,True,10,5.1683661819808835,5.005918094034822,6.159620391346984,-1.1537022973121607,-10.195433629044862,-12.620195765625603,0.14266498128581423,0.7640290352226655,0.3333333333333333,0.0625945423345462,0.8651530877173784,0.13671875,0.015066349402464208,0.0390625,0.1328125
role,Summary,2,22,1e-06,256,128,128,128,4,True,9,6.777206787552408,7.720598633227081,8.391037649507354,-0.6704390162802703,-16.923002799862438,-18.534131524123076,0.10504564299819717,0.7930629174365845,0.16666666666666666,0.04196886332998145,0.6526289652892836,0.21484375,1.1517275704865574e-05,0.0546875,0.1484375
role,Summary,2,22,0.0001,256,128,128,128,4,True,9,7.593086485996364,6.221297131949228,7.054412467867587,-0.8331153359183571,-13.34527240852837,-15.302707818391518,0.08373776436255578,0.7248576909936275,0.16666666666666666,0.04196886332998143,0.6518845161287545,0.13671875,0.015066349402464208,0.0390625,0.1484375
role,Summary,2,22,0.001,256,128,128,128,4,True,9,8.69249561357204,5.4679188731608255,6.395873236522293,-0.9279543633614674,-11.522007583938183,-13.703705657733895,0.06634171702356259,0.6798466895728429,0.16666666666666666,0.04196886332998144,0.6452625069980488,0.1328125,0.019813663257872594,0.046875,0.15625
role,Summary,2,23,1e-06,256,128,128,128,4,True,9,8.580970112400177,7.77180890321613,8.495307242566284,-0.723498339350155,-18.670036898201992,-20.192519680184553,0.12059706100655997,0.8391837390263648,0.0,0.0,0.7725373897279038,0.1953125,9.40842686753401e-05,0.0859375,0.1171875
role,Summary,2,23,0.0001,256,128,128,128,4,True,9,9.667970192271525,6.4105304407392705,7.300683946664707,-0.8901535059254367,-14.964538730418987,-16.821663841490277,0.10348761653375028,0.8136029460389773,0.0,0.0,0.7713041038000628,0.11328125,0.0691489899768779,0.0546875,0.109375
role,Summary,2,23,0.001,256,128,128,128,4,True,11,11.139333431292133,5.735323324232544,6.756849433673027,-1.0215261094404828,-13.05661797731399,-15.2291744438811,0.08930482540996579,0.8011366503060594,0.0,0.0,0.7604057111082559,0.1484375,0.006313488560237168,0.0859375,0.125
role,Summary,2,24,1e-06,256,128,128,128,4,True,10,10.108923873184885,9.170763255323974,10.061983982230664,-0.8912207269066923,-20.765270742421386,-22.387742118476464,0.09673034876985796,0.8080881777328053,0.16666666666666666,0.06927086606631161,0.8092236169564178,0.28125,1.895287375668482e-09,0.109375,0.1484375
role,Summary,2,24,0.0001,256,128,128,128,4,True,9,11.389120647019938,7.200440417819616,8.214901775243984,-1.0144613574243686,-16.24140931726441,-18.1393562433462,0.08251368595336117,0.7977016097843322,0.16666666666666666,0.06927086606631165,0.808341415022315,0.125,0.03345596830001085,0.1328125,0.1484375
role,Summary,2,24,0.001,256,128,128,128,4,True,10,13.28638855153956,6.176532761191583,7.304720115622935,-1.1281873544313532,-13.934085290436713,-16.08065908064838,0.0703752399982848,0.7965080134755939,0.16666666666666666,0.06927086606631162,0.8004839663423522,0.15234375,0.004649248065287104,0.109375,0.1484375
role,Summary,2,25,1e-06,256,128,128,128,4,True,9,10.095463290870976,9.777523663334376,10.327913503884401,-0.5503898405500257,-21.126972108065658,-22.6524171642348,0.07464120376267414,0.7860428783049141,0.16666666666666666,0.024286099087164364,0.6574718194637851,0.2734375,6.005467433544062e-09,0.0859375,0.15625
role,Summary,2,25,0.0001,256,128,128,128,4,True,8,11.513915078982754,7.96463153754992,8.642983939875872,-0.6783524023259517,-16.85656543878018,-18.6823007001202,0.06022160620303248,0.7448114876236339,0.16666666666666666,0.024286099087164347,0.6597476410014296,0.15625,0.0033962516565197998,0.0390625,0.09375
role,Summary,2,25,0.001,256,128,128,128,4,True,10,13.731179105059189,7.003495329894237,7.845624948700966,-0.8421296188067269,-14.56576643719242,-16.76952451527428,0.04857222860055302,0.7298817243104379,0.16666666666666666,0.024286099087164358,0.6800551442542321,0.16015625,0.0024610192473685233,0.0625,0.09375
role,Summary,2,26,1e-06,256,128,128,128,4,True,8,5.4000927342041845,6.355033506403958,6.985878795578789,-0.6308452891748327,-15.969656744960574,-17.748151350831634,0.13176660041888785,0.7347199738617769,0.16666666666666666,0.09245322237967527,0.9548509643916765,0.21484375,1.1517275704865574e-05,0.0703125,0.2265625
role,Summary,2,26,0.0001,256,128,128,128,4,True,9,6.064130862135994,5.3696646463310005,6.213587473766193,-0.8439228274351935,-12.694863623592227,-14.85541715206822,0.10597286546375936,0.6968505842782502,0.16666666666666666,0.09245322237967521,0.9545279369619902,0.1796875,0.0004354569877453,0.0625,0.1875
role,Summary,2,26,0.001,256,128,128,128,4,True,9,6.962804431057502,4.823903790682884,5.809893316565535,-0.9859895258826518,-10.942330757784628,-13.333573382761767,0.08629839843576766,0.6778368898926066,0.16666666666666666,0.09245322237967524,0.9516345290096014,0.19140625,0.00013970433630997956,0.09375,0.1953125
role,Summary,2,27,1e-06,256,128,128,128,4,True,9,8.711212647711772,7.670515513343286,8.474532368667138,-0.8040168553238526,-19.14093849813272,-21.20385203344959,0.12288703431340912,0.8196681017008588,0.16666666666666666,0.08972073779081678,0.6945927200307276,0.2578125,5.435300936256329e-08,0.109375,0.1953125
role,Summary,2,27,0.0001,256,128,128,128,4,True,10,9.789497903774926,6.306699992097542,7.2745815799987765,-0.9678815879012345,-15.053689499069446,-17.438755065754194,0.10607220898227453,0.798186365888046,0.16666666666666666,0.08972073779081684,0.6940629894870752,0.16796875,0.001261290693128525,0.109375,0.1953125
role,Summary,2,27,0.001,256,128,128,128,4,True,10,11.296695567807902,5.608823060423717,6.724094095571598,-1.1152710351478818,-13.015845035612081,-15.610005504473927,0.09166173727693978,0.7888109553862301,0.16666666666666666,0.08972073779081682,0.6894965461304112,0.1484375,0.006313488560237168,0.109375,0.1953125
role,Summary,2,28,1e-06,256,128,128,128,4,True,8,4.14499834877919,3.29493165526549,3.5618204266191,-0.2668887713536102,-9.456341845821244,-9.99022341041723,0.22579015515397427,0.690551755258813,0.3333333333333333,0.011190875420898102,1.0117094808181588,0.28125,1.895287375668482e-09,0.09375,0.234375
role,Summary,2,28,0.0001,256,128,128,128,4,True,9,4.6305688299814625,3.1365648991742567,3.619053872279155,-0.482488973104898,-8.059847125789961,-8.923624497736578,0.18849055145239216,0.6542805277215659,0.3333333333333333,0.011190875420898099,1.0116325634301326,0.234375,1.1452873919607316e-06,0.0390625,0.203125
role,Summary,2,28,0.001,256,128,128,128,4,True,8,5.137168682302707,3.050774030574384,3.6884031305542977,-0.6376290999799137,-7.39065463565062,-8.517078220534666,0.16228127518551816,0.6388559120231829,0.3333333333333333,0.0111908754208981,1.0109432811509549,0.18359375,0.00030054999002206975,0.046875,0.1640625
role,Summary,2,29,1e-06,256,128,128,128,4,True,8,5.657454913950922,7.33944270664923,7.690857314239053,-0.3514146075898228,-17.12302126249744,-18.4057259159325,0.09560363155874178,0.610157247667344,0.3333333333333333,0.07237442588605203,0.8481693096255302,0.18359375,0.00030054999002206975,0.0546875,0.1484375
role,Summary,2,29,0.0001,256,128,128,128,4,True,8,6.31002924724443,6.210257558284518,6.70305196670194,-0.49279440841742195,-13.634513542164733,-15.184561738341753,0.07666147764109693,0.5899882765539332,0.3333333333333333,0.07237442588605206,0.8476339389833846,0.13671875,0.015066349402464208,0.0546875,0.125
role,Summary,2,29,0.001,256,128,128,128,4,True,9,7.175505556733228,5.580783758574507,6.226732637459163,-0.6459488788846577,-11.79426058985478,-13.554044397791875,0.0628026454752239,0.5867291529789833,0.3333333333333333,0.07237442588605207,0.8428481186051265,0.1328125,0.019813663257872594,0.0625,0.1640625
role,Summary,2,30,1e-06,256,128,128,128,4,True,9,4.109523871029924,4.320435180655779,4.832093093190986,-0.5116579125352068,-10.753364208106102,-11.889060824438328,0.19738608342716504,0.7412513224085829,0.16666666666666666,0.088725806199122,0.8675672764261739,0.3125,1.3232765413914088e-11,0.1171875,0.203125
role,Summary,2,30,0.0001,256,128,128,128,4,True,9,4.610226803891327,3.7089614648421323,4.413805427848564,-0.704843963006432,-8.851850302586907,-10.358964467666814,0.1593879593048635,0.6837789138545858,0.16666666666666666,0.08872580619912199,0.8673774310929437,0.1953125,9.40842686753401e-05,0.09375,0.1796875
role,Summary,2,30,0.001,256,128,128,128,4,True,9,5.185023121075904,3.4063498963079963,4.243535685642675,-0.8371857893346786,-7.903219259092726,-9.65737966292039,0.1314883801434263,0.6498020931045094,0.16666666666666666,0.08872580619912203,0.8656706675285295,0.19140625,0.00013970433630997956,0.09375,0.1796875
role,Summary,2,31,1e-06,256,128,128,128,4,True,8,2.5563177480811614,4.45634007632205,4.44622080593738,0.010119270384670725,-9.070447432382782,-9.164172733450787,0.24851955217905486,0.7015627661417619,0.16666666666666666,0.05924624819678941,0.8774191381423616,0.22265625,4.6910366522335245e-06,0.0078125,0.0390625
role,Summary,2,31,0.0001,256,128,128,128,4,True,8,3.177891920798891,3.703679262540192,4.0974687713613624,-0.3937895088211707,-7.43920619187773,-8.281012253533511,0.17857032826055652,0.6211742453204138,0.16666666666666666,0.059246248196789385,0.8773636538411864,0.09375,0.19772455806067113,0.0078125,0.0546875
role,Summary,2,31,0.001,256,128,128,128,4,True,8,3.761219898221885,3.3703386238336677,4.0452005783813325,-0.6748619545476653,-6.704095583965018,-8.01389519470835,0.16140017782676042,0.5985048406035793,0.16666666666666666,0.0592462481967894,0.8768686122389174,0.0625,0.6756687537446433,0.0625,0.078125
role,Summary,3,0,1e-06,512,256,128,128,4,True,10,2.486236774122708,4.779462911836095,4.997848464224475,-0.21838555238838073,-11.304077091749797,-11.550396159526581,0.4257260200243936,0.6149662396401172,0.16666666666666666,0.06629363788779934,0.878518560309099,0.3046875,4.827787419674662e-11,0.015625,0.15625
role,Summary,3,0,0.0001,512,256,128,128,4,True,10,3.0030762505871236,3.7208747014212475,4.28949895558662,-0.5686242541653717,-8.894567992148534,-10.087194033197424,0.37945789683734776,0.554298412032007,0.16666666666666666,0.06629363788779932,0.8795736095190849,0.1640625,0.00176897694134448,0.0859375,0.1875
role,Summary,3,0,0.001,512,256,128,128,4,True,9,3.5035983315652173,3.1476741697684534,3.895959319730212,-0.7482851499617584,-7.608839151516532,-9.262805890757207,0.35175620352388115,0.535404054075398,0.16666666666666666,0.06629363788779939,0.8889821559162786,0.12109375,0.04295704754590679,0.046875,0.1171875
role,Summary,3,1,1e-06,512,256,128,128,4,True,9,5.597039134383516,6.383222172430247,6.787341774778332,-0.4041196023480853,-11.682748627545056,-12.335889314111423,0.1646831863836063,0.6738799403212932,0.0,0.0,0.6461075896103673,0.17578125,0.0006257967777605344,0.0390625,0.078125
role,Summary,3,1,0.0001,512,256,128,128,4,True,9,6.3999728807756995,5.594715721387287,6.100814608478942,-0.5060988870916543,-10.338418632423243,-11.26197178701177,0.1398400407330596,0.56881020331144,0.0,0.0,0.6480790834714406,0.15234375,0.004649248065287104,0.015625,0.0625
role,Summary,3,1,0.001,512,256,128,128,4,True,9,7.276454105236562,5.187156376672152,5.802063040460277,-0.6149066637881259,-9.653675331739787,-10.818521641742718,0.12272974824642259,0.5173316627911085,0.0,0.0,0.6655083408517497,0.1171875,0.05471894473064931,0.0078125,0.0625
role,Summary,3,2,1e-06,512,256,128,128,4,True,10,10.36624184693575,11.962653179312358,12.524775919117772,-0.5621227398054133,-22.806404470164665,-24.107194737736943,0.07865760018629733,0.22878919911069137,0.5,0.04409704237312715,1.0980905404722332,0.25390625,9.227219252368915e-08,0.0,0.015625
role,Summary,3,2,0.0001,512,256,128,128,4,True,9,11.981332960516744,9.568359174811153,10.339440071210207,-0.7710808963990559,-18.13552749395346,-20.023031296362134,0.07108341763169122,0.21095690571509285,0.5,0.044097042373127164,1.1035954073997607,0.26171875,3.1743788057539135e-08,0.0078125,0.0234375
role,Summary,3,2,0.001,512,256,128,128,4,True,10,14.330285325295279,8.28430118352939,9.30872146882906,-1.0244202852996684,-15.468954750436179,-17.962166610600384,0.07246370938628352,0.29636528721959826,0.5,0.04409704237312716,1.1480433948269566,0.2421875,4.289574463648891e-07,0.015625,0.03125
role,Summary,3,3,1e-06,512,256,128,128,4,True,9,9.835888481489638,7.171179470500413,7.673842798750687,-0.5026633282502745,-13.74436982338744,-14.382319323843106,0.0956920315960375,0.6361790818584963,0.3333333333333333,0.025479411502461417,0.9349330410382672,0.23828125,7.038776424263986e-07,0.0859375,0.125
role,Summary,3,3,0.0001,512,256,128,128,4,True,9,11.385625366720213,6.1712459213592314,6.75842861315514,-0.5871826917959095,-12.166052375764519,-13.106402515648423,0.07544379133025542,0.6158682437086438,0.3333333333333333,0.02547941150246143,0.9370332225201593,0.140625,0.011365189018294308,0.078125,0.1171875
role,Summary,3,3,0.001,512,256,128,128,4,True,9,13.167943592254534,5.686650413339609,6.38790557843814,-0.7012551650985315,-11.4333269281994,-12.628131352191698,0.06031805684410001,0.6203339079953448,0.3333333333333333,0.025479411502461437,0.9554066464846067,0.1328125,0.019813663257872594,0.0703125,0.09375
role,Summary,3,4,1e-06,512,256,128,128,4,True,9,6.662153281520873,5.632345083285612,5.715270700609763,-0.08292561732415181,-12.36864116554709,-12.687592494040661,0.11148782287716036,0.4758184310022947,0.16666666666666666,0.01997880371045807,0.4797888018158687,0.26171875,3.1743788057539135e-08,0.015625,0.078125
role,Summary,3,4,0.0001,512,256,128,128,4,True,9,7.621796804461133,5.058809368390411,5.281051729566558,-0.2222423611761473,-10.666940141994928,-11.247480253135137,0.08930543157536995,0.39546921385404443,0.16666666666666666,0.01997880371045807,0.4809138047051171,0.14453125,0.00850482833415378,0.015625,0.046875
role,Summary,3,4,0.001,512,256,128,128,4,True,7,8.728013016104734,4.795178170128154,5.127451595630118,-0.3322734255019641,-9.852298567864066,-10.69702328642003,0.07341710879838469,0.37441592615195374,0.16666666666666666,0.019978803710458074,0.49094540493660255,0.0625,0.6756687537446433,0.015625,0.046875
role,Summary,3,5,1e-06,512,256,128,128,4,True,9,6.229826396508642,6.40600132028354,6.7737543524022925,-0.36775303211875193,-12.849400501839872,-13.530862883726588,0.16098831610750217,0.502585940998077,0.16666666666666666,0.0216665285761168,0.913100518751411,0.1875,0.00020575038655746867,0.0078125,0.0859375
role,Summary,3,5,0.0001,512,256,128,128,4,True,9,7.108670764687923,5.528521621373502,6.033576644901039,-0.505055023527537,-10.830463269560415,-11.818767520652441,0.1378778063791835,0.42539865553844064,0.16666666666666666,0.021666528576116794,0.9148954084850093,0.15234375,0.004649248065287104,0.0078125,0.0390625
role,Summary,3,5,0.001,512,256,128,128,4,True,9,8.13282591036191,5.095913777946069,5.739498767580828,-0.6435849896347592,-9.87879603103536,-11.140979706204764,0.12015532029132546,0.40140478190319834,0.16666666666666666,0.021666528576116808,0.9306752370043861,0.1015625,0.1330414826108106,0.0078125,0.03125
role,Summary,3,6,1e-06,512,256,128,128,4,True,10,5.492333424622756,4.911318188150807,5.147899775621385,-0.23658158747057792,-8.67891391554003,-8.828660034631655,0.22359829640798007,0.6181307280802645,0.16666666666666666,0.014031453676790871,0.20162802950115455,0.1796875,0.0004354569877453,0.0,0.0234375
role,Summary,3,6,0.0001,512,256,128,128,4,True,9,6.233845359722304,4.398398035729153,4.732736389152039,-0.3343383534228855,-7.908348233524318,-8.346803021683778,0.1975063585423103,0.48238904499411883,0.16666666666666666,0.014031453676790866,0.20141489807422402,0.12109375,0.04295704754590679,0.0078125,0.03125
role,Summary,3,6,0.001,512,256,128,128,4,True,8,6.957351082792723,4.162961996184481,4.575791752430764,-0.4128297562462828,-7.552686903523213,-8.197566534945334,0.1802070277145591,0.404301147331425,0.16666666666666666,0.014031453676790867,0.19958787086689078,0.13671875,0.015066349402464208,0.0,0.03125
role,Summary,3,7,1e-06,512,256,128,128,4,True,12,4.81464255533504,3.974243850591926,4.204309489504244,-0.23006563891231732,-8.241019532660443,-8.807764287846448,0.2399917696072214,0.8085655899489514,0.0,0.0,0.5408847899097318,0.22265625,4.6910366522335245e-06,0.0078125,0.0625
role,Summary,3,7,0.0001,512,256,128,128,4,True,11,5.591946817768621,3.708369195170625,4.102653860963406,-0.39428466579278065,-7.371377638080309,-8.186912056608847,0.20619265817411678,0.6888300018931212,0.0,0.0,0.5417898802578126,0.10546875,0.1078240411546818,0.0078125,0.0546875
role,Summary,3,7,0.001,512,256,128,128,4,True,9,6.392143784014445,3.591872686254919,4.100059846092105,-0.5081871598371859,-7.0185474327793145,-7.958166780048989,0.18223236650248067,0.6239014828180754,0.0,0.0,0.5499085587623251,0.1328125,0.019813663257872594,0.0078125,0.0390625
role,Summary,3,8,1e-06,512,256,128,128,4,True,10,5.738605703947606,5.170749617589262,5.246827268175206,-0.07607765058594335,-11.642613802504401,-11.9589083421141,0.13408512438375217,0.6202633720388245,0.16666666666666666,0.04461360042206569,0.1664464367103841,0.25,1.553142566968138e-07,0.0,0.109375
role,Summary,3,8,0.0001,512,256,128,128,4,True,8,6.443458618898697,4.492442961772387,4.738134602481635,-0.24569164070924807,-9.71283942959743,-10.377861362676256,0.11199811235962706,0.48399285464942043,0.16666666666666666,0.04461360042206569,0.1663639149321237,0.20703125,2.7352006658291592e-05,0.0,0.1171875
role,Summary,3,8,0.001,512,256,128,128,4,True,10,7.226457209198675,4.188409386823924,4.555683305915061,-0.3672739190911378,-8.797176294892193,-9.729882484652364,0.09576705115421641,0.38974203063629226,0.16666666666666666,0.04461360042206569,0.16580908067017477,0.0625,0.6756687537446433,0.0,0.0546875
role,Summary,3,9,1e-06,512,256,128,128,4,True,9,5.660234033971605,4.475363918948061,4.3935404207190185,0.08182349822904321,-9.509111669070176,-9.491677332803228,0.14597321399315802,0.6769854701755191,0.16666666666666666,0.045072698144641286,0.35124761411673644,0.1953125,9.40842686753401e-05,0.0078125,0.1328125
role,Summary,3,9,0.0001,512,256,128,128,4,True,9,6.452782353128419,4.113347741429063,4.172689858088929,-0.059342116659865884,-8.388785320684939,-8.665142525232245,0.12043533206833826,0.5407981873178578,0.16666666666666666,0.04507269814464129,0.35200393370741423,0.06640625,0.6011607778074717,0.015625,0.0703125
role,Summary,3,9,0.001,512,256,128,128,4,True,9,7.283266794329897,3.939921940204197,4.127177472799829,-0.18725553259563238,-7.876251585679263,-8.420480281923455,0.10297908167999487,0.4597832927482314,0.16666666666666666,0.04507269814464131,0.3588291300781808,0.05078125,0.8792297365009843,0.0,0.03125
role,Summary,3,10,1e-06,512,256,128,128,4,True,10,6.2825901786985305,6.47749990846768,6.705795109273263,-0.22829520080558235,-11.920096179908684,-12.360270261295977,0.17684747356629463,0.8205265389794946,0.16666666666666666,0.10438338482818822,0.3643831892538341,0.2734375,6.005467433544062e-09,0.0390625,0.1171875
role,Summary,3,10,0.0001,512,256,128,128,4,True,8,7.086332201261201,5.279491732285037,5.653622435592398,-0.37413070330736065,-9.890638824054275,-10.623900271406473,0.15495568681006103,0.6842865964445876,0.16666666666666666,0.1043833848281882,0.36391571222336894,0.20703125,2.7352006658291592e-05,0.015625,0.0546875
role,Summary,3,10,0.001,512,256,128,128,4,True,9,8.000232938537872,4.754420213772694,5.215812456794044,-0.4613922430213498,-8.96787972081094,-9.890937488905102,0.13805796926946584,0.5860847809452548,0.16666666666666666,0.10438338482818828,0.3597272576307263,0.1484375,0.006313488560237168,0.03125,0.0625
role,Summary,3,11,1e-06,512,256,128,128,4,True,10,5.288597906007196,4.351723799889,4.416737073838152,-0.06501327394915155,-7.798428704862236,-7.984384422127828,0.18206745349882517,0.6921944946479224,0.16666666666666666,0.02402649105386957,0.5720722416910047,0.1171875,0.05471894473064931,0.0,0.0078125
role,Summary,3,11,0.0001,512,256,128,128,4,True,9,6.06234921065092,4.0185744318789,4.240437968671232,-0.22186353679233123,-7.244959554799184,-7.756881381626628,0.15367922202962586,0.5280356555594522,0.16666666666666666,0.024026491053869548,0.5733416965395116,0.14453125,0.00850482833415378,0.0,0.0078125
role,Summary,3,11,0.001,512,256,128,128,4,True,9,6.793221662675231,3.871303688117596,4.223663415514537,-0.3523597273969407,-7.00335132637227,-7.779443160984317,0.13530490511386797,0.4304959326151128,0.16666666666666666,0.02402649105386956,0.5846869712925569,0.2265625,2.9565885080962975e-06,0.0,0.0
role,Summary,3,12,1e-06,512,256,128,128,4,True,7,6.6041904886056075,2.811077666135526,2.6289177426120696,0.1821599235234565,-5.254638673818972,-5.536214209255008,0.11153086602080912,0.48173192903985323,0.0,0.0,0.3570046893036224,0.28515625,1.0509063100940924e-09,0.046875,0.0625
role,Summary,3,12,0.0001,512,256,128,128,4,True,8,6.814018951994525,2.8551151065042895,2.974446833429753,-0.11933172692546387,-5.287746866650043,-5.829250418248849,0.11385142986855872,0.46478000774272477,0.0,0.0,0.356780024457121,0.23046875,1.847888979619762e-06,0.03125,0.0625
role,Summary,3,12,0.001,512,256,128,128,4,True,8,7.018362524665936,2.8801621008926155,3.137708039218136,-0.2575459383255207,-5.294932807736832,-5.952471123567301,0.11507587333648499,0.45128491892471634,0.0,0.0,0.3547517899565266,0.21484375,1.1517275704865574e-05,0.0390625,0.046875
role,Summary,3,13,1e-06,512,256,128,128,4,True,10,6.583067453698538,6.356998146479503,6.471861540074444,-0.11486339359494119,-13.607306634980601,-14.004291498385813,0.15433336546619586,0.7567234388161025,0.16666666666666666,0.048256870440346745,0.20049754479354184,0.26953125,1.0551926983948056e-08,0.03125,0.1171875
role,Summary,3,13,0.0001,512,256,128,128,4,True,8,7.311261598688453,5.262840669321836,5.574501314235093,-0.3116606449132567,-10.814206862860914,-11.551130756599855,0.13629355452035724,0.5941394206095687,0.16666666666666666,0.04825687044034673,0.19968721819640906,0.19140625,0.00013970433630997956,0.0234375,0.046875
role,Summary,3,13,0.001,512,256,128,128,4,True,9,8.158917605697976,4.786177077743103,5.216356361375466,-0.4301792836323634,-9.529801199617305,-10.498170411172008,0.1218147445466369,0.456672411749923,0.16666666666666666,0.04825687044034674,0.19241793818509545,0.08984375,0.23811562865354285,0.0390625,0.0703125
role,Summary,3,14,1e-06,512,256,128,128,4,True,11,4.388951091974422,5.262502132078416,5.347789766798678,-0.08528763472026135,-8.974952360781366,-9.501107020726298,0.16381769692368506,0.9559713590806916,0.16666666666666666,0.04939955597450984,0.3665208396840721,0.2109375,1.782257225451088e-05,0.0,0.046875
role,Summary,3,14,0.0001,512,256,128,128,4,True,10,4.937479687093561,4.487876892222362,4.743276985046974,-0.25540009282461185,-7.629021536443084,-8.542753281567435,0.1346617470465089,0.7719069352708349,0.16666666666666666,0.04939955597450984,0.3668436915713514,0.1875,0.00020575038655746867,0.0,0.046875
role,Summary,3,14,0.001,512,256,128,128,4,True,10,5.499030271009208,4.126801887817276,4.513761438620525,-0.3869595508032487,-7.031181254663675,-8.181670591889937,0.12463427087662955,0.6425206787812269,0.16666666666666666,0.04939955597450986,0.36981171501038207,0.17578125,0.0006257967777605344,0.0,0.0546875
role,Summary,3,15,1e-06,512,256,128,128,4,True,10,4.106803691975703,5.862661007526709,6.200997719413685,-0.3383367118869749,-10.891700104659296,-12.104304343249007,0.17918569717346491,0.7607705411626268,0.16666666666666666,0.08365155691556846,0.3291836597374907,0.25,1.553142566968138e-07,0.015625,0.046875
role,Summary,3,15,0.0001,512,256,128,128,4,True,9,4.628560471205374,4.831085805261523,5.318325483987388,-0.48723967872586466,-8.982999791925367,-10.537118989697685,0.15059252790485456,0.606897501591412,0.16666666666666666,0.08365155691556851,0.3290407742681531,0.1875,0.00020575038655746867,0.015625,0.0625
role,Summary,3,15,0.001,512,256,128,128,4,True,8,5.216304891936343,4.339106288755633,4.968614130382477,-0.6295078416268436,-8.02955407325107,-9.816949232571591,0.13019006993001483,0.4972183276147341,0.16666666666666666,0.0836515569155685,0.327826320957376,0.1796875,0.0004354569877453,0.0,0.046875
role,Summary,3,16,1e-06,512,256,128,128,4,True,9,4.460772683110167,5.786567412388156,6.106107061269441,-0.3195396488812849,-11.63938624028367,-12.710080213980618,0.11761180741239158,0.9544375224971761,0.16666666666666666,0.08199909464661871,0.4707962769128524,0.21875,7.381061347748238e-06,0.015625,0.0703125
role,Summary,3,16,0.0001,512,256,128,128,4,True,9,5.053076885373151,4.793040222234676,5.299148138979148,-0.5061079167444715,-9.45248055470898,-10.75600490341105,0.08911581685854297,0.8043012598920443,0.16666666666666666,0.0819990946466187,0.4703850442893435,0.16015625,0.0024610192473685233,0.0546875,0.0703125
role,Summary,3,16,0.001,512,256,128,128,4,True,8,5.756658593778658,4.331152378991355,4.954958168319665,-0.6238057893283104,-8.397748161523744,-9.818906237266585,0.0679566815075258,0.6901132951661197,0.16666666666666666,0.08199909464661874,0.4666884950887351,0.15234375,0.004649248065287104,0.03125,0.0703125
role,Summary,3,17,1e-06,512,256,128,128,4,True,10,5.7847418667244055,8.018412835197472,8.619682476704869,-0.601269641507397,-13.862347841737353,-15.07890440137825,0.15272601719556655,0.7823822657715035,0.16666666666666666,0.07969489909488316,0.37979996052806125,0.328125,8.924716016110725e-13,0.015625,0.140625
role,Summary,3,17,0.0001,512,256,128,128,4,True,8,6.484778592237257,6.372906173144232,7.101117055039065,-0.7282108818948324,-11.062961582148585,-12.619752200441274,0.13142833518207395,0.6310231093693073,0.16666666666666666,0.0796948990948832,0.37913024133417633,0.2890625,5.776341456120769e-10,0.0078125,0.0625
role,Summary,3,17,0.001,512,256,128,128,4,True,8,7.3604859843370765,5.543659059785819,6.364204349201297,-0.8205452894154779,-9.704423159888497,-11.477914294677078,0.11491697516482839,0.509783854768514,0.16666666666666666,0.07969489909488316,0.37317596604632897,0.2734375,6.005467433544062e-09,0.0078125,0.078125
role,Summary,3,18,1e-06,512,256,128,128,4,True,10,7.893949134837334,9.44417675852149,9.978636032382175,-0.534459273860687,-15.188531652851402,-16.042328160357464,0.11038672348492297,0.3158956875164309,0.16666666666666666,0.04767645729819436,0.44626241948200557,0.3515625,1.1885095331896712e-14,0.03125,0.0546875
role,Summary,3,18,0.0001,512,256,128,128,4,True,9,8.93370165366023,7.415385827332521,8.067779871441012,-0.652394044108491,-12.546945052272445,-13.721052874563993,0.10123875443831647,0.19490473620403953,0.16666666666666666,0.04767645729819432,0.44766358726180994,0.328125,8.924716016110725e-13,0.0234375,0.0546875
role,Summary,3,18,0.001,512,256,128,128,4,True,9,10.241322677476235,6.433681420630766,7.208427239011481,-0.7747458183807155,-11.230974419316617,-12.66435550601009,0.10426418347385163,0.15723251174559158,0.16666666666666666,0.047676457298194336,0.46018812243987395,0.1796875,0.0004354569877453,0.0234375,0.0546875
role,Summary,3,19,1e-06,512,256,128,128,4,True,10,9.93296659326831,10.418785501638919,11.079850703624697,-0.6610652019857803,-19.925678723560384,-21.456882369545276,0.06706408127767463,0.5395798200938102,0.3333333333333333,0.10510028277978428,0.45964672023003306,0.36328125,1.209705534646815e-15,0.0546875,0.140625
role,Summary,3,19,0.0001,512,256,128,128,4,True,10,11.105651861685363,8.079582987242567,8.855649390983007,-0.7760664037404413,-15.501075105914186,-17.31047057974814,0.05452242799731663,0.5009786858862811,0.3333333333333333,0.10510028277978428,0.4587314302245359,0.33984375,1.073542535028726e-13,0.046875,0.1171875
role,Summary,3,19,0.001,512,256,128,128,4,True,10,12.786499805997828,6.952707823766318,7.825061349337087,-0.8723535255707693,-13.334876007776375,-15.341334237302675,0.04404552351950833,0.4905776929017869,0.3333333333333333,0.10510028277978425,0.4507499970361456,0.25,1.553142566968138e-07,0.0546875,0.1015625
role,Summary,3,20,1e-06,512,256,128,128,4,True,10,9.499956833850902,10.44101641832188,11.223988436121848,-0.7829720177999692,-20.302720855545502,-21.70257680401982,0.1149953689082547,0.6672966759612875,0.3333333333333333,0.09119082574230525,0.6134978025655099,0.37109375,2.5154011173646954e-16,0.0546875,0.109375
role,Summary,3,20,0.0001,512,256,128,128,4,True,9,10.56993241510212,8.08782545942611,8.9970565085058,-0.9092310490796885,-15.535423918672421,-17.192691758368944,0.10239991101499239,0.6132339830105334,0.3333333333333333,0.09119082574230519,0.612293124307931,0.30859375,2.538865745522775e-11,0.0546875,0.109375
role,Summary,3,20,0.001,512,256,128,128,4,True,10,12.080615413308438,6.929545270645063,7.951491567155964,-1.0219462965109016,-13.223464292638173,-15.117098020485425,0.09135328655882799,0.5797933964567856,0.3333333333333333,0.09119082574230522,0.601710143237364,0.26953125,1.0551926983948056e-08,0.0546875,0.1015625
role,Summary,3,21,1e-06,512,256,128,128,4,True,9,5.090428432271185,8.509911764050141,9.023541923936031,-0.5136301598858897,-17.892996206276216,-19.710976319478018,0.18469007250066508,1.3811371106768529,0.16666666666666666,0.11393868417763019,0.541447132058279,0.2578125,5.435300936256329e-08,0.0078125,0.0703125
role,Summary,3,21,0.0001,512,256,128,128,4,True,10,5.677829680127847,6.8033836347799514,7.483585919033093,-0.6802022842531414,-13.657639160371282,-15.824969995114232,0.1654569362700205,1.1716885588332189,0.16666666666666666,0.1139386841776301,0.5407700258043734,0.17578125,0.0006257967777605344,0.0078125,0.0625
role,Summary,3,21,0.001,512,256,128,128,4,True,10,6.500268345686909,5.965972609430191,6.796613908923559,-0.830641299493369,-11.414954914543472,-13.872672767179973,0.15084005584496551,0.9726062627365839,0.16666666666666666,0.11393868417763015,0.5347366882418808,0.125,0.03345596830001085,0.0234375,0.0625
role,Summary,3,22,1e-06,512,256,128,128,4,True,10,9.439003723836052,10.596043567265724,11.438928024272972,-0.8428844570072458,-18.582324529371252,-19.60804986325789,0.13500374894674577,0.7828487278324477,0.3333333333333333,0.12599500885001264,0.7608662522549633,0.37890625,5.0342822933606634e-17,0.0625,0.15625
role,Summary,3,22,0.0001,512,256,128,128,4,True,10,10.584807102633638,8.15699747155439,9.105752773151703,-0.9487553015973136,-14.5085283419664,-15.81438837524183,0.1215312269075647,0.7098365460930491,0.3333333333333333,0.1259950088500127,0.7597603711346607,0.32421875,1.7752249813670875e-12,0.046875,0.1015625
role,Summary,3,22,0.001,512,256,128,128,4,True,9,12.19616512212978,6.916199834806038,7.9617222931676395,-1.0455224583616,-12.53731075160641,-14.092373607075531,0.11016887360414503,0.6569999451249537,0.3333333333333333,0.1259950088500126,0.7499244930473067,0.35546875,5.601551930573579e-15,0.03125,0.1015625
role,Summary,3,23,1e-06,512,256,128,128,4,True,11,10.83120261392217,11.640037332486122,12.512247099279742,-0.8722097667936205,-19.466007798219614,-20.60899709992593,0.15535261756143862,0.8141129219385704,0.3333333333333333,0.06010126141404395,0.6299050114757369,0.44921875,4.348997194110803e-24,0.0390625,0.046875
role,Summary,3,23,0.0001,512,256,128,128,4,True,9,12.236203613526932,8.980215466965754,9.904443037369777,-0.9242275704040244,-15.405023516911875,-16.856522703547903,0.14288033983973292,0.7249158156713996,0.3333333333333333,0.06010126141404398,0.6288371865538708,0.37890625,5.0342822933606634e-17,0.03125,0.046875
role,Summary,3,23,0.001,512,256,128,128,4,True,10,14.257591255305812,7.65547205340537,8.642952687148165,-0.9874806337427954,-13.40916758231965,-15.195695983232696,0.13218891223750712,0.662490518350092,0.3333333333333333,0.06010126141404395,0.6201878324439741,0.33984375,1.073542535028726e-13,0.0390625,0.046875
role,Summary,3,24,1e-06,512,256,128,128,4,True,9,9.153256729208328,11.719849691441855,12.50643486262604,-0.7865851711841871,-20.386858165990308,-21.811776550362765,0.13066089592397256,0.942111976449984,0.16666666666666666,0.14509135467657744,0.7401499785149598,0.45703125,5.804759161694703e-25,0.03125,0.0546875
role,Summary,3,24,0.0001,512,256,128,128,4,True,9,10.281546016807429,9.04453741325841,9.925443564516067,-0.8809061512576561,-15.8623552429737,-17.561369654419877,0.11735270536634837,0.7954097882643719,0.16666666666666666,0.1450913546765774,0.7384588047248684,0.40625,1.3289980870454757e-19,0.0234375,0.0390625
role,Summary,3,24,0.001,512,256,128,128,4,True,9,11.944429213280115,7.675746987295661,8.667357611786397,-0.9916106244907361,-13.557416153756034,-15.503506743124463,0.11833128975165882,0.6657583064234867,0.16666666666666666,0.14509135467657747,0.7235303044846444,0.37890625,5.0342822933606634e-17,0.03125,0.046875
role,Summary,3,25,1e-06,512,256,128,128,4,True,10,11.59963907529644,11.022182482345475,11.925771756191036,-0.9035892738455589,-22.51407477686778,-24.04839110616213,0.06476320314716918,0.8111611297673803,0.3333333333333333,0.07678890904702457,0.8829124983513355,0.3125,1.3232765413914088e-11,0.0625,0.15625
role,Summary,3,25,0.0001,512,256,128,128,4,True,9,13.17220116579342,8.503946034053946,9.511375636862713,-1.007429602808767,-17.56184276640334,-19.36547349842299,0.052472230606091234,0.7953458269905218,0.3333333333333333,0.07678890904702458,0.8819245299578277,0.28515625,1.0509063100940924e-09,0.0703125,0.1484375
role,Summary,3,25,0.001,512,256,128,128,4,True,9,15.697717148149419,7.220198532553181,8.326044525912197,-1.1058459933590181,-14.994177154748868,-17.14181001161983,0.04210357226557895,0.7924718727077381,0.3333333333333333,0.07678890904702457,0.8731814444955045,0.1953125,9.40842686753401e-05,0.1171875,0.1484375
role,Summary,3,26,1e-06,512,256,128,128,4,True,9,7.485659998087321,9.17547866244966,9.722175056257644,-0.5466963938079852,-16.915317384427354,-18.14541410717339,0.15901331591489948,0.9615437361838395,0.5,0.06677372787856835,1.0324271413030688,0.265625,1.838083532653948e-08,0.03125,0.078125
role,Summary,3,26,0.0001,512,256,128,128,4,True,10,8.41316081293038,7.398003548405766,8.135429353588952,-0.7374258051831852,-13.46997497898452,-15.028198836420835,0.14274172418863446,0.8295190780610249,0.5,0.06677372787856832,1.0316428949553431,0.1875,0.00020575038655746867,0.015625,0.0703125
role,Summary,3,26,0.001,512,256,128,128,4,True,9,9.729076516493084,6.513768294752806,7.409478383439576,-0.8957100886867704,-11.701085544696216,-13.490364667960057,0.13101490307110406,0.7207566702047035,0.5,0.06677372787856833,1.02464692189609,0.296875,1.6997263144796861e-10,0.015625,0.046875
role,Summary,3,27,1e-06,512,256,128,128,4,True,9,10.604099031882068,9.151521631852034,9.885232078632288,-0.733710446780255,-18.620098027444406,-19.498934472070452,0.11315654568977677,0.7626360432143252,0.3333333333333333,0.11515105300440609,0.803410219269237,0.30078125,9.098922052950389e-11,0.09375,0.1484375
role,Summary,3,27,0.0001,512,256,128,128,4,True,8,11.951145963609479,7.281139834711976,8.144794943843202,-0.8636551091312258,-14.722025614659378,-15.875999373535475,0.10012444433034948,0.7380073942041797,0.3333333333333333,0.1151510530044062,0.802574243749942,0.26953125,1.0551926983948056e-08,0.03125,0.109375
role,Summary,3,27,0.001,512,256,128,128,4,True,10,13.858767203705293,6.361700334404682,7.330783705110919,-0.9690833707062381,-12.868128697938005,-14.183377027259057,0.08905161187861221,0.7282722818244572,0.3333333333333333,0.11515105300440616,0.7951862124864403,0.2421875,4.289574463648891e-07,0.046875,0.1015625
role,Summary,3,28,1e-06,512,256,128,128,4,True,9,5.921713633099503,5.620024613564538,5.927984918986495,-0.3079603054219573,-10.487154560530229,-10.495418351377923,0.17001614644300528,0.6891832732231764,0.3333333333333333,0.06448020572319077,0.9282250887674663,0.22265625,4.6910366522335245e-06,0.03125,0.1953125
role,Summary,3,28,0.0001,512,256,128,128,4,True,8,6.674536221101086,4.709982681472029,5.156866179563614,-0.4468834980915851,-9.011734768215938,-9.318949649810016,0.14696495463408663,0.6516278397229129,0.3333333333333333,0.06448020572319073,0.9280446691930487,0.171875,0.0008920470081351661,0.0546875,0.1640625
role,Summary,3,28,0.001,512,256,128,128,4,True,8,7.5146449827812,4.281843169982636,4.83598562270728,-0.5541424527246444,-8.329249321481914,-8.895277899198282,0.13224827575804,0.636607199860341,0.3333333333333333,0.06448020572319081,0.9264278123718961,0.20703125,2.7352006658291592e-05,0.0625,0.15625
role,Summary,3,29,1e-06,512,256,128,128,4,True,9,6.519356117085412,8.43108514611904,8.967761720810808,-0.536676574691767,-18.792764853338895,-20.18365926539183,0.10705398007125477,0.644295805716325,0.3333333333333333,0.06216288966931481,0.9818307535665759,0.19140625,0.00013970433630997956,0.03125,0.0546875
role,Summary,3,29,0.0001,512,256,128,128,4,True,9,7.243976860195511,6.719892658960633,7.39335769744061,-0.6734650384799767,-14.452573550063363,-16.011124018154177,0.09029974583228312,0.6078043781686254,0.3333333333333333,0.062162889669314804,0.9812004789694928,0.15234375,0.004649248065287104,0.03125,0.0625
role,Summary,3,29,0.001,512,256,128,128,4,True,8,8.24120731144343,5.897896669666406,6.689156958628886,-0.7912602889624798,-12.297527943621072,-14.011087189104211,0.07676753025646808,0.5878104442409928,0.3333333333333333,0.06216288966931477,0.9755714085374353,0.15234375,0.004649248065287104,0.03125,0.09375
role,Summary,3,30,1e-06,512,256,128,128,4,True,8,5.085884958832368,7.133700647784368,7.6665258289982745,-0.532825181213907,-9.965105794073978,-10.511533925541524,0.22414577732641144,0.7130646776344876,0.16666666666666666,0.028750205023379292,1.1303854244308262,0.3515625,1.1885095331896712e-14,0.0625,0.1015625
role,Summary,3,30,0.0001,512,256,128,128,4,True,8,5.729238926969034,5.470475901916453,6.079146483643785,-0.6086705817273315,-8.366410108901693,-9.193426570795467,0.19809901712895217,0.6636850156898249,0.16666666666666666,0.028750205023379306,1.1300857572705347,0.34765625,2.4982790013842228e-14,0.03125,0.0625
role,Summary,3,30,0.001,512,256,128,128,4,True,9,6.453712860251459,4.686908954821591,5.376269509542141,-0.6893605547205488,-7.628449458491523,-8.62098163204671,0.19650749225094494,0.6359083217747415,0.16666666666666666,0.028750205023379313,1.1273958082661535,0.28125,1.895287375668482e-09,0.0390625,0.0703125
role,Summary,3,31,1e-06,512,256,128,128,4,True,9,3.7133795698849537,4.947837707603366,4.878796964351955,0.06904074325141078,-11.229893197373949,-11.463196564135949,0.16960340929349516,0.7105760030557344,0.16666666666666666,0.06578194284067815,1.1631420849176664,0.24609375,2.592123269824214e-07,0.0625,0.1796875
role,Summary,3,31,0.0001,512,256,128,128,4,True,9,4.464689736540024,3.9247379234601825,4.2859498422025695,-0.36121191874238767,-9.169797678055332,-10.162073924655534,0.14311419682556875,0.716623674970656,0.16666666666666666,0.06578194284067812,1.163027393897859,0.140625,0.011365189018294308,0.0546875,0.0625
role,Summary,3,31,0.001,512,256,128,128,4,True,8,5.2207750093520575,3.4686866339919913,4.145243769257725,-0.6765571352657331,-8.175743625054533,-9.673347666604748,0.13758469983949023,0.7263811323207578,0.16666666666666666,0.0657819428406781,1.1620003604940758,0.15234375,0.004649248065287104,0.0703125,0.1171875
role,Summary,4,0,1e-06,1024,512,128,128,4,True,9,2.049333605609033,4.499913650192659,4.715546968173597,-0.21563331798093788,-9.97368343953594,-10.389675883778704,0.38234506428666165,0.5833116640387065,0.16666666666666666,0.07541142413231347,0.7929970669051153,0.14453125,0.00850482833415378,0.0,0.0546875
role,Summary,4,0,0.0001,1024,512,128,128,4,True,9,2.498372962511572,3.6979766148085176,4.2876887430628186,-0.5897121282543011,-8.023245883542522,-9.442955882778453,0.3210597559910153,0.5052076544590774,0.16666666666666666,0.07541142413231347,0.7943081686096392,0.09375,0.19772455806067113,0.0,0.03125
role,Summary,4,0,0.001,1024,512,128,128,4,True,8,2.933698640871711,3.2222981940547495,3.9940900686998706,-0.7717918746451214,-6.920762945197989,-8.846995151006972,0.28616406005556727,0.47968781052196374,0.16666666666666666,0.0754114241323135,0.8059803131424936,0.09765625,0.16284637793210843,0.0,0.0234375
role,Summary,4,1,1e-06,1024,512,128,128,4,True,11,5.010042721284782,6.038164878268519,6.386000456470926,-0.3478355782024046,-11.855929516799673,-12.418947081149039,0.1754912371924,0.6669989556378341,0.0,0.0,1.0094219284736625,0.1640625,0.00176897694134448,0.0234375,0.078125
role,Summary,4,1,0.0001,1024,512,128,128,4,True,10,5.77663931980035,5.195341477598484,5.664072902275236,-0.4687314246767518,-10.271823587199933,-11.06702554513415,0.14732673220703485,0.5946812347723596,0.0,0.0,1.010947368210424,0.1171875,0.05471894473064931,0.0078125,0.046875
role,Summary,4,1,0.001,1024,512,128,128,4,True,9,6.659241942302986,4.7692067719497855,5.365118088937166,-0.5959113169873809,-9.449171068048384,-10.497406042776253,0.12727633064857968,0.5670784888050597,0.0,0.0,1.024381898674917,0.09765625,0.16284637793210843,0.0390625,0.0625
role,Summary,4,2,1e-06,1024,512,128,128,4,True,10,10.130522986254487,10.55870890231595,11.059696149463104,-0.5009872471471538,-19.852326115108525,-20.815167256311042,0.06120762732334235,0.460298050256188,0.5,0.06785840979707086,1.1496150824424258,0.2734375,6.005467433544062e-09,0.0625,0.140625
role,Summary,4,2,0.0001,1024,512,128,128,4,True,11,11.950048034943288,8.40776778070515,9.095827160309113,-0.6880593796039638,-16.479620647331227,-18.047442914522442,0.04769248726249724,0.5063149013784691,0.5,0.06785840979707082,1.1531145756484917,0.203125,4.163077668109129e-05,0.046875,0.109375
role,Summary,4,2,0.001,1024,512,128,128,4,True,10,14.407287379620666,7.269343714379501,8.149832470956216,-0.8804887565767142,-14.529342198904983,-16.69669285520786,0.03722649570726073,0.5671367894081771,0.5,0.06785840979707082,1.1824942879715137,0.17578125,0.0006257967777605344,0.0390625,0.09375
role,Summary,4,3,1e-06,1024,512,128,128,4,True,10,8.872535632662236,7.14722215967503,7.2161288208630285,-0.06890666118799979,-12.948893917358511,-13.549207336706129,0.04368286031521004,0.3096745758296987,0.3333333333333333,0.012037360270285694,0.6956736542529168,0.2265625,2.9565885080962975e-06,0.0,0.0625
role,Summary,4,3,0.0001,1024,512,128,128,4,True,9,10.495236946073168,6.2471673818467135,6.412574922294136,-0.16540754044742312,-11.830578083662807,-12.689937630555004,0.041580384734912657,0.3867641990559205,0.3333333333333333,0.012037360270285706,0.6974902776235807,0.15234375,0.004649248065287104,0.03125,0.0390625
role,Summary,4,3,0.001,1024,512,128,128,4,True,9,12.374311812125985,5.786420573123813,6.0970389526241835,-0.3106183795003711,-11.243444911473944,-12.385585040313206,0.05398883139829336,0.46432568790330697,0.3333333333333333,0.012037360270285688,0.7134545344585493,0.1640625,0.00176897694134448,0.0390625,0.0625
role,Summary,4,4,1e-06,1024,512,128,128,4,True,10,6.432379051338399,6.796054761611304,7.1381432474228905,-0.34208848581158646,-10.713268096635367,-10.6452278211428,0.1264101030379982,0.2931867868625808,0.16666666666666666,0.012534951642259897,0.7332761956135823,0.28515625,1.0509063100940924e-09,0.0,0.0078125
role,Summary,4,4,0.0001,1024,512,128,128,4,True,10,7.478497914474734,5.713747553704398,6.121443018611455,-0.40769546490705816,-9.735549497175484,-9.942581404960118,0.1013057664871741,0.24597234221145584,0.16666666666666666,0.0125349516422599,0.7351979389109987,0.1796875,0.0004354569877453,0.0,0.0078125
role,Summary,4,4,0.001,1024,512,128,128,4,True,9,8.638379800239075,5.181891350914452,5.694658593258895,-0.5127672423444436,-9.21449496535761,-9.705476652144117,0.08848310252156473,0.27937386858000807,0.16666666666666666,0.012534951642259895,0.7521344892487967,0.16796875,0.001261290693128525,0.0,0.0078125
role,Summary,4,5,1e-06,1024,512,128,128,4,True,10,4.841821023421773,7.185395044738894,7.569088322103476,-0.3836932773645822,-12.095233798337645,-12.924624393718961,0.13859411247477887,0.2893016982944668,0.16666666666666666,0.023175782351677544,0.7883149874911035,0.265625,1.838083532653948e-08,0.0,0.0390625
role,Summary,4,5,0.0001,1024,512,128,128,4,True,9,5.515452979193666,5.78485898984616,6.29228402554462,-0.5074250356984602,-10.282977261548087,-11.41737023716486,0.11204468827793983,0.24053967507348814,0.16666666666666666,0.023175782351677558,0.7903675379632825,0.21875,7.381061347748238e-06,0.0,0.0078125
role,Summary,4,5,0.001,1024,512,128,128,4,True,10,6.290892526845259,5.090065590226953,5.7579961362729,-0.6679305460459473,-9.295313235545414,-10.704948454855812,0.10228418230944206,0.26320065527501063,0.16666666666666666,0.023175782351677554,0.8084209617805582,0.140625,0.011365189018294308,0.0,0.0078125
role,Summary,4,6,1e-06,1024,512,128,128,4,True,9,4.241921150154289,4.7218743880452925,5.121916617112467,-0.4000422290671747,-7.330196917568044,-7.645423073857088,0.2311267789710899,0.5950836890022876,0.16666666666666666,0.019678206840277383,0.6864572252213421,0.1796875,0.0004354569877453,0.0,0.0
role,Summary,4,6,0.0001,1024,512,128,128,4,True,9,4.900862706512945,4.130813963081023,4.654972241178063,-0.5241582780970401,-6.877353973256928,-7.5064561466244815,0.20245181617508592,0.4641307770968698,0.16666666666666666,0.01967820684027739,0.68764286585925,0.18359375,0.00030054999002206975,0.0,0.0
role,Summary,4,6,0.001,1024,512,128,128,4,True,9,5.528477809728475,3.8500448899611253,4.4799532870897,-0.6299083971285737,-6.632736379495614,-7.549682330198323,0.21111576926610914,0.39927491338726,0.16666666666666666,0.019678206840277383,0.698217474682122,0.23828125,7.038776424263986e-07,0.0,0.0
role,Summary,4,7,1e-06,1024,512,128,128,4,True,11,4.855300650471255,4.282116983360702,4.553962423422255,-0.2718454400615531,-7.758030753752635,-8.193686213329084,0.12602835247112965,0.6182995531421994,0.3333333333333333,0.03569287327390617,0.6147891947120475,0.125,0.03345596830001085,0.0,0.03125
role,Summary,4,7,0.0001,1024,512,128,128,4,True,10,5.579140742349132,3.88101160264557,4.344299696906316,-0.46328809426074646,-7.255567418418994,-8.075244949892031,0.10205130248338294,0.4990158412555522,0.3333333333333333,0.035692873273906175,0.6160889210635211,0.0859375,0.2843716565254909,0.0,0.015625
role,Summary,4,7,0.001,1024,512,128,128,4,True,10,6.264849277515585,3.6907876752646263,4.293930154054827,-0.6031424787902012,-7.011788288049527,-8.117292360589175,0.08720681911395611,0.4404684439312067,0.3333333333333333,0.03569287327390617,0.627707880036027,0.125,0.03345596830001085,0.0,0.0078125
role,Summary,4,8,1e-06,1024,512,128,128,4,True,10,4.741237551868781,5.828327230607384,6.149283412170686,-0.32095618156330097,-8.575556037653634,-8.666224866645013,0.10417410851075205,0.542515261715747,0.16666666666666666,0.04416255271767501,0.25047466648912403,0.29296875,3.1472328013771007e-10,0.0,0.0
role,Summary,4,8,0.0001,1024,512,128,128,4,True,10,5.419597517233209,4.785968215590801,5.238292393181418,-0.45232417759061644,-7.5820362254298175,-7.96032107461607,0.09171042267768661,0.4068235118647155,0.16666666666666666,0.044162552717675024,0.25084777756551213,0.26171875,3.1743788057539135e-08,0.0,0.015625
role,Summary,4,8,0.001,1024,512,128,128,4,True,9,6.123840792798007,4.289381824247839,4.8580326171339925,-0.5686507928861531,-7.101561105762206,-7.6940198981555525,0.1098537293464191,0.33016564554560973,0.16666666666666666,0.04416255271767501,0.2545280040881334,0.25390625,9.227219252368915e-08,0.0,0.015625
role,Summary,4,9,1e-06,1024,512,128,128,4,True,10,3.7654484429495305,4.5068841881672475,4.617364660751797,-0.1104804725845496,-7.692948641675562,-7.80490317970795,0.13160246209615148,0.5586565061496478,0.16666666666666666,0.04713100210464254,0.584128547331206,0.15234375,0.004649248065287104,0.0,0.015625
role,Summary,4,9,0.0001,1024,512,128,128,4,True,9,4.254256437646062,3.9411068284788255,4.215737366122006,-0.274630537643181,-6.971019997584909,-7.421633488567711,0.10122616761533368,0.4456619764950609,0.16666666666666666,0.04713100210464253,0.5853781719837893,0.17578125,0.0006257967777605344,0.0,0.0546875
role,Summary,4,9,0.001,1024,512,128,128,4,True,9,4.733692925812934,3.6354946285736327,4.068286691767839,-0.43279206319420693,-6.529996205834517,-7.290961556895955,0.09473488274327155,0.3861900636380995,0.16666666666666666,0.04713100210464253,0.5965568808983737,0.20703125,2.7352006658291592e-05,0.0,0.0390625
role,Summary,4,10,1e-06,1024,512,128,128,4,True,11,3.929421690062097,6.010545346205721,6.499500528562525,-0.4889551823568042,-10.769263423885164,-11.711756548810262,0.2213105851195383,0.8007927267268415,0.16666666666666666,0.04374900001893562,0.43492569124179925,0.2578125,5.435300936256329e-08,0.0625,0.1640625
role,Summary,4,10,0.0001,1024,512,128,128,4,True,9,4.419673636680984,4.7478198879315485,5.357126571043827,-0.6093066831122778,-8.520966205088806,-9.691104063442804,0.19126535069961068,0.6793957652764894,0.16666666666666666,0.04374900001893558,0.43486505315738866,0.23046875,1.847888979619762e-06,0.0,0.078125
role,Summary,4,10,0.001,1024,512,128,128,4,True,8,4.983352048647675,4.1598155833855746,4.842864161024483,-0.6830485776389097,-7.470697321713969,-8.789423079014218,0.16787169075107417,0.5950189957673742,0.16666666666666666,0.04374900001893564,0.4344589311930084,0.21484375,1.1517275704865574e-05,0.0,0.078125
role,Summary,4,11,1e-06,1024,512,128,128,4,True,11,4.201632455527609,4.357925447118102,4.693651373001213,-0.3357259258831109,-7.725465926463626,-8.394794310350429,0.13847936539449218,0.569980728101848,0.16666666666666666,0.01931819706638539,1.0094394816650272,0.15234375,0.004649248065287104,0.0,0.03125
role,Summary,4,11,0.0001,1024,512,128,128,4,True,11,4.856598225873276,3.879020204931706,4.362199004115112,-0.48317879918340667,-7.1683958535104235,-8.084725519078917,0.10249094613034071,0.47127201653082224,0.16666666666666666,0.019318197066385392,1.0115757015450275,0.125,0.03345596830001085,0.0,0.0234375
role,Summary,4,11,0.001,1024,512,128,128,4,True,10,5.49412965448713,3.6240224014025206,4.264461015920766,-0.6404386145182452,-6.84828935667996,-7.989831885057313,0.09544152529092129,0.42987105924630553,0.16666666666666666,0.019318197066385396,1.0303187798597486,0.23828125,7.038776424263986e-07,0.0,0.03125
role,Summary,4,12,1e-06,1024,512,128,128,4,True,9,6.2197144056077445,2.42076750157023,2.4222638685467928,-0.0014963669765627602,-5.262925184756238,-5.188585945443149,0.13247818720872528,0.2545529530892856,0.0,0.0,0.3120478334838533,0.171875,0.0008920470081351661,0.0390625,0.0390625
role,Summary,4,12,0.0001,1024,512,128,128,4,True,9,6.769672746257621,2.434241723813866,2.5956514489621103,-0.161409725148244,-5.391203357283598,-5.625598387479149,0.14884539651227352,0.24873970004964135,0.0,0.0,0.3117468308490689,0.19140625,0.00013970433630997956,0.0390625,0.046875
role,Summary,4,12,0.001,1024,512,128,128,4,True,9,7.186732289179675,2.4362682077042996,2.685408197295125,-0.24913998959082542,-5.447422672572091,-5.850803693777871,0.1576660113797037,0.25340404048379633,0.0,0.0,0.3090330463108527,0.16015625,0.0024610192473685233,0.0390625,0.078125
role,Summary,4,13,1e-06,1024,512,128,128,4,True,12,6.673523624428679,7.451925553214545,7.95295801618643,-0.5010324629718846,-15.127817927870646,-16.476728464892098,0.11717504365019804,0.8630950651606304,0.16666666666666666,0.05166327231286898,0.6184991003572101,0.3203125,3.4992283936701867e-12,0.078125,0.15625
role,Summary,4,13,0.0001,1024,512,128,128,4,True,11,7.481173315956843,5.903061168818233,6.560226976860647,-0.6571658080424119,-12.00986868675555,-13.794074949766543,0.10034252332130882,0.7730193047261011,0.16666666666666666,0.05166327231286898,0.6176995678545413,0.19140625,0.00013970433630997956,0.09375,0.15625
role,Summary,4,13,0.001,1024,512,128,128,4,True,11,8.48973716667622,5.126465352608428,5.867143342617778,-0.7406779900093494,-10.473996213780794,-12.543835369757215,0.08681263116034985,0.7037522766003602,0.16666666666666666,0.051663272312869,0.6105175242625613,0.2109375,1.782257225451088e-05,0.0546875,0.15625
role,Summary,4,14,1e-06,1024,512,128,128,4,True,10,4.640348592060043,5.36335887385064,5.513294306871233,-0.1499354330205932,-9.747657091757377,-9.987849539626467,0.09490373671828911,0.8271849832084831,0.16666666666666666,0.03919736331634817,0.5006764328657903,0.1953125,9.40842686753401e-05,0.0078125,0.078125
role,Summary,4,14,0.0001,1024,512,128,128,4,True,10,5.232997171196089,4.482226026491648,4.807126228058824,-0.3249002015671759,-8.268148514084592,-8.809069858130565,0.07643654163659648,0.7003593149981129,0.16666666666666666,0.039197363316348204,0.5013708911885185,0.17578125,0.0006257967777605344,0.046875,0.109375
role,Summary,4,14,0.001,1024,512,128,128,4,True,9,5.876728761392419,4.0598122516589426,4.5237650453537075,-0.46395279369476483,-7.550849083380847,-8.336899109319848,0.07042801581340957,0.6171249302264714,0.16666666666666666,0.039197363316348204,0.5076666199791547,0.13671875,0.015066349402464208,0.0234375,0.0859375
role,Summary,4,15,1e-06,1024,512,128,128,4,True,8,3.4939075744787935,5.078644763184295,5.398924737160806,-0.3202799739765113,-11.15694639544385,-12.313249686229572,0.12880141599807196,0.5435320974990727,0.16666666666666666,0.08359405818055984,0.21467268726885352,0.2265625,2.9565885080962975e-06,0.0390625,0.125
role,Summary,4,15,0.0001,1024,512,128,128,4,True,9,3.902399240314936,4.2553501766896105,4.763437197878488,-0.5080870211888769,-9.073269639134285,-10.548785705304642,0.09966127186166093,0.4240785290973314,0.16666666666666666,0.08359405818055989,0.2149146727262351,0.14453125,0.00850482833415378,0.0390625,0.0859375
role,Summary,4,15,0.001,1024,512,128,128,4,True,9,4.362931928078103,3.840992214803328,4.478307857693217,-0.6373156428898892,-7.968803033515641,-9.698612640893959,0.07960154199886049,0.34606706096295636,0.16666666666666666,0.08359405818055987,0.2172204694216147,0.13671875,0.015066349402464208,0.015625,0.0703125
role,Summary,4,16,1e-06,1024,512,128,128,4,True,9,3.9442466710112525,5.233479735851681,5.754263780524478,-0.5207840446727978,-10.82058435095808,-12.192517430236117,0.18557590264033363,0.7916417224413349,0.16666666666666666,0.009517930366492814,0.554192825560061,0.203125,4.163077668109129e-05,0.015625,0.15625
role,Summary,4,16,0.0001,1024,512,128,128,4,True,9,4.467517636520153,4.3597211314710105,5.005119362815473,-0.645398231344463,-8.985579760626948,-10.725460535199046,0.14403999413158652,0.6946001209303232,0.16666666666666666,0.00951793036649282,0.55379399781562,0.1640625,0.00176897694134448,0.0078125,0.078125
role,Summary,4,16,0.001,1024,512,128,128,4,True,9,5.062203435333602,3.92076435240586,4.6297387112519095,-0.7089743588460486,-8.026145880640613,-10.064080201370356,0.12001327820162591,0.6314114209067612,0.16666666666666666,0.009517930366492814,0.5502086614569369,0.14453125,0.00850482833415378,0.0546875,0.109375
role,Summary,4,17,1e-06,1024,512,128,128,4,True,11,4.589866626981955,6.486198145258536,6.89978051338177,-0.4135823681232341,-12.059785454493733,-13.128909592652885,0.10737776035525351,0.6938546366752766,0.16666666666666666,0.07202233625567409,0.37530166576242374,0.27734375,3.3884305330612322e-09,0.0390625,0.2265625
role,Summary,4,17,0.0001,1024,512,128,128,4,True,9,5.207722172899763,5.120886456106334,5.62587134489115,-0.504984888784817,-9.920715799800107,-11.284383374308579,0.07115675932408622,0.5638311806744188,0.16666666666666666,0.0720223362556741,0.37481258406135887,0.24609375,2.592123269824214e-07,0.0,0.0859375
role,Summary,4,17,0.001,1024,512,128,128,4,True,9,5.950953013115402,4.442094069682122,5.015790582686189,-0.5736965130040665,-8.801840768498153,-10.399617078657982,0.05156160149597548,0.4725947345959835,0.16666666666666666,0.07202233625567409,0.37041957801038955,0.21484375,1.1517275704865574e-05,0.0,0.0546875
role,Summary,4,18,1e-06,1024,512,128,128,4,True,9,4.037837859630795,7.982303616956528,8.58475336790871,-0.6024497509521831,-13.276682834567948,-14.603980575663853,0.2282949415189976,0.8061934061815282,0.16666666666666666,0.0687583254633599,0.6426333069702806,0.28515625,1.0509063100940924e-09,0.015625,0.1015625
role,Summary,4,18,0.0001,1024,512,128,128,4,True,10,4.529616909707219,6.329228325472741,7.048816742290908,-0.719588416818168,-10.91861690056249,-12.585469336646188,0.20209293257793903,0.6289827322163579,0.16666666666666666,0.0687583254633599,0.6448739029459367,0.24609375,2.592123269824214e-07,0.0,0.0234375
role,Summary,4,18,0.001,1024,512,128,128,4,True,10,5.114585301295129,5.460678812364037,6.322707608307031,-0.862028795942992,-9.550366880817531,-11.556279672261383,0.18817161890905773,0.49031794272696366,0.16666666666666666,0.06875832546335994,0.6646400370306577,0.140625,0.011365189018294308,0.0,0.0234375
role,Summary,4,19,1e-06,1024,512,128,128,4,True,8,6.552543884482697,9.38344944867831,10.166100504711292,-0.7826510560329797,-17.579733690677763,-19.183269731446124,0.17418830333627092,0.7184540844324143,0.5,0.1301324707307015,0.5560693640652645,0.328125,8.924716016110725e-13,0.0390625,0.1015625
role,Summary,4,19,0.0001,1024,512,128,128,4,True,10,7.3295007701067325,7.446186298252152,8.325552154094687,-0.8793658558425355,-13.910073241398345,-15.805436130674087,0.15682738470882096,0.6377496527685657,0.5,0.13013247073070153,0.5555508756848598,0.27734375,3.3884305330612322e-09,0.0390625,0.1015625
role,Summary,4,19,0.001,1024,512,128,128,4,True,9,8.376484181285448,6.4211361851156745,7.4133538218119055,-0.992217636696231,-11.971127329935511,-14.122877864570219,0.14314478509764503,0.5848582187825733,0.5,0.13013247073070153,0.5512268985991738,0.203125,4.163077668109129e-05,0.0390625,0.1015625
role,Summary,4,20,1e-06,1024,512,128,128,4,True,8,6.53786777299296,9.532752327684054,10.228956903333852,-0.6962045756497979,-16.815111966878685,-17.86781594209384,0.12241890810090646,0.526167347509744,0.5,0.08215024001915018,0.4840691589183165,0.37109375,2.5154011173646954e-16,0.0703125,0.15625
role,Summary,4,20,0.0001,1024,512,128,128,4,True,9,7.328889990682615,7.293445511524965,8.100115522724542,-0.8066700111995774,-13.42410229946866,-14.74838383335565,0.10468738356272832,0.5001522214444079,0.5,0.08215024001915015,0.4844008436414519,0.3515625,1.1885095331896712e-14,0.03125,0.1015625
role,Summary,4,20,0.001,1024,512,128,128,4,True,8,8.372479212783292,6.159110130600337,7.089741571112172,-0.930631440511835,-11.63509016214914,-13.190376339402437,0.09104514566747957,0.5020014072001507,0.5,0.08215024001915018,0.48759850614317035,0.3046875,4.827787419674662e-11,0.078125,0.1484375
role,Summary,4,21,1e-06,1024,512,128,128,4,True,11,4.495371717819246,8.915722706847617,9.605902180698859,-0.6901794738512436,-15.074996686361434,-16.28971422927938,0.10624845805557456,0.6650071352824265,0.16666666666666666,0.0931159363163677,0.45973674723021724,0.33984375,1.073542535028726e-13,0.03125,0.125
role,Summary,4,21,0.0001,1024,512,128,128,4,True,9,5.067261526323196,6.755945169675158,7.551072056173854,-0.7951268864986953,-11.975685264502859,-13.459340962009087,0.08211009135799269,0.5708685886861056,0.16666666666666666,0.09311593631636773,0.45915932868972975,0.28125,1.895287375668482e-09,0.0390625,0.125
role,Summary,4,21,0.001,1024,512,128,128,4,True,9,5.840630896446431,5.595841040424251,6.505743211859828,-0.9099021714355761,-10.237582643183975,-11.980965585987338,0.06530371895820944,0.5129579851192508,0.16666666666666666,0.09311593631636775,0.4540341282661098,0.21484375,1.1517275704865574e-05,0.03125,0.109375
role,Summary,4,22,1e-06,1024,512,128,128,4,True,9,8.86897308787227,9.118943869099194,9.652960493459448,-0.5340166243602552,-19.969126102453394,-21.321183120830135,0.09954059367432187,0.4840049279579943,0.3333333333333333,0.07966848298977881,0.5468248491070125,0.26171875,3.1743788057539135e-08,0.0625,0.1796875
role,Summary,4,22,0.0001,1024,512,128,128,4,True,9,9.930155105293942,7.247113907502471,7.903399581767854,-0.6562856742653824,-15.5758926161276,-17.20160307590867,0.08628209191320813,0.40797596598095803,0.3333333333333333,0.0796684829897788,0.5485304481895916,0.2265625,2.9565885080962975e-06,0.09375,0.171875
role,Summary,4,22,0.001,1024,512,128,128,4,True,10,11.470197338692085,6.296250215812883,7.08716902960685,-0.7909188137939662,-13.261605953065601,-15.155514195513078,0.07548709938775813,0.37203832850022356,0.3333333333333333,0.07966848298977883,0.5637340898204691,0.203125,4.163077668109129e-05,0.03125,0.0703125
role,Summary,4,23,1e-06,1024,512,128,128,4,True,10,8.011589653966656,9.864288983130919,10.425524521220055,-0.5612355380891375,-17.673809915367166,-18.839699993016684,0.11159832884804431,0.7232278325323801,0.16666666666666666,0.0905516274468869,0.4761204192361212,0.3515625,1.1885095331896712e-14,0.0546875,0.078125
role,Summary,4,23,0.0001,1024,512,128,128,4,True,9,9.066541138625283,7.7504203274215975,8.462218374437352,-0.711798047015755,-14.371729295075632,-15.934607191382426,0.09566482295985243,0.6147345839294128,0.16666666666666666,0.09055162744688686,0.4757681085294034,0.30859375,2.538865745522775e-11,0.0546875,0.0859375
role,Summary,4,23,0.001,1024,512,128,128,4,True,10,10.499209976376338,6.694291443793501,7.564163616655671,-0.8698721728621714,-12.606453671697302,-14.54694037493481,0.08335246955661374,0.5437548164603787,0.16666666666666666,0.09055162744688684,0.47299440476604593,0.28515625,1.0509063100940924e-09,0.0703125,0.09375
role,Summary,4,24,1e-06,1024,512,128,128,4,True,9,7.03746956809102,11.54390914778008,12.33527710557967,-0.7913679577995898,-19.795218211942025,-21.626576880342867,0.17040206546519165,1.2658318040362735,0.16666666666666666,0.07179341048678589,0.4811639926442642,0.4140625,2.2289157019360778e-20,0.0234375,0.0703125
role,Summary,4,24,0.0001,1024,512,128,128,4,True,9,7.900741165786743,8.936879587264933,9.812693768058356,-0.8758141807934234,-15.477328733385448,-17.63167248658486,0.16212818956330005,1.0268869738635884,0.16666666666666666,0.07179341048678585,0.4793592941757758,0.3671875,5.542534149978852e-16,0.0078125,0.046875
role,Summary,4,24,0.001,1024,512,128,128,4,True,9,9.141690882656423,7.547919655608295,8.56621557599536,-1.018295920387065,-13.116752453567866,-15.62652886832003,0.16478136247721747,0.7955214524259557,0.16666666666666666,0.07179341048678588,0.46358018324305417,0.359375,2.615412053009669e-15,0.0234375,0.0546875
role,Summary,4,25,1e-06,1024,512,128,128,4,True,9,6.307491017809278,10.62787024763205,11.257575666472395,-0.629705418840345,-22.332173590453657,-23.82881187767231,0.09730537017702834,0.7158769783700466,0.3333333333333333,0.10350011856993703,0.6515817709541286,0.28515625,1.0509063100940924e-09,0.0390625,0.09375
role,Summary,4,25,0.0001,1024,512,128,128,4,True,9,7.20472918094054,8.360909819480835,9.190453945398204,-0.8295441259173699,-17.138093927430205,-19.117143011287105,0.08296546767674826,0.6430222443502118,0.3333333333333333,0.10350011856993709,0.6522808022906909,0.2109375,1.782257225451088e-05,0.0703125,0.09375
role,Summary,4,25,0.001,1024,512,128,128,4,True,10,8.487983956710531,7.1285595457575255,8.163480491097799,-1.0349209453402737,-14.248769148895985,-16.625135394826675,0.0719001002106058,0.6054360357181766,0.3333333333333333,0.103500118569937,0.6589603502782528,0.234375,1.1452873919607316e-06,0.078125,0.09375
role,Summary,4,26,1e-06,1024,512,128,128,4,True,9,5.037186445246466,8.499552677116421,9.19058913112484,-0.6910364540084193,-17.17444126517794,-18.98076269755457,0.15741771760330453,0.8312916064373755,0.5,0.14324097363991797,0.9216144943395401,0.26953125,1.0551926983948056e-08,0.0859375,0.171875
role,Summary,4,26,0.0001,1024,512,128,128,4,True,8,5.637164393695511,6.75010197117494,7.619827684107031,-0.869725712932091,-13.350975697123591,-15.472867033535781,0.137302982984035,0.7293114852115333,0.5,0.14324097363991803,0.9210491089810144,0.21484375,1.1517275704865574e-05,0.0234375,0.1328125
role,Summary,4,26,0.001,1024,512,128,128,4,True,9,6.477803877594964,5.8117234664393065,6.81225133012153,-1.000527863682223,-11.228167920234215,-13.5926875754959,0.12339138809203971,0.6433090764225144,0.5,0.14324097363991803,0.9159875208454822,0.1875,0.00020575038655746867,0.0703125,0.109375
role,Summary,4,27,1e-06,1024,512,128,128,4,True,10,5.912114543848766,9.419759665413071,10.172792058664136,-0.7530323932510634,-18.40766970877983,-20.048707338769432,0.16822922154693226,0.9088901835911812,0.3333333333333333,0.07372761279062781,0.8516996130808288,0.30859375,2.538865745522775e-11,0.0625,0.1328125
role,Summary,4,27,0.0001,1024,512,128,128,4,True,9,6.618939024957975,7.426580783852117,8.338124616439462,-0.9115438325873447,-14.298878116902724,-16.244146001120377,0.1499159883176894,0.8048468781670485,0.3333333333333333,0.07372761279062776,0.8506914290701539,0.296875,1.6997263144796861e-10,0.0234375,0.109375
role,Summary,4,27,0.001,1024,512,128,128,4,True,8,7.615836884088746,6.39567856156092,7.442914641572557,-1.047236080011638,-12.093412885539376,-14.327078029155448,0.13540167866913527,0.7247100317424847,0.3333333333333333,0.07372761279062781,0.84178569244832,0.25,1.553142566968138e-07,0.03125,0.0859375
role,Summary,4,28,1e-06,1024,512,128,128,4,True,9,5.2799657630961185,6.0218896664471915,6.2996374934794055,-0.27774782703221457,-11.90145557297422,-12.479792654573362,0.11689716175285797,0.5051669730138275,0.5,0.09123664295163121,0.4689727528452944,0.234375,1.1452873919607316e-06,0.046875,0.1953125
role,Summary,4,28,0.0001,1024,512,128,128,4,True,8,5.944867863271257,4.990007199341206,5.417927607837569,-0.4279204084963636,-9.894861899309992,-10.755951845104427,0.09267770637201882,0.4562971107176923,0.5,0.09123664295163117,0.46866767510829777,0.19921875,6.28426475199267e-05,0.015625,0.09375
role,Summary,4,28,0.001,1024,512,128,128,4,True,9,6.705848141440974,4.51707081234756,5.065615618250087,-0.5485448059025264,-8.941646387901827,-10.082468541551155,0.07510997111461996,0.442919707111922,0.5,0.09123664295163113,0.46594504198710684,0.1484375,0.006313488560237168,0.015625,0.0859375
role,Summary,4,29,1e-06,1024,512,128,128,4,True,10,5.3729203028518,8.575340227072626,9.20342358891764,-0.6280833618450161,-19.918375865312164,-22.273630497970696,0.08821031344546168,0.6153997319085576,0.5,0.09635401432106266,0.7284820756393094,0.24609375,2.592123269824214e-07,0.0703125,0.1640625
role,Summary,4,29,0.0001,1024,512,128,128,4,True,8,5.98124094638402,6.613369270328744,7.272963602982444,-0.6595943326537,-15.13895876669569,-17.607145532007273,0.07218375198149801,0.5890369852375146,0.5,0.09635401432106265,0.7280189503624942,0.1953125,9.40842686753401e-05,0.09375,0.2109375
role,Summary,4,29,0.001,1024,512,128,128,4,True,9,6.832672677249819,5.644952744518415,6.323598207543693,-0.6786454630252783,-12.66800003479471,-15.27385822014109,0.05549042774059785,0.5817242393595112,0.5,0.09635401432106262,0.7238799599580089,0.171875,0.0008920470081351661,0.1171875,0.1953125
role,Summary,4,30,1e-06,1024,512,128,128,4,True,8,4.076399284242548,6.223137993049049,6.636244474014741,-0.41310648096569247,-10.170171327227607,-10.822524002765167,0.22436888998274582,0.9181338693747891,0.3333333333333333,0.08274899036400965,0.9621678434713671,0.27734375,3.3884305330612322e-09,0.03125,0.0625
role,Summary,4,30,0.0001,1024,512,128,128,4,True,8,4.6050743284311855,5.031933186868602,5.573486617072101,-0.5415534302034994,-8.570338348286171,-9.552415785320743,0.1955753573094431,0.7831546771271335,0.3333333333333333,0.08274899036400964,0.9617998784545017,0.2578125,5.435300936256329e-08,0.0234375,0.0546875
role,Summary,4,30,0.001,1024,512,128,128,4,True,9,5.229619057839912,4.439298364631805,5.092449564562719,-0.6531511999309135,-7.6751779680615115,-8.944643084363852,0.1847862053317682,0.6829137119989271,0.3333333333333333,0.08274899036400972,0.958493232912471,0.23828125,7.038776424263986e-07,0.0390625,0.0625
role,Summary,4,31,1e-06,1024,512,128,128,4,True,9,2.946781037586441,4.902339799571048,4.965820748339871,-0.06348094876882432,-7.666886113994202,-7.531999986704218,0.2752698178381915,0.6867607889237676,0.3333333333333333,0.06174042883075126,1.0439837546907922,0.21484375,1.1517275704865574e-05,0.0078125,0.03125
role,Summary,4,31,0.0001,1024,512,128,128,4,True,9,3.5506164542558265,4.010624360092756,4.4803778347974115,-0.46975347470465667,-6.618748067919251,-7.296636391044229,0.24245938299877196,0.6260567067372789,0.3333333333333333,0.061740428830751225,1.0439139753488087,0.1953125,9.40842686753401e-05,0.03125,0.046875
role,Summary,4,31,0.001,1024,512,128,128,4,True,8,4.093282136489382,3.6049426998581353,4.349117767049211,-0.7441750671910756,-6.146096252292622,-7.322059851024399,0.22596012336613544,0.6066202032700161,0.3333333333333333,0.061740428830751246,1.043290471735682,0.171875,0.0008920470081351661,0.03125,0.0546875
role,Summary,5,0,1e-06,2048,1024,128,128,4,True,9,2.39319066946019,3.779012304454719,3.740655352168228,0.03835695228649111,-8.834641185083614,-8.591217393834869,0.3167835770499773,0.5473744414063341,0.16666666666666666,0.06637659648931933,0.6706498292562751,0.17578125,0.0006257967777605344,0.0,0.015625
role,Summary,5,0,0.0001,2048,1024,128,128,4,True,9,2.9286368345290414,3.355579425055897,3.7497195728281736,-0.3941401477722769,-7.5712674747023545,-8.497281678673591,0.2626585521680489,0.48000156845691977,0.16666666666666666,0.06637659648931936,0.6719031219671269,0.14453125,0.00850482833415378,0.0,0.0
role,Summary,5,0,0.001,2048,1024,128,128,4,True,10,3.4269254723001144,3.082604536366113,3.692926551346438,-0.6103220149803248,-6.811223106267258,-8.484677305899565,0.23301427500009309,0.4646174114849185,0.16666666666666666,0.06637659648931934,0.6830944218405309,0.203125,4.163077668109129e-05,0.0,0.015625
role,Summary,5,1,1e-06,2048,1024,128,128,4,True,8,4.813971765558017,5.955123335169406,6.1915183740417365,-0.2363950388723305,-12.054960434105872,-12.800306145035716,0.1399877652673137,0.5600842837908175,0.16666666666666666,0.0002331377914025411,1.0450072470654825,0.13671875,0.015066349402464208,0.015625,0.0546875
role,Summary,5,1,0.0001,2048,1024,128,128,4,True,9,5.517320856182364,5.175425702093425,5.526019436097376,-0.3505937340039511,-10.491343515830529,-11.480625111576504,0.1055088866737277,0.49303260021730816,0.16666666666666666,0.00023313779140254098,1.046795093903456,0.09375,0.19772455806067113,0.015625,0.0546875
role,Summary,5,1,0.001,2048,1024,128,128,4,True,9,6.324822931854195,4.745865106237573,5.239114451837184,-0.4932493455996109,-9.625038272286886,-10.887441566819398,0.0863622567736339,0.4754812997927659,0.16666666666666666,0.00023313779140254158,1.0624715732501187,0.16015625,0.0024610192473685233,0.0078125,0.0390625
role,Summary,5,2,1e-06,2048,1024,128,128,4,True,11,11.29274599137386,9.243353293291042,9.702606522966782,-0.459253229675739,-22.467304656052736,-23.551959733180194,0.09048142599065967,0.6887550326649059,0.5,0.03991318598119357,1.2958930560456277,0.20703125,2.7352006658291592e-05,0.125,0.171875
role,Summary,5,2,0.0001,2048,1024,128,128,4,True,10,13.252729689337023,7.818498569056179,8.635483625918136,-0.8169850568619552,-18.038140676294596,-19.825309536057922,0.07749093030584121,0.700143920154669,0.5,0.039913185981193554,1.3008212308323779,0.1640625,0.00176897694134448,0.078125,0.1640625
role,Summary,5,2,0.001,2048,1024,128,128,4,True,10,16.03085607620034,6.929172359314448,8.065060190705807,-1.1358878313913587,-15.543133689498177,-18.021021063328504,0.06666305867970578,0.7250666686357684,0.5,0.03991318598119354,1.3403277400663423,0.15234375,0.004649248065287104,0.0859375,0.1875
role,Summary,5,3,1e-06,2048,1024,128,128,4,True,9,8.226356213833334,6.233677671145634,6.460181404452445,-0.2265037333068111,-14.78123579845027,-15.68611105973607,0.09998130396466887,0.5546821043844212,0.3333333333333333,0.060525273347268926,0.8648402175928949,0.28515625,1.0509063100940924e-09,0.03125,0.0859375
role,Summary,5,3,0.0001,2048,1024,128,128,4,True,10,9.56514062692631,5.740616858956887,6.1305162306043774,-0.389899371647491,-12.834277343740542,-14.017141366503036,0.07738228422159792,0.5568445312603417,0.3333333333333333,0.060525273347268906,0.8674627066353624,0.125,0.03345596830001085,0.0390625,0.0859375
role,Summary,5,3,0.001,2048,1024,128,128,4,True,10,11.23288659513649,5.448235885071433,6.029561008082127,-0.581325123010694,-11.813787127738323,-13.29903800789285,0.06615435110455797,0.5831588948969851,0.3333333333333333,0.06052527334726894,0.8903254625285192,0.09765625,0.16284637793210843,0.0390625,0.09375
role,Summary,5,4,1e-06,2048,1024,128,128,4,True,9,6.14027465827634,5.426990730512998,5.759106218208222,-0.33211548769522475,-14.751581760729135,-15.476636309428866,0.19802892407276532,0.504644061916224,0.16666666666666666,0.0005243746771838518,0.6227759040020135,0.40234375,3.196793611528768e-19,0.03125,0.1328125
role,Summary,5,4,0.0001,2048,1024,128,128,4,True,8,7.025515559851588,4.781270443051988,5.234797482875765,-0.453527039823777,-12.280919350355115,-13.190263473214252,0.18509365907817057,0.49632554249603905,0.16666666666666666,0.000524374677183849,0.6244698692842567,0.3046875,4.827787419674662e-11,0.03125,0.140625
role,Summary,5,4,0.001,2048,1024,128,128,4,True,9,8.179633279827552,4.396959428824108,4.980085909568641,-0.583126480744533,-10.950832603091346,-12.066707717919844,0.1770467740700113,0.5206277834222598,0.16666666666666666,0.0005243746771838505,0.6394964046687935,0.234375,1.1452873919607316e-06,0.0703125,0.140625
role,Summary,5,5,1e-06,2048,1024,128,128,4,True,10,5.160641024893606,5.997926458682272,6.381936733597154,-0.384010274914881,-13.072808433632181,-13.745508826799679,0.14688119265934235,0.43949498293736533,0.16666666666666666,0.01460838531148859,0.8236401889376822,0.28515625,1.0509063100940924e-09,0.0546875,0.078125
role,Summary,5,5,0.0001,2048,1024,128,128,4,True,11,5.87728057959542,5.087194999535571,5.6230953982923335,-0.5359003987567634,-11.104943717557093,-12.083137567547288,0.11498833833718586,0.40756699500341304,0.16666666666666666,0.014608385311488599,0.8260712263042082,0.1640625,0.00176897694134448,0.015625,0.03125
role,Summary,5,5,0.001,2048,1024,128,128,4,True,11,6.721777913170819,4.598315696579041,5.286503491897413,-0.6881877953183719,-9.978062026281888,-11.329086626346058,0.10475636912224529,0.4181505898299753,0.16666666666666666,0.014608385311488604,0.8474043339108017,0.078125,0.39509469943082365,0.015625,0.0859375
role,Summary,5,6,1e-06,2048,1024,128,128,4,True,9,4.643768587396979,4.3555118961452495,4.557800789214703,-0.2022888930694531,-7.680703750407209,-7.917116394847724,0.1612456321335586,0.46959368372876326,0.16666666666666666,0.00650241600200528,0.6064033277273467,0.125,0.03345596830001085,0.0,0.0078125
role,Summary,5,6,0.0001,2048,1024,128,128,4,True,9,5.364561902455921,3.9962162738109273,4.306511573561513,-0.31029529975058695,-7.292109333110195,-7.7938487032467165,0.12905087544556093,0.3582772676976324,0.16666666666666666,0.006502416002005288,0.6078373339409848,0.1640625,0.00176897694134448,0.0,0.015625
role,Summary,5,6,0.001,2048,1024,128,128,4,True,10,6.050326098862559,3.8082661492620575,4.224892477127655,-0.41662632786559844,-7.0648384713921395,-7.840177502656022,0.1093716080142357,0.3157682151143662,0.16666666666666666,0.006502416002005291,0.6206140069049647,0.20703125,2.7352006658291592e-05,0.0,0.0078125
role,Summary,5,7,1e-06,2048,1024,128,128,4,True,10,5.1373169103652385,3.394032192081234,3.4882055200334205,-0.09417332795218594,-6.5299113775604,-6.840761361236954,0.11788001296351776,0.3412854675035587,0.3333333333333333,0.02293684375673776,0.7808391602919104,0.2265625,2.9565885080962975e-06,0.0,0.0
role,Summary,5,7,0.0001,2048,1024,128,128,4,True,9,5.655090311809165,3.332046753936677,3.5994108311317348,-0.2673640771950577,-6.555392223475826,-7.187027042381173,0.12957006280281338,0.28481208300014393,0.3333333333333333,0.022936843756737747,0.7823316271161405,0.1796875,0.0004354569877453,0.0,0.0078125
role,Summary,5,7,0.001,2048,1024,128,128,4,True,9,6.094308657339761,3.273496707535154,3.7190082621277734,-0.4455115545926195,-6.457130247152393,-7.358689710126235,0.14226922847788426,0.26634961099758536,0.3333333333333333,0.02293684375673775,0.795604180864299,0.2265625,2.9565885080962975e-06,0.0,0.0
role,Summary,5,8,1e-06,2048,1024,128,128,4,True,10,4.11090989134717,4.641036096744479,4.767427600842835,-0.12639150409835515,-8.609738040264247,-9.044409416202976,0.20071593742933816,0.7237292325125174,0.16666666666666666,0.01290196879205271,0.2692622266302849,0.15234375,0.004649248065287104,0.0,0.03125
role,Summary,5,8,0.0001,2048,1024,128,128,4,True,10,4.655142431616098,4.047871538084338,4.32194237187186,-0.2740708337875231,-7.618180922678732,-8.389494348523723,0.17204892946379746,0.5610207515924686,0.16666666666666666,0.012901968792052717,0.2700445556367187,0.11328125,0.0691489899768779,0.0078125,0.0078125
role,Summary,5,8,0.001,2048,1024,128,128,4,True,9,5.203840194782591,3.746137223155184,4.1546550567398,-0.40851783358461524,-7.076390455203889,-8.102925395782504,0.15354110405656454,0.45193827548106746,0.16666666666666666,0.012901968792052718,0.2772124580524489,0.09375,0.19772455806067113,0.0,0.0078125
role,Summary,5,9,1e-06,2048,1024,128,128,4,True,11,3.665430209681294,4.391963258796168,4.411489678323704,-0.019526419527535435,-8.00669824854562,-8.25537200231539,0.10794881310108735,0.6313817719614664,0.16666666666666666,0.02370293223284446,0.73194286147619,0.14453125,0.00850482833415378,0.0,0.0390625
role,Summary,5,9,0.0001,2048,1024,128,128,4,True,9,4.132614533690934,3.85748312882485,4.045599616512101,-0.18811648768725114,-7.250069633144708,-7.849504919844537,0.09115833110014254,0.5088524296293028,0.16666666666666666,0.023702932232844465,0.7331565599153064,0.1484375,0.006313488560237168,0.0,0.0546875
role,Summary,5,9,0.001,2048,1024,128,128,4,True,9,4.589726156750173,3.576945780535967,3.9239689948695107,-0.3470232143335434,-6.764952317732149,-7.6373484841798085,0.0882049346384175,0.43877817322827717,0.16666666666666666,0.02370293223284445,0.7439972646559913,0.25390625,9.227219252368915e-08,0.0,0.0078125
role,Summary,5,10,1e-06,2048,1024,128,128,4,True,10,4.113546709794964,4.9756600498798935,5.453499248592507,-0.4778391987126138,-9.8179295834378,-10.672741190174118,0.20573930781011543,0.6944607815242049,0.16666666666666666,0.013526164762011404,0.526988653860521,0.1875,0.00020575038655746867,0.0078125,0.0859375
role,Summary,5,10,0.0001,2048,1024,128,128,4,True,8,4.663729284766664,4.2147399491997195,4.825874548494859,-0.61113459929514,-8.2242990461917,-9.315132246374986,0.17524720384694542,0.6084614652637255,0.16666666666666666,0.013526164762011416,0.5263525543938682,0.12109375,0.04295704754590679,0.0,0.0390625
role,Summary,5,10,0.001,2048,1024,128,128,4,True,9,5.26575436120933,3.844651527994259,4.5500520296489775,-0.7054005016547186,-7.444773826430208,-8.69880654079627,0.15332386538811113,0.5607453611724909,0.16666666666666666,0.013526164762011428,0.5206848304443964,0.1328125,0.019813663257872594,0.0,0.046875
role,Summary,5,11,1e-06,2048,1024,128,128,4,True,10,3.8155417101746574,4.218285048911182,4.519967284295778,-0.30168223538459654,-7.399520690559438,-8.147409791768728,0.14492231203650682,0.5998972804079074,0.16666666666666666,0.005906818233109253,0.6332441767570338,0.17578125,0.0006257967777605344,0.0,0.0078125
role,Summary,5,11,0.0001,2048,1024,128,128,4,True,9,4.3703488406624995,3.779266236859043,4.195108282847931,-0.4158420459888886,-6.815206698081955,-7.827677564496199,0.11313974109787701,0.47214360204925593,0.16666666666666666,0.005906818233109255,0.635339066658694,0.13671875,0.015066349402464208,0.0,0.0078125
role,Summary,5,11,0.001,2048,1024,128,128,4,True,9,4.899898294234846,3.539103386963413,4.1029645900198695,-0.5638612030564556,-6.488228404707515,-7.766511866171548,0.10578576372073246,0.40460225569361413,0.16666666666666666,0.005906818233109253,0.6539372711379905,0.17578125,0.0006257967777605344,0.0078125,0.015625
role,Summary,5,12,1e-06,2048,1024,128,128,4,True,9,5.884250357982481,2.6121901978961732,2.711717303989234,-0.09952710609306038,-5.192134326265513,-5.25438183790916,0.09543485902535195,0.3664174662628482,0.0,0.0,0.4786400096246167,0.2734375,6.005467433544062e-09,0.03125,0.046875
role,Summary,5,12,0.0001,2048,1024,128,128,4,True,9,6.394973421993763,2.6156288138268478,2.8934529203745236,-0.2778241065476759,-5.314727759641963,-5.680936646319802,0.10353400463154155,0.3796000131386707,0.0,0.0,0.47840926837850695,0.21484375,1.1517275704865574e-05,0.046875,0.046875
role,Summary,5,12,0.001,2048,1024,128,128,4,True,9,6.776404533439088,2.599445881769107,2.966578526885665,-0.3671326451165582,-5.362723989987895,-5.895485280872165,0.10791699534731126,0.39087130824457683,0.0,0.0,0.4763319024420478,0.21875,7.381061347748238e-06,0.046875,0.0546875
role,Summary,5,13,1e-06,2048,1024,128,128,4,True,10,4.847476765455456,5.794126075989216,6.209475016514956,-0.4153489405257393,-12.348640893947392,-13.507630254719816,0.13284661376988735,0.6652503331599261,0.16666666666666666,0.020829882326032563,0.40047809259414885,0.2109375,1.782257225451088e-05,0.0,0.09375
role,Summary,5,13,0.0001,2048,1024,128,128,4,True,9,5.412162275441378,4.830813840177851,5.4366806183832495,-0.6058667782053992,-10.118079693397295,-11.659164867778479,0.10104963774055545,0.5546024628267064,0.16666666666666666,0.020829882326032584,0.39957373153395603,0.15234375,0.004649248065287104,0.03125,0.0859375
role,Summary,5,13,0.001,2048,1024,128,128,4,True,10,6.0445161451807925,4.361576396840757,5.092748270499221,-0.7311718736584628,-8.989620157409476,-10.804823381337053,0.08214479800295946,0.47815896742906655,0.16666666666666666,0.02082988232603258,0.39151189234359174,0.06640625,0.6011607778074717,0.0390625,0.078125
role,Summary,5,14,1e-06,2048,1024,128,128,4,True,11,3.504181827527386,4.463732777272217,4.639160661333466,-0.17542788406124857,-7.776260388900543,-8.25272367684149,0.14199628199943576,0.8639430326231592,0.16666666666666666,0.02306172946806071,0.4109443620666596,0.1640625,0.00176897694134448,0.0,0.0234375
role,Summary,5,14,0.0001,2048,1024,128,128,4,True,10,3.9860678155650495,3.8403814187394953,4.186774845707246,-0.3463934269677506,-6.58690664534282,-7.302025286382504,0.12570072712479008,0.6997525659792373,0.16666666666666666,0.023061729468060697,0.4114863906687111,0.1171875,0.05471894473064931,0.0,0.0390625
role,Summary,5,14,0.001,2048,1024,128,128,4,True,9,4.486831814855583,3.5318114211709672,4.013842560413778,-0.4820311392428112,-6.063626496369805,-6.951028371055607,0.11512337998601735,0.5906315933672678,0.16666666666666666,0.023061729468060687,0.41644891366813347,0.18359375,0.00030054999002206975,0.0,0.0390625
role,Summary,5,15,1e-06,2048,1024,128,128,4,True,8,3.252327421719973,4.745460180729868,5.4347705338933086,-0.6893103531634392,-9.203860935715504,-10.336291521675015,0.2202231341253919,0.6865150860021016,0.16666666666666666,0.07023815086502881,0.5037304373383433,0.2265625,2.9565885080962975e-06,0.046875,0.265625
role,Summary,5,15,0.0001,2048,1024,128,128,4,True,9,3.6782966969782267,3.880568769711913,4.717585623826997,-0.837016854115084,-7.742539346765739,-9.154822306905375,0.16960561556466539,0.6297433488864547,0.16666666666666666,0.0702381508650288,0.5035315126116809,0.1953125,9.40842686753401e-05,0.0546875,0.15625
role,Summary,5,15,0.001,2048,1024,128,128,4,True,9,4.144583678051333,3.4256401156855016,4.361107218100751,-0.9354671024152497,-6.933449725653558,-8.52986254749511,0.1374638673977256,0.6041138927965588,0.16666666666666666,0.07023815086502884,0.5018120167176937,0.1796875,0.0004354569877453,0.046875,0.2109375
role,Summary,5,16,1e-06,2048,1024,128,128,4,True,7,3.1072776123383665,4.973410651177235,5.468990450646553,-0.49557979946931807,-8.684038731928192,-9.493689452382503,0.21078165381364977,0.6724008016110298,0.16666666666666666,0.011769191008816071,0.6639103760961343,0.23046875,1.847888979619762e-06,0.0078125,0.078125
role,Summary,5,16,0.0001,2048,1024,128,128,4,True,8,3.506219287424238,4.107600568403694,4.739140661370185,-0.6315400929664913,-7.563002196696608,-8.6985030154548,0.17618724321146872,0.5915537335236719,0.16666666666666666,0.011769191008816068,0.6635017235486231,0.12109375,0.04295704754590679,0.0,0.0234375
role,Summary,5,16,0.001,2048,1024,128,128,4,True,9,3.9242498895217577,3.6428345332773455,4.377978077979288,-0.7351435447019423,-6.8714666006111065,-8.231398873470685,0.15482684031464172,0.5472982573316618,0.16666666666666666,0.011769191008816071,0.659832132339031,0.1171875,0.05471894473064931,0.0,0.0546875
role,Summary,5,17,1e-06,2048,1024,128,128,4,True,11,3.8831937733709068,5.2940468120947175,5.971295013889657,-0.6772482017949395,-12.020117725175929,-13.248246577877932,0.26096003952391955,0.7815467437834822,0.16666666666666666,0.0629829534545377,0.5783901540194398,0.25390625,9.227219252368915e-08,0.0859375,0.2421875
role,Summary,5,17,0.0001,2048,1024,128,128,4,True,10,4.368385720549584,4.2936717820059,5.1053309554014294,-0.8116591733955285,-9.869350124357478,-11.452527854711594,0.2221948107349529,0.7150192426782581,0.16666666666666666,0.0629829534545377,0.5790279484125456,0.23046875,1.847888979619762e-06,0.03125,0.21875
role,Summary,5,17,0.001,2048,1024,128,128,4,True,9,4.94872224549092,3.7842771040871117,4.705599888134102,-0.92132278404699,-8.625905012075748,-10.514785642288473,0.19327356178855018,0.6774216938966111,0.16666666666666666,0.06298295345453772,0.584833777173598,0.1953125,9.40842686753401e-05,0.015625,0.1875
role,Summary,5,18,1e-06,2048,1024,128,128,4,True,9,4.97360988196395,8.399861216300845,9.284999311984716,-0.8851380956838704,-16.201207063983524,-17.46456825969865,0.18100118069059967,0.6523542680885089,0.16666666666666666,0.04901614494225194,0.848776561002983,0.265625,1.838083532653948e-08,0.09375,0.15625
role,Summary,5,18,0.0001,2048,1024,128,128,4,True,9,5.556655487643821,6.555622605626597,7.544296752001201,-0.9886741463746038,-12.715536244229185,-14.197959859668304,0.15974283976547504,0.6204091817280343,0.16666666666666666,0.049016144942251955,0.8514873750632107,0.18359375,0.00030054999002206975,0.0859375,0.171875
role,Summary,5,18,0.001,2048,1024,128,128,4,True,10,6.3217039789258065,5.486784645821212,6.627216371805784,-1.1404317259845733,-10.829585758940986,-12.588338796101342,0.1434692999422469,0.6111258657875076,0.16666666666666666,0.04901614494225197,0.8751907775781295,0.17578125,0.0006257967777605344,0.0859375,0.125
role,Summary,5,19,1e-06,2048,1024,128,128,4,True,9,5.152140861702589,10.753238366406382,11.757986204073992,-1.0047478376676104,-18.368018417554822,-20.4246915432339,0.20772138095670048,0.7090701177279961,0.5,0.12071221595943897,0.4609726411025249,0.33984375,1.073542535028726e-13,0.0546875,0.1015625
role,Summary,5,19,0.0001,2048,1024,128,128,4,True,8,5.767470067463437,8.367837740407321,9.458190317256527,-1.090352576849205,-14.324106956407645,-16.750381189307046,0.18815768253325152,0.5796342586106281,0.5,0.12071221595943894,0.46034245885649433,0.28515625,1.0509063100940924e-09,0.0390625,0.0703125
role,Summary,5,19,0.001,2048,1024,128,128,4,True,9,6.614465460343348,7.023672716968637,8.23923116943724,-1.2155584524686036,-12.021786911424636,-14.786397150885794,0.18879971972934032,0.48180314889445935,0.5,0.12071221595943894,0.45599283695610415,0.30859375,2.538865745522775e-11,0.03125,0.0390625
role,Summary,5,20,1e-06,2048,1024,128,128,4,True,9,5.410803076797985,8.817633398606674,9.466444211594169,-0.6488108129874965,-15.888458774894165,-16.927541679761415,0.13207223990489345,0.5848544732160071,0.3333333333333333,0.059862574745909745,0.47974936056276135,0.3203125,3.4992283936701867e-12,0.0859375,0.140625
role,Summary,5,20,0.0001,2048,1024,128,128,4,True,9,6.0661124780454445,6.906261385699447,7.687678520634002,-0.7814171349345542,-12.71125599997151,-14.104441350705837,0.11207671273233842,0.5192568667668176,0.3333333333333333,0.059862574745909766,0.47893726624002836,0.2734375,6.005467433544062e-09,0.0625,0.1171875
role,Summary,5,20,0.001,2048,1024,128,128,4,True,9,6.907020893970218,5.868665465960044,6.771111360333227,-0.902445894373183,-10.973586831109618,-12.768374217555667,0.09732404774466397,0.4876694989233096,0.3333333333333333,0.059862574745909766,0.47185798644687865,0.23046875,1.847888979619762e-06,0.015625,0.125
role,Summary,5,21,1e-06,2048,1024,128,128,4,True,10,3.819563625897548,7.205187315907896,7.635717401769636,-0.43053008586173985,-14.478958619698076,-15.45476580801176,0.1536871856361553,0.7188721456396816,0.16666666666666666,0.0752611030835945,0.40825446192188813,0.25,1.553142566968138e-07,0.0546875,0.1640625
role,Summary,5,21,0.0001,2048,1024,128,128,4,True,8,4.2777645922663385,5.747269208867742,6.334267758548516,-0.5869985496807737,-11.475461213242713,-12.744392807276736,0.12786536513591065,0.6077176925450346,0.16666666666666666,0.07526110308359454,0.4078874426157449,0.1953125,9.40842686753401e-05,0.03125,0.09375
role,Summary,5,21,0.001,2048,1024,128,128,4,True,8,4.865198168837841,4.948254427692915,5.672165294247803,-0.7239108665548876,-9.799467526647042,-11.382078915910954,0.10998894111454274,0.532439030765149,0.16666666666666666,0.07526110308359453,0.40466600096840843,0.12890625,0.025849477725005232,0.03125,0.109375
role,Summary,5,22,1e-06,2048,1024,128,128,4,True,9,5.62782006751991,8.825283680190584,9.577410804023536,-0.7521271238329537,-15.680972777036892,-16.887113315295913,0.1813041941548952,0.6501212668947054,0.16666666666666666,0.08022445593618414,0.45984120000477857,0.34375,5.202843089038079e-14,0.0546875,0.140625
role,Summary,5,22,0.0001,2048,1024,128,128,4,True,10,6.299931470482424,6.964847333789962,7.871526353566281,-0.90667901977632,-12.558824541017874,-14.06384841070556,0.1612449627133249,0.5781290475255438,0.16666666666666666,0.08022445593618414,0.45982097782156306,0.30859375,2.538865745522775e-11,0.0546875,0.1328125
role,Summary,5,22,0.001,2048,1024,128,128,4,True,10,7.163961324806474,5.941395484337361,6.98994956598228,-1.048554081644918,-10.894505313916692,-12.71889475953796,0.14602538983788915,0.5372219559752456,0.16666666666666666,0.08022445593618414,0.4600488360068783,0.27734375,3.3884305330612322e-09,0.0390625,0.0859375
role,Summary,5,23,1e-06,2048,1024,128,128,4,True,8,8.390347196822981,8.928110408885818,9.669987211649847,-0.7418768027640283,-17.655008145769514,-18.58493487761488,0.09438318298739279,0.7767167558059803,0.16666666666666666,0.03643076572459448,0.7384093440162776,0.30859375,2.538865745522775e-11,0.0546875,0.125
role,Summary,5,23,0.0001,2048,1024,128,128,4,True,9,9.49280380346573,7.092739594840122,7.987895231206942,-0.8951556363668198,-14.402759052173302,-15.697104563438968,0.07926944206398705,0.7470881959466935,0.16666666666666666,0.03643076572459448,0.7400040249224846,0.22265625,4.6910366522335245e-06,0.0546875,0.1171875
role,Summary,5,23,0.001,2048,1024,128,128,4,True,9,10.97102512256164,6.119356581259675,7.156960877170702,-1.0376042959110274,-12.663243855617885,-14.31270263566533,0.06773716892340519,0.7361368347278834,0.16666666666666666,0.036430765724594485,0.7543945752543972,0.2109375,1.782257225451088e-05,0.078125,0.125
role,Summary,5,24,1e-06,2048,1024,128,128,4,True,9,6.832376250302446,11.041937673547404,11.933449125916074,-0.8915114523686722,-23.253345341538846,-25.32322000898094,0.08795982088968149,0.6920568660746729,0.16666666666666666,0.07780492286504588,0.5568185453226792,0.30078125,9.098922052950389e-11,0.140625,0.1875
role,Summary,5,24,0.0001,2048,1024,128,128,4,True,9,7.650428613072402,8.4710115355954,9.48793592542386,-1.0169243898284612,-17.521830575988567,-19.910984467622473,0.0741001863087283,0.6476038610745756,0.16666666666666666,0.07780492286504578,0.5565398681262084,0.23828125,7.038776424263986e-07,0.0546875,0.140625
role,Summary,5,24,0.001,2048,1024,128,128,4,True,10,8.895740850451158,7.040260596990317,8.222220466848114,-1.1819598698577973,-14.328213824519413,-17.09278959465961,0.06321873840100098,0.6277572142140414,0.16666666666666666,0.07780492286504584,0.5546310900735358,0.22265625,4.6910366522335245e-06,0.0390625,0.125
role,Summary,5,25,1e-06,2048,1024,128,128,4,True,9,5.402290449083221,10.738306643390235,11.604155922225996,-0.8658492788357606,-22.03579907253428,-24.02707685609594,0.1357166880167947,0.7536264140109364,0.3333333333333333,0.07825906468160825,0.8422191967057808,0.30078125,9.098922052950389e-11,0.0703125,0.125
role,Summary,5,25,0.0001,2048,1024,128,128,4,True,9,6.0989869312170395,8.347951276491406,9.403854740397973,-1.0559034639065672,-16.823204316553678,-19.13668945696338,0.11926339272382873,0.6841854854763247,0.3333333333333333,0.07825906468160827,0.8410353437690884,0.27734375,3.3884305330612322e-09,0.0703125,0.125
role,Summary,5,25,0.001,2048,1024,128,128,4,True,9,7.15014932267812,6.992579611056527,8.229901886578304,-1.2373222755217752,-13.802595732632133,-16.436141446619832,0.10727075987728857,0.644782905637916,0.3333333333333333,0.07825906468160818,0.8305857927647232,0.31640625,6.83543823843095e-12,0.0625,0.0859375
role,Summary,5,26,1e-06,2048,1024,128,128,4,True,9,5.1588644233385175,8.942196249998556,9.858846603956298,-0.9166503539577415,-16.486231705575815,-18.029229004667158,0.15677078401956895,0.6986587464712433,0.5,0.09236088492281294,1.0792355100580986,0.32421875,1.7752249813670875e-12,0.109375,0.15625
role,Summary,5,26,0.0001,2048,1024,128,128,4,True,9,5.762268003593903,6.951240773062466,8.034785499872468,-1.0835447268100022,-12.826126830175221,-14.697771237451574,0.13676053007720712,0.6584826655253777,0.5,0.09236088492281286,1.078668197803829,0.26953125,1.0551926983948056e-08,0.078125,0.125
role,Summary,5,26,0.001,2048,1024,128,128,4,True,9,6.606476273758339,5.838058120704785,7.0475997513101944,-1.2095416306054088,-10.861069805341923,-12.995041702857872,0.12214534139181336,0.6364259084959175,0.5,0.09236088492281289,1.073585825383885,0.2421875,4.289574463648891e-07,0.0703125,0.125
role,Summary,5,27,1e-06,2048,1024,128,128,4,True,9,6.966257964655549,9.246637816439483,10.021822255663423,-0.7751844392239409,-21.040316065722923,-22.86691319470485,0.11641840095798639,0.8019691226416499,0.3333333333333333,0.06943713319218178,0.9912460045212136,0.28125,1.895287375668482e-09,0.09375,0.171875
role,Summary,5,27,0.0001,2048,1024,128,128,4,True,8,7.735003801984625,7.250764653483738,8.175332696430917,-0.9245680429471772,-15.964190730484027,-18.027257690202852,0.1016313448414753,0.7643678839650102,0.3333333333333333,0.06943713319218173,0.9903307221795375,0.1796875,0.0004354569877453,0.0625,0.171875
role,Summary,5,27,0.001,2048,1024,128,128,4,True,9,8.857883569375524,6.165220482783676,7.229357522293813,-1.0641370395101366,-13.289823159959806,-15.604906199920627,0.08953340482165409,0.7402717342901475,0.3333333333333333,0.06943713319218171,0.9821640954920108,0.23828125,7.038776424263986e-07,0.09375,0.1484375
role,Summary,5,28,1e-06,2048,1024,128,128,4,True,10,4.709127243703417,5.592695052509803,5.939838664485654,-0.34714361197585164,-11.975405233817447,-12.691465736756943,0.16951285148102585,0.5992683521358552,0.5,0.04615257948285604,0.6671664187263946,0.18359375,0.00030054999002206975,0.0234375,0.09375
role,Summary,5,28,0.0001,2048,1024,128,128,4,True,9,5.2587685275753415,4.766214708454347,5.246379163381658,-0.4801644549273101,-9.983444179922166,-11.0490213696565,0.14525216737128577,0.560646995467514,0.5,0.046152579482856046,0.666788636327828,0.16015625,0.0024610192473685233,0.0390625,0.1015625
role,Summary,5,28,0.001,2048,1024,128,128,4,True,9,5.887869264841488,4.342151252908602,4.933121613354169,-0.5909703604455674,-8.972944740185817,-10.350464757154338,0.12814056109505745,0.5470022985669443,0.5,0.04615257948285604,0.6634083135266565,0.1484375,0.006313488560237168,0.0390625,0.1015625
role,Summary,5,29,1e-06,2048,1024,128,128,4,True,9,5.572223329534786,9.374322240307183,10.371107461908597,-0.9967852216014123,-19.73903861230908,-21.50591512458521,0.11875388852488997,0.6672413312405214,0.5,0.06019397564923707,0.8988477529460716,0.32421875,1.7752249813670875e-12,0.140625,0.1953125
role,Summary,5,29,0.0001,2048,1024,128,128,4,True,9,6.176086281562584,7.184776285816608,8.260232091984705,-1.075455806168096,-15.114023144375064,-17.11241361657092,0.10145078410116742,0.6540789463504143,0.5,0.060193975649237084,0.8982719285586617,0.26953125,1.0551926983948056e-08,0.046875,0.1484375
role,Summary,5,29,0.001,2048,1024,128,128,4,True,10,7.0102595006594,6.059766041373198,7.174938552135631,-1.1151725107624322,-12.698840094679195,-14.914901029101046,0.08793166524075768,0.6529589207566963,0.5,0.0601939756492371,0.8931333825348373,0.24609375,2.592123269824214e-07,0.09375,0.1796875
role,Summary,5,30,1e-06,2048,1024,128,128,4,True,9,3.9199968820330975,5.138690735641681,5.565580063288925,-0.4268893276472442,-10.64310122388523,-11.36606863089603,0.23078373052345777,0.7203227767655338,0.3333333333333333,0.03477861691280849,0.895573317521883,0.23828125,7.038776424263986e-07,0.078125,0.1640625
role,Summary,5,30,0.0001,2048,1024,128,128,4,True,9,4.379346883762006,4.204849316063419,4.7667872520467895,-0.5619379359833713,-8.640186148804684,-9.644934396632172,0.20340111125908106,0.6644214112569502,0.3333333333333333,0.03477861691280849,0.8952298915727923,0.16796875,0.001261290693128525,0.078125,0.1640625
role,Summary,5,30,0.001,2048,1024,128,128,4,True,9,4.924279334152183,3.7135225445605125,4.384244636455689,-0.6707220918951768,-7.588885523102413,-8.792148128735343,0.18522563858578592,0.6325787432653572,0.3333333333333333,0.034778616912808494,0.8921417708702851,0.14453125,0.00850482833415378,0.078125,0.1640625
role,Summary,5,31,1e-06,2048,1024,128,128,4,True,7,2.9749592701167766,4.541417963828138,4.392517395726774,0.14890056810136493,-8.837888415781656,-8.924687911286107,0.2579132548233097,0.7483269269733368,0.3333333333333333,0.045464089668238075,0.9694804919724644,0.22265625,4.6910366522335245e-06,0.0234375,0.15625
role,Summary,5,31,0.0001,2048,1024,128,128,4,True,8,3.6737918736975104,3.7054588076424353,3.944379268580726,-0.23892046093829067,-7.440776674258085,-8.301641202872151,0.19821923310140765,0.6592797495870766,0.3333333333333333,0.045464089668238054,0.9694284863342075,0.16015625,0.0024610192473685233,0.015625,0.078125
role,Summary,5,31,0.001,2048,1024,128,128,4,True,8,4.3313490178973995,3.316896185785561,3.7961415766039934,-0.479245390818432,-6.777456828767221,-8.072301168669409,0.16506201289406588,0.6270172263033356,0.3333333333333333,0.04546408966823805,0.9689635102524521,0.1484375,0.006313488560237168,0.0625,0.09375
role,Summary,6,0,1e-06,3296,1760,128,128,4,True,8,1.793079997457627,3.587545470500016,3.4938924823030746,0.09365298819694204,-11.105437125920435,-11.376134788641743,0.33913612917794633,0.6456383321228846,0.16666666666666666,0.05260397766204706,0.3744171977240323,0.28125,1.895287375668482e-09,0.0,0.0234375
role,Summary,6,0,0.0001,3296,1760,128,128,4,True,8,2.191583540620906,3.2945992368173305,3.6681082461270496,-0.37350900930971953,-8.831017658121478,-10.046915385881823,0.2844351899998412,0.5403161582521002,0.16666666666666666,0.052603977662047066,0.3754095956924616,0.26953125,1.0551926983948056e-08,0.0,0.03125
role,Summary,6,0,0.001,3296,1760,128,128,4,True,8,2.5661624484958674,3.069155328192098,3.6724088158333865,-0.6032534876412885,-7.530160001009274,-9.229044724248313,0.2545097611051757,0.48919933589742737,0.16666666666666666,0.05260397766204705,0.38439243827128255,0.25390625,9.227219252368915e-08,0.0,0.0078125
role,Summary,6,1,1e-06,3296,1760,128,128,4,True,9,4.6155366972105885,5.626297437898968,5.911798289298245,-0.2855008513992781,-12.218417909836338,-12.94628246141135,0.1992343597230205,0.6921601211178989,0.16666666666666666,0.0012044391343683466,0.9601610681381557,0.26171875,3.1743788057539135e-08,0.0390625,0.0625
role,Summary,6,1,0.0001,3296,1760,128,128,4,True,9,5.24929175796725,5.018927124967838,5.428621011620647,-0.4096938866528091,-10.444385497127698,-11.401178218972293,0.17232254870469182,0.5856873505853627,0.16666666666666666,0.0012044391343683466,0.9617875716189365,0.14453125,0.00850482833415378,0.015625,0.0546875
role,Summary,6,1,0.001,3296,1760,128,128,4,True,9,5.97783948551753,4.6860687844748306,5.223450872316908,-0.5373820878420789,-9.481349193679586,-10.692677232483991,0.153550868569256,0.5299828889023697,0.16666666666666666,0.0012044391343683446,0.9761082847643332,0.0625,0.6756687537446433,0.0078125,0.046875
role,Summary,6,2,1e-06,3296,1760,128,128,4,True,9,10.144044875440365,9.74116813191397,9.815536804950522,-0.07436867303655054,-21.224612433697505,-21.692662531472326,0.07918023589898429,0.4935211238619712,0.5,0.05109784966217982,0.5444930249437527,0.2109375,1.782257225451088e-05,0.0703125,0.15625
role,Summary,6,2,0.0001,3296,1760,128,128,4,True,11,12.077766825101929,8.049487522997438,8.561681284526333,-0.5121937615288943,-17.185575979324817,-18.296698269153385,0.06716397063373056,0.5091400273133581,0.5,0.05109784966217982,0.5494319085813961,0.1015625,0.1330414826108106,0.015625,0.1015625
role,Summary,6,2,0.001,3296,1760,128,128,4,True,11,14.691848249029317,7.078669684830064,7.920137399136438,-0.8414677143063719,-14.8304562985924,-16.553895094296067,0.0579309930753667,0.555993828867882,0.5,0.05109784966217982,0.5917981819791076,0.109375,0.0866920605943059,0.015625,0.09375
role,Summary,6,3,1e-06,3296,1760,128,128,4,True,10,6.751297560107181,7.2249499848087435,7.52557057700911,-0.3006205922003655,-13.444798726607562,-14.104543445978397,0.10031628879732297,0.3434669662387793,0.5,0.05699999948636013,0.9609894458474963,0.2265625,2.9565885080962975e-06,0.0,0.0703125
role,Summary,6,3,0.0001,3296,1760,128,128,4,True,11,7.731203628676436,6.215224884962733,6.678675364206752,-0.46345047924401916,-11.823000006511975,-12.798054137484657,0.07962357453460986,0.36103483517759416,0.5,0.0569999994863602,0.9635982694439247,0.16015625,0.0024610192473685233,0.03125,0.0546875
role,Summary,6,3,0.001,3296,1760,128,128,4,True,10,8.86926064386839,5.68099606667899,6.334712601709444,-0.6537165350304543,-10.90713151151819,-12.259401899951246,0.06550227622103817,0.4074583428183141,0.5,0.056999999486360205,0.9862125065700649,0.13671875,0.015066349402464208,0.0,0.0546875
role,Summary,6,4,1e-06,3296,1760,128,128,4,True,8,6.2522344480453285,5.818033845182775,5.9328388268962975,-0.11480498171352269,-13.102859874894238,-13.512908225576096,0.1277557648020168,0.43783685363540137,0.16666666666666666,0.007099707775847432,0.6500221951121518,0.3046875,4.827787419674662e-11,0.0390625,0.1796875
role,Summary,6,4,0.0001,3296,1760,128,128,4,True,9,7.162010663680169,5.139202571727798,5.385805383725262,-0.24660281199746392,-11.3855352418774,-12.090813959987763,0.10086138886327686,0.4040982312570274,0.16666666666666666,0.007099707775847435,0.6516359442270585,0.19921875,6.28426475199267e-05,0.0234375,0.0390625
role,Summary,6,4,0.001,3296,1760,128,128,4,True,9,8.247960182283723,4.741707309928076,5.140166072974925,-0.39845876304684874,-10.379412373127728,-11.404716968533105,0.08190590953711469,0.4179734916091607,0.16666666666666666,0.0070997077758474395,0.6659512509205391,0.1953125,9.40842686753401e-05,0.0234375,0.0390625
role,Summary,6,5,1e-06,3296,1760,128,128,4,True,9,4.526822505174128,5.4460041894970805,5.83728915892828,-0.3912849694311999,-9.955201767569935,-10.629722584106272,0.12327621374448178,0.3609820935560132,0.16666666666666666,0.012146527457841136,0.9895102950535197,0.13671875,0.015066349402464208,0.015625,0.03125
role,Summary,6,5,0.0001,3296,1760,128,128,4,True,9,5.230040127233934,4.740267132843517,5.285334716576665,-0.5450675837331485,-8.98802607722535,-9.950769489369037,0.09243357211279402,0.3705313921404609,0.16666666666666666,0.01214652745784112,0.9917119628404538,0.09375,0.19772455806067113,0.0078125,0.03125
role,Summary,6,5,0.001,3296,1760,128,128,4,True,10,5.973532316827371,4.33284021392833,5.0465196440990585,-0.7136794301707283,-8.394985241939654,-9.648888243115932,0.07962814752804658,0.4085745224687096,0.16666666666666666,0.012146527457841123,1.0109633849377435,0.140625,0.011365189018294308,0.015625,0.046875
role,Summary,6,6,1e-06,3296,1760,128,128,4,True,9,4.570689352208234,4.1860206012050565,4.211011225703095,-0.02499062449803892,-7.816962769557762,-7.704421502693165,0.14466268974104823,0.2882877165200812,0.16666666666666666,0.02068421573351181,0.7550651794996986,0.125,0.03345596830001085,0.015625,0.0625
role,Summary,6,6,0.0001,3296,1760,128,128,4,True,9,5.197140084450373,3.792019080498756,3.929354736464095,-0.1373356559653393,-7.435508030397098,-7.705854296479038,0.11753751772328139,0.24196493564419477,0.16666666666666666,0.02068421573351182,0.7564841301475226,0.1015625,0.1330414826108106,0.0234375,0.03125
role,Summary,6,6,0.001,3296,1760,128,128,4,True,9,5.785912685544085,3.584133687655998,3.851296171978799,-0.2671624843228009,-7.136042344381934,-7.679405666625011,0.10224113750356364,0.2519710350712051,0.16666666666666666,0.020684215733511833,0.7691025092014655,0.109375,0.0866920605943059,0.0,0.03125
role,Summary,6,7,1e-06,3296,1760,128,128,4,True,9,6.29269245759319,3.1921882678011824,3.1857883308910653,0.006399936910116949,-6.417451445303427,-6.442400621295517,0.08796396934881553,0.2956493860312738,0.16666666666666666,0.02792840375995221,0.7445083723200044,0.15234375,0.004649248065287104,0.015625,0.03125
role,Summary,6,7,0.0001,3296,1760,128,128,4,True,9,7.165377317219491,3.211665709327555,3.3761018747165465,-0.16443616538899214,-6.551037513394962,-6.88672599645875,0.06474039181913958,0.26375414601654235,0.16666666666666666,0.0279284037599522,0.7457995859540874,0.1484375,0.006313488560237168,0.0078125,0.03125
role,Summary,6,7,0.001,3296,1760,128,128,4,True,9,7.878446709146289,3.1990502607235034,3.5110690239972446,-0.3120187632737412,-6.57025286555725,-7.175124374350878,0.07289625428573451,0.2732161311352367,0.16666666666666666,0.027928403759952185,0.7573147641090114,0.16015625,0.0024610192473685233,0.0078125,0.03125
role,Summary,6,8,1e-06,3296,1760,128,128,4,True,9,4.464130886317139,3.7434154262361488,3.8105163064117633,-0.06710088017561483,-7.680011659042123,-7.562009567273588,0.1668515076761785,0.6450839824847727,0.16666666666666666,0.0006392361656129894,0.3867692802924609,0.1328125,0.019813663257872594,0.0,0.0078125
role,Summary,6,8,0.0001,3296,1760,128,128,4,True,9,5.067648597002534,3.5399560721306735,3.7687767640935257,-0.22882069196285237,-7.171779328928727,-7.383215314078108,0.12606000791084712,0.5422496656017458,0.16666666666666666,0.0006392361656129897,0.38753848933913954,0.12890625,0.025849477725005232,0.0,0.0078125
role,Summary,6,8,0.001,3296,1760,128,128,4,True,8,5.658092780491897,3.4135172713603943,3.784656257598568,-0.37113898623817315,-6.809879162830266,-7.297544293357319,0.10101838250787311,0.4899478463653367,0.16666666666666666,0.0006392361656129909,0.3945801828695528,0.0859375,0.2843716565254909,0.0,0.0078125
role,Summary,6,9,1e-06,3296,1760,128,128,4,True,10,4.00318877007266,3.7755101442655503,3.7897286510540806,-0.014218506788530587,-8.429891947537824,-8.771023353603402,0.2116047430207328,0.7362552534347938,0.16666666666666666,0.02696977248618147,0.48461839658704425,0.2734375,6.005467433544062e-09,0.03125,0.125
role,Summary,6,9,0.0001,3296,1760,128,128,4,True,11,4.5206849562575355,3.5342510559251874,3.713072159486578,-0.17882110356139017,-7.498966992806404,-8.117884935872846,0.18523179926345845,0.5928514473319161,0.16666666666666666,0.02696977248618147,0.48619923554265676,0.12109375,0.04295704754590679,0.0,0.0625
role,Summary,6,9,0.001,3296,1760,128,128,4,True,10,5.037641948073187,3.377308635762207,3.701579354850643,-0.3242707190884359,-6.990911478225433,-7.838513318694301,0.168211889185141,0.5020857005381892,0.16666666666666666,0.026969772486181466,0.5003369877854779,0.10546875,0.1078240411546818,0.0,0.0625
role,Summary,6,10,1e-06,3296,1760,128,128,4,True,10,3.916631489424671,4.379045047566067,4.704474438136825,-0.3254293905707584,-8.753507259893553,-9.084349001365148,0.17707505768835766,0.7405590210047178,0.16666666666666666,0.03207223659884915,0.5599144624799739,0.18359375,0.00030054999002206975,0.015625,0.0625
role,Summary,6,10,0.0001,3296,1760,128,128,4,True,9,4.498275900388906,3.843504123128918,4.345537976362172,-0.5020338532332537,-7.667802520330097,-8.295495236295604,0.14354400473574008,0.6386142998298486,0.16666666666666666,0.03207223659884912,0.5594354775261062,0.109375,0.0866920605943059,0.015625,0.1015625
role,Summary,6,10,0.001,3296,1760,128,128,4,True,9,5.11453054027002,3.5745379114453346,4.20007270954939,-0.6255347981040565,-7.079554120625467,-7.998360025781707,0.1212578810997796,0.5825854754401507,0.16666666666666666,0.03207223659884913,0.555164505899349,0.125,0.03345596830001085,0.015625,0.0859375
role,Summary,6,11,1e-06,3296,1760,128,128,4,True,10,3.804275349323606,3.3456287189649583,3.4147449912477486,-0.0691162722827903,-7.327608586197857,-7.6222031813430196,0.21460242107748526,0.6526134250376575,0.3333333333333333,0.03599504244066838,0.7103152222501776,0.16015625,0.0024610192473685233,0.0,0.0234375
role,Summary,6,11,0.0001,3296,1760,128,128,4,True,10,4.353838273049328,3.294920872402599,3.526329727237333,-0.23140885483473386,-6.939746986746842,-7.518425441776637,0.16450866675204923,0.502299277206088,0.3333333333333333,0.03599504244066837,0.7123586549833486,0.1484375,0.006313488560237168,0.0,0.03125
role,Summary,6,11,0.001,3296,1760,128,128,4,True,9,4.877321839429274,3.233211575188503,3.6211604428418083,-0.3879488676533052,-6.590263167257259,-7.481726104476085,0.13360599696910963,0.41381446406858163,0.3333333333333333,0.03599504244066839,0.7304701917617442,0.18359375,0.00030054999002206975,0.0,0.0078125
role,Summary,6,12,1e-06,3296,1760,128,128,4,True,9,5.953446446932941,2.3316206861634305,1.948491119362103,0.3831295668013276,-5.082460660325168,-4.799757667850125,0.08858900029495229,0.3052200700554137,0.0,0.0,0.36546895383395833,0.21875,7.381061347748238e-06,0.0625,0.0625
role,Summary,6,12,0.0001,3296,1760,128,128,4,True,8,6.463868218608278,2.4357989417335535,2.2585000215603572,0.17729892017319668,-5.203106249181625,-5.263321961928266,0.07211776775555566,0.30721867367719224,0.0,0.0,0.3652206442277295,0.18359375,0.00030054999002206975,0.0625,0.0625
role,Summary,6,12,0.001,3296,1760,128,128,4,True,9,6.8589688742128905,2.4969117325620234,2.4819965019429224,0.01491523061910045,-5.249983993635551,-5.510276701739044,0.06435147668930555,0.3131983414157621,0.0,0.0,0.3629817773273705,0.12890625,0.025849477725005232,0.0625,0.0625
role,Summary,6,13,1e-06,3296,1760,128,128,4,True,11,4.3394006502903455,4.345937703639388,4.524266879075027,-0.17832917543563892,-10.27077781470884,-10.902803051339825,0.1993743648969031,0.9021263563636793,0.16666666666666666,0.035048501203265185,0.30692695802740205,0.1953125,9.40842686753401e-05,0.0078125,0.1015625
role,Summary,6,13,0.0001,3296,1760,128,128,4,True,10,4.901105485624474,4.001759413319103,4.4084383387405115,-0.4066789254214078,-8.767223729411452,-9.73965843581388,0.1742551487383584,0.7443396398948634,0.16666666666666666,0.035048501203265185,0.30622609178077664,0.12890625,0.025849477725005232,0.0078125,0.0546875
role,Summary,6,13,0.001,3296,1760,128,128,4,True,9,5.507598147893089,3.809039114763363,4.387244331814696,-0.5782052170513332,-7.95049145674848,-9.221604421246749,0.15720329344835807,0.6310268936163347,0.16666666666666666,0.035048501203265185,0.3001263330359144,0.078125,0.39509469943082365,0.0234375,0.109375
role,Summary,6,14,1e-06,3296,1760,128,128,4,True,10,3.398063735756647,3.5484549629093323,3.6510872259749814,-0.10263226306564968,-7.675457063228211,-8.223970625889566,0.1661964705474522,0.6779363072885456,0.16666666666666666,0.049456764736262974,0.3400417119852994,0.19140625,0.00013970433630997956,0.0,0.0390625
role,Summary,6,14,0.0001,3296,1760,128,128,4,True,10,3.834495561702915,3.249529725889877,3.5317226299959232,-0.28219290410604597,-6.683274541575797,-7.512293058580055,0.11549028035184158,0.5470346330551266,0.16666666666666666,0.04945676473626299,0.3407125115798104,0.1171875,0.05471894473064931,0.0,0.0703125
role,Summary,6,14,0.001,3296,1760,128,128,4,True,9,4.271368822336987,3.103517169745687,3.5126962362884333,-0.4091790665427463,-6.18582453277649,-7.242618369888893,0.09697599132519186,0.4675571328682602,0.16666666666666666,0.04945676473626299,0.3467961391657089,0.12890625,0.025849477725005232,0.0,0.046875
role,Summary,6,15,1e-06,3296,1760,128,128,4,True,8,3.0477168463894486,4.243496063758944,4.649334776106041,-0.40583871234709634,-8.227715666321634,-8.961529248683096,0.17986921286413812,0.5748605191174769,0.16666666666666666,0.06467326437595046,0.3428694968400921,0.1953125,9.40842686753401e-05,0.0625,0.140625
role,Summary,6,15,0.0001,3296,1760,128,128,4,True,9,3.416498895708794,3.6203820868440175,4.181539686745092,-0.561157599901074,-7.1566208537218925,-8.261922450750392,0.146897340686607,0.4964039333146003,0.16666666666666666,0.06467326437595043,0.343022774532589,0.109375,0.0866920605943059,0.03125,0.0703125
role,Summary,6,15,0.001,3296,1760,128,128,4,True,8,3.80126690467588,3.2791324565838766,3.9593292442015398,-0.6801967876176631,-6.48384315372499,-7.864574835082719,0.1274263763656206,0.4583050516291007,0.16666666666666666,0.06467326437595043,0.3445028298697787,0.08203125,0.3367011529688867,0.03125,0.09375
role,Summary,6,16,1e-06,3296,1760,128,128,4,True,9,3.5388087334873335,4.109360253407008,4.392944460189314,-0.2835842067823062,-8.682264092576721,-9.01617805887733,0.21274809163128064,0.7450104369878214,0.16666666666666666,0.03700534972864301,0.5498349430092635,0.21484375,1.1517275704865574e-05,0.0390625,0.109375
role,Summary,6,16,0.0001,3296,1760,128,128,4,True,8,4.02673523983619,3.7081273422099414,4.179972110069934,-0.4718447678599922,-7.593610907577571,-8.241438799329964,0.17942565634922647,0.6435165002853646,0.16666666666666666,0.03700534972864296,0.5493341983262888,0.09765625,0.16284637793210843,0.0,0.0546875
role,Summary,6,16,0.001,3296,1760,128,128,4,True,7,4.552791966652746,3.4676163455201667,4.076162396793574,-0.6085460512734064,-6.914441113026035,-7.822441849027266,0.1589779961364094,0.5854851689356082,0.16666666666666666,0.03700534972864299,0.5448648734116982,0.10546875,0.1078240411546818,0.015625,0.0625
role,Summary,6,17,1e-06,3296,1760,128,128,4,True,10,3.391421531249292,5.990962678707676,6.447734481437889,-0.45677180273021234,-10.853213206179834,-11.861828877375292,0.2506436739052375,0.7620796696651433,0.16666666666666666,0.08392287802410735,0.3992858267203485,0.23828125,7.038776424263986e-07,0.0,0.1484375
role,Summary,6,17,0.0001,3296,1760,128,128,4,True,8,3.8376126444187038,4.895556161332015,5.509981753412168,-0.6144255920801528,-9.030528749382455,-10.360816040556966,0.2189238667805782,0.6312342876271689,0.16666666666666666,0.08392287802410732,0.39934742977504173,0.15234375,0.004649248065287104,0.0,0.1171875
role,Summary,6,17,0.001,3296,1760,128,128,4,True,9,4.350448848074924,4.285403688021669,5.025592442923802,-0.7401887549021333,-7.930022128645508,-9.566524881966814,0.1975157181957608,0.5416276254210467,0.16666666666666666,0.08392287802410726,0.40001369749129967,0.1953125,9.40842686753401e-05,0.0,0.03125
role,Summary,6,18,1e-06,3296,1760,128,128,4,True,10,4.153674634166413,7.419911697459421,8.310554756011804,-0.8906430585523825,-14.184345408725267,-15.668887996366092,0.17588060856355717,0.6141237277688206,0.3333333333333333,0.04765613352996005,0.5001194433808417,0.23828125,7.038776424263986e-07,0.03125,0.140625
role,Summary,6,18,0.0001,3296,1760,128,128,4,True,10,4.672424715869871,5.944913924641442,6.958944830032708,-1.014030905391267,-11.512247296027695,-13.328861016205668,0.15095706067650722,0.5768625115200183,0.3333333333333333,0.04765613352996004,0.5012813307928068,0.2109375,1.782257225451088e-05,0.0234375,0.1875
role,Summary,6,18,0.001,3296,1760,128,128,4,True,11,5.312090741665995,5.042523838780333,6.197510914813073,-1.1549870760327403,-9.957759627763558,-12.165786910547931,0.1334812278135494,0.5674758716049253,0.3333333333333333,0.04765613352996005,0.5119803310909099,0.16796875,0.001261290693128525,0.03125,0.140625
role,Summary,6,19,1e-06,3296,1760,128,128,4,True,9,4.963537554381288,8.743444469236284,9.533092089651348,-0.7896476204150629,-16.757940182475814,-18.582198487642913,0.14633287749082002,0.6215036500645864,0.3333333333333333,0.129912871478685,0.5621482758437406,0.28515625,1.0509063100940924e-09,0.03125,0.125
role,Summary,6,19,0.0001,3296,1760,128,128,4,True,9,5.524413203682933,6.886310491663101,7.8086997977729755,-0.9223893061098741,-13.137518788496884,-15.25025967068144,0.12543144871911088,0.5798429512651352,0.3333333333333333,0.12991287147868508,0.5614830121533265,0.234375,1.1452873919607316e-06,0.0625,0.125
role,Summary,6,19,0.001,3296,1760,128,128,4,True,9,6.246856839124053,5.867820385089337,6.956946822823706,-1.0891264377343686,-11.220463570978772,-13.594133710758767,0.10916791999175834,0.5628249018032374,0.3333333333333333,0.12991287147868505,0.5559403125612763,0.22265625,4.6910366522335245e-06,0.0234375,0.109375
role,Summary,6,20,1e-06,3296,1760,128,128,4,True,9,3.880066623831296,8.37587739279861,9.185739249139965,-0.8098618563413553,-13.475537687406872,-14.604391212928467,0.20019537457294728,0.6356798155526137,0.5,0.052903803710321017,0.5681999975132381,0.3515625,1.1885095331896712e-14,0.0234375,0.0546875
role,Summary,6,20,0.0001,3296,1760,128,128,4,True,8,4.3526959363116005,6.527535785165149,7.507905072773939,-0.9803692876087912,-10.887719347608703,-12.318348866283532,0.17386213776007156,0.5653634592514987,0.5,0.052903803710321017,0.5683875392164279,0.265625,1.838083532653948e-08,0.03125,0.0703125
role,Summary,6,20,0.001,3296,1760,128,128,4,True,9,4.9324166438454435,5.497288046618715,6.651988976871403,-1.154700930252688,-9.403006284444698,-11.132562105409322,0.1554890738259559,0.5302770201677609,0.5,0.05290380371032102,0.5705115864288907,0.3203125,3.4992283936701867e-12,0.046875,0.0859375
role,Summary,6,21,1e-06,3296,1760,128,128,4,True,9,4.153952175052184,7.763204158395036,8.26890100449503,-0.5056968460999935,-13.773528778223671,-14.414195761444674,0.18903943864716533,0.6598140226913765,0.16666666666666666,0.06632722122172367,0.5415996870172515,0.28515625,1.0509063100940924e-09,0.0234375,0.140625
role,Summary,6,21,0.0001,3296,1760,128,128,4,True,8,4.686201744043407,6.109431496889415,6.764879035286971,-0.6554475383975562,-11.082634621319862,-12.04619339326078,0.16405468248804753,0.5859596671242554,0.16666666666666666,0.0663272212217237,0.5419875277025428,0.21875,7.381061347748238e-06,0.0625,0.1015625
role,Summary,6,21,0.001,3296,1760,128,128,4,True,8,5.366844800366964,5.180755849946211,5.986057714151002,-0.8053018642047909,-9.5158567253681,-10.833117057405826,0.14720092446281208,0.548694355468076,0.16666666666666666,0.06632722122172371,0.5455929279218972,0.24609375,2.592123269824214e-07,0.0078125,0.1015625
role,Summary,6,22,1e-06,3296,1760,128,128,4,True,8,6.277047540674836,9.475100786723324,10.416215323181984,-0.9411145364586606,-16.07282889949444,-16.992795132841557,0.12544831588805191,0.5361211316550359,0.5,0.055346522475679734,0.47266054339504265,0.40234375,3.196793611528768e-19,0.0703125,0.15625
role,Summary,6,22,0.0001,3296,1760,128,128,4,True,9,7.04615279013536,7.291253681029884,8.336443360515698,-1.0451896794858153,-12.989258012517556,-14.214045511526006,0.10736390605689913,0.5200739947640552,0.5,0.05534652247567974,0.47344186237662755,0.32421875,1.7752249813670875e-12,0.0703125,0.125
role,Summary,6,22,0.001,3296,1760,128,128,4,True,9,8.06830766325368,6.073549405868306,7.232876595645249,-1.1593271897769428,-11.264610348710779,-12.772452401548552,0.09433535202372532,0.5298069647064089,0.5,0.05534652247567973,0.4809723832463845,0.34765625,2.4982790013842228e-14,0.046875,0.109375
role,Summary,6,23,1e-06,3296,1760,128,128,4,True,9,6.369240131846903,8.696406740880759,9.082304530829305,-0.38589778994854684,-18.747771596215603,-20.411782662000896,0.11219151896393022,0.6646349686696381,0.16666666666666666,0.08441857182954571,0.44533693166965466,0.1953125,9.40842686753401e-05,0.0703125,0.15625
role,Summary,6,23,0.0001,3296,1760,128,128,4,True,10,7.114656519721467,7.026985572669499,7.534826826618055,-0.5078412539485554,-14.70713258772836,-16.76653902301078,0.09521784207631906,0.5513985879207967,0.16666666666666666,0.08441857182954582,0.4465171493561501,0.15625,0.0033962516565197998,0.0546875,0.1484375
role,Summary,6,23,0.001,3296,1760,128,128,4,True,11,8.118917985505746,6.126035346043086,6.788693899619271,-0.6626585535761841,-12.561962460299707,-15.000735439207777,0.08174625967646602,0.4715390041520255,0.16666666666666666,0.0844185718295458,0.4572572814856416,0.16796875,0.001261290693128525,0.0703125,0.1328125
role,Summary,6,24,1e-06,3296,1760,128,128,4,True,9,7.32464399809222,9.831117152509712,10.853882387868506,-1.022765235358794,-21.464121407843535,-22.56611391972338,0.12708526963194194,0.8269958289139266,0.16666666666666666,0.07053877365360707,0.6967219637378796,0.30859375,2.538865745522775e-11,0.125,0.1953125
role,Summary,6,24,0.0001,3296,1760,128,128,4,True,10,8.295069160271378,7.546798013467708,8.765726755417232,-1.2189287419495238,-16.775593780535715,-18.395928650811527,0.11015307056738953,0.8178292028675976,0.16666666666666666,0.0705387736536071,0.6967727572007125,0.24609375,2.592123269824214e-07,0.125,0.1640625
role,Summary,6,24,0.001,3296,1760,128,128,4,True,11,9.713353792887363,6.252982252305083,7.672490460526493,-1.4195082082214103,-14.055838402685382,-16.19427302652969,0.09675450019259692,0.8195014307570098,0.16666666666666666,0.07053877365360706,0.6976582980122682,0.20703125,2.7352006658291592e-05,0.125,0.1640625
role,Summary,6,25,1e-06,3296,1760,128,128,4,True,9,7.7743559732327085,11.180995484790952,11.753872331354703,-0.5728768465637504,-21.50449017108905,-22.748967222733427,0.07814285948192345,0.3974400321508376,0.5,0.14906285371364697,0.3319821761229623,0.26171875,3.1743788057539135e-08,0.0546875,0.1484375
role,Summary,6,25,0.0001,3296,1760,128,128,4,True,8,8.82120671720749,8.727309798672337,9.467835831454803,-0.7405260327824659,-16.716497785266213,-18.311105483783443,0.06438352413203485,0.36516365443265936,0.5,0.14906285371364697,0.3325871298804345,0.24609375,2.592123269824214e-07,0.0546875,0.0703125
role,Summary,6,25,0.001,3296,1760,128,128,4,True,9,10.424806139704964,7.338082273168437,8.253722392101183,-0.9156401189327465,-14.060179510157026,-16.073970256132228,0.05409554415417335,0.3894418133399733,0.5,0.14906285371364703,0.3383895300205368,0.28125,1.895287375668482e-09,0.03125,0.0546875
role,Summary,6,26,1e-06,3296,1760,128,128,4,True,9,4.99138578963618,7.245402152675469,7.885297136002011,-0.6398949833265422,-15.916537758760944,-17.221431152470025,0.12424799987075175,0.6828605517143084,0.3333333333333333,0.07133315598447176,0.9556315731243151,0.24609375,2.592123269824214e-07,0.09375,0.2421875
role,Summary,6,26,0.0001,3296,1760,128,128,4,True,9,5.625546809602222,5.756249403740181,6.567822423859591,-0.8115730201194079,-12.835112425071372,-14.581658997668441,0.10306952230528174,0.6576759192506267,0.3333333333333333,0.07133315598447174,0.9551896087679319,0.203125,4.163077668109129e-05,0.0859375,0.2109375
role,Summary,6,26,0.001,3296,1760,128,128,4,True,9,6.485683485366669,4.899272032687424,5.8008894714237025,-0.9016174387362778,-10.958165516914786,-13.097502495477649,0.08227108543691072,0.6484248702247373,0.3333333333333333,0.07133315598447176,0.9512205540224612,0.1484375,0.006313488560237168,0.078125,0.1875
role,Summary,6,27,1e-06,3296,1760,128,128,4,True,9,6.008339344148001,10.028098339397527,10.913249947971288,-0.8851516085737602,-17.227431181633136,-18.40496185235748,0.1790652303207301,0.6846128186032016,0.5,0.15741413249401182,0.8286504983153435,0.4375,8.234408833896026e-23,0.078125,0.109375
role,Summary,6,27,0.0001,3296,1760,128,128,4,True,9,6.761992856388962,7.74567818753414,8.774184337906586,-1.0285061503724449,-13.597762242492376,-15.067924733551285,0.16021855579481276,0.6316632228775997,0.5,0.15741413249401195,0.8276126221604095,0.3671875,5.542534149978852e-16,0.0546875,0.109375
role,Summary,6,27,0.001,3296,1760,128,128,4,True,9,7.813521400957683,6.494773233156511,7.663390502342411,-1.1686172691858991,-11.610656470569147,-13.371814767583263,0.1457470567279317,0.6049651315393533,0.5,0.15741413249401193,0.8183969914720192,0.34765625,2.4982790013842228e-14,0.0546875,0.109375
role,Summary,6,28,1e-06,3296,1760,128,128,4,True,9,4.932307355268741,5.632119577351377,5.912542078054829,-0.280422500703451,-11.316295261167559,-11.267852827786179,0.1250053452807881,0.574982928743317,0.5,0.08400675885244935,0.5693006714224782,0.21875,7.381061347748238e-06,0.078125,0.140625
role,Summary,6,28,0.0001,3296,1760,128,128,4,True,7,5.566528404617387,4.712148554200581,5.234681038139307,-0.5225324839387255,-9.583260642639232,-9.873854370501139,0.10062415045921232,0.5655857152148114,0.5,0.0840067588524493,0.5689488410480157,0.203125,4.163077668109129e-05,0.0546875,0.1328125
role,Summary,6,28,0.001,3296,1760,128,128,4,True,8,6.298906837379074,4.229485713510096,4.9272930453261985,-0.6978073318161029,-8.686823529096948,-9.306248994806317,0.08462911959986565,0.5748381647737267,0.5,0.0840067588524493,0.565814841878872,0.16015625,0.0024610192473685233,0.046875,0.1171875
role,Summary,6,29,1e-06,3296,1760,128,128,4,True,9,4.511624118662927,10.12706041803804,10.950220306212437,-0.8231598881743978,-17.71754840925899,-19.121193437966063,0.12541791569307997,0.4517073998017295,0.5,0.1404022779750788,0.5190463297419877,0.390625,4.1923923769686e-18,0.046875,0.125
role,Summary,6,29,0.0001,3296,1760,128,128,4,True,10,5.021376847348049,7.6751396743386655,8.587837081361261,-0.9126974070225964,-13.79057054291324,-15.411019829133775,0.10385555049504507,0.41674756019180376,0.5,0.14040227797507873,0.5181704468971149,0.33203125,4.446104931843403e-13,0.09375,0.125
role,Summary,6,29,0.001,3296,1760,128,128,4,True,9,5.707947894004862,6.3712267225381085,7.3812065095038655,-1.0099797869657565,-11.67887409114558,-13.526482414096261,0.10090063492424607,0.41477669539541595,0.5,0.14040227797507876,0.5104018183428403,0.3671875,5.542534149978852e-16,0.0234375,0.1015625
role,Summary,6,30,1e-06,3296,1760,128,128,4,True,8,3.710024907864864,5.776279933677458,6.129678557075433,-0.3533986233979761,-10.05946858369133,-10.4074610892796,0.27250568701374445,0.7022462314924676,0.5,0.07970163863532827,0.7336312651157056,0.234375,1.1452873919607316e-06,0.0390625,0.125
role,Summary,6,30,0.0001,3296,1760,128,128,4,True,9,4.1516021160454555,4.645977515902571,5.109890621783313,-0.4639131058807424,-8.234740587580642,-8.955952577840563,0.24643452025612925,0.6250839187409114,0.5,0.07970163863532827,0.7332062872377456,0.2109375,1.782257225451088e-05,0.0078125,0.0703125
role,Summary,6,30,0.001,3296,1760,128,128,4,True,8,4.651189206774822,4.037717891500216,4.60035778535518,-0.5626398938549639,-7.264455446052192,-8.242536327122437,0.22948811288851134,0.5791277874975745,0.5,0.07970163863532831,0.7293928252261233,0.23046875,1.847888979619762e-06,0.03125,0.0859375
role,Summary,6,31,1e-06,3296,1760,128,128,4,True,8,2.2968794138275355,4.969887016947238,4.947565162681077,0.022321854266162927,-7.822347760947283,-7.523784171706065,0.2770320344426336,0.6415638550165026,0.3333333333333333,0.035261447197641134,0.9018066176123924,0.22265625,4.6910366522335245e-06,0.0,0.078125
role,Summary,6,31,0.0001,3296,1760,128,128,4,True,7,2.8858806273626163,3.961033412857653,4.432840927336057,-0.4718075144784044,-6.496798763609968,-6.9632275266932036,0.22842510444852787,0.590556194236995,0.3333333333333333,0.03526144719764111,0.9015805358796221,0.16015625,0.0024610192473685233,0.0,0.09375
role,Summary,6,31,0.001,3296,1760,128,128,4,True,8,3.431007024023927,3.4452594622025208,4.20813979085832,-0.7628803286558001,-5.8855086271156285,-6.77303410173498,0.20183070979365966,0.5813707486261931,0.3333333333333333,0.035261447197641134,0.8995490392173381,0.16015625,0.0024610192473685233,0.0078125,0.0859375
